path,module,category,scan_status,has_candidates,sha256
Client.code-workspace,workspace,other_text,scanned,False,57daf368472e59b0d25d20e04196b1cd23c06b40f13554ff0d23e47f9678d7f4
Client/MM/.gitignore,Client/MM,other_text,scanned,False,ee2b419348501bbd55a106c9ac837010c0558d4fed62cc1f718432b653549429
Client/MM/GCPM01.xml,Client/MM,config_or_resource,scanned,True,b8b62e4854ca920a53e0b6c907783c830a6ced9a48921f61282c609b02f5d372
Client/MM/MM00/AssemblyInfo.cs,Client/MM,desktop_source,scanned,True,2ae5cfb731109202836f1defeebbc9020f20641653bd9fd26954ec0e4fee6134
Client/MM/MM00/FormMM0000B1S2N.Designer.cs,Client/MM,desktop_source,scanned,False,f3096998114cede5ea6ac14515d8556909ac3d02edb8986604c853f595f7596d
Client/MM/MM00/FormMM0000B1S2N.cs,Client/MM,desktop_source,scanned,True,030c4dcb57121262046d014777f210914a8d8c3e94b6d8d80e633918c5cb3c37
Client/MM/MM00/FormMM0000B1S2N.resx,Client/MM,config_or_resource,scanned,True,4d3ee9059f5b98ab1806f6916ebea2a8c56023f8c63ddfd80b7378d27d1aa0f6
Client/MM/MM00/FormMM0001D1S2N.cs,Client/MM,desktop_source,scanned,True,c5db563cea94a5108e63595cf9459aebce7918e2bf1eab3b1ce5c612a390f4a8
Client/MM/MM00/FormMM0001D1S2N.designer.cs,Client/MM,desktop_source,scanned,True,fb2138eda941648c8a50c1860ff800f1b13de7c714a9cdd24f35e2f0af20442c
Client/MM/MM00/FormMM0001D1S2N.resx,Client/MM,config_or_resource,scanned,True,b1f6c98b0c04bf0c26562260644054995cbfe831b6ce0f64254ae0a16c6b6c2d
Client/MM/MM00/FormMM0001D2S2N.cs,Client/MM,desktop_source,scanned,True,88d580210285d0b424f34bf0ca4ca2573239f01bdd3379444a2145b525873fde
Client/MM/MM00/FormMM0001D2S2N.designer.cs,Client/MM,desktop_source,scanned,True,0ca7b94100f350074925c708daaec15adad6a964b68f7221a2dfe23d27d13aa9
Client/MM/MM00/FormMM0001D2S2N.resx,Client/MM,config_or_resource,scanned,True,a41c21d34d994bfe8c6da94ebbc9d9888e71cee56636198533817e0cb7d69ab3
Client/MM/MM00/FormMM0005A1S2N.Designer.cs,Client/MM,desktop_source,scanned,False,21dcb8dd981cc0e01160731399641553f7b62ee348b9fbd6bd11d01665d0d318
Client/MM/MM00/FormMM0005A1S2N.cs,Client/MM,desktop_source,scanned,True,bca6e6af652e4c71a970fa728a2f6ea565b68849b9f9cd03cb4e053cf01ebb58
Client/MM/MM00/FormMM0005A1S2N.resx,Client/MM,config_or_resource,scanned,True,7e7a68d26f1e9c8a14c542cc7b1b05471ca91073b1fc3ff480fa9293cc770240
Client/MM/MM00/FormMM0005A2S2N.Designer.cs,Client/MM,desktop_source,scanned,True,542a711087ece26d1b82b999c45ccb381b9f0ebc1b5eab97b29aaf88fcec01d8
Client/MM/MM00/FormMM0005A2S2N.cs,Client/MM,desktop_source,scanned,True,38024d72181b53c028707c021cbc997be739fb5a2b473a6f2baade6d2ec79df5
Client/MM/MM00/FormMM0005A2S2N.resx,Client/MM,config_or_resource,scanned,True,cb89263cffb781ba9d4074578481d50c1b7c53d6981e208cbabdfe9c8aeb3152
Client/MM/MM00/FormMM0010A1S2N.cs,Client/MM,desktop_source,scanned,True,720f66655a3e58c0a3af43acebc4295e2fcae8e442a10db3b2f4582c820f2a7e
Client/MM/MM00/FormMM0010A1S2N.designer.cs,Client/MM,desktop_source,scanned,False,af0f985539fc773ccef00e39be7b209277002a787e313974d92bf319338b8256
Client/MM/MM00/FormMM0010A1S2N.resx,Client/MM,config_or_resource,scanned,True,f4f74dba3578e403089549719f68ca255632b6c5b6a4c051128f3dd7a737adc7
Client/MM/MM00/FormMM0010B1S2N.cs,Client/MM,desktop_source,scanned,True,46b3684767e7bc6436ef3ff4778a504b0075509e8b34b21a3a5309cc985ec3bc
Client/MM/MM00/FormMM0010B1S2N.designer.cs,Client/MM,desktop_source,scanned,False,a24dff14862f65e86b84781aaaed975eb6fc39ec0aec71569f2bdb45ed9208c3
Client/MM/MM00/FormMM0010B1S2N.resx,Client/MM,config_or_resource,scanned,True,f4f74dba3578e403089549719f68ca255632b6c5b6a4c051128f3dd7a737adc7
Client/MM/MM00/FormMM0089A1S2N.cs,Client/MM,desktop_source,scanned,True,bb658007f8e706c2a7e83206e043142814b41714be6ffe97ceee963f792c4fc5
Client/MM/MM00/FormMM0089A1S2N.designer.cs,Client/MM,desktop_source,scanned,False,e9d3856372aa9f443a33446c5eceab7635def677899b5bc286a57f8f0ebbf4f9
Client/MM/MM00/FormMM0089A1S2N.resx,Client/MM,config_or_resource,scanned,True,f3cb56ca64f408f4b893d8c54e769658cb08dba63d6080f7dc268807b15f4809
Client/MM/MM00/FormMM0097A1S2N.cs,Client/MM,desktop_source,scanned,True,c1d9d2dc31b70041838b0c71f99b86c4e9f34d06dd430f00855eaeef21206a8a
Client/MM/MM00/FormMM0097A1S2N.designer.cs,Client/MM,desktop_source,scanned,False,f2f0fb066656c5d450c4bcae6f7ec0e88f4d9de897a92e45ae1b9688f5b89ec2
Client/MM/MM00/FormMM0097A1S2N.resx,Client/MM,config_or_resource,scanned,True,33ad68d62854eb4f6775e5daaa341803d6c029e6da93d0ca541fa9ea5896203e
Client/MM/MM00/FormMM0097A2S2N.cs,Client/MM,desktop_source,scanned,True,87022fe42f00c4570660bfcead393db8a76942ca48afdc22a842810f5b415343
Client/MM/MM00/FormMM0097A2S2N.designer.cs,Client/MM,desktop_source,scanned,True,ffa71f31a2fc3e97a11484c47219a6450e22c45d5d7c04c765bbaa47632ed0b8
Client/MM/MM00/FormMM0097A2S2N.resx,Client/MM,config_or_resource,scanned,True,a41c21d34d994bfe8c6da94ebbc9d9888e71cee56636198533817e0cb7d69ab3
Client/MM/MM00/FormMM0097B1S2N.Designer.cs,Client/MM,desktop_source,scanned,False,30672f076658e196062e103a32cb271f66f5271a17f6aada8a31161a70813a7e
Client/MM/MM00/FormMM0097B1S2N.cs,Client/MM,desktop_source,scanned,True,67a3498cf8c4b5b43a81c6e710cc2a3605651010f8074dab9e8ca3c62a800104
Client/MM/MM00/FormMM0097B1S2N.resx,Client/MM,config_or_resource,scanned,True,f4f74dba3578e403089549719f68ca255632b6c5b6a4c051128f3dd7a737adc7
Client/MM/MM00/FormMM0097C1.resx.bak,Client/MM,other_text,scanned,True,1178d30d83a891c4bbd504c6ab05c4da4fa4ab6436b2e8fa5f503af03bdcbaf3
Client/MM/MM00/FormMM0097C1S2N.cs,Client/MM,desktop_source,scanned,True,f74e2d317be2d3464fa149836cfbd1db96b09bb5aa1e4e91c75bbbcce263e9e9
Client/MM/MM00/FormMM0097C1S2N.designer.cs,Client/MM,desktop_source,scanned,False,eafa383c2588bd130fcc083912eba37998d997317711eae383e9b36183ddbe6e
Client/MM/MM00/FormMM0097C1S2N.en.resx,Client/MM,config_or_resource,scanned,True,1d0aa6585e7a4207ec116a2af14382245c493756ec7761c6ec09388dfe6e53e1
Client/MM/MM00/FormMM0097C1S2N.resx,Client/MM,config_or_resource,scanned,True,d8a1061bf8ba1c143015bbf05c2356388c44b5ec6381ab256f9b5319950bc1b5
Client/MM/MM00/FormMM0097C1S2N.zh-CHT.resx,Client/MM,config_or_resource,scanned,True,54a2ed4622df0fb54b73dd06d58fc2ab21db23458580c0e53b8e34fc7c20689a
Client/MM/MM00/FormMM0097D1S2N.Designer.cs,Client/MM,desktop_source,scanned,False,c40f8768747fc521b70d2939326825059810a5ed347947c38d0ba1b0f1ecacab
Client/MM/MM00/FormMM0097D1S2N.cs,Client/MM,desktop_source,scanned,True,56d90fd35aef3a460aec4870b22752e1b672fde2dfef33c1f8867a722905c0d6
Client/MM/MM00/FormMM0097D1S2N.resx,Client/MM,config_or_resource,scanned,True,4d3ee9059f5b98ab1806f6916ebea2a8c56023f8c63ddfd80b7378d27d1aa0f6
Client/MM/MM00/FormMM00SI02S2N.Designer.cs,Client/MM,desktop_source,scanned,False,ebc54d3c30849e5270276315b51fa45cb8c34588642856cc5f68da58e60e7415
Client/MM/MM00/FormMM00SI02S2N.cs,Client/MM,desktop_source,scanned,True,73e22746203f9675e0ff58661a98f340c8f8d1247368775fa8e5e4feb26b3ead
Client/MM/MM00/FormMM00SI02S2N.resx,Client/MM,config_or_resource,scanned,True,4d3ee9059f5b98ab1806f6916ebea2a8c56023f8c63ddfd80b7378d27d1aa0f6
Client/MM/MM00/FormMM00SI16S2N.Designer.cs,Client/MM,desktop_source,scanned,False,66d465495f743fb7b4f5ed32fe6d4ec682330f3af06b20abfce7491296e02921
Client/MM/MM00/FormMM00SI16S2N.cs,Client/MM,desktop_source,scanned,True,cf2a5c6dada5f06aa1042f8fa6806d226c4a8e4861e267bfd312dc6cee8d8ccc
Client/MM/MM00/FormMM00SI16S2N.resx,Client/MM,config_or_resource,scanned,True,4d3ee9059f5b98ab1806f6916ebea2a8c56023f8c63ddfd80b7378d27d1aa0f6
Client/MM/MM00/Image/4m_03-06.png,Client/MM,other_text,binary,False,fd56cc742a671590273564948ebe1e3e36329f3f42dc5af9b0dc8b35b240e604
Client/MM/MM00/Image/4m_03-07.png,Client/MM,other_text,binary,False,dbfdce52bc4e79dc5863ab63aa3dfbd96d214cb4c8a7efbe86ad5bb38ffcf9ad
Client/MM/MM00/Image/4m_03.png,Client/MM,other_text,binary,False,cc964926761c33a6dfbc02fa4f600b2f827a4176685b99ed17165fdb662bf06a
Client/MM/MM00/Image/60卷.png,Client/MM,other_text,binary,False,fbd5bae0fc6cf5b9969404b840cbfd26ed0d657fec99f873501c458e852e9e36
Client/MM/MM00/Image/60卷1.png,Client/MM,other_text,binary,False,d342f3deac07d272a7f06c827d3906dc7dec5ffc2c44ed29b1d6a759c33fe2db
Client/MM/MM00/Image/60卷10.png,Client/MM,other_text,binary,False,884f500f4b7d2f52691269299500b79de7d47251df621460ba6ebed3e3cbbe8c
Client/MM/MM00/Image/60卷11.png,Client/MM,other_text,binary,False,5bdd028e8c175c1f001a9f8b466775db4ef1723373198a9e7b40c98c5cf5b34c
Client/MM/MM00/Image/60卷2.png,Client/MM,other_text,binary,False,82bdfc0c2d90b0095cc50629b7bb061ca1761def843e263f2b3575b1485e0c5a
Client/MM/MM00/Image/60卷3.png,Client/MM,other_text,binary,False,981be8ac6138e65b2194c3b65780f9572319feed3967575bc8872a01e8336676
Client/MM/MM00/Image/60卷4.png,Client/MM,other_text,binary,False,3e4b942594ecadd9010f6ece57f9b2dccc18e2a23797b021e71fda8c326429c7
Client/MM/MM00/Image/60卷5.png,Client/MM,other_text,binary,False,1002065ce67b7aa17372ed4940228104aac2340f2415ca6c5025eab07e1e3018
Client/MM/MM00/Image/60卷6.png,Client/MM,other_text,binary,False,e7c69109de6f6323a7d5f6744793f3530f745f82cab5fdc533ba6c1e5deae87d
Client/MM/MM00/Image/60卷7.png,Client/MM,other_text,binary,False,ade8da750aefd895a6c9e3bf68d0e96d8a446064f4f99104d62b259a8052906b
Client/MM/MM00/Image/60卷8.png,Client/MM,other_text,binary,False,7617eed68db7809b4e3b33949cb21f830e3875d21fb4bb153e82fe1d836b8fd0
Client/MM/MM00/Image/60卷9.png,Client/MM,other_text,binary,False,5adc58b41b883bf153eee0a29074729eabdf61b5bf0aa8d93208438c603dd8cf
Client/MM/MM00/Image/60卷选中.png,Client/MM,other_text,binary,False,79308b7ea64c6ad1cca4c1ee18a1523f683258e15dc79d50b1da201e04d554b3
Client/MM/MM00/Image/8m_03-07.png,Client/MM,other_text,binary,False,d00877795909a063437c83379da0ea63d06d02ed853975b3a7163d8479120a82
Client/MM/MM00/Image/8m_03.png,Client/MM,other_text,binary,False,7a7fce6b83a6f28a614748934b48c6ac17f0241121fa510c8a92627d6a0454bd
Client/MM/MM00/Image/Slab.png,Client/MM,other_text,binary,False,7273b7a09525c396abec179d8dbc93df53a95a9dc1f3fcc196b24ba154890f6a
Client/MM/MM00/Image/arrow.png,Client/MM,other_text,binary,False,2779e9bc9aa8f4d496bbfe6bf9f0fda256cfabeac2ea601cf02a4263ada6228c
Client/MM/MM00/Image/coil_black.png,Client/MM,other_text,binary,False,980a2bc5052895e15c752eee1b2792326e0ebf07ff4ffe11c8ac9979b2524b61
Client/MM/MM00/Image/coil_red.png,Client/MM,other_text,binary,False,276d65fe3e84d5260bb5b7ee7a91c898df38baeba5e0e667b34bb812f1b43cdc
Client/MM/MM00/Image/coil_silvery.png,Client/MM,other_text,binary,False,e3335222b5f0cca185b7f7c9a91df57fe7f5da96fdbf1908f4d46d8a5e05c3d3
Client/MM/MM00/Image/down.png,Client/MM,other_text,binary,False,aa067f9ddfed9b9c0de5c4dfc9385f7c26a158b927a221500012dc1ef31e82e9
Client/MM/MM00/Image/plate_red.png,Client/MM,other_text,binary,False,811d6090bac18d06de64d172c2703fa5ef5e24d2520f88a775f49a82e2b9ee11
Client/MM/MM00/Image/plate_silvery.png,Client/MM,other_text,binary,False,1cced717aa187423950592e8b8425c973183d88553f7ffa4b86072acb52ac608
Client/MM/MM00/Image/right.png,Client/MM,other_text,binary,False,13da6bc58a34ab91489b47ed0169c6048b079b685a929542ebe74a557622cfe5
Client/MM/MM00/Image/slab_blue.png,Client/MM,other_text,binary,False,b3e49b525417edb7b352b96876dc58da9e498dbc61650ae40dd1dadd44337317
Client/MM/MM00/Image/slab_brown.png,Client/MM,other_text,binary,False,a79487d0d8ba7119ceac1c80a515ce0c291c7004c1cdd040d6c0150313b27370
Client/MM/MM00/Image/slab_brown1.png,Client/MM,other_text,binary,False,529eeb546b347b474e7c817ea181c16d1c4a337084c84f1d1412c4523a5bd79c
Client/MM/MM00/Image/slab_red.png,Client/MM,other_text,binary,False,c1038d392533092a174db95a6ebee64313a8f9084c7f48a84bd35a323c201c1a
Client/MM/MM00/Image/钢卷展开.png,Client/MM,other_text,binary,False,6d4af1cd7b62172089d10bc22484956ed98cb1a5b095ba5e5309289a2e265388
Client/MM/MM00/Image/钢卷展开black.png,Client/MM,other_text,binary,False,4adc7c7a0cc92a0d057ef304e508acbd95d7b9008e0a1b63c040071e8c59964d
Client/MM/MM00/Image/钢卷展开red.png,Client/MM,other_text,binary,False,fddb4c9b9d277219f90679ecd964f0c7b8797db5e36a193105b0028736411a50
Client/MM/MM00/MM00.csproj.bak,Client/MM,other_text,scanned,True,af8314a4f48cc5556167443c4a78b69623bb6c19d600ebd239a785cee4682d7c
Client/MM/MM00/MM00.csproj.bak1,Client/MM,other_text,scanned,True,1195d49198740cc0054f75dd5e1f71b6d2f3fe834b32da2b76675a5512d29098
Client/MM/MM00/MM00.sln,Client/MM,build_project,scanned,True,d31b4a054b9abc551a42ab9f3be56a2365583287affcc7ad52f72d5a523d80a7
Client/MM/MM00/MM00S2N.csproj,Client/MM,build_project,scanned,True,251fc5489aa35de40b1eca24139275ea70f4882df50421b5fc57825b3acce378
Client/MM/MM00/MM00_MMS.csproj,Client/MM,build_project,scanned,True,99730893d365891f27f519b059108edbc3be7db4d8b553e4a48b1dfbd248dbc6
Client/MM/MM00/MM00_MMS.csproj.bak,Client/MM,other_text,scanned,True,5503344f80e945c747a1e18c9783df12fdce0752a4f308c7a5cdb9fb8e87035c
Client/MM/MM00/MM00_MMS.csproj.bak1,Client/MM,other_text,scanned,True,bd9e97ca78f05ba4a45756cb18f07bda801e4540dc212ff7366b90f1319f0ee3
Client/MM/MM00/MM00_PES.csproj,Client/MM,build_project,scanned,True,0197a043160e0f382fd0a5447d8e071f68048e6b05340d3115d90cf64b095167
Client/MM/MM00/MM00_PES.csproj.bak,Client/MM,other_text,scanned,True,66eac8c3a744be300c1e4430bba0668ed7d9554a3996e7e09fd66e360f485093
Client/MM/MM00/MM00_PES.csproj.bak1,Client/MM,other_text,scanned,True,96f9fd570986b2cbf6c5b8fd561b0667d1ad4f57f3ae7c8b7327c2ef57901f9b
Client/MM/MM00/MM_utility.cs,Client/MM,desktop_source,scanned,True,7989dfe9953a4d0a42994ab905c98149ecefbc09bd879837a75e8a876f9b7fc0
Client/MM/MM00/Model60CoilView.Designer.cs,Client/MM,desktop_source,scanned,False,41cbc80513baa410ab09707a5bc7b0e5015a6e1e140c124f51254060fdbf56a2
Client/MM/MM00/Model60CoilView.cs,Client/MM,desktop_source,scanned,False,494b789f4cb0f24f28788ee0d80af704cef359a3d2cec11cbf2e002ac571b2e0
Client/MM/MM00/Model60CoilView.resx,Client/MM,config_or_resource,scanned,True,4d3ee9059f5b98ab1806f6916ebea2a8c56023f8c63ddfd80b7378d27d1aa0f6
Client/MM/MM00/ModelCoilExpansionView.Designer.cs,Client/MM,desktop_source,scanned,False,f114f05c7ec71bf543b20b35cffcbd032b0223a9b1e7ce3a78f8edeae7e69a83
Client/MM/MM00/ModelCoilExpansionView.cs,Client/MM,desktop_source,scanned,False,9b0b55e5b0f4917d7bf9e6c26cc379d5e8574a4ab9d3d23f35e80cd80e23de7f
Client/MM/MM00/ModelCoilExpansionView.resx,Client/MM,config_or_resource,scanned,True,4d3ee9059f5b98ab1806f6916ebea2a8c56023f8c63ddfd80b7378d27d1aa0f6
Client/MM/MM00/ModelColorSlabView.Designer.cs,Client/MM,desktop_source,scanned,False,b544fe68a0512e3ed7e81a80306d79fa9e0b549672193aaf327ede7ce0e802bd
Client/MM/MM00/ModelColorSlabView.cs,Client/MM,desktop_source,scanned,False,aaf4ac6bc50ecfe40940c3acec8fc6d24d6e794358ab8ced7681182572f72091
Client/MM/MM00/ModelColorSlabView.resx,Client/MM,config_or_resource,scanned,True,4d3ee9059f5b98ab1806f6916ebea2a8c56023f8c63ddfd80b7378d27d1aa0f6
Client/MM/MM00/ModelPlateView.Designer.cs,Client/MM,desktop_source,scanned,False,75290855769653706e9734793fc035a8b5a90fdfcbb6b88a93f9fb2d96cfba8c
Client/MM/MM00/ModelPlateView.cs,Client/MM,desktop_source,scanned,False,e8f8aa4a9efa3e4349876f442ed852d49e32860e8f753d0f587f037bca4ba7aa
Client/MM/MM00/ModelPlateView.resx,Client/MM,config_or_resource,scanned,True,4d3ee9059f5b98ab1806f6916ebea2a8c56023f8c63ddfd80b7378d27d1aa0f6
Client/MM/MM00/ModelPlatesView.Designer.cs,Client/MM,desktop_source,scanned,False,a26103c16b8e91825b9c71cc9b1b0c9a6e58aef93a4b31a826790db19146b928
Client/MM/MM00/ModelPlatesView.cs,Client/MM,desktop_source,scanned,False,dda39b8c87acba425f4042cbe5bedce1a5752e13cb867703e2337ae44c2e3e28
Client/MM/MM00/ModelPlatesView.resx,Client/MM,config_or_resource,scanned,True,4d3ee9059f5b98ab1806f6916ebea2a8c56023f8c63ddfd80b7378d27d1aa0f6
Client/MM/MM00/Properties/Resources.Designer.cs,Client/MM,desktop_source,scanned,False,0d5f96a8a8f6d0242a571d85cbc2b211a5e08d28ed6e2e54da10c6028b627877
Client/MM/MM00/Properties/Resources.resx,Client/MM,config_or_resource,scanned,True,35b4d9d953d01f21473adf26539b9f7f429cce6e54cbd9c5a97b5c41a7614bc7
Client/MM/MM00/Properties/Settings.Designer.cs,Client/MM,desktop_source,scanned,True,9857964601e8609746e4f64e99b860b1a612dce54f5cc4c220cc496d9929e92f
Client/MM/MM00/Properties/Settings.settings,Client/MM,other_text,scanned,True,251f60ca6ea3c24429527a1a5a01b081b4ff06f206f26c70433b0955b906f609
Client/MM/MM00/Resources/QQ图片20171025134108.png,Client/MM,other_text,binary,False,655234d3e4725cbc09d026ae744e1caa0aafb2611827f8292dfe38153871f11a
Client/MM/MM00/Resources/QQ图片20171025135008.png,Client/MM,other_text,binary,False,f9f216afd55a3bd734cda8597a8fe76851b44417ce2c9147c92a4ffa2e58a5ef
Client/MM/MM00/Resources/_4m_03_06.png,Client/MM,other_text,binary,False,9c94d8b4a91bee55528f91b81f0c8667bb4c7c35eefa3489061c96b1bf5a0ea6
Client/MM/MM00/Resources/_60卷.png,Client/MM,other_text,binary,False,16eb27840d4fbec496e1981b86b3a7d69a05f4bb0bffb3b813b459053f4f0775
Client/MM/MM00/Resources/_60卷选中.png,Client/MM,other_text,binary,False,848cc2af58c66cc8c7e94a43aeb167ce050c2951aed9accdd7a82f390db2487a
Client/MM/MM00/Resources/coil_black.png,Client/MM,other_text,binary,False,1ae4095e634cdc25b56f63e561f03bca6a2959fa3e888c045c0114422a9a6a74
Client/MM/MM00/Resources/coil_expansion.png,Client/MM,other_text,binary,False,5143eb394aa9d257c7234cf1c8ab6e9ea11f3e0ff9127b28c6eeb021986bc168
Client/MM/MM00/Resources/coil_expansion_red.png,Client/MM,other_text,binary,False,4e08e52580c3518d9374e586a8a47c9f4c9cd7d3b085f14710b73aa132d5f540
Client/MM/MM00/Resources/coil_red.png,Client/MM,other_text,binary,False,e3093b5d70edcb2ba164065ea2aa5722491aff377bbd9c6fef0acd147f3c9041
Client/MM/MM00/Resources/coil_silvery.png,Client/MM,other_text,binary,False,9c5f5ff7f7ebe5a00fd69ee2a8922f4f37ec7be2553236d891e178b463f10aef
Client/MM/MM00/Resources/plate_red.png,Client/MM,other_text,binary,False,8410cfff02bb54ce401ced7e7eafde4d4231507ee225e2b556c2c69f8cd23909
Client/MM/MM00/Resources/plate_silvery.png,Client/MM,other_text,binary,False,59217e54f733572a668349c384816a0747c04d36b0b12adf532c464910d88f12
Client/MM/MM00/Resources/plates_red.png,Client/MM,other_text,binary,False,59da900f46abc02f59c44e260bfa1785dbaa5ea0dd8f38c47e60a13a347af9c6
Client/MM/MM00/Resources/plates_red1.png,Client/MM,other_text,binary,False,d1acd648556d030af2029524e1d378bd0592f49e65d9a7170cd87cbfefa9a5cd
Client/MM/MM00/Resources/plates_silvery.bmp,Client/MM,other_text,binary,False,7de5a63660e33328e343a8bb13bab2c6ebfece9b728734954870ba909d55d478
Client/MM/MM00/Resources/plates_silvery.png,Client/MM,other_text,binary,False,3e55cdc52b098672cc07a36a2ab2d878f2c62cc03cba643042de7b6cdc776172
Client/MM/MM00/Resources/plates_silvery1.png,Client/MM,other_text,binary,False,c2263ad608552b26e5e8195386b3495ae44ec90d210edc96dfd32f00159086fc
Client/MM/MM00/Resources/slab.png,Client/MM,other_text,binary,False,59217e54f733572a668349c384816a0747c04d36b0b12adf532c464910d88f12
Client/MM/MM00/Resources/slab_blue.png,Client/MM,other_text,binary,False,1b47b9dcd07490ae76d2af852f1acbba06cf9e302af6a764a40c8f3a5160abbc
Client/MM/MM00/Resources/slab_brown.png,Client/MM,other_text,binary,False,6ab5d3a6fb607cdfb1d93e3eff330b1e1728e95844464d9cfe1beee6a94a52cd
Client/MM/MM00/Resources/slab_brown1.png,Client/MM,other_text,binary,False,cd50478b46e6cb1d6ae92d1d57174f3c5a511ceb1b2030093e5ba285e53c3856
Client/MM/MM00/Resources/slab_red.png,Client/MM,other_text,binary,False,a0c7e81fe0e85a0ff6fcc65005acff0780639874df1a7cecb34dfd013fd2fb69
Client/MM/MM00/Resources/钢卷信息-03.png,Client/MM,other_text,binary,False,65d9043c1888cdaa901939e552bc3382a44f0005d674c7eb698bd74482d473b9
Client/MM/MM00/Resources/钢卷信息.png,Client/MM,other_text,binary,False,4883169419d090fa77262bee7805553f5501063da11ffef3258015f415bfa51a
Client/MM/MM00/Resources/钢板信息.png,Client/MM,other_text,binary,False,783ae52a39422e14ffd12605696c0a5693a09070bdcdc5fecdf327f01e6ffb3c
Client/MM/MMSM/FormMMSMBEGIN.Designer.cs,Client/MM,desktop_source,scanned,False,bfee93d061c0e7c3e308a1513fcc7d84299af64f6c076de6090ccd0aedf101ec
Client/MM/MMSM/FormMMSMBEGIN.cs,Client/MM,desktop_source,scanned,True,94b7beeef858299e02d8f4fbafe3e991d8a9490a35fbd3437421837733b1e693
Client/MM/MMSM/FormMMSMBEGIN.resx,Client/MM,config_or_resource,scanned,True,4d3ee9059f5b98ab1806f6916ebea2a8c56023f8c63ddfd80b7378d27d1aa0f6
Client/MM/MMSMD/FormMMSMBEGIN.Designer.cs,Client/MM,desktop_source,scanned,False,bfee93d061c0e7c3e308a1513fcc7d84299af64f6c076de6090ccd0aedf101ec
Client/MM/MMSMD/FormMMSMBEGIN.cs,Client/MM,desktop_source,scanned,True,be9f75c759cb49b1e1fc1aaceef6bbb3c3d20835024c4b7ae41b01f1cd41c4b8
Client/MM/MMSMD/FormMMSMBEGIN.resx,Client/MM,config_or_resource,scanned,True,4d3ee9059f5b98ab1806f6916ebea2a8c56023f8c63ddfd80b7378d27d1aa0f6
Client/MM/MMSMD/MMSMD/AssemblyInfo.cs,Client/MM,desktop_source,scanned,True,d31db61c90d5ff1cc1c5e5353c8b9b5e15f4ce785bb0be7033ee32088e7dd9c0
Client/MM/MMSMD/MMSMD/FormMMSMBEGIN.Designer.cs,Client/MM,desktop_source,scanned,False,bfee93d061c0e7c3e308a1513fcc7d84299af64f6c076de6090ccd0aedf101ec
Client/MM/MMSMD/MMSMD/FormMMSMBEGIN.cs,Client/MM,desktop_source,scanned,True,ab079f6b384119c9cb0ecdeb32d903a7256954a9ef83b03ffe60ce5c92bc95fb
Client/MM/MMSMD/MMSMD/FormMMSMBEGIN.resx,Client/MM,config_or_resource,scanned,True,4d3ee9059f5b98ab1806f6916ebea2a8c56023f8c63ddfd80b7378d27d1aa0f6
Client/MM/MMSMD/MMSMD/MMSMDS2N.csproj,Client/MM,build_project,scanned,True,e0820afbe379125b8dc5ff72648aa7a3b46cd2efd934c0522580ba48379c0558
Client/MM/MMSMD/MMSMD/Properties/Settings.Designer.cs,Client/MM,desktop_source,scanned,True,b2828074f31510318f5d69a3277d6a2c8c6b4196ad7aa9c7870cba43519beb85
Client/MM/MMSMD/MMSMD/Properties/Settings.settings,Client/MM,other_text,scanned,True,9967036f77df3aef9efcd22e87f3ee82d679cb8dd0187ecd03da1cf6c15cd020
Client/MM/logger.txt,Client/MM,document_or_log,scanned,True,370a0f71998e14a9e451632a5ed4c9bc97222cd0281f4a7966fcec9b8bce9f2d
Client/PS/.gitignore,Client/PS,other_text,scanned,False,ee2b419348501bbd55a106c9ac837010c0558d4fed62cc1f718432b653549429
Client/PS/Microsoft.VisualStudio.Designer.Interfaces.xml,Client/PS,config_or_resource,scanned,True,2b03a8c0a1d730d918536faec11d02b87d9d38340b212be8db79777a019b777d
Client/PS/PSSMB/AssemblyInfo.cs,Client/PS,desktop_source,scanned,True,35a2e9a1e9932019750f288afbcf5e3c54d5275468d38b60d9d2d40a24e5984f
Client/PS/PSSMB/DS_PSSM12.Designer.cs,Client/PS,desktop_source,scanned,True,fb9bed69f6496ea19a77d0917b49c740944134bee9a5f65e8863889fc82d1aeb
Client/PS/PSSMB/DS_PSSM12.xsc,Client/PS,other_text,scanned,True,6a55a80669d9a1d572b5d67b7e64e0d19c24686f75b81f2461f1f3bb949525d7
Client/PS/PSSMB/DS_PSSM12.xsd,Client/PS,other_text,scanned,True,c10d817a2ba1a5b34feff78f45279b1e05644a369e74f96a8d1524d8f286c704
Client/PS/PSSMB/DS_PSSM12.xss,Client/PS,other_text,scanned,True,ecce0d99cc408a4b00cd0e0f3a3fe038bddc19be400b1f299932593a753c9b78
Client/PS/PSSMB/FormPSSM12A.Designer.cs,Client/PS,desktop_source,scanned,True,7080567f50808a6169c4679fed35a4967054d73f70882b02a06ea2e80fb705a5
Client/PS/PSSMB/FormPSSM12A.cs,Client/PS,desktop_source,scanned,True,1881fc5829b8b921916cff30d4c1bdc9e5d657f399531624a9ea4ed6e3ad916e
Client/PS/PSSMB/FormPSSM12A.resx,Client/PS,config_or_resource,scanned,True,183372877d408003d61daf2eb1369a615e6414ba2519d74880dc06cf83374555
Client/PS/PSSMB/FormPSSM18.cs,Client/PS,desktop_source,scanned,True,faa74088cac90c81c46b3882e7de400ac59efc7e3c2f235b1b4fa815a4d68c6a
Client/PS/PSSMB/FormPSSM18.designer.cs,Client/PS,desktop_source,scanned,False,02656296475fced20fc45f16db5a06ae9ab3bb1610002c59eb01d22de43f17f6
Client/PS/PSSMB/FormPSSM18.en.resx,Client/PS,config_or_resource,scanned,True,a8e04f7e5a4d04ef5e6b1a097c0a91e19440a726b10a93de2cac6dba894c37b8
Client/PS/PSSMB/FormPSSM18.resx,Client/PS,config_or_resource,scanned,True,a8a14cf670c8c5bff4a9f6f1bbcc4013056f021d9c6a587ce5b27d23eeb8fc69
Client/PS/PSSMB/FormPSSM18.zh-CHT.resx,Client/PS,config_or_resource,scanned,True,ed3c108eb45d5a9115d9fb3902a6e2c77b6fe968194336eaec6b82d0aea300c5
Client/PS/PSSMB/FormPSSM182.cs,Client/PS,desktop_source,scanned,True,fe8fae71cef76d61d46836f702b7fecf637f4fab3f0b1d1c00c00e2e61979966
Client/PS/PSSMB/FormPSSM182.designer.cs,Client/PS,desktop_source,scanned,False,5a10c6147e6a5aef71fc93d5d4904cf50993603e8955020410bd3355715f677f
Client/PS/PSSMB/FormPSSM182.en.resx,Client/PS,config_or_resource,scanned,True,a8e04f7e5a4d04ef5e6b1a097c0a91e19440a726b10a93de2cac6dba894c37b8
Client/PS/PSSMB/FormPSSM182.resx,Client/PS,config_or_resource,scanned,True,e01a8f4ddfdd7b012e4fc5414f6c55438d81c7581858e4f61600037a1f2f2e54
Client/PS/PSSMB/FormPSSM182.zh-CHT.resx,Client/PS,config_or_resource,scanned,True,ed3c108eb45d5a9115d9fb3902a6e2c77b6fe968194336eaec6b82d0aea300c5
Client/PS/PSSMB/FormPSSM18B.cs,Client/PS,desktop_source,scanned,True,561ac28e71f35c51a1233bb2e8ffd10a751068bbb2421ee054d08ff860561492
Client/PS/PSSMB/FormPSSM18B.designer.cs,Client/PS,desktop_source,scanned,False,3a8d3ceaeb4fc88813580889932a5e47406e34dc1ae63ea0c82a0eaafc410f2e
Client/PS/PSSMB/FormPSSM18B.en.resx,Client/PS,config_or_resource,scanned,True,a8c2cba5d29df14068616ea2cacbaec285c12096f658fe09777dae9865bedbb0
Client/PS/PSSMB/FormPSSM18B.resx,Client/PS,config_or_resource,scanned,True,5f1f895e253af0aacc2846c5dcaa619ca3200667749e0d5395d3c2ff8722cfb8
Client/PS/PSSMB/FormPSSM18B.resx.bak,Client/PS,other_text,scanned,True,ab9d2527383d06117f18cf939157e24ac96d2bf59cc7d6788d884dee8e4c3985
Client/PS/PSSMB/FormPSSM18B.zh-CHT.resx,Client/PS,config_or_resource,scanned,True,afc6452e4d66e7052263af5697e6d938b8b0617a6fdfc05717bf9bfd23184488
Client/PS/PSSMB/FormPSSM18O.Designer.cs,Client/PS,desktop_source,scanned,False,03eb7a1f6f8f2e4c3c2e60d6c0f186fab1730162c4b8948c783f4874a54d32b1
Client/PS/PSSMB/FormPSSM18O.cs,Client/PS,desktop_source,scanned,True,750c20c49adb86b07a3e721e1f40be3eb7f7dbbf3e5a6fe84b8d65814bba4b17
Client/PS/PSSMB/FormPSSM18O.resx,Client/PS,config_or_resource,scanned,True,4d3ee9059f5b98ab1806f6916ebea2a8c56023f8c63ddfd80b7378d27d1aa0f6
Client/PS/PSSMB/FormPSSM18O2.Designer.cs,Client/PS,desktop_source,scanned,False,043801d411911896f170e2ab588e55c460e63ce7ad3a278a551446f167224a1b
Client/PS/PSSMB/FormPSSM18O2.cs,Client/PS,desktop_source,scanned,True,7c03d457a75ed093bef0df9e1159926afacf20110a90d83224aee17793ed9d49
Client/PS/PSSMB/FormPSSM18O2.resx,Client/PS,config_or_resource,scanned,True,4d3ee9059f5b98ab1806f6916ebea2a8c56023f8c63ddfd80b7378d27d1aa0f6
Client/PS/PSSMB/FormPSSM18R.cs,Client/PS,desktop_source,scanned,True,481cac0b666334795145ee5e0e63149697420641876f4bd0d9b9fabc073fa92d
Client/PS/PSSMB/FormPSSM18R.designer.cs,Client/PS,desktop_source,scanned,False,2c4cfc5ce99ceb07133b003b6a20390795b2634c880e09517ff63964dfb0f90f
Client/PS/PSSMB/FormPSSM18R.en.resx,Client/PS,config_or_resource,scanned,True,a8c2cba5d29df14068616ea2cacbaec285c12096f658fe09777dae9865bedbb0
Client/PS/PSSMB/FormPSSM18R.resx,Client/PS,config_or_resource,scanned,True,8c01f83dabf3dfb959beb89fab9e50a78cf96f76b06c06827d73b5ecc287faf9
Client/PS/PSSMB/FormPSSM18R.resx.bak,Client/PS,other_text,scanned,True,19874d47b7fefe236a0f409076f694fd88d468e6353b8cf2f7711c288e85894c
Client/PS/PSSMB/FormPSSM18R.zh-CHT.resx,Client/PS,config_or_resource,scanned,True,afc6452e4d66e7052263af5697e6d938b8b0617a6fdfc05717bf9bfd23184488
Client/PS/PSSMB/FormPSSM18S.cs,Client/PS,desktop_source,scanned,True,db896238551a06b78a56141d2044b37cb857c663a14c69a59f50d06d3a749674
Client/PS/PSSMB/FormPSSM18S.designer.cs,Client/PS,desktop_source,scanned,False,9ddb006e8509aeb9424a3783c11aa62141702255bce51e6737dd5eff6f422a9d
Client/PS/PSSMB/FormPSSM18S.en.resx,Client/PS,config_or_resource,scanned,True,eb1496a236797602ee6b28e4c1b6dfe5e3d569a6c041cf7c9b483cad20fafa48
Client/PS/PSSMB/FormPSSM18S.resx,Client/PS,config_or_resource,scanned,True,19c5c290123e3bfcc96ef30cb47722cff5b6e7a91ea7589de6e0f231d333c742
Client/PS/PSSMB/FormPSSM18S.resx.bak,Client/PS,other_text,scanned,True,d7fc8deeaca3164555a69490fbd9f4073e6c3cd95ef497d2b290c3b6d2efb271
Client/PS/PSSMB/FormPSSM18S.zh-CHT.resx,Client/PS,config_or_resource,scanned,True,3472903acc2df02a61c0944876d32973121d1b6c3621500a586c8320a3ea441d
Client/PS/PSSMB/FormPSSM18TPS.cs,Client/PS,desktop_source,scanned,True,f7990af399fab4bad048fb1445dde29885abf17ce3b4d8e57f04fea5758b2c97
Client/PS/PSSMB/FormPSSM18TPS.designer.cs,Client/PS,desktop_source,scanned,True,bae0f2de721f1ef97c2d080faa08d45369d9c8102b3c2c6fa61cb50d9b219984
Client/PS/PSSMB/FormPSSM18TPS.en.resx,Client/PS,config_or_resource,scanned,True,934723f82c6ef29f8acb7764ac962a7b002c15d2b5f49b9b150e81da3f95d4c9
Client/PS/PSSMB/FormPSSM18TPS.resx,Client/PS,config_or_resource,scanned,True,7dc8060bd9493446a874f52361f3a5b8b239e3cf20cc5ed4e71a5d4aee127cc4
Client/PS/PSSMB/FormPSSM18TPS.resx.bak,Client/PS,other_text,scanned,True,7b463a5ea280a09fe9601261adf3326490f65ee34b1bd99742b599a674090561
Client/PS/PSSMB/FormPSSM18TPS.zh-CHT.resx,Client/PS,config_or_resource,scanned,True,a8e5acac540c98a4724969ea0953227f15199b9d99576a6b63738161838f4c2d
Client/PS/PSSMB/FormPSSM28.cs,Client/PS,desktop_source,scanned,True,864ecab36a05d63b61726f2dd8e97c607f6ce9d2461de4173ec5b28cf3018f0e
Client/PS/PSSMB/FormPSSM28.designer.cs,Client/PS,desktop_source,scanned,False,86378f4e481544459d44756aca9c8fb008f192bb6884598becb124a2684d5c86
Client/PS/PSSMB/FormPSSM28.resx,Client/PS,config_or_resource,scanned,True,5c2c4f5617dc3668186f7e3e768352b3839e0fb495d93ad413bfe5f0254ea6d7
Client/PS/PSSMB/FormPSSM28AddDlg.cs,Client/PS,desktop_source,scanned,True,12633d28a9740a1ae0f0144d7a4f12200f017a5bed89986e98b9d17e3fd3a4aa
Client/PS/PSSMB/FormPSSM28AddDlg.designer.cs,Client/PS,desktop_source,scanned,False,c89306b72a68e389f66a3095fe3849c7bdfcaf3d22c83a9f12b3c012019bbdf7
Client/PS/PSSMB/FormPSSM28AddDlg.resx,Client/PS,config_or_resource,scanned,True,4d3ee9059f5b98ab1806f6916ebea2a8c56023f8c63ddfd80b7378d27d1aa0f6
Client/PS/PSSMB/FormPSSM28AddDlgSI.cs,Client/PS,desktop_source,scanned,True,07949702246cfae3b295a52d29892bfdea4d381a1cf4f0b2d8aaa6074ef12a33
Client/PS/PSSMB/FormPSSM28AddDlgSI.designer.cs,Client/PS,desktop_source,scanned,False,e4aa039fa040063610e87409ec3f0c9d160abb1a7f201ac78a06b5d2db53e527
Client/PS/PSSMB/FormPSSM28AddDlgSI.resx,Client/PS,config_or_resource,scanned,True,4d3ee9059f5b98ab1806f6916ebea2a8c56023f8c63ddfd80b7378d27d1aa0f6
Client/PS/PSSMB/FormPSSM28AddNumSI.cs,Client/PS,desktop_source,scanned,True,e9006c8e024ddcc62d86c03b5bf654113c23c28cd58d05574594e0ebaf44ac4e
Client/PS/PSSMB/FormPSSM28AddNumSI.designer.cs,Client/PS,desktop_source,scanned,False,76bc0c62b87f7490ace3eac9f077f9007035fc1261ca299eb55246ed1320f2ab
Client/PS/PSSMB/FormPSSM28AddNumSI.resx,Client/PS,config_or_resource,scanned,True,4d3ee9059f5b98ab1806f6916ebea2a8c56023f8c63ddfd80b7378d27d1aa0f6
Client/PS/PSSMB/FormPSSM28B.cs,Client/PS,desktop_source,scanned,True,7ab77ded3668ae2412f98654a033746689ae258ec4c65f9c7a81ce8b8c816a91
Client/PS/PSSMB/FormPSSM28B.designer.cs,Client/PS,desktop_source,scanned,False,a0bd80705d220b7de27defbe96237f529da32aa82971120a6d76ff319815859d
Client/PS/PSSMB/FormPSSM28B.resx,Client/PS,config_or_resource,scanned,True,629ad272e01204b09c5d078f9cc58db534f50001866889f2cd7ad1a47475bec4
Client/PS/PSSMB/FormPSSM28C.cs,Client/PS,desktop_source,scanned,True,6625bd786436cfab5d7116dd15ba2cd7bd3042480855910aedde91540003a328
Client/PS/PSSMB/FormPSSM28C.designer.cs,Client/PS,desktop_source,scanned,False,0c54826fe6564e59d6c8b280c069b7ab5350da2d7a52939d3e4b73a4b50b80f7
Client/PS/PSSMB/FormPSSM28C.resx,Client/PS,config_or_resource,scanned,True,4d3ee9059f5b98ab1806f6916ebea2a8c56023f8c63ddfd80b7378d27d1aa0f6
Client/PS/PSSMB/FormPSSM28CSI.cs,Client/PS,desktop_source,scanned,True,3122b8bec326c4bffd930752952b801317a8f4b741cb45b2c15f2face9657091
Client/PS/PSSMB/FormPSSM28CSI.designer.cs,Client/PS,desktop_source,scanned,False,feb2c39f15a560ae033a2bfdcdb85740515c09532b5b5a3615da5b6dd0bdf916
Client/PS/PSSMB/FormPSSM28CSI.resx,Client/PS,config_or_resource,scanned,True,4d3ee9059f5b98ab1806f6916ebea2a8c56023f8c63ddfd80b7378d27d1aa0f6
Client/PS/PSSMB/FormPSSM28SI.cs,Client/PS,desktop_source,scanned,True,38b8e16da9a485a97953d8e886bbd102c702e5d9309091081d320ee4d3471414
Client/PS/PSSMB/FormPSSM28SI.designer.cs,Client/PS,desktop_source,scanned,False,7cba49d67cce72a308f1c20f0ddc81e471ea8004276dfd51c6c7161de0225785
Client/PS/PSSMB/FormPSSM28SI.resx,Client/PS,config_or_resource,scanned,True,5c2c4f5617dc3668186f7e3e768352b3839e0fb495d93ad413bfe5f0254ea6d7
Client/PS/PSSMB/FormPSSM28STChgDlg.Designer.cs,Client/PS,desktop_source,scanned,False,944e40a61b101c999f2e0ffd042da2fc051d0617c53c76c49c02d85cbd2ee1d5
Client/PS/PSSMB/FormPSSM28STChgDlg.cs,Client/PS,desktop_source,scanned,True,3f290a2248e5c8cb237f181fced51de2ebcb0afc52e797e732dc33c415a6f4aa
Client/PS/PSSMB/FormPSSM28STChgDlg.resx,Client/PS,config_or_resource,scanned,True,c29e0e8d20a4cb63081d0dafe200d3f79e1d8a2dc2660e3c508a4335c4e52aa6
Client/PS/PSSMB/FormPSSM28STChgDlgSI.cs,Client/PS,desktop_source,scanned,True,35637ea3c6972a2681f8f374fd98a8a162bf51bc781ff241477342437b31146f
Client/PS/PSSMB/FormPSSM28STChgDlgSI.designer.cs,Client/PS,desktop_source,scanned,False,e9213cb4fa3b85dd835b42958d3745064b70cdf2ba38a6ca1c1cf900db9b1cde
Client/PS/PSSMB/FormPSSM28STChgDlgSI.resx,Client/PS,config_or_resource,scanned,True,4d3ee9059f5b98ab1806f6916ebea2a8c56023f8c63ddfd80b7378d27d1aa0f6
Client/PS/PSSMB/FormPSSM28Signal.Designer.cs,Client/PS,desktop_source,scanned,False,bb271706220180ad057fc58646a8b1df82a263d689f7e593f9b8e4db965f280c
Client/PS/PSSMB/FormPSSM28Signal.cs,Client/PS,desktop_source,scanned,True,2877c287130c97b5697b0869f5c18b788d51b9a6ffa74dc11c86f736c3cf5cc0
Client/PS/PSSMB/FormPSSM28Signal.resx,Client/PS,config_or_resource,scanned,True,4d3ee9059f5b98ab1806f6916ebea2a8c56023f8c63ddfd80b7378d27d1aa0f6
Client/PS/PSSMB/FormPSSM35RetDlg.Designer.cs,Client/PS,desktop_source,scanned,True,bc936077d0f69a34cba5dd7d75a8cd886d620d72d34c9cb91e4b39d7a067db7f
Client/PS/PSSMB/FormPSSM35RetDlg.cs,Client/PS,desktop_source,scanned,True,20f0e8d65cfad35a2b2f01aad9c7cf874b881075a45ca54873566b8ac1eb6af3
Client/PS/PSSMB/FormPSSM35RetDlg.resx,Client/PS,config_or_resource,scanned,True,e1df06393997577ebbb4fdc11c69a8d54aca6a2b25b054afbf382f6a0a565263
Client/PS/PSSMB/FormPSSM35RetDlgSI.cs,Client/PS,desktop_source,scanned,True,51d203b455f9fe04cb196da4fea792c3e4b40bbb3bfabf61b5a34b54a7ead852
Client/PS/PSSMB/FormPSSM35RetDlgSI.designer.cs,Client/PS,desktop_source,scanned,True,10ca40a2d98d8c884de9299bac01cfbcc5e16369d42b50420f806a4fc4425123
Client/PS/PSSMB/FormPSSM35RetDlgSI.resx,Client/PS,config_or_resource,scanned,True,4d3ee9059f5b98ab1806f6916ebea2a8c56023f8c63ddfd80b7378d27d1aa0f6
Client/PS/PSSMB/FormPSSM35RetMgDlg.cs,Client/PS,desktop_source,scanned,True,f57976f799f08da62f9b62f247a59aca7c231eaa06634bdf8a82c83b92160c4e
Client/PS/PSSMB/FormPSSM35RetMgDlg.designer.cs,Client/PS,desktop_source,scanned,True,601100aa9da1201f377e75f2ef4511158bd1ccef53ab3b7a11f18ccf8f6a0bcd
Client/PS/PSSMB/FormPSSM35RetMgDlg.resx,Client/PS,config_or_resource,scanned,True,4d3ee9059f5b98ab1806f6916ebea2a8c56023f8c63ddfd80b7378d27d1aa0f6
Client/PS/PSSMB/FormPSSMQUERY.Designer.cs,Client/PS,desktop_source,scanned,False,93c4baa926d6823538f22a447083c5a5ec3dd2a3a2ec9e14760fc4e34d28ab84
Client/PS/PSSMB/FormPSSMQUERY.cs,Client/PS,desktop_source,scanned,True,c3c8dcccc934b6daf200f448df67d8e83bca0a473d01fe14a6457171b21ad5da
Client/PS/PSSMB/FormPSSSMS1111.Designer.cs,Client/PS,desktop_source,scanned,False,ff992d1d7a04cb0143bfe9c6373402bedf5438c5dd8b71e405c0ba980aa38084
Client/PS/PSSMB/FormPSSSMS1111.cs,Client/PS,desktop_source,scanned,False,ba0d0678dcc10da81f465957bb4394a74450cc3533745bd5d974f00d0d36c3c8
Client/PS/PSSMB/FormPSSSMS1111.resx,Client/PS,config_or_resource,scanned,True,4d3ee9059f5b98ab1806f6916ebea2a8c56023f8c63ddfd80b7378d27d1aa0f6
Client/PS/PSSMB/FormQMTSQUERY.cs,Client/PS,desktop_source,scanned,True,e7eec75809086a94d1832948b92fe7bc78c375b641600d80010c444b04248820
Client/PS/PSSMB/FormQMTSQUERY.designer.cs,Client/PS,desktop_source,scanned,False,688ad424bd936e121a5cd73b939fa5225fd1f7fd015432a83c1fb189e3ce0aeb
Client/PS/PSSMB/FormQMTSQUERY.resx,Client/PS,config_or_resource,scanned,True,4d3ee9059f5b98ab1806f6916ebea2a8c56023f8c63ddfd80b7378d27d1aa0f6
Client/PS/PSSMB/PSSMB.csproj,Client/PS,build_project,scanned,True,5d2da097262b9adddb25219af3335939d1d174fe2c4ea34c574c2cd9c8b94d91
Client/PS/PSSMB/PSSMB.csproj.bak,Client/PS,other_text,scanned,True,bce029a7ef3f759ae19ed63d5a33e75e6e03b5a1bfe6bbf16a56e14b9cbb3ab8
Client/PS/PSSMB/PSSMB.csproj.bak1,Client/PS,other_text,scanned,True,582125b60cf0635726add4f4f30ef729ee45c908873eb92d00131b067af7eb71
Client/PS/PSSMB/PSUtils.cs,Client/PS,desktop_source,scanned,True,ea9e9d97c03bf156c39b776d1644f32cbd9a751d8131f13da36004f9dbe2f563
Client/PS/PSSMBS2N/AssemblyInfo.cs,Client/PS,desktop_source,scanned,True,0202b894e32b8d743246bf0926e5c1b54247bd93d273808a00941d582a14a066
Client/PS/PSSMBS2N/Fakes/GanttViewPlugins.fakes,Client/PS,other_text,scanned,False,08770734f216a5f0db73ba1a803d5e49128d0c882ecd66f675124d91f627c150
Client/PS/PSSMBS2N/FormPSSM10ADD.Designer.cs,Client/PS,desktop_source,scanned,False,cbba5c05f3e4be2217c6910ac8be63068ac86c5fa9960fea04ee225a186cae87
Client/PS/PSSMBS2N/FormPSSM10ADD.cs,Client/PS,desktop_source,scanned,False,b113eec860d429cb3a29e27e9f9e8fa83b597fedd2e3fa456d4a8c8fa9197b7a
Client/PS/PSSMBS2N/FormPSSM10ADD.resx,Client/PS,config_or_resource,scanned,True,4d3ee9059f5b98ab1806f6916ebea2a8c56023f8c63ddfd80b7378d27d1aa0f6
Client/PS/PSSMBS2N/FormPSSM10POP.cs,Client/PS,desktop_source,scanned,True,d4702909c4d354701177580b0ff86bed17d6b8b3d29815813ec9f43ce577cc66
Client/PS/PSSMBS2N/FormPSSM10POP.designer.cs,Client/PS,desktop_source,scanned,True,0d2f38356ca6a6f0c798e6bf91aff05a795a796f477662006513a32d5ff2971e
Client/PS/PSSMBS2N/FormPSSM10POP.resx,Client/PS,config_or_resource,scanned,True,a41c21d34d994bfe8c6da94ebbc9d9888e71cee56636198533817e0cb7d69ab3
Client/PS/PSSMBS2N/FormPSSM18.cs,Client/PS,desktop_source,scanned,True,256e5b6c7455f10311d7b3ac2d56389693b2a8a0d2b239371c2992226e886914
Client/PS/PSSMBS2N/FormPSSM18.designer.cs,Client/PS,desktop_source,scanned,False,7e09a5b03113f0c1573a217e787580a36adbfd756c3edafeb2c2d13ab58b4a7f
Client/PS/PSSMBS2N/FormPSSM18.en.resx,Client/PS,config_or_resource,scanned,True,a8e04f7e5a4d04ef5e6b1a097c0a91e19440a726b10a93de2cac6dba894c37b8
Client/PS/PSSMBS2N/FormPSSM18.resx,Client/PS,config_or_resource,scanned,True,d4375bed1963c4619288b92621542553ff5fe3478d4b2ecb81afc17e7550e44b
Client/PS/PSSMBS2N/FormPSSM18.zh-CHT.resx,Client/PS,config_or_resource,scanned,True,ed3c108eb45d5a9115d9fb3902a6e2c77b6fe968194336eaec6b82d0aea300c5
Client/PS/PSSMBS2N/FormPSSM182.cs,Client/PS,desktop_source,scanned,True,7c3b288d95c0c86931b145dde9755188bb06a9477892ef2f0d7777df0e7549cc
Client/PS/PSSMBS2N/FormPSSM182.designer.cs,Client/PS,desktop_source,scanned,False,8082eb59de906cb202472a400bdd9442f9440af383b465450bb8cda8d694b312
Client/PS/PSSMBS2N/FormPSSM182.en.resx,Client/PS,config_or_resource,scanned,True,a8e04f7e5a4d04ef5e6b1a097c0a91e19440a726b10a93de2cac6dba894c37b8
Client/PS/PSSMBS2N/FormPSSM182.resx,Client/PS,config_or_resource,scanned,True,37d0934efa9b3522055aeaef542b6f1c6250af35dcb123238ee0b1eb7a35ef3a
Client/PS/PSSMBS2N/FormPSSM182.zh-CHT.resx,Client/PS,config_or_resource,scanned,True,ed3c108eb45d5a9115d9fb3902a6e2c77b6fe968194336eaec6b82d0aea300c5
Client/PS/PSSMBS2N/FormPSSM18CHECK.Designer.cs,Client/PS,desktop_source,scanned,False,dcc12828ca8344fdc47bf60d5cd6041ff0dc951f3def2a176bac96811a636a1f
Client/PS/PSSMBS2N/FormPSSM18CHECK.cs,Client/PS,desktop_source,scanned,True,1efe25e0d160e414b52f25e4f58c8ad4f8416b7a5bfd875d37d807e466922578
Client/PS/PSSMBS2N/FormPSSM18CHECK.resx,Client/PS,config_or_resource,scanned,True,4d3ee9059f5b98ab1806f6916ebea2a8c56023f8c63ddfd80b7378d27d1aa0f6
Client/PS/PSSMBS2N/FormPSSM18D.Designer.cs,Client/PS,desktop_source,scanned,False,2ed215f4ff34b1dcd5218c10e153999448976ffb7776b6b8998885abd4499a49
Client/PS/PSSMBS2N/FormPSSM18D.cs,Client/PS,desktop_source,scanned,True,1550cedfdd185b7223846592e22b27c1378904360baf4adaa02c117ae58ce9d4
Client/PS/PSSMBS2N/FormPSSM18D.resx,Client/PS,config_or_resource,scanned,True,4d3ee9059f5b98ab1806f6916ebea2a8c56023f8c63ddfd80b7378d27d1aa0f6
Client/PS/PSSMBS2N/FormPSSM18O.Designer.cs,Client/PS,desktop_source,scanned,False,7a324cd3a96c73e586b83fe3871ad620503cb55b3b1cef19cc7baa7428676d0e
Client/PS/PSSMBS2N/FormPSSM18O.cs,Client/PS,desktop_source,scanned,True,b218c9a07f9ab239ba2dbd6e838a0f855b2ab5a77f121a3f9eb4727c7e5dfe4b
Client/PS/PSSMBS2N/FormPSSM18O.resx,Client/PS,config_or_resource,scanned,True,4d3ee9059f5b98ab1806f6916ebea2a8c56023f8c63ddfd80b7378d27d1aa0f6
Client/PS/PSSMBS2N/FormPSSM18O2.Designer.cs,Client/PS,desktop_source,scanned,False,043801d411911896f170e2ab588e55c460e63ce7ad3a278a551446f167224a1b
Client/PS/PSSMBS2N/FormPSSM18O2.cs,Client/PS,desktop_source,scanned,True,7c03d457a75ed093bef0df9e1159926afacf20110a90d83224aee17793ed9d49
Client/PS/PSSMBS2N/FormPSSM18O2.resx,Client/PS,config_or_resource,scanned,True,4d3ee9059f5b98ab1806f6916ebea2a8c56023f8c63ddfd80b7378d27d1aa0f6
Client/PS/PSSMBS2N/FormPSSM18R.cs,Client/PS,desktop_source,scanned,True,c796e1ce6b689189d32c1012336bd4c039358ad60a75341f10800b4648019042
Client/PS/PSSMBS2N/FormPSSM18R.designer.cs,Client/PS,desktop_source,scanned,False,2c4cfc5ce99ceb07133b003b6a20390795b2634c880e09517ff63964dfb0f90f
Client/PS/PSSMBS2N/FormPSSM18R.en.resx,Client/PS,config_or_resource,scanned,True,a8c2cba5d29df14068616ea2cacbaec285c12096f658fe09777dae9865bedbb0
Client/PS/PSSMBS2N/FormPSSM18R.resx,Client/PS,config_or_resource,scanned,True,2c69d03995f77ef1711aa6bda22a1dd93f1b36b04be72ab7dd12ce309539693d
Client/PS/PSSMBS2N/FormPSSM18R.zh-CHT.resx,Client/PS,config_or_resource,scanned,True,afc6452e4d66e7052263af5697e6d938b8b0617a6fdfc05717bf9bfd23184488
Client/PS/PSSMBS2N/FormPSSM18S.cs,Client/PS,desktop_source,scanned,True,b9d93fdb570b67e2157e5a323611cb5404e0cc1fbf7c34abb6703e40d3dab37b
Client/PS/PSSMBS2N/FormPSSM18S.designer.cs,Client/PS,desktop_source,scanned,False,9ddb006e8509aeb9424a3783c11aa62141702255bce51e6737dd5eff6f422a9d
Client/PS/PSSMBS2N/FormPSSM18S.en.resx,Client/PS,config_or_resource,scanned,True,eb1496a236797602ee6b28e4c1b6dfe5e3d569a6c041cf7c9b483cad20fafa48
Client/PS/PSSMBS2N/FormPSSM18S.resx,Client/PS,config_or_resource,scanned,True,19c5c290123e3bfcc96ef30cb47722cff5b6e7a91ea7589de6e0f231d333c742
Client/PS/PSSMBS2N/FormPSSM18S.zh-CHT.resx,Client/PS,config_or_resource,scanned,True,3472903acc2df02a61c0944876d32973121d1b6c3621500a586c8320a3ea441d
Client/PS/PSSMBS2N/FormPSSM18Z.cs,Client/PS,desktop_source,scanned,True,a00830c879a3a65a6e85376ee45722bbf3f8e41a7395204ccd7691acc336deb5
Client/PS/PSSMBS2N/FormPSSM18Z.designer.cs,Client/PS,desktop_source,scanned,False,cec34e7753abf4e56051a04acf53ed4b75962fd5bc727c969315d26c35eead2c
Client/PS/PSSMBS2N/FormPSSM18Z.en.resx,Client/PS,config_or_resource,scanned,True,a8e04f7e5a4d04ef5e6b1a097c0a91e19440a726b10a93de2cac6dba894c37b8
Client/PS/PSSMBS2N/FormPSSM18Z.resx,Client/PS,config_or_resource,scanned,True,39e5ee47791ded9ab5bcb8fa39f52709a7f2e85a8cfceedccc9b9338beeb39ee
Client/PS/PSSMBS2N/FormPSSM19QS2N.cs,Client/PS,desktop_source,scanned,True,e50e8405988a2a18b725c2fc7f90090c000cafdfea41af4f28820f5d64f451d1
Client/PS/PSSMBS2N/FormPSSM19QS2N.designer.cs,Client/PS,desktop_source,scanned,False,b05cad8f421c3f76a7110b40d2e6da461b2e79ca43a02b05dac548d13fa5e1cf
Client/PS/PSSMBS2N/FormPSSM19QS2N.en.resx,Client/PS,config_or_resource,scanned,True,a8e04f7e5a4d04ef5e6b1a097c0a91e19440a726b10a93de2cac6dba894c37b8
Client/PS/PSSMBS2N/FormPSSM19QS2N.resx,Client/PS,config_or_resource,scanned,True,67bd98d99f834646805a99db5f6abbd19792541dd40a9ebebde61b51c0a71d69
Client/PS/PSSMBS2N/FormPSSM19QS2N.zh-CHT.resx,Client/PS,config_or_resource,scanned,True,ed3c108eb45d5a9115d9fb3902a6e2c77b6fe968194336eaec6b82d0aea300c5
Client/PS/PSSMBS2N/FormPSSMXHPOP.cs,Client/PS,desktop_source,scanned,True,637689abd04267acf4da534bd499d01ebe600f673ba8d50210d678c27e8379c9
Client/PS/PSSMBS2N/FormPSSMXHPOP.designer.cs,Client/PS,desktop_source,scanned,True,813bb1467c8e301f2b4472b0a9e5660cf2d979569112fb77cedc94829ece6420
Client/PS/PSSMBS2N/FormPSSMXHPOP.resx,Client/PS,config_or_resource,scanned,True,a41c21d34d994bfe8c6da94ebbc9d9888e71cee56636198533817e0cb7d69ab3
Client/PS/PSSMBS2N/PSSMS2NB.csproj,Client/PS,build_project,scanned,True,f30b703999c2503dc828a0acfe15c36b31d3d27865be42776c8da951c0014996
Client/PS/PSSMBS2N/PSSMS2NB.csproj.vspscc,Client/PS,other_text,scanned,False,4f9bbf63b8a210891b95914b9acd602a183aba262b1181c7c79209a7263af10b
Client/PS/logger.txt,Client/PS,document_or_log,scanned,True,168b6aefdc7e7c7f76b6e38d7fd8843f130587ed7f166c774d1d0faee9800e9d
Client/xr-fbsm/.env.development,Client/xr-fbsm,environment_config_values_not_exported,scanned,True,3656b595c4d98ac125d4cec032b7e4beb6a92e45b3c44daa3bec1894c2b58fa9
Client/xr-fbsm/.env.production,Client/xr-fbsm,environment_config_values_not_exported,scanned,True,7e79ae942126938022695cb278639c725a0f606ac9d0ca3b676628b7cefeda4b
Client/xr-fbsm/.gitignore,Client/xr-fbsm,other_text,scanned,False,0eb0bba7b52bb7531c6fa582a6f99de22c273d5e9e0faab1c8831c09210db6bc
Client/xr-fbsm/.vscode/extensions.json,Client/xr-fbsm,config_or_resource,scanned,False,1e73d21c9de2df0dda46d9223325067047dd68d86311e2ccb7c52b302c35edaf
Client/xr-fbsm/@mf-types/EBFR/index.d.ts,Client/xr-fbsm,dependency_or_type_declaration,scanned,False,360245690ff4ca87671445dbc5ab36a1c393b152ff868551fcf76a42024a24f9
Client/xr-fbsm/@mf-types/EBFR/package.json,Client/xr-fbsm,dependency_or_type_declaration,scanned,True,9fa38f157e4db1c2ee4f47273d5fc003abb628dceeb9abb45f7e328385da46c8
Client/xr-fbsm/@mf-types/EFX/index.d.ts,Client/xr-fbsm,dependency_or_type_declaration,scanned,True,26dc75bb5549612d72894ae0e572338086a47ecda191679dd266b3d3451873b4
Client/xr-fbsm/@mf-types/EFX/package.json,Client/xr-fbsm,dependency_or_type_declaration,scanned,True,d4837aae4c071d94a39b585d349e339358cb16e92b71ad96f18c5297ede77b49
Client/xr-fbsm/@mf-types/EIX/index.d.ts,Client/xr-fbsm,dependency_or_type_declaration,scanned,True,1913661d2e78e6e34dfcaa44bfa5a5a9fe97064041235b60ef309668a1574e8a
Client/xr-fbsm/@mf-types/EIX/package.json,Client/xr-fbsm,dependency_or_type_declaration,scanned,True,ef19105d914a78129730e844aa11bb16a22f93ad1f4c1ade9df078e25704eb65
Client/xr-fbsm/@mf-types/EIX/types/.gitkeep,Client/xr-fbsm,dependency_or_type_declaration,scanned,False,e3b0c44298fc1c149afbf4c8996fb92427ae41e4649b934ca495991b7852b855
Client/xr-fbsm/@mf-types/EIX/types/axios.d.ts,Client/xr-fbsm,dependency_or_type_declaration,scanned,True,b7bf65c4c3072ac9c7d1544f060e2e8df35f80f8f15c325dd246eb489636d706
Client/xr-fbsm/@mf-types/EIX/types/ei-manager.d.ts,Client/xr-fbsm,dependency_or_type_declaration,scanned,True,ee4b5b2c71bb8928552006fa480c91b321a7dbf8dd87b732512b4197e72566f8
Client/xr-fbsm/@mf-types/EIX/types/ei-tools.d.ts,Client/xr-fbsm,dependency_or_type_declaration,scanned,False,ee1973c8df465844a52fcaa9cb24070c8f6b8d424b59870bb82a73f19635598e
Client/xr-fbsm/@mf-types/EIX/types/ei.d.ts,Client/xr-fbsm,dependency_or_type_declaration,scanned,True,bb5fa974ecb7ff9ccf91b391d509e755ebc99cf337a4d066e286e790b75aa17d
Client/xr-fbsm/@mf-types/EIX/types/ep.d.ts,Client/xr-fbsm,dependency_or_type_declaration,scanned,False,d75651b029f8c06c087830ed5d94dfa06ab193059d3a4f6254f01030bd15310f
Client/xr-fbsm/@mf-types/EIX/types/index.d.ts,Client/xr-fbsm,dependency_or_type_declaration,scanned,True,4fdee38c3d122adaf91f7de4dfabd9dd797c50136f06db973fecf8da91d22091
Client/xr-fbsm/@mf-types/EIX/types/model.d.ts,Client/xr-fbsm,dependency_or_type_declaration,scanned,False,29ce3ec2fd75eb819eb5ae3ce5a8b7115c53c2b3b02b7883c57e965cec2cd491
Client/xr-fbsm/@mf-types/EIX/types/options.d.ts,Client/xr-fbsm,dependency_or_type_declaration,scanned,True,e5681fae826e28668bb38170be88e659396865476d08fff0f3d2773f178d3604
Client/xr-fbsm/@mf-types/EIX/types/type.d.ts,Client/xr-fbsm,dependency_or_type_declaration,scanned,True,fdd52bcb81c8412649654fee0cb16c47ba8054bde55a433b85a4908beff1c9f1
Client/xr-fbsm/@mf-types/EIX/types/utils.d.ts,Client/xr-fbsm,dependency_or_type_declaration,scanned,True,5b4d8a9ae3e1a27722fd30ba32c1d2337ab08c5a5e451f0259fe771393b86826
Client/xr-fbsm/@mf-types/EPTF/EPTF.d.ts,Client/xr-fbsm,dependency_or_type_declaration,scanned,False,e081c66b7d8d3e322c9643508963c625799be57f6d81f7a3e4781ce6985cb460
Client/xr-fbsm/@mf-types/EPTF/index.d.ts,Client/xr-fbsm,dependency_or_type_declaration,scanned,False,1a9cc32df3c83759b19ee8a00f5fd881706302d39cfd15ef99ac7bc57cade1ac
Client/xr-fbsm/@mf-types/EPTF/package.json,Client/xr-fbsm,dependency_or_type_declaration,scanned,True,55f68a82372af2b2d97e0c78e24eafbd30d0723c1884cfb24bcea92cfd0a4a53
Client/xr-fbsm/@mf-types/ERX/index.d.ts,Client/xr-fbsm,dependency_or_type_declaration,scanned,True,caa158653bf5946a38e53decfae49fb2d5fa6b4555dfb25782dacf83a1065dbb
Client/xr-fbsm/@mf-types/ERX/package.json,Client/xr-fbsm,dependency_or_type_declaration,scanned,True,76e5320a9d89c027834e5c1fe07fb9a199dc57fe0de5266d6862ae1b08555f23
Client/xr-fbsm/README.md,Client/xr-fbsm,document_or_log,scanned,True,a44c45aedaaf49a5599e585198c6c228a0785c4111c6ab12a178f00350698277
Client/xr-fbsm/build/utils.ts,Client/xr-fbsm,generated_or_build_support,scanned,True,6d731fc2209f69b40b1a85c93a1c8748574e1adc615eb4d528352decf9522cb1
Client/xr-fbsm/build/vite-plugin-env-check.ts,Client/xr-fbsm,generated_or_build_support,scanned,True,9bef7e46a47b229fea273d7dc094ce3715227bace56c436f2c9709b317c29f46
Client/xr-fbsm/build/vite-plugin-federation-types.ts,Client/xr-fbsm,generated_or_build_support,scanned,True,1abd5cab46ad172019b189c610aa31e913c4828b28eb62e5aa1cf88af4572ec6
Client/xr-fbsm/index.html,Client/xr-fbsm,web_source,scanned,True,439f94cfa9f1934e84a293d52b3da71d291bf10fbb88c51baed4e92f37b56126
Client/xr-fbsm/package.json,Client/xr-fbsm,config_or_resource,scanned,True,32dd7e89a2d2698f437ef596b148ca0e76aa1590d7cd46ca560204773f18d912
Client/xr-fbsm/src/App.vue,Client/xr-fbsm,web_source,scanned,True,2f631c0e4631868fcc393c57d0129cef10b58cf5a92274d28e1de7032a27806a
Client/xr-fbsm/src/assets/vue.svg,Client/xr-fbsm,other_text,scanned,False,5532db34f1c52841881bab8aeca6c3e8d092bd21a689a65f4d8f8cf8041eef9d
Client/xr-fbsm/src/components/Result/index.vue,Client/xr-fbsm,web_source,scanned,False,1cb5f91a34874660e11f441f8c76e92ca33bae4a30ff658a2779727858ef8109
Client/xr-fbsm/src/components/Result/svg/error.vue,Client/xr-fbsm,web_source,scanned,False,ca47a4d00cc74fe94f9394c2bd67f96ff32fadf4a46ceefe145e0ca4b70cf010
Client/xr-fbsm/src/components/Result/svg/info.vue,Client/xr-fbsm,web_source,scanned,False,8b12ef11b5ee93baf289e04b47c43e003bb8db8467eaa91d98e0a801c9f61fd0
Client/xr-fbsm/src/components/Result/svg/noFound.vue,Client/xr-fbsm,web_source,scanned,False,0ff712a43a004d8f47469e7024453b72c09b10ef3775571d89dbe65023f52bfb
Client/xr-fbsm/src/components/Result/svg/serverError.vue,Client/xr-fbsm,web_source,scanned,False,a9e1494601a29c04de5c1e5cb08eac2d480e097b98dcf237550c5f4c9aad2d86
Client/xr-fbsm/src/components/Result/svg/success.vue,Client/xr-fbsm,web_source,scanned,False,ea78e9a97a3dcaefb54fd18d225511c1ef9e66c4fcb09c72617e128c57b8697d
Client/xr-fbsm/src/components/Result/svg/unauthorized.vue,Client/xr-fbsm,web_source,scanned,True,4981c678833022a34a03992da44ee10358a54956447db8b5fbd1dfecb4800749
Client/xr-fbsm/src/components/Result/svg/warning.vue,Client/xr-fbsm,web_source,scanned,False,0f8ad54c3cd363bb4d7d8e4b25325872f1c13468030cd297c27d2a9ea1067783
Client/xr-fbsm/src/locales/ar.json,Client/xr-fbsm,config_or_resource,scanned,False,705d03e530588af8d1c7c0ef76e90687121dd4a97237e09deb078a29bdc3c073
Client/xr-fbsm/src/locales/en.json,Client/xr-fbsm,config_or_resource,scanned,False,d376ca7507763d34ab485e293d5838e11a37629f79e2a4382202a0e51f48bfcc
Client/xr-fbsm/src/locales/zh_Hans.json,Client/xr-fbsm,config_or_resource,scanned,False,88e443ebc00fc254f73e9b57603a3f0e7a2f5dd2e259607594d687f0810e41e5
Client/xr-fbsm/src/main.ts,Client/xr-fbsm,web_source,scanned,True,8c5a7f0cd5086302603383bd8c8674caacdf8141b6a2398400a6c4d9ca25a623
Client/xr-fbsm/src/model/data.d.ts,Client/xr-fbsm,web_source,scanned,True,efc794151d104e3be4b5799ce7b4fccc46709879a04c7f92467bfefd622d1868
Client/xr-fbsm/src/router/index.ts,Client/xr-fbsm,web_source,scanned,True,5a7f618ccd2ffa1bdc70113f261a4631c123d6ed7c14ac8dcc405054f0896864
Client/xr-fbsm/src/styles/index.scss,Client/xr-fbsm,other_text,scanned,False,e5860729326019a9485b6a77a24b714d35120b6c4c01fbaeabf195ff09188be6
Client/xr-fbsm/src/utils/i18n.ts,Client/xr-fbsm,web_source,scanned,True,3a9363b3b1dfb3532d3c3d357c2a9f4bc33077b5acc9112067cddcded9969ec0
Client/xr-fbsm/src/utils/theme.ts,Client/xr-fbsm,web_source,scanned,True,843178218de1a0166f29b5a621de1da600acc4e1e69c570423673deac8cdec32
Client/xr-fbsm/src/views/404/index.vue,Client/xr-fbsm,web_source,scanned,True,f77963c7ba0dd45a29f2c8164c7afb5dbabb7ecae4689e353f5d5add54755e65
Client/xr-fbsm/src/views/DEMOAG/DEMOAG.vue,Client/xr-fbsm,web_source,scanned,True,4aeadfc0222f7d0fe4d2311cea401e77ca6eeeebe46899b011ec8a5125899a2f
Client/xr-fbsm/src/views/DEMOAG/locales/ar.json,Client/xr-fbsm,config_or_resource,scanned,False,e035bf16b39bc07ce55ded885459600ac51189274f02185ae97d66edc36f3064
Client/xr-fbsm/src/views/DEMOAG/locales/en.json,Client/xr-fbsm,config_or_resource,scanned,False,29cbf872b100a85da5ed66db551e1e26c8fc2a16710fae2a21a7644870b9de8f
Client/xr-fbsm/src/views/DEMOAG/locales/zh_Hans.json,Client/xr-fbsm,config_or_resource,scanned,False,cf4220bc30c3f4e2c22c2fe67b49acb1e407aadb562a3c156106cefc0429408d
Client/xr-fbsm/src/views/DEMOPX/DEMOPX.vue,Client/xr-fbsm,web_source,scanned,True,ab3726046911eedc0b35e47d7b339aef92c38db67b64eacba0704a2f9ea63ff4
Client/xr-fbsm/src/views/DEMOXPX/DEMOXPX.vue,Client/xr-fbsm,web_source,scanned,True,ab6bd65c2cf9e87c00655c357e0da5186dadd6a2c6d649ae86fed6016a2a0099
Client/xr-fbsm/src/views/FBSM00S2N/FBSM00S2N.scss,Client/xr-fbsm,other_text,scanned,False,69427ea4f777b796b574a29976a36a6dc1a6565760392c22a2c085d23b1dc9c2
Client/xr-fbsm/src/views/FBSM00S2N/FBSM00S2N.ts,Client/xr-fbsm,web_source,scanned,True,7c353e52a0f11b465294da53652c942d51e0937c945ef831c2e25711f0a35396
Client/xr-fbsm/src/views/FBSM00S2N/FBSM00S2N.vue,Client/xr-fbsm,web_source,scanned,True,971a92d667f074e25f81d201b747e1bfd7903eadcfdb5207f92940a18b5acbaa
Client/xr-fbsm/src/views/FBSM12S2N/FBSM12S2N.vue,Client/xr-fbsm,web_source,scanned,True,2107b2e3ae4d5f2ac3c42e03c9a175c9e59013a1be8c794ff015a3ce283bf620
Client/xr-fbsm/src/views/FBSM13S2N/FBSM13S2N.vue,Client/xr-fbsm,web_source,scanned,True,6b13459d9f834d63e241af14d34a8b175f7cc002e8debb5095a294ab1e9a456c
Client/xr-fbsm/src/views/FBSM15CS2N/FBSM15CS2N.vue,Client/xr-fbsm,web_source,scanned,True,f114536d4f4fd0946307a88177d01ac17647e53f2c403e1ed69bab120a732e4d
Client/xr-fbsm/src/views/FBSM15DS2N/FBSM15DS2N.vue,Client/xr-fbsm,web_source,scanned,True,2905f9881c16b8215760b854832da516626adf2586aeb8ebc333aedb3ea80252
Client/xr-fbsm/src/views/FBSM15GS2N/FBSM15GS2N.scss,Client/xr-fbsm,other_text,scanned,False,e3b0c44298fc1c149afbf4c8996fb92427ae41e4649b934ca495991b7852b855
Client/xr-fbsm/src/views/FBSM15GS2N/FBSM15GS2N.ts,Client/xr-fbsm,web_source,scanned,True,27d9d4e5c1d1baa4c280ee572fa8d59891dda5bdb15cee7d67640dd1ca93b3b5
Client/xr-fbsm/src/views/FBSM15GS2N/FBSM15GS2N.vue,Client/xr-fbsm,web_source,scanned,True,58de1ca91ce17a83cc0f07d05f9b61c438a88fc528e92298d106d0cd5254597d
Client/xr-fbsm/src/views/FBSM15HS2N/FBSM15HS2N.scss,Client/xr-fbsm,other_text,scanned,False,e3b0c44298fc1c149afbf4c8996fb92427ae41e4649b934ca495991b7852b855
Client/xr-fbsm/src/views/FBSM15HS2N/FBSM15HS2N.ts,Client/xr-fbsm,web_source,scanned,True,8411c81b55b1307570c742c957da0e1634012238b454c91f916574f6b0478c18
Client/xr-fbsm/src/views/FBSM15HS2N/FBSM15HS2N.vue,Client/xr-fbsm,web_source,scanned,True,024b7bd8384c3ed1a97871ecdb1ae914abe0b29e42ba85eb443fbf06ba843139
Client/xr-fbsm/src/views/FBSM15MS2N/FBSM15MS2N.scss,Client/xr-fbsm,other_text,scanned,False,e3b0c44298fc1c149afbf4c8996fb92427ae41e4649b934ca495991b7852b855
Client/xr-fbsm/src/views/FBSM15MS2N/FBSM15MS2N.ts,Client/xr-fbsm,web_source,scanned,True,b0a0d46813c7d59b5321630630f61833da616067450525b0a2c4ec9ac08693cc
Client/xr-fbsm/src/views/FBSM15MS2N/FBSM15MS2N.vue,Client/xr-fbsm,web_source,scanned,True,034df516512e3d8dd111c84d10685e4810f7e6afcc06d631ce75396367b7b699
Client/xr-fbsm/src/views/FBSM15PS2N/FBSM15PS2N.scss,Client/xr-fbsm,other_text,scanned,False,e3b0c44298fc1c149afbf4c8996fb92427ae41e4649b934ca495991b7852b855
Client/xr-fbsm/src/views/FBSM15PS2N/FBSM15PS2N.ts,Client/xr-fbsm,web_source,scanned,True,c50b0c5dd2c0b3d16304bd50ec7bf0ccb5287105f7d6ce2d78a7ee8623b5dd82
Client/xr-fbsm/src/views/FBSM15PS2N/FBSM15PS2N.vue,Client/xr-fbsm,web_source,scanned,True,df38cc3b09fc944092a524dd732b7660866e946beb210acc13975b5965069038
Client/xr-fbsm/src/views/FBSM15S2N/FBSM15S2N.vue,Client/xr-fbsm,web_source,scanned,True,081a27b29a570ff128dbb0e216c25f264638b998292e86c72355e9173e647e2e
Client/xr-fbsm/src/views/FBSM15YS2N/FBSM15YS2N.vue,Client/xr-fbsm,web_source,scanned,True,899770a60f26423a8b77f01318be3c7f9500b9e3be5de1b913716f4effc2bfa0
Client/xr-fbsm/src/views/FBSM15YS2N/Spreadsheet.vue,Client/xr-fbsm,web_source,scanned,True,1d9afbcfa8b0591eea616b2fef7d5f5d2aea1d5aa388d14f04f9e19b33410fde
Client/xr-fbsm/src/views/FBSM15ZS2N/FBSM15ZS2N.vue,Client/xr-fbsm,web_source,scanned,True,13c431812cb4d84ddbd67d18e88b2fa867cc24113620c5975bf23fb87dc9fe98
Client/xr-fbsm/src/views/FBSM15ZS2N/Spreadsheet.vue,Client/xr-fbsm,web_source,scanned,True,76942fd01721e437109ae35ddad1fc50a66994fd4d253e0c07e911d3c8789d77
Client/xr-fbsm/src/views/FBSM17S2N/FBSM17S2N.scss,Client/xr-fbsm,other_text,scanned,False,c01078ca07a9ba0bf55b90b5c8d74d1498f94f8012bb8ef01674d76f82da22ef
Client/xr-fbsm/src/views/FBSM17S2N/FBSM17S2N.vue,Client/xr-fbsm,web_source,scanned,True,a18116f4e05cc6cc80e6ed6e3828af83464e0fa5f61351c2cdf7df3261bef42c
Client/xr-fbsm/src/views/FBSM17S2N/FBSM17ZS2N_Embed.vue,Client/xr-fbsm,web_source,scanned,True,52d47e47c1cdd4b8f393c4c32b1b1999fe7e07ecf5f42cdf62cfb1e805c1112c
Client/xr-fbsm/src/views/FBSM17S2N/Spreadsheet.vue,Client/xr-fbsm,web_source,scanned,True,166845a6b5bf8b67b33f3cc53ce64804e3f20876e6394bdbc8392c56865e7d09
Client/xr-fbsm/src/views/FBSM19S2N/FBSM19S2N.vue,Client/xr-fbsm,web_source,scanned,True,b17e5175da9a8dba0ae7ad3268892f1bc95c1702f42efcca46284e84a5154e9e
Client/xr-fbsm/src/views/FBSM21S2N/FBSM21S2N.vue,Client/xr-fbsm,web_source,scanned,True,e221effa8dd70a870c806e6ea8d520397d7d8c6684e39a3889f08a8594f29aa5
Client/xr-fbsm/src/views/FBSM23S2N/FBSM23S2N.scss,Client/xr-fbsm,other_text,scanned,False,e3b0c44298fc1c149afbf4c8996fb92427ae41e4649b934ca495991b7852b855
Client/xr-fbsm/src/views/FBSM23S2N/FBSM23S2N.ts,Client/xr-fbsm,web_source,scanned,True,bafc1ad62e97e4e3aee3af7c496de263d3a05a28c81f67d16ffa059557ca95a6
Client/xr-fbsm/src/views/FBSM23S2N/FBSM23S2N.vue,Client/xr-fbsm,web_source,scanned,True,07bee6b46545b14e5841b76170a5dee8b7fe972b6c4caff325b067977915b823
Client/xr-fbsm/src/views/FBSM31CS2N/FBSM31CS2N.vue,Client/xr-fbsm,web_source,scanned,True,705111faeb74ed9d0a4aa4396c5beb9dc1d7d1164c86a651dc8709eea743297d
Client/xr-fbsm/src/views/FBSM31GS2N/FBSM31GS2N.scss,Client/xr-fbsm,other_text,scanned,False,e3b0c44298fc1c149afbf4c8996fb92427ae41e4649b934ca495991b7852b855
Client/xr-fbsm/src/views/FBSM31GS2N/FBSM31GS2N.ts,Client/xr-fbsm,web_source,scanned,True,60377e54a20624c7fcb1056980cef34fd49b14875fe7a6502fa7b8c0300f6640
Client/xr-fbsm/src/views/FBSM31GS2N/FBSM31GS2N.vue,Client/xr-fbsm,web_source,scanned,True,8d7f7ecd65235a70491bebe9e9345c3c54b9b5b83ebf07ea32bc2303b673dd83
Client/xr-fbsm/src/views/FBSM31RS2N/FBSM31RS2N.vue,Client/xr-fbsm,web_source,scanned,True,b1d279c8fd89ffa234b4935760f97f8ee46914f5541b1b90d2d01e929b2cfc60
Client/xr-fbsm/src/views/FBSM31S2N/FBSM31S2N.vue,Client/xr-fbsm,web_source,scanned,True,3ad6869d2f0f540a34d9d75638b55c0af9d5a02f9abf7497ef7fbde28528cbb3
Client/xr-fbsm/src/views/FBSM31YS2N/FBSM31YS2N.vue,Client/xr-fbsm,web_source,scanned,True,de8e161f68c08ce87dd2b9e86af5d75251e5becdfa5fa2ee051c1f31ef4d6d34
Client/xr-fbsm/src/views/FBSM31YS2N/Spreadsheet.vue,Client/xr-fbsm,web_source,scanned,True,1d9afbcfa8b0591eea616b2fef7d5f5d2aea1d5aa388d14f04f9e19b33410fde
Client/xr-fbsm/src/views/FBSM31ZS2N/FBSM31ZS2N.vue,Client/xr-fbsm,web_source,scanned,True,8c9f49a19a753fb0b5d276b77b0fb202238f04e438f86a2639cbbc4b79ba04b9
Client/xr-fbsm/src/views/FBSM31ZS2N/Spreadsheet.vue,Client/xr-fbsm,web_source,scanned,True,9277d123cee9ea9575dc1d1198bf85a33d98849233c715564ce041987f41572f
Client/xr-fbsm/src/views/FBSM32CS2N/FBSM32CS2N.vue,Client/xr-fbsm,web_source,scanned,True,72481795c541b10aa4943ddfde53ee7bd10e2a60c36b346a390066e79e3f5837
Client/xr-fbsm/src/views/FBSM32CS2N/Spreadsheet.vue,Client/xr-fbsm,web_source,scanned,True,6065402c5b525e22e628fe7fa6695b9b9f55215c6cfb32dd07b5733dc566f43a
Client/xr-fbsm/src/views/FBSM32S2N/FBSM31ZS2N_Embed.vue,Client/xr-fbsm,web_source,scanned,True,a7e79524c09eaf78d0cf042b427b8948e19cd5d12cedea71eed99b7599a142f3
Client/xr-fbsm/src/views/FBSM32S2N/FBSM32S2N.vue,Client/xr-fbsm,web_source,scanned,True,f6d81ccf55e44f5b9d39e3c83908ab27a1fb583abbeec7ccc7cab27b5ee0b257
Client/xr-fbsm/src/views/FBSM32S2N/Spreadsheet.vue,Client/xr-fbsm,web_source,scanned,True,79f3c45c7ad99f5dd582f740e8d2e9090b3e807febb588a79858c43e4a12130f
Client/xr-fbsm/src/views/FBSM41MS2N/FBSM41MS2N.scss,Client/xr-fbsm,other_text,scanned,False,a58cb3c4bcd1fb4a7d10ac475d60c8c0b80fd7fba63d36e83d9003efe74ebc9f
Client/xr-fbsm/src/views/FBSM41MS2N/FBSM41MS2N.ts,Client/xr-fbsm,web_source,scanned,True,a7d5afce09786e5df78451746a3d48a9bfaae0478e8886bee856232cdc54d625
Client/xr-fbsm/src/views/FBSM41MS2N/FBSM41MS2N.vue,Client/xr-fbsm,web_source,scanned,True,1f20c38118914a7e25b6b090d3cf36e7f008d85c94202e28e53fa2508c3030c0
Client/xr-fbsm/src/views/FBSM41S2N/FBSM41S2N.vue,Client/xr-fbsm,web_source,scanned,True,7ee3401c215a3695410abb1ac351d2b2654b462eb3a733b908cef0452592411a
Client/xr-fbsm/src/views/FBSM41S2N/FBSM41S2N_Embed.vue,Client/xr-fbsm,web_source,scanned,True,ae1e425e3e166f58dd19ad65c3255adedc456553a4d3078a142bf2711ac1ebe4
Client/xr-fbsm/src/views/FBSM41S2N/Spreadsheet.vue,Client/xr-fbsm,web_source,scanned,True,d56628c375b173c07a1f0b64b516403ece0dc338bcbc7a9532a4990d54603d25
Client/xr-fbsm/src/views/FBSMACX/FBSMACX.vue,Client/xr-fbsm,web_source,scanned,True,c07d13b66e0407df7f12ef648998c4062201791bb9dc47d1a9be75d0e696c0e5
Client/xr-fbsm/src/views/FBSMAS2N/FBSMAS2N.vue,Client/xr-fbsm,web_source,scanned,True,f2f81b35a7d38888fdde79829ce3e3e5407dacef38af7606c41a5693fa60ecef
Client/xr-fbsm/src/views/FBSMMB1S2N/FBSMMB1S2N.scss,Client/xr-fbsm,other_text,scanned,False,e3b0c44298fc1c149afbf4c8996fb92427ae41e4649b934ca495991b7852b855
Client/xr-fbsm/src/views/FBSMMB1S2N/FBSMMB1S2N.ts,Client/xr-fbsm,web_source,scanned,False,24ab93eebb17e0e23aa3a740afc113bcae4715b0f18824ef425e1ec18fb7d949
Client/xr-fbsm/src/views/FBSMMB1S2N/FBSMMB1S2N.vue,Client/xr-fbsm,web_source,scanned,True,0cdd996e8d4bf9b346c9845c26d549268d50967de102a8698eea4ed7df895728
Client/xr-fbsm/src/views/FBSMPLS2N/FBSMPLS2N.vue,Client/xr-fbsm,web_source,scanned,True,a4a9c5fd0e0c498c0233630604da49a9bafe9d64b295602e4f6e9f0c05787e09
Client/xr-fbsm/src/views/FBSMPLTS2N/FBSMPLTS2N.vue,Client/xr-fbsm,web_source,scanned,True,f5b1704965a83e624e531d6ab7fb87e6f5bfaff24323a66ad2f3f32014d7d063
Client/xr-fbsm/src/vite-env.d.ts,Client/xr-fbsm,web_source,scanned,True,3053c5e53647435d91e2d7617e6c93e433893bb3189d23484967ee118a945c29
Client/xr-fbsm/tsconfig.json,Client/xr-fbsm,config_or_resource,scanned,True,b139294888379c2b1c73ae0b0d3012cb01e20d5f440bd20f466be5583553a447
Client/xr-fbsm/vite.config.ts,Client/xr-fbsm,web_source,scanned,True,8b21bf8e43f1b71a14ffb1f83802309a8d5a09121f5a9b59f906617d0152a21f
Client/xr-mmlc/.env.development,Client/xr-mmlc,environment_config_values_not_exported,scanned,True,7addcf9e3faad6529eb63da5ceae26f41ff8e15be3a550ca48b4a55045fd5745
Client/xr-mmlc/.env.production,Client/xr-mmlc,environment_config_values_not_exported,scanned,True,6ef5934271df6f5c52d7a4cf07a724cf3ea2daad99dd7be44cb4c7d2e67e67d7
Client/xr-mmlc/.gitignore,Client/xr-mmlc,other_text,scanned,False,8bc74dbde5ee1e147e5971b7b0f3cced7e8a128e73cd7865df5057fe6b309b01
Client/xr-mmlc/.vscode/extensions.json,Client/xr-mmlc,config_or_resource,scanned,False,1e73d21c9de2df0dda46d9223325067047dd68d86311e2ccb7c52b302c35edaf
Client/xr-mmlc/@mf-types/EFX/index.d.ts,Client/xr-mmlc,dependency_or_type_declaration,scanned,True,7d4671f244125c67637918e89e1daaa1c4d8946f326b6979f9380ae45ee453fb
Client/xr-mmlc/@mf-types/EFX/package.json,Client/xr-mmlc,dependency_or_type_declaration,scanned,True,d4837aae4c071d94a39b585d349e339358cb16e92b71ad96f18c5297ede77b49
Client/xr-mmlc/@mf-types/EIX/index.d.ts,Client/xr-mmlc,dependency_or_type_declaration,scanned,True,1ed6745584e901ce103d4fcc893b1dfec165c5127007679cde9a94901260f6e1
Client/xr-mmlc/@mf-types/EIX/package.json,Client/xr-mmlc,dependency_or_type_declaration,scanned,True,ef19105d914a78129730e844aa11bb16a22f93ad1f4c1ade9df078e25704eb65
Client/xr-mmlc/@mf-types/EIX/types/.gitkeep,Client/xr-mmlc,dependency_or_type_declaration,scanned,False,e3b0c44298fc1c149afbf4c8996fb92427ae41e4649b934ca495991b7852b855
Client/xr-mmlc/@mf-types/EIX/types/axios.d.ts,Client/xr-mmlc,dependency_or_type_declaration,scanned,True,a2d3d0394a3ce2c52f67e5ffc4f93ed0306a4748e3cd2f2208813a44b5e57fbf
Client/xr-mmlc/@mf-types/EIX/types/ei-manager.d.ts,Client/xr-mmlc,dependency_or_type_declaration,scanned,True,9e36cc2dd2392312b1cfb2fd79c33f077cc8d63cc8948840ddb855496cbae2a0
Client/xr-mmlc/@mf-types/EIX/types/ei-tools.d.ts,Client/xr-mmlc,dependency_or_type_declaration,scanned,False,ee1973c8df465844a52fcaa9cb24070c8f6b8d424b59870bb82a73f19635598e
Client/xr-mmlc/@mf-types/EIX/types/ei.d.ts,Client/xr-mmlc,dependency_or_type_declaration,scanned,True,1405df6f25d5202680349286d73086582d836393b9e5e96a75555c9096996a54
Client/xr-mmlc/@mf-types/EIX/types/ep.d.ts,Client/xr-mmlc,dependency_or_type_declaration,scanned,False,d75651b029f8c06c087830ed5d94dfa06ab193059d3a4f6254f01030bd15310f
Client/xr-mmlc/@mf-types/EIX/types/index.d.ts,Client/xr-mmlc,dependency_or_type_declaration,scanned,True,b9bd913b5e77d0398726b18f285d69ed8212d06f2c7f3c52136901176a184455
Client/xr-mmlc/@mf-types/EIX/types/model.d.ts,Client/xr-mmlc,dependency_or_type_declaration,scanned,False,29ce3ec2fd75eb819eb5ae3ce5a8b7115c53c2b3b02b7883c57e965cec2cd491
Client/xr-mmlc/@mf-types/EIX/types/options.d.ts,Client/xr-mmlc,dependency_or_type_declaration,scanned,True,d44528d17f0361218ec6a4652e9e488fa69e42fc27c51c02b837153b53bd27d3
Client/xr-mmlc/@mf-types/EIX/types/type.d.ts,Client/xr-mmlc,dependency_or_type_declaration,scanned,False,a9bc3be542736b380e2b35a265c141d666f3b62ce15b278c7e0083caa2c6f46b
Client/xr-mmlc/@mf-types/EIX/types/utils.d.ts,Client/xr-mmlc,dependency_or_type_declaration,scanned,True,f7a03e271b127953aa103cca493f37202d593dc3d2b36cb8597eb45544758145
Client/xr-mmlc/@mf-types/EPTF/EPTF.d.ts,Client/xr-mmlc,dependency_or_type_declaration,scanned,False,72a0b37ba4c1bd0b1b86ff5b94c33dc48c78ecd182a1120c6cb4cedadeb767a3
Client/xr-mmlc/@mf-types/EPTF/index.d.ts,Client/xr-mmlc,dependency_or_type_declaration,scanned,False,1a9cc32df3c83759b19ee8a00f5fd881706302d39cfd15ef99ac7bc57cade1ac
Client/xr-mmlc/@mf-types/EPTF/package.json,Client/xr-mmlc,dependency_or_type_declaration,scanned,True,55f68a82372af2b2d97e0c78e24eafbd30d0723c1884cfb24bcea92cfd0a4a53
Client/xr-mmlc/@mf-types/ERX/ERX.d.ts,Client/xr-mmlc,dependency_or_type_declaration,scanned,True,0ca6bd5aafff3496f32a69c87894a31a4ef21f6d29ad463597972218c254893d
Client/xr-mmlc/@mf-types/ERX/index.d.ts,Client/xr-mmlc,dependency_or_type_declaration,scanned,False,1d36e3453cd6a856ae8e5bb616771993dd6486dec803b28994044cefd02ae134
Client/xr-mmlc/@mf-types/ERX/package.json,Client/xr-mmlc,dependency_or_type_declaration,scanned,True,db7f98c8d5e9a6da284883b05c20145999523d30a02c75d9cc32f8fa3ac8ba3c
Client/xr-mmlc/README.md,Client/xr-mmlc,document_or_log,scanned,True,a44c45aedaaf49a5599e585198c6c228a0785c4111c6ab12a178f00350698277
Client/xr-mmlc/build/utils.ts,Client/xr-mmlc,generated_or_build_support,scanned,True,6d731fc2209f69b40b1a85c93a1c8748574e1adc615eb4d528352decf9522cb1
Client/xr-mmlc/index.html,Client/xr-mmlc,web_source,scanned,True,7194a70442ee73fc58764f7d386f64c18db5b09b6daa57e25258be743b41c46d
Client/xr-mmlc/package-lock.json,Client/xr-mmlc,dependency_lock,scanned,True,8f8e583cc50998efcaef2cf8a91431183a94a8e28787162b18a1f61f301b767a
Client/xr-mmlc/package.json,Client/xr-mmlc,config_or_resource,scanned,True,c9e1898c864dcef287bfbb62cab410ed0e23759354d35b530f0a5a7a92986552
Client/xr-mmlc/src/App.vue,Client/xr-mmlc,web_source,scanned,True,bea21b84d9e02ae208e1b9716e97fbc6b9a4a18e40428e48604791fbc131a77b
Client/xr-mmlc/src/assets/vue.svg,Client/xr-mmlc,other_text,scanned,False,5532db34f1c52841881bab8aeca6c3e8d092bd21a689a65f4d8f8cf8041eef9d
Client/xr-mmlc/src/components/Result/index.vue,Client/xr-mmlc,web_source,scanned,False,1cb5f91a34874660e11f441f8c76e92ca33bae4a30ff658a2779727858ef8109
Client/xr-mmlc/src/components/Result/svg/error.vue,Client/xr-mmlc,web_source,scanned,False,ca47a4d00cc74fe94f9394c2bd67f96ff32fadf4a46ceefe145e0ca4b70cf010
Client/xr-mmlc/src/components/Result/svg/info.vue,Client/xr-mmlc,web_source,scanned,False,8b12ef11b5ee93baf289e04b47c43e003bb8db8467eaa91d98e0a801c9f61fd0
Client/xr-mmlc/src/components/Result/svg/noFound.vue,Client/xr-mmlc,web_source,scanned,False,0ff712a43a004d8f47469e7024453b72c09b10ef3775571d89dbe65023f52bfb
Client/xr-mmlc/src/components/Result/svg/serverError.vue,Client/xr-mmlc,web_source,scanned,False,a9e1494601a29c04de5c1e5cb08eac2d480e097b98dcf237550c5f4c9aad2d86
Client/xr-mmlc/src/components/Result/svg/success.vue,Client/xr-mmlc,web_source,scanned,False,ea78e9a97a3dcaefb54fd18d225511c1ef9e66c4fcb09c72617e128c57b8697d
Client/xr-mmlc/src/components/Result/svg/unauthorized.vue,Client/xr-mmlc,web_source,scanned,True,4981c678833022a34a03992da44ee10358a54956447db8b5fbd1dfecb4800749
Client/xr-mmlc/src/components/Result/svg/warning.vue,Client/xr-mmlc,web_source,scanned,False,0f8ad54c3cd363bb4d7d8e4b25325872f1c13468030cd297c27d2a9ea1067783
Client/xr-mmlc/src/main.ts,Client/xr-mmlc,web_source,scanned,True,f577746300c9d286cb26326fa351b2788398baf0726897d36fbb67f1d8f5172b
Client/xr-mmlc/src/model/data.d.ts,Client/xr-mmlc,web_source,scanned,True,efc794151d104e3be4b5799ce7b4fccc46709879a04c7f92467bfefd622d1868
Client/xr-mmlc/src/router/index.ts,Client/xr-mmlc,web_source,scanned,True,d72271f686b0fb6bd87a5018e1d3fb3d5c556d3253bad21e60bece460d4e4ec0
Client/xr-mmlc/src/styles/index.scss,Client/xr-mmlc,other_text,scanned,False,1aade7331554e0ac404875a0945560b097826ca490c023008747f5807f721085
Client/xr-mmlc/src/utils/i18n/local.zh.ts,Client/xr-mmlc,web_source,scanned,True,4b62259a5c146a604f932b6178d0886f3cdc643ca37540ae8934cb4e91af03d5
Client/xr-mmlc/src/utils/theme.ts,Client/xr-mmlc,web_source,scanned,True,843178218de1a0166f29b5a621de1da600acc4e1e69c570423673deac8cdec32
Client/xr-mmlc/src/views/404/index.vue,Client/xr-mmlc,web_source,scanned,True,f77963c7ba0dd45a29f2c8164c7afb5dbabb7ecae4689e353f5d5add54755e65
Client/xr-mmlc/src/views/DEMO/DEMO.vue,Client/xr-mmlc,web_source,scanned,False,5b34fb4cad87eff21becdd1a478a11723a753db53992dc948eb00ced09e6681f
Client/xr-mmlc/src/views/MMSM2AFTS2N/MMSM2AFTS2N.scss,Client/xr-mmlc,other_text,scanned,False,e3b0c44298fc1c149afbf4c8996fb92427ae41e4649b934ca495991b7852b855
Client/xr-mmlc/src/views/MMSM2AFTS2N/MMSM2AFTS2N.ts,Client/xr-mmlc,web_source,scanned,True,1ac680e985990a241e952eea9099ffaaea918f41c4750e0294cdc1ced02a372d
Client/xr-mmlc/src/views/MMSM2AFTS2N/MMSM2AFTS2N.vue,Client/xr-mmlc,web_source,scanned,True,10df47540a4c22c4cff73289411b43fd634431a2be09d127c2b8b2cd05a7545f
Client/xr-mmlc/src/views/MMSM2AS2N/MMSM2AS2N.scss,Client/xr-mmlc,other_text,scanned,False,f4561a704d84b9a3ff9f0f7fb3b114945f806cefd662e6794307f6c1b4b6767e
Client/xr-mmlc/src/views/MMSM2AS2N/MMSM2AS2N.ts,Client/xr-mmlc,web_source,scanned,False,14b01ec4c783d7e7fcd1c075b7d85f14ee89dd266d34168303f6c0fc3b6b5092
Client/xr-mmlc/src/views/MMSM2AS2N/MMSM2AS2N.vue,Client/xr-mmlc,web_source,scanned,True,8030e1ffbbbe494ae64c947f464801459cd393bb9d8f6e361ee810d5788b84ac
Client/xr-mmlc/src/views/MMSM2ASCS2N/MMSM2ASCS2N.scss,Client/xr-mmlc,other_text,scanned,False,e3b0c44298fc1c149afbf4c8996fb92427ae41e4649b934ca495991b7852b855
Client/xr-mmlc/src/views/MMSM2ASCS2N/MMSM2ASCS2N.ts,Client/xr-mmlc,web_source,scanned,True,0982ea8ad53c7cf54cd3a6868f7bc6709dda643ca12fbdd51264cc203a0b6f64
Client/xr-mmlc/src/views/MMSM2ASCS2N/MMSM2ASCS2N.vue,Client/xr-mmlc,web_source,scanned,True,065f44cc1f09dcaa8f2caa4894cb1d534c1741a48ac2f05bc2ccdc19fb2bc550
Client/xr-mmlc/src/views/MMSM400BAS2N/MMSM400BAS2N.scss,Client/xr-mmlc,other_text,scanned,False,95c472df50dab3dfd8c6626904089a1734aaf632a90bb1c010a8b268c1df18a6
Client/xr-mmlc/src/views/MMSM400BAS2N/MMSM400BAS2N.ts,Client/xr-mmlc,web_source,scanned,True,747ffb72001f687959d5a8339e71e91710ba04d35ec89378f249e75fc4d9774f
Client/xr-mmlc/src/views/MMSM400BAS2N/MMSM400BAS2N.vue,Client/xr-mmlc,web_source,scanned,True,5226333ff9f878e19249c0309a16f49eae6f7d727f84c22a5becb5e4c3d475b1
Client/xr-mmlc/src/views/MMSM400BUNKER/MMSM400BUNKER.scss,Client/xr-mmlc,other_text,scanned,True,421825ef85cb78bdac15e4bab3f81156570e8b188eb7f7fa6a3a6c4fe058ccf6
Client/xr-mmlc/src/views/MMSM400BUNKER/MMSM400BUNKER.ts,Client/xr-mmlc,web_source,scanned,False,27634f64e41a74c75d7b6d6e3f761ff62b060d12049713c439e9352d3c01af71
Client/xr-mmlc/src/views/MMSM400BUNKER/MMSM400BUNKER.vue,Client/xr-mmlc,web_source,scanned,True,2517afb4dc2b8dac318ba6aac44885853834a70a904e22d6aac32dc413416de4
Client/xr-mmlc/src/views/MMSM400DXS2N/MMSM400DXS2N.scss,Client/xr-mmlc,other_text,scanned,False,ebf70ef55585794e8c163851e2e4f4d53dd2262b8cf989e3d99279e1e627ce44
Client/xr-mmlc/src/views/MMSM400DXS2N/MMSM400DXS2N.ts,Client/xr-mmlc,web_source,scanned,True,efa7594b119ab1f6c3da99c25cd5ce8b6c385e7187f56a2b68835a93278fd847
Client/xr-mmlc/src/views/MMSM400DXS2N/MMSM400DXS2N.vue,Client/xr-mmlc,web_source,scanned,True,41f182613ae77d9e2ddf62595153ebfa73f867b87cec41b75a56916a462406f1
Client/xr-mmlc/src/views/MMSM400LEVS2N/MMSM400LEVS2N.scss,Client/xr-mmlc,other_text,scanned,False,95c472df50dab3dfd8c6626904089a1734aaf632a90bb1c010a8b268c1df18a6
Client/xr-mmlc/src/views/MMSM400LEVS2N/MMSM400LEVS2N.ts,Client/xr-mmlc,web_source,scanned,True,2de43a65da226580925ce9e099de6275961c5f88b8396f637c498947b953ae6c
Client/xr-mmlc/src/views/MMSM400LEVS2N/MMSM400LEVS2N.vue,Client/xr-mmlc,web_source,scanned,True,192d60ff13d7a5a7d09a8f33adf2954366af69d197fc59662687f78b1b285c3b
Client/xr-mmlc/src/views/MMSM400LLRS2N/MMSM400LLRS2N.scss,Client/xr-mmlc,other_text,scanned,False,95c472df50dab3dfd8c6626904089a1734aaf632a90bb1c010a8b268c1df18a6
Client/xr-mmlc/src/views/MMSM400LLRS2N/MMSM400LLRS2N.ts,Client/xr-mmlc,web_source,scanned,True,b81634c0247225ac94e682742c1607ea3defc3f0c640715a90b0da77a85fa83d
Client/xr-mmlc/src/views/MMSM400LLRS2N/MMSM400LLRS2N.vue,Client/xr-mmlc,web_source,scanned,True,d31b3ce5da83a299db519363eba4dd4b5b2404ff68c90cf770912bdd1bca664c
Client/xr-mmlc/src/views/MMSM400S2NBASE/MMSM400S2NBASE.scss,Client/xr-mmlc,other_text,scanned,False,95c472df50dab3dfd8c6626904089a1734aaf632a90bb1c010a8b268c1df18a6
Client/xr-mmlc/src/views/MMSM400S2NBASE/MMSM400S2NBASE.ts,Client/xr-mmlc,web_source,scanned,True,00e3e1d93243f511baf6ccafd8714c33dda5ac386860d4cb60062b48d54b4e53
Client/xr-mmlc/src/views/MMSM400S2NBASE/MMSM400S2NBASE.vue,Client/xr-mmlc,web_source,scanned,True,e1091f30f0b553327dc57662847c5de35c4d93455c4b832f981b67ffc11ae353
Client/xr-mmlc/src/views/MMSM401S2N/MMSM401S2N.scss,Client/xr-mmlc,other_text,scanned,False,ef2fc6baf01e23c989bf51fb44d04d3c950c4ff3d7a7c510b2ba3d6f2b848538
Client/xr-mmlc/src/views/MMSM401S2N/MMSM401S2N.ts,Client/xr-mmlc,web_source,scanned,False,7b735746454ea7ba7e1ad7b715f9d25cff731f137deca7d6cd98a8dfedee1ee2
Client/xr-mmlc/src/views/MMSM401S2N/MMSM401S2N.vue,Client/xr-mmlc,web_source,scanned,True,c12faa8b1e0c534051d0a513eb6f11f08b51656b8d142e9cd344a024dabc66d1
Client/xr-mmlc/src/views/MMSM402NS2N/MMSM402NS2N.scss,Client/xr-mmlc,other_text,scanned,False,ef2fc6baf01e23c989bf51fb44d04d3c950c4ff3d7a7c510b2ba3d6f2b848538
Client/xr-mmlc/src/views/MMSM402NS2N/MMSM402NS2N.ts,Client/xr-mmlc,web_source,scanned,False,31b4b4dd659fde7b4b233523b4ef7cab0e357927582a53fef343d1569e85f201
Client/xr-mmlc/src/views/MMSM402NS2N/MMSM402NS2N.vue,Client/xr-mmlc,web_source,scanned,True,edd8a2899ede741539a1bc17cecedafeed21fca49aa129652d60e6426e18aef9
Client/xr-mmlc/src/views/MMSM402S2N/MMSM402S2N.scss,Client/xr-mmlc,other_text,scanned,False,ef2fc6baf01e23c989bf51fb44d04d3c950c4ff3d7a7c510b2ba3d6f2b848538
Client/xr-mmlc/src/views/MMSM402S2N/MMSM402S2N.ts,Client/xr-mmlc,web_source,scanned,False,9ba92f7624f8ce350d681daf56ad5c1546f9dde401f9ee96dcd50d64a236ebe9
Client/xr-mmlc/src/views/MMSM402S2N/MMSM402S2N.vue,Client/xr-mmlc,web_source,scanned,True,d259cad3b69f54c8ee31163dc5608245ab151739709f2bad6549ccdea4794902
Client/xr-mmlc/src/views/MMSM402_1S2N/MMSM402_1S2N.scss,Client/xr-mmlc,other_text,scanned,False,19b7f6c16130e9a806b9a19f5ff26ef95481c4c2ecb0d81388921ae42b38fd64
Client/xr-mmlc/src/views/MMSM402_1S2N/MMSM402_1S2N.ts,Client/xr-mmlc,web_source,scanned,False,b8c8e6c27aa5fd1e928b85d4fa7adb03f30c6250e2676b13d5d82a9d776a5a29
Client/xr-mmlc/src/views/MMSM402_1S2N/MMSM402_1S2N.vue,Client/xr-mmlc,web_source,scanned,True,d8dc9837b5a220a0c848f0e6b31eb92d7bfec8902c6dff3b6a833e9cb657c75d
Client/xr-mmlc/src/views/MMSM403S2N/MMSM403S2N.scss,Client/xr-mmlc,other_text,scanned,False,ef2fc6baf01e23c989bf51fb44d04d3c950c4ff3d7a7c510b2ba3d6f2b848538
Client/xr-mmlc/src/views/MMSM403S2N/MMSM403S2N.ts,Client/xr-mmlc,web_source,scanned,False,3054b7307ebe71d6c513d9ebe5ea36f1a9dd315f98547a523a1f02a1f61bdd51
Client/xr-mmlc/src/views/MMSM403S2N/MMSM403S2N.vue,Client/xr-mmlc,web_source,scanned,True,985fef06e3dd30bf815c1823d108eff2823c5dcb9e8431ecf1d5582f764f573c
Client/xr-mmlc/src/views/MMSM404S2N/MMSM404S2N.scss,Client/xr-mmlc,other_text,scanned,False,ef2fc6baf01e23c989bf51fb44d04d3c950c4ff3d7a7c510b2ba3d6f2b848538
Client/xr-mmlc/src/views/MMSM404S2N/MMSM404S2N.ts,Client/xr-mmlc,web_source,scanned,False,c555badcadacfee9fe5715821a5de8cc41ab9fc0583109a328b4742c7f48e672
Client/xr-mmlc/src/views/MMSM404S2N/MMSM404S2N.vue,Client/xr-mmlc,web_source,scanned,True,a1c505626fca94ce134922113f87f3bee6ae91ac709f099341a32edd9206fbe0
Client/xr-mmlc/src/views/MMSM405S2N/MMSM405S2N.scss,Client/xr-mmlc,other_text,scanned,False,ef2fc6baf01e23c989bf51fb44d04d3c950c4ff3d7a7c510b2ba3d6f2b848538
Client/xr-mmlc/src/views/MMSM405S2N/MMSM405S2N.ts,Client/xr-mmlc,web_source,scanned,False,5b4a0932466f7313ad0b44613a751e9ed85c307bda74952681b30db1c7bf4541
Client/xr-mmlc/src/views/MMSM405S2N/MMSM405S2N.vue,Client/xr-mmlc,web_source,scanned,True,bbc64892c202075c5bf7a7ae4965582321b0970c360ca870923ec834039fb804
Client/xr-mmlc/src/views/MMSM406S2N/MMSM406S2N.scss,Client/xr-mmlc,other_text,scanned,False,4fc8ef8b3eca9c08a272337866cf9ac37db1161562bc647883760792278ba69c
Client/xr-mmlc/src/views/MMSM406S2N/MMSM406S2N.ts,Client/xr-mmlc,web_source,scanned,False,2459827c85573901d6ff22250086c090086ae891806cb0715e941f44f3a48edc
Client/xr-mmlc/src/views/MMSM406S2N/MMSM406S2N.vue,Client/xr-mmlc,web_source,scanned,True,4ca9b3deb38d1c71b0dcb09f0fac0f2e32f1ec0983bbb267759e8e30c8e606be
Client/xr-mmlc/src/views/MMSM407S2N/MMSM407S2N.scss,Client/xr-mmlc,other_text,scanned,False,ef2fc6baf01e23c989bf51fb44d04d3c950c4ff3d7a7c510b2ba3d6f2b848538
Client/xr-mmlc/src/views/MMSM407S2N/MMSM407S2N.ts,Client/xr-mmlc,web_source,scanned,False,7e4bd91e2e8823e5ae72664a742a5bf6f457068172a5b14b397630dfce3a2ae4
Client/xr-mmlc/src/views/MMSM407S2N/MMSM407S2N.vue,Client/xr-mmlc,web_source,scanned,True,2864d3baab069cfa74641174572ea4a1f5cb54027cbbff5b513383c1dc5aab43
Client/xr-mmlc/src/views/MMSM408N1ADDV/MMSM408N1ADDV.scss,Client/xr-mmlc,other_text,scanned,False,1f5aa546efbc91212982c05c7907aae600b2ef4dd94ab637cbd343991e63f5e8
Client/xr-mmlc/src/views/MMSM408N1ADDV/MMSM408N1ADDV.ts,Client/xr-mmlc,web_source,scanned,True,35ffd263a07fefd7f74b7f8b89851d56602ec3911e904001af87c21c33eebe7f
Client/xr-mmlc/src/views/MMSM408N1ADDV/MMSM408N1ADDV.vue,Client/xr-mmlc,web_source,scanned,True,75514ba4d25c4d564bd47ae5984449a718b59ecffaae875e2878013fc46fb6f2
Client/xr-mmlc/src/views/MMSM408N1S2N/MMSM408N1S2N.scss,Client/xr-mmlc,other_text,scanned,False,19b7f6c16130e9a806b9a19f5ff26ef95481c4c2ecb0d81388921ae42b38fd64
Client/xr-mmlc/src/views/MMSM408N1S2N/MMSM408N1S2N.ts,Client/xr-mmlc,web_source,scanned,False,c4f5fcc379bf64ba203a30fe559e01c19373a32cf276425a93327e539fe9d5d5
Client/xr-mmlc/src/views/MMSM408N1S2N/MMSM408N1S2N.vue,Client/xr-mmlc,web_source,scanned,True,bebfc042d8387628b3b74ae1ea963f128fbee2cdc16a38eebc31543290685de1
Client/xr-mmlc/src/views/MMSM408N2ADDV/MMSM408N2ADDV.scss,Client/xr-mmlc,other_text,scanned,False,1f5aa546efbc91212982c05c7907aae600b2ef4dd94ab637cbd343991e63f5e8
Client/xr-mmlc/src/views/MMSM408N2ADDV/MMSM408N2ADDV.ts,Client/xr-mmlc,web_source,scanned,True,a61c887df502c23d9f1da188c4de87827b31f678f825c1735515bc519385d242
Client/xr-mmlc/src/views/MMSM408N2ADDV/MMSM408N2ADDV.vue,Client/xr-mmlc,web_source,scanned,True,4a73d866a2b94e213d5ab1a6a9e1cd0d10f3b403f33eb59972e0c85c74091d7f
Client/xr-mmlc/src/views/MMSM408N2S2N/MMSM408N2S2N.scss,Client/xr-mmlc,other_text,scanned,False,19b7f6c16130e9a806b9a19f5ff26ef95481c4c2ecb0d81388921ae42b38fd64
Client/xr-mmlc/src/views/MMSM408N2S2N/MMSM408N2S2N.ts,Client/xr-mmlc,web_source,scanned,False,5c28ea9897c20cb25e05806ae29e97e00fcbc0078a4c6d7a9c8e4495747bfca1
Client/xr-mmlc/src/views/MMSM408N2S2N/MMSM408N2S2N.vue,Client/xr-mmlc,web_source,scanned,True,64cc72a05f09ac83d5452ac3b120f15f7559ce43b17898c08c4d1d6146e81c87
Client/xr-mmlc/src/views/MMSM408S2N/MMSM408S2N.scss,Client/xr-mmlc,other_text,scanned,False,19b7f6c16130e9a806b9a19f5ff26ef95481c4c2ecb0d81388921ae42b38fd64
Client/xr-mmlc/src/views/MMSM408S2N/MMSM408S2N.ts,Client/xr-mmlc,web_source,scanned,False,3f9fe63e6f8eea8c6ec290d2cd30c823c16ee2da458d988352bcd1a060875847
Client/xr-mmlc/src/views/MMSM408S2N/MMSM408S2N.vue,Client/xr-mmlc,web_source,scanned,True,12a61b1c1f8360652d56b7e1c34fc0f095d75f366da93cf923ef3fae5eef988d
Client/xr-mmlc/src/views/MMSM408_1S2N/MMSM408_1S2N.scss,Client/xr-mmlc,other_text,scanned,False,ef2fc6baf01e23c989bf51fb44d04d3c950c4ff3d7a7c510b2ba3d6f2b848538
Client/xr-mmlc/src/views/MMSM408_1S2N/MMSM408_1S2N.ts,Client/xr-mmlc,web_source,scanned,False,6bb6dff573d3c08e42800c21e9383db59c3ac5f0cbbe144851d1269e46f86fcb
Client/xr-mmlc/src/views/MMSM408_1S2N/MMSM408_1S2N.vue,Client/xr-mmlc,web_source,scanned,True,88fa43f9159b9ea8f64c14dd665ad8d5737058b0187eb9b19e59a37ce9805291
Client/xr-mmlc/src/views/MMSM409S2N/MMSM409S2N.scss,Client/xr-mmlc,other_text,scanned,False,ef2fc6baf01e23c989bf51fb44d04d3c950c4ff3d7a7c510b2ba3d6f2b848538
Client/xr-mmlc/src/views/MMSM409S2N/MMSM409S2N.ts,Client/xr-mmlc,web_source,scanned,False,01f324c8e4ae2f8dae716a594a2e0d6ea64cf1174ad78ec045a47e0b49571001
Client/xr-mmlc/src/views/MMSM409S2N/MMSM409S2N.vue,Client/xr-mmlc,web_source,scanned,True,71fab8a299ee8402764db0494826d6a53000dd87adcb569658fb743af76e4812
Client/xr-mmlc/src/views/MMSM410S2N/MMSM410S2N.scss,Client/xr-mmlc,other_text,scanned,False,ef2fc6baf01e23c989bf51fb44d04d3c950c4ff3d7a7c510b2ba3d6f2b848538
Client/xr-mmlc/src/views/MMSM410S2N/MMSM410S2N.ts,Client/xr-mmlc,web_source,scanned,False,bfa3413f683379b0dfaed88b2f7435bec10c827169eaf8bbc40813777be55f39
Client/xr-mmlc/src/views/MMSM410S2N/MMSM410S2N.vue,Client/xr-mmlc,web_source,scanned,True,78e0c50e46a987db8dc7f6a9a9111d643ff2ed55727271d3b77ace964411581a
Client/xr-mmlc/src/views/MMSM411S2N/MMSM411S2N.scss,Client/xr-mmlc,other_text,scanned,False,ef2fc6baf01e23c989bf51fb44d04d3c950c4ff3d7a7c510b2ba3d6f2b848538
Client/xr-mmlc/src/views/MMSM411S2N/MMSM411S2N.ts,Client/xr-mmlc,web_source,scanned,False,b47d104d66f40cbce7a4a15bbcdf9c579fe5ac254ac53c74eabf3a1df006666c
Client/xr-mmlc/src/views/MMSM411S2N/MMSM411S2N.vue,Client/xr-mmlc,web_source,scanned,True,990da4d6a2296eba909256113c3d79281ad36ae24fee15667d3814b6f83f2f3f
Client/xr-mmlc/src/views/MMSM412S2N/MMSM412S2N.scss,Client/xr-mmlc,other_text,scanned,False,ef2fc6baf01e23c989bf51fb44d04d3c950c4ff3d7a7c510b2ba3d6f2b848538
Client/xr-mmlc/src/views/MMSM412S2N/MMSM412S2N.ts,Client/xr-mmlc,web_source,scanned,False,58674a8ceea2e3ab8eb001a1ef00eb714d66a2fe8472a3b6cb780c92940d7bae
Client/xr-mmlc/src/views/MMSM412S2N/MMSM412S2N.vue,Client/xr-mmlc,web_source,scanned,True,c5664ed3bfc7c7533bb557ad6973e9e15037d81a826484d1e77cae07956a39dd
Client/xr-mmlc/src/views/MMSM413S2N/MMSM413S2N.scss,Client/xr-mmlc,other_text,scanned,False,ef2fc6baf01e23c989bf51fb44d04d3c950c4ff3d7a7c510b2ba3d6f2b848538
Client/xr-mmlc/src/views/MMSM413S2N/MMSM413S2N.ts,Client/xr-mmlc,web_source,scanned,False,182e5eb2c95280b82c1b49bcd5bfc574ccd72348f5fcb7f01a797fba1d521f7b
Client/xr-mmlc/src/views/MMSM413S2N/MMSM413S2N.vue,Client/xr-mmlc,web_source,scanned,True,668c3c72671daf9283dae9a5974766824a284ce10d7c914bd6ef6d7265632592
Client/xr-mmlc/src/views/MMSM413S2N/MMSMJLLSTJS2N/MMSMJLLSTJS2N.scss,Client/xr-mmlc,other_text,scanned,False,f4561a704d84b9a3ff9f0f7fb3b114945f806cefd662e6794307f6c1b4b6767e
Client/xr-mmlc/src/views/MMSM413S2N/MMSMJLLSTJS2N/MMSMJLLSTJS2N.ts,Client/xr-mmlc,web_source,scanned,False,0ba73a9b68a633d58809010f03540484e61274502db59dde0d85f715bc53d59c
Client/xr-mmlc/src/views/MMSM413S2N/MMSMJLLSTJS2N/MMSMJLLSTJS2N.vue,Client/xr-mmlc,web_source,scanned,True,aebdcfd31f6f80221399f37dc492b43355f86ab26e9455343b84cd861fca47c2
Client/xr-mmlc/src/views/MMSM414S2N/MMSM414S2N.scss,Client/xr-mmlc,other_text,scanned,False,ef2fc6baf01e23c989bf51fb44d04d3c950c4ff3d7a7c510b2ba3d6f2b848538
Client/xr-mmlc/src/views/MMSM414S2N/MMSM414S2N.ts,Client/xr-mmlc,web_source,scanned,False,54748bf0da0d1d9fe4414570e5b6eaae7a59512a97810531be9144dd6f4af5a8
Client/xr-mmlc/src/views/MMSM414S2N/MMSM414S2N.vue,Client/xr-mmlc,web_source,scanned,True,a74dd274fe03b2b2b4329e9e67977bb070e51a2d683baebd996b8934fbfdd903
Client/xr-mmlc/src/views/MMSM415S2N/MMSM415S2N.scss,Client/xr-mmlc,other_text,scanned,False,ef2fc6baf01e23c989bf51fb44d04d3c950c4ff3d7a7c510b2ba3d6f2b848538
Client/xr-mmlc/src/views/MMSM415S2N/MMSM415S2N.ts,Client/xr-mmlc,web_source,scanned,False,bba1fddec9d6e1e6805823fc993a2ea05f89bb83d096bbfc0ed62992814aa0b3
Client/xr-mmlc/src/views/MMSM415S2N/MMSM415S2N.vue,Client/xr-mmlc,web_source,scanned,True,356047fddf27327382d3611ad80a91f90e381cfe9bea6c3e36dbb326dc2761c9
Client/xr-mmlc/src/views/MMSM416S2N/MMSM416S2N.scss,Client/xr-mmlc,other_text,scanned,False,ef2fc6baf01e23c989bf51fb44d04d3c950c4ff3d7a7c510b2ba3d6f2b848538
Client/xr-mmlc/src/views/MMSM416S2N/MMSM416S2N.ts,Client/xr-mmlc,web_source,scanned,False,6c9e7f16e18559ad7b0fe5a36d637dc617b8a4eddc39b3229ad666587b67584b
Client/xr-mmlc/src/views/MMSM416S2N/MMSM416S2N.vue,Client/xr-mmlc,web_source,scanned,True,b746fa2b0fad2623e6d18811c53426e45d25c4d0fdca4bd12ca5c7bb10a04974
Client/xr-mmlc/src/views/MMSM417S2N/MMSM417S2N.scss,Client/xr-mmlc,other_text,scanned,False,ef2fc6baf01e23c989bf51fb44d04d3c950c4ff3d7a7c510b2ba3d6f2b848538
Client/xr-mmlc/src/views/MMSM417S2N/MMSM417S2N.ts,Client/xr-mmlc,web_source,scanned,False,ccc14054148e34a6cc8b780c236bda5e1cb94ffdcec0141ae48603002c592825
Client/xr-mmlc/src/views/MMSM417S2N/MMSM417S2N.vue,Client/xr-mmlc,web_source,scanned,True,0599e92e403d6a1252bdc9f6c5fcf791c1ea9ac608e187bf39822c84a26fd78c
Client/xr-mmlc/src/views/MMSM418S2N/MMSM418S2N.scss,Client/xr-mmlc,other_text,scanned,False,ef2fc6baf01e23c989bf51fb44d04d3c950c4ff3d7a7c510b2ba3d6f2b848538
Client/xr-mmlc/src/views/MMSM418S2N/MMSM418S2N.ts,Client/xr-mmlc,web_source,scanned,False,f543157e65cf329928bdd8a37eb7c20d3308d244d2bfc03d834341a10da2c7b6
Client/xr-mmlc/src/views/MMSM418S2N/MMSM418S2N.vue,Client/xr-mmlc,web_source,scanned,True,7e01de17b2609453d6cc800752e9ce88b75ae9ddef285a127cc172acfe497e38
Client/xr-mmlc/src/views/MMSM419S2N/MMSM419S2N.scss,Client/xr-mmlc,other_text,scanned,False,ef2fc6baf01e23c989bf51fb44d04d3c950c4ff3d7a7c510b2ba3d6f2b848538
Client/xr-mmlc/src/views/MMSM419S2N/MMSM419S2N.ts,Client/xr-mmlc,web_source,scanned,False,13a54b1e3149535581582126ecaf7d5b5d55de2a78f2e960d31d85771e565007
Client/xr-mmlc/src/views/MMSM419S2N/MMSM419S2N.vue,Client/xr-mmlc,web_source,scanned,True,cff62d13ca99966a8c2fed49b39f01f17f09816b504d2da7b20945c91a486bad
Client/xr-mmlc/src/views/MMSM420S2N/MMSM420S2N.scss,Client/xr-mmlc,other_text,scanned,False,ef2fc6baf01e23c989bf51fb44d04d3c950c4ff3d7a7c510b2ba3d6f2b848538
Client/xr-mmlc/src/views/MMSM420S2N/MMSM420S2N.ts,Client/xr-mmlc,web_source,scanned,False,434766dd843c5d3b529b0e6e4641d85c1261cca94e61c7a0755c2ed3d933cd65
Client/xr-mmlc/src/views/MMSM420S2N/MMSM420S2N.vue,Client/xr-mmlc,web_source,scanned,True,a6499f1417e3a0bbd3476eb2fafc18ec24b128d54c35fa9ab51765571a0456bf
Client/xr-mmlc/src/views/MMSM421S2N/MMSM421S2N.scss,Client/xr-mmlc,other_text,scanned,False,ef2fc6baf01e23c989bf51fb44d04d3c950c4ff3d7a7c510b2ba3d6f2b848538
Client/xr-mmlc/src/views/MMSM421S2N/MMSM421S2N.ts,Client/xr-mmlc,web_source,scanned,False,1351c80496d607995e9b06c4ae2f425ded43874e596d1b787b43d9732e666c8b
Client/xr-mmlc/src/views/MMSM421S2N/MMSM421S2N.vue,Client/xr-mmlc,web_source,scanned,True,e3ad6c8b29925392dfb4ed0af1cee6477cb5828418b01e0a71a663f2b2c2669a
Client/xr-mmlc/src/views/MMSM422S2N/MMSM422S2N.scss,Client/xr-mmlc,other_text,scanned,False,19b7f6c16130e9a806b9a19f5ff26ef95481c4c2ecb0d81388921ae42b38fd64
Client/xr-mmlc/src/views/MMSM422S2N/MMSM422S2N.ts,Client/xr-mmlc,web_source,scanned,False,6c044e3eac9d902dbf62aa7f29cdff3473ce9f684ab1988c301244273ec5f25f
Client/xr-mmlc/src/views/MMSM422S2N/MMSM422S2N.vue,Client/xr-mmlc,web_source,scanned,True,229e4bad0653b0473fce5d76d620964e6b50087a04382111f1971489aa39c773
Client/xr-mmlc/src/views/MMSM423S2N/MMSM423S2N.scss,Client/xr-mmlc,other_text,scanned,False,ef2fc6baf01e23c989bf51fb44d04d3c950c4ff3d7a7c510b2ba3d6f2b848538
Client/xr-mmlc/src/views/MMSM423S2N/MMSM423S2N.ts,Client/xr-mmlc,web_source,scanned,False,0b74dceacf1662d36406d3dfa387a57eb868f031391f9963db6518f71aba91a7
Client/xr-mmlc/src/views/MMSM423S2N/MMSM423S2N.vue,Client/xr-mmlc,web_source,scanned,True,5f8bb46a1abc1ff68d1474f799fcaaee455319363647051f9875a00535577a13
Client/xr-mmlc/src/views/MMSM424S2N/MMSM424S2N.scss,Client/xr-mmlc,other_text,scanned,False,ef2fc6baf01e23c989bf51fb44d04d3c950c4ff3d7a7c510b2ba3d6f2b848538
Client/xr-mmlc/src/views/MMSM424S2N/MMSM424S2N.ts,Client/xr-mmlc,web_source,scanned,False,45d4f8bb7ff1c9c3dd9c0ab597aec9e6ebcbdae96e47af651d56fc57dcc18109
Client/xr-mmlc/src/views/MMSM424S2N/MMSM424S2N.vue,Client/xr-mmlc,web_source,scanned,True,da6dde878bd6a3021bd36b6bc39d6b8cc0c777afe31aba595ec35a559c6b66c7
Client/xr-mmlc/src/views/MMSM425S2N/MMSM425S2N.scss,Client/xr-mmlc,other_text,scanned,False,ef2fc6baf01e23c989bf51fb44d04d3c950c4ff3d7a7c510b2ba3d6f2b848538
Client/xr-mmlc/src/views/MMSM425S2N/MMSM425S2N.ts,Client/xr-mmlc,web_source,scanned,False,a4389030aaeb99e61f7b75fa68d65fedc1711495222fd8bd5ce79eb0bcd8532b
Client/xr-mmlc/src/views/MMSM425S2N/MMSM425S2N.vue,Client/xr-mmlc,web_source,scanned,True,f505271e35f0f2636bcb9cf2307bda886f05a1b68901ebe674909e99394d6c0a
Client/xr-mmlc/src/views/MMSM426S2N/MMSM426S2N.scss,Client/xr-mmlc,other_text,scanned,False,ef2fc6baf01e23c989bf51fb44d04d3c950c4ff3d7a7c510b2ba3d6f2b848538
Client/xr-mmlc/src/views/MMSM426S2N/MMSM426S2N.ts,Client/xr-mmlc,web_source,scanned,False,5d06528c4df9436555b7691d89c6bc3c19c9b2f71cd215e45e204e5e8ba1e520
Client/xr-mmlc/src/views/MMSM426S2N/MMSM426S2N.vue,Client/xr-mmlc,web_source,scanned,True,eb5f376313f69b5b07ad35a3b8150d09ca969ac5c390bc225243b52d171097ce
Client/xr-mmlc/src/views/MMSM427S2N/MMSM427S2N.scss,Client/xr-mmlc,other_text,scanned,False,6196ccbc7b400d80a622125e2ccdceed1ea7eeedbbd5253336628e8fdd129c83
Client/xr-mmlc/src/views/MMSM427S2N/MMSM427S2N.ts,Client/xr-mmlc,web_source,scanned,False,b8c50e8661b472d8c3aadd3861294e02c24f60dcea2abb650a077cbd332a778a
Client/xr-mmlc/src/views/MMSM427S2N/MMSM427S2N.vue,Client/xr-mmlc,web_source,scanned,True,24de98938edc9bee226883bb1dec3e2b276e2b34edbde96cffaf840ae5a6afa0
Client/xr-mmlc/src/views/MMSM428S2N/MMSM428S2N.scss,Client/xr-mmlc,other_text,scanned,False,ef2fc6baf01e23c989bf51fb44d04d3c950c4ff3d7a7c510b2ba3d6f2b848538
Client/xr-mmlc/src/views/MMSM428S2N/MMSM428S2N.ts,Client/xr-mmlc,web_source,scanned,False,40f6613b419b9ffd2afe2f38add01b65eb76f8db52b869d7ceafcc211087c27d
Client/xr-mmlc/src/views/MMSM428S2N/MMSM428S2N.vue,Client/xr-mmlc,web_source,scanned,True,6d01ab23ca4f1e0ff7125766136386e698bd017b8a66e674546217ad3fafce43
Client/xr-mmlc/src/views/MMSM429S2N/MMSM429S2N.scss,Client/xr-mmlc,other_text,scanned,False,ef2fc6baf01e23c989bf51fb44d04d3c950c4ff3d7a7c510b2ba3d6f2b848538
Client/xr-mmlc/src/views/MMSM429S2N/MMSM429S2N.ts,Client/xr-mmlc,web_source,scanned,False,9aa9e9ada60f306bc5ca824ded1e42363876b6b9192a2f506700f5d685f97598
Client/xr-mmlc/src/views/MMSM429S2N/MMSM429S2N.vue,Client/xr-mmlc,web_source,scanned,True,9c339a279397ed84e416b1f3a40f08caaf1f0e23e013e491d900fad5d52faea6
Client/xr-mmlc/src/views/MMSM431S2N/MMSM431S2N.scss,Client/xr-mmlc,other_text,scanned,False,ef2fc6baf01e23c989bf51fb44d04d3c950c4ff3d7a7c510b2ba3d6f2b848538
Client/xr-mmlc/src/views/MMSM431S2N/MMSM431S2N.ts,Client/xr-mmlc,web_source,scanned,False,c49197094683a0e6d0e64da2bcc622ad86d2f7c70bb69e808ffaec919c27c628
Client/xr-mmlc/src/views/MMSM431S2N/MMSM431S2N.vue,Client/xr-mmlc,web_source,scanned,True,f1fcf177e66be575d39ab8a514836b6c040a61964c0bbf21f4334a38152519cf
Client/xr-mmlc/src/views/MMSM432S2N/MMSM432S2N.scss,Client/xr-mmlc,other_text,scanned,False,ef2fc6baf01e23c989bf51fb44d04d3c950c4ff3d7a7c510b2ba3d6f2b848538
Client/xr-mmlc/src/views/MMSM432S2N/MMSM432S2N.ts,Client/xr-mmlc,web_source,scanned,False,0da8918cde22b9b99e0d9354330b1801406c803fa1064099dbde31d117c85092
Client/xr-mmlc/src/views/MMSM432S2N/MMSM432S2N.vue,Client/xr-mmlc,web_source,scanned,True,94a4bd7314e84a2579c012733263c5d482e74d0747762bd280e3d8abf5296763
Client/xr-mmlc/src/views/MMSM433S2N/MMSM433S2N.scss,Client/xr-mmlc,other_text,scanned,False,19b7f6c16130e9a806b9a19f5ff26ef95481c4c2ecb0d81388921ae42b38fd64
Client/xr-mmlc/src/views/MMSM433S2N/MMSM433S2N.ts,Client/xr-mmlc,web_source,scanned,False,7494ec7f5f2d548cfc3d874a6b651f6e0eb50061a9410a081e7c771c3ab16292
Client/xr-mmlc/src/views/MMSM433S2N/MMSM433S2N.vue,Client/xr-mmlc,web_source,scanned,True,7bf6ba227f46bed520e0d7baac4997a20cf48bb475751771de5acaa8bd9de44a
Client/xr-mmlc/src/views/MMSM436S2N/MMSM436S2N.scss,Client/xr-mmlc,other_text,scanned,False,ef2fc6baf01e23c989bf51fb44d04d3c950c4ff3d7a7c510b2ba3d6f2b848538
Client/xr-mmlc/src/views/MMSM436S2N/MMSM436S2N.ts,Client/xr-mmlc,web_source,scanned,False,7a47cf489ed77d9b68fa11e0e386a19f9e56590d26ce2d56d43f3e609f45bdba
Client/xr-mmlc/src/views/MMSM436S2N/MMSM436S2N.vue,Client/xr-mmlc,web_source,scanned,True,896073900a1e1d79bacbb225afb7a6986d1f21d2a448f99c1b360c907b529a4f
Client/xr-mmlc/src/views/MMSM437S2N/MMSM437S2N.scss,Client/xr-mmlc,other_text,scanned,False,ef2fc6baf01e23c989bf51fb44d04d3c950c4ff3d7a7c510b2ba3d6f2b848538
Client/xr-mmlc/src/views/MMSM437S2N/MMSM437S2N.ts,Client/xr-mmlc,web_source,scanned,False,f9a4330b97e8eb02868dda0eebb88fba23964caead196c5450e487f798cc3410
Client/xr-mmlc/src/views/MMSM437S2N/MMSM437S2N.vue,Client/xr-mmlc,web_source,scanned,True,044367e4f78f57127701cb71686e417754ffd3b511374e62cfba58c0fe64cc3b
Client/xr-mmlc/src/views/MMSM50ADDS2N/MMSM50ADDS2N.scss,Client/xr-mmlc,other_text,scanned,False,dd5d00f9f73c759e8e00a6a073bc8f1663879d81d480b3bdcb6eab7b41e44536
Client/xr-mmlc/src/views/MMSM50ADDS2N/MMSM50ADDS2N.ts,Client/xr-mmlc,web_source,scanned,False,ec31db570db79b306ec0edac0c76d2b28a9a467abebfc08f509ab6cebb32e10e
Client/xr-mmlc/src/views/MMSM50ADDS2N/MMSM50ADDS2N.vue,Client/xr-mmlc,web_source,scanned,True,0b92fbde9c17ac7306e9a1b7ed5d97a6b8c9cd492316e82ff3bb25e0d562a822
Client/xr-mmlc/src/views/MMSM50S2N/MMSM50S2N.scss,Client/xr-mmlc,other_text,scanned,False,e3b0c44298fc1c149afbf4c8996fb92427ae41e4649b934ca495991b7852b855
Client/xr-mmlc/src/views/MMSM50S2N/MMSM50S2N.ts,Client/xr-mmlc,web_source,scanned,True,1ff7027b160559be95df110d61eea52405cbbfff8ada39a2ff14c695da0520a7
Client/xr-mmlc/src/views/MMSM50S2N/MMSM50S2N.vue,Client/xr-mmlc,web_source,scanned,True,722808553ed0fcdc53835ececfd5d180edcbd15ce9bea7bcb98877eff35d2c48
Client/xr-mmlc/src/views/MMSM517S2N/MMSM517S2N.scss,Client/xr-mmlc,other_text,scanned,False,3083a877b7032e7280ce0541319d87f6d2bc951594ed31019735e9329c96a4f7
Client/xr-mmlc/src/views/MMSM517S2N/MMSM517S2N.ts,Client/xr-mmlc,web_source,scanned,True,c583ad3f4b8f1e9883866c61a4df38a03db5e4e61f006be45a5585057b7dc82b
Client/xr-mmlc/src/views/MMSM517S2N/MMSM517S2N.vue,Client/xr-mmlc,web_source,scanned,True,0915c853c6a7c56edf1d95292719c7d402a0295003fc4f7745ac01a0b9a2496b
Client/xr-mmlc/src/views/MMSM518S2N/MMSM518S2N.scss,Client/xr-mmlc,other_text,scanned,False,210158d2f654cbdc7d2f3dc0cf7d1292fe854844d11f2b30ba8d734456df5a64
Client/xr-mmlc/src/views/MMSM518S2N/MMSM518S2N.ts,Client/xr-mmlc,web_source,scanned,False,b7489180d428463dcdd563dc107c5ccac3a3f9133f704db38e651baa5de421bc
Client/xr-mmlc/src/views/MMSM518S2N/MMSM518S2N.vue,Client/xr-mmlc,web_source,scanned,True,3a608eb6026ddd0d81e1b2028601af0936cb5da8fd56c1fdf35da1ad82815fca
Client/xr-mmlc/src/views/MMSM519S2N/MMSM519S2N.scss,Client/xr-mmlc,other_text,scanned,False,3083a877b7032e7280ce0541319d87f6d2bc951594ed31019735e9329c96a4f7
Client/xr-mmlc/src/views/MMSM519S2N/MMSM519S2N.ts,Client/xr-mmlc,web_source,scanned,True,39fda2e66fb6acc73dbab5ea28fc3cbc71c654d7f77ee2c181015cb9dd6f8842
Client/xr-mmlc/src/views/MMSM519S2N/MMSM519S2N.vue,Client/xr-mmlc,web_source,scanned,True,3af4ae1b5fb0ee5bc462771165dd29ab8bba2700e66a37dc11b97130643d5479
Client/xr-mmlc/src/views/MMSM51AS2N/MMSM51AS2N.scss,Client/xr-mmlc,other_text,scanned,False,f4561a704d84b9a3ff9f0f7fb3b114945f806cefd662e6794307f6c1b4b6767e
Client/xr-mmlc/src/views/MMSM51AS2N/MMSM51AS2N.ts,Client/xr-mmlc,web_source,scanned,False,b817dd4e0b8e9e7835aa61df11d4a463486d0d38bde907abdddea28795b9461c
Client/xr-mmlc/src/views/MMSM51AS2N/MMSM51AS2N.vue,Client/xr-mmlc,web_source,scanned,True,6014089c3aed1cdd6c945c1ee7f1b47356ec0068073a7e88868f95982331a7fa
Client/xr-mmlc/src/views/MMSM51DS2N/MMSM51DS2N.scss,Client/xr-mmlc,other_text,scanned,False,210158d2f654cbdc7d2f3dc0cf7d1292fe854844d11f2b30ba8d734456df5a64
Client/xr-mmlc/src/views/MMSM51DS2N/MMSM51DS2N.ts,Client/xr-mmlc,web_source,scanned,True,036c5103fc95c764ea5c5028dfd8d2f0d4dafb1f5b0fac2f82f77a10b0dc92ba
Client/xr-mmlc/src/views/MMSM51DS2N/MMSM51DS2N.vue,Client/xr-mmlc,web_source,scanned,True,b920ff7f015b744876d6e7d22f1f9eb4e0397c6b2b1aabd652897a8c9c86b6de
Client/xr-mmlc/src/views/MMSM51HDS2N/MMSM51HDS2N.scss,Client/xr-mmlc,other_text,scanned,False,210158d2f654cbdc7d2f3dc0cf7d1292fe854844d11f2b30ba8d734456df5a64
Client/xr-mmlc/src/views/MMSM51HDS2N/MMSM51HDS2N.ts,Client/xr-mmlc,web_source,scanned,True,2772633ba307fe1127112d5b61b95bd8b8c31876c548755ba5bec3100dc57fe3
Client/xr-mmlc/src/views/MMSM51HDS2N/MMSM51HDS2N.vue,Client/xr-mmlc,web_source,scanned,True,aedf1cd2e774b7b08862081fca1024039d6785f982f9be58cbbe4e0169eff1fe
Client/xr-mmlc/src/views/MMSM51ZS2N/MMSM51ZS2N.scss,Client/xr-mmlc,other_text,scanned,False,210158d2f654cbdc7d2f3dc0cf7d1292fe854844d11f2b30ba8d734456df5a64
Client/xr-mmlc/src/views/MMSM51ZS2N/MMSM51ZS2N.ts,Client/xr-mmlc,web_source,scanned,True,230274d0eacffd261d08880358775f91c8e1ddd622fdbaaafcf1c91717655c02
Client/xr-mmlc/src/views/MMSM51ZS2N/MMSM51ZS2N.vue,Client/xr-mmlc,web_source,scanned,True,83389e11a5f3240b1d42c5e424e7e29150357e61e07463dd93b30cbd922126e5
Client/xr-mmlc/src/views/MMSM520S2N/MMSM520S2N.scss,Client/xr-mmlc,other_text,scanned,False,3083a877b7032e7280ce0541319d87f6d2bc951594ed31019735e9329c96a4f7
Client/xr-mmlc/src/views/MMSM520S2N/MMSM520S2N.ts,Client/xr-mmlc,web_source,scanned,False,7ee0ceef44651a4466a48e14009279fe4a7984a72b581f7b07215df966d68a8e
Client/xr-mmlc/src/views/MMSM520S2N/MMSM520S2N.vue,Client/xr-mmlc,web_source,scanned,True,0da9e11dbc2795548ebbccac19bcd8c8d0548ff17eb1dd038393c96f7cb8598d
Client/xr-mmlc/src/views/MMSM531S2N/MMSM531S2N.scss,Client/xr-mmlc,other_text,scanned,False,f4561a704d84b9a3ff9f0f7fb3b114945f806cefd662e6794307f6c1b4b6767e
Client/xr-mmlc/src/views/MMSM531S2N/MMSM531S2N.ts,Client/xr-mmlc,web_source,scanned,False,1f4fb6e0787367a1aa2e02d5cdf60bde9f79e0964d45faaf4f8a1bcad9d5c69c
Client/xr-mmlc/src/views/MMSM531S2N/MMSM531S2N.vue,Client/xr-mmlc,web_source,scanned,True,1909e21a0fa268a470a229d2c33243aa1c420c1d7ede639bd8f51577d5485168
Client/xr-mmlc/src/views/MMSM532S2N/MMSM532S2N.scss,Client/xr-mmlc,other_text,scanned,False,f4561a704d84b9a3ff9f0f7fb3b114945f806cefd662e6794307f6c1b4b6767e
Client/xr-mmlc/src/views/MMSM532S2N/MMSM532S2N.ts,Client/xr-mmlc,web_source,scanned,False,3b46928dd72e16a6356542d4ebf0521c291989b59cbe15a5a7668970c855cde5
Client/xr-mmlc/src/views/MMSM532S2N/MMSM532S2N.vue,Client/xr-mmlc,web_source,scanned,True,dc6387d27742aed49a8e26e44dae8c111afb7bb4307366284c9196e315c0eb25
Client/xr-mmlc/src/views/MMSM532V/MMSM532V.scss,Client/xr-mmlc,other_text,scanned,False,e3b0c44298fc1c149afbf4c8996fb92427ae41e4649b934ca495991b7852b855
Client/xr-mmlc/src/views/MMSM532V/MMSM532V.ts,Client/xr-mmlc,web_source,scanned,False,588d893eea7d89d8843c96e562300677d9f51018305c1d397ec242c11d55c62c
Client/xr-mmlc/src/views/MMSM532V/MMSM532V.vue,Client/xr-mmlc,web_source,scanned,True,acc4b1384a2ba1ddd85569b14ad0895b736b3d51f4d28ccc80cf29bec5c99bd7
Client/xr-mmlc/src/views/MMSM533BS2N/MMSM533BS2N.scss,Client/xr-mmlc,other_text,scanned,False,e3b0c44298fc1c149afbf4c8996fb92427ae41e4649b934ca495991b7852b855
Client/xr-mmlc/src/views/MMSM533BS2N/MMSM533BS2N.ts,Client/xr-mmlc,web_source,scanned,False,99027e099baad89c29f871c0cd29b4c685b070de3e2243a0108a43da26db4b05
Client/xr-mmlc/src/views/MMSM533BS2N/MMSM533BS2N.vue,Client/xr-mmlc,web_source,scanned,True,86dac9fcee405f112ebf18ee519bf48222912009621be3f5b66dd3b4f0bb16d9
Client/xr-mmlc/src/views/MMSM533CS2N/MMSM533CS2N.scss,Client/xr-mmlc,other_text,scanned,False,e3b0c44298fc1c149afbf4c8996fb92427ae41e4649b934ca495991b7852b855
Client/xr-mmlc/src/views/MMSM533CS2N/MMSM533CS2N.ts,Client/xr-mmlc,web_source,scanned,True,573d40b7e8f9228dab8263b3629e46fa5e82a3dfe1c1a855ac8ddae865c5b790
Client/xr-mmlc/src/views/MMSM533CS2N/MMSM533CS2N.vue,Client/xr-mmlc,web_source,scanned,True,c58590301e571c4169b5ea5485292d7a840d0b20708ec6523255cd25f147db50
Client/xr-mmlc/src/views/MMSM535S2N/MMSM535S2N.scss,Client/xr-mmlc,other_text,scanned,False,e3b0c44298fc1c149afbf4c8996fb92427ae41e4649b934ca495991b7852b855
Client/xr-mmlc/src/views/MMSM535S2N/MMSM535S2N.ts,Client/xr-mmlc,web_source,scanned,False,aadb302f80af1d8695ca9816019941ce5c3a8aabfb6b082d745b8f4a4e3a9140
Client/xr-mmlc/src/views/MMSM535S2N/MMSM535S2N.vue,Client/xr-mmlc,web_source,scanned,True,8416eae4eda8081af9f1e2ff6b2112655db08ad7f6db035388d3439c8c1b75a1
Client/xr-mmlc/src/views/MMSM536S2N/MMSM536S2N.scss,Client/xr-mmlc,other_text,scanned,False,1be44a6638eda82651d32347478c759ef782a58122f1ebac7ca9855e54c19fb7
Client/xr-mmlc/src/views/MMSM536S2N/MMSM536S2N.ts,Client/xr-mmlc,web_source,scanned,True,1b741359c3bf6ddbd51ec3318c71025ab095cd7a600764b67f2172ed8ff5f992
Client/xr-mmlc/src/views/MMSM536S2N/MMSM536S2N.vue,Client/xr-mmlc,web_source,scanned,True,19fee20f1bcc04b6b0ee211cdc30b0c43ca31c09e8718a94678018944fcad6de
Client/xr-mmlc/src/views/MMSM537S2N/MMSM537S2N.scss,Client/xr-mmlc,other_text,scanned,False,1f5aa546efbc91212982c05c7907aae600b2ef4dd94ab637cbd343991e63f5e8
Client/xr-mmlc/src/views/MMSM537S2N/MMSM537S2N.ts,Client/xr-mmlc,web_source,scanned,True,a1051cf319116ba07006fec8b62efbfd770381d0a3258b889b9142b273bdd2fe
Client/xr-mmlc/src/views/MMSM537S2N/MMSM537S2N.vue,Client/xr-mmlc,web_source,scanned,True,e2a47f32f3cf75b27bb306bb458d5d8fd0c623142ed206c68855c906252a71f4
Client/xr-mmlc/src/views/MMSM53POP/MMSM53POP.scss,Client/xr-mmlc,other_text,scanned,False,e3b0c44298fc1c149afbf4c8996fb92427ae41e4649b934ca495991b7852b855
Client/xr-mmlc/src/views/MMSM53POP/MMSM53POP.ts,Client/xr-mmlc,web_source,scanned,True,41362ed34d572b3dc1e8b783e7ffb91e35562e9d3d3f5c50eb07bd77ec717f3c
Client/xr-mmlc/src/views/MMSM53POP/MMSM53POP.vue,Client/xr-mmlc,web_source,scanned,True,9d049c0e9a1dacc186d678e55e670e8f52ba70b072d09a65715bd4d38abcbba4
Client/xr-mmlc/src/views/MMSM53POP_KC/MMSM53POP_KC.scss,Client/xr-mmlc,other_text,scanned,False,e3b0c44298fc1c149afbf4c8996fb92427ae41e4649b934ca495991b7852b855
Client/xr-mmlc/src/views/MMSM53POP_KC/MMSM53POP_KC.ts,Client/xr-mmlc,web_source,scanned,True,164068199710ef15749805d93f22be4f29cdf0df06d7d5a61d855b66ebacc8ff
Client/xr-mmlc/src/views/MMSM53POP_KC/MMSM53POP_KC.vue,Client/xr-mmlc,web_source,scanned,True,da5cec6875ccfb730739a7bbcb3be57dd855ee68c821c5d01c1ef85118cd89ed
Client/xr-mmlc/src/views/MMSM54BVS2N/MMSM54BVS2N.scss,Client/xr-mmlc,other_text,scanned,False,e3b0c44298fc1c149afbf4c8996fb92427ae41e4649b934ca495991b7852b855
Client/xr-mmlc/src/views/MMSM54BVS2N/MMSM54BVS2N.ts,Client/xr-mmlc,web_source,scanned,True,d4ba13f30e7d9e18acdfd395c4659149191bc40b094fe7901057e1441923bc77
Client/xr-mmlc/src/views/MMSM54BVS2N/MMSM54BVS2N.vue,Client/xr-mmlc,web_source,scanned,True,80373eef17c6d2c474c74cb22d8b776f355ec12c11239364859cf786ad0b958d
Client/xr-mmlc/src/views/MMSM57S2N/MMSM57S2N.scss,Client/xr-mmlc,other_text,scanned,False,f4561a704d84b9a3ff9f0f7fb3b114945f806cefd662e6794307f6c1b4b6767e
Client/xr-mmlc/src/views/MMSM57S2N/MMSM57S2N.ts,Client/xr-mmlc,web_source,scanned,True,bf974935cb7ed6f5c48dfce3699c537aae8d94b03d3df244b44911dd92377bda
Client/xr-mmlc/src/views/MMSM57S2N/MMSM57S2N.vue,Client/xr-mmlc,web_source,scanned,True,cb2354379ffb30714b697f776e83a93992c33f7f2f042cae9d526e0e332feda0
Client/xr-mmlc/src/views/MMSM60AS2N/MMSM60AS2N.scss,Client/xr-mmlc,other_text,scanned,False,e3b0c44298fc1c149afbf4c8996fb92427ae41e4649b934ca495991b7852b855
Client/xr-mmlc/src/views/MMSM60AS2N/MMSM60AS2N.ts,Client/xr-mmlc,web_source,scanned,True,6d0711d814fbbd12ddcd5e0c636e5f6a9921968d5c036b8a1cd1d15a54134b8f
Client/xr-mmlc/src/views/MMSM60AS2N/MMSM60AS2N.vue,Client/xr-mmlc,web_source,scanned,True,f65f33983bf9807774cebfdb8a6fb491f52b9052643561d6d4049201ecb3f723
Client/xr-mmlc/src/views/MMSM65S2N/MMSM65S2N.scss,Client/xr-mmlc,other_text,scanned,False,95c472df50dab3dfd8c6626904089a1734aaf632a90bb1c010a8b268c1df18a6
Client/xr-mmlc/src/views/MMSM65S2N/MMSM65S2N.ts,Client/xr-mmlc,web_source,scanned,True,80a926c509e6648b579859dedc7bf9d093c466b62a1812755a2b2fdeacf09878
Client/xr-mmlc/src/views/MMSM65S2N/MMSM65S2N.vue,Client/xr-mmlc,web_source,scanned,True,e44a798ceaedb1d4841a034d61ddcb906f7d82dc1751e11e1b8248a3f1966b7a
Client/xr-mmlc/src/views/MMSM69CARPOPS2N/MMSM69CARPOPS2N.scss,Client/xr-mmlc,other_text,scanned,False,e3b0c44298fc1c149afbf4c8996fb92427ae41e4649b934ca495991b7852b855
Client/xr-mmlc/src/views/MMSM69CARPOPS2N/MMSM69CARPOPS2N.ts,Client/xr-mmlc,web_source,scanned,True,3dabc28af3336fb24e4a9fed15c33368703119692d13122a8fcde2578b846a35
Client/xr-mmlc/src/views/MMSM69CARPOPS2N/MMSM69CARPOPS2N.vue,Client/xr-mmlc,web_source,scanned,True,2c18a1442f94ae9aab6fd7db71bd159a816c2c031d58cd3bd830df8f419550a5
Client/xr-mmlc/src/views/MMSM69CARS2N/MMSM69CARS2N.scss,Client/xr-mmlc,other_text,scanned,False,e3b0c44298fc1c149afbf4c8996fb92427ae41e4649b934ca495991b7852b855
Client/xr-mmlc/src/views/MMSM69CARS2N/MMSM69CARS2N.ts,Client/xr-mmlc,web_source,scanned,True,3fa8e1fb9d66767cdeaf77c492dd36943fdd79e37ca99d9a9d5fe40dd27f1944
Client/xr-mmlc/src/views/MMSM69CARS2N/MMSM69CARS2N.vue,Client/xr-mmlc,web_source,scanned,True,206a078e674706bc76226d81b46c6c51d5ee90f1ecd996d9bd7e993b9bab934f
Client/xr-mmlc/src/views/MMSM69S2N/MMSM69S2N.scss,Client/xr-mmlc,other_text,scanned,False,e3b0c44298fc1c149afbf4c8996fb92427ae41e4649b934ca495991b7852b855
Client/xr-mmlc/src/views/MMSM69S2N/MMSM69S2N.ts,Client/xr-mmlc,web_source,scanned,True,ff42aa0935c111fd2c061fd1f0f322f7ad27265dde1c13ea74b24a20747c6cab
Client/xr-mmlc/src/views/MMSM69S2N/MMSM69S2N.vue,Client/xr-mmlc,web_source,scanned,True,1fd19e2c4272bfef32d7f80c2661ed3965fd970e70b577646c2d3a9a8066d7d2
Client/xr-mmlc/src/views/MMSM81518ADDV/MMSM81518ADDV.scss,Client/xr-mmlc,other_text,scanned,False,1f5aa546efbc91212982c05c7907aae600b2ef4dd94ab637cbd343991e63f5e8
Client/xr-mmlc/src/views/MMSM81518ADDV/MMSM81518ADDV.ts,Client/xr-mmlc,web_source,scanned,True,3a05fe1ec71cfa4959d66ac386b55648115d6356cae1b750b30264992bc43dce
Client/xr-mmlc/src/views/MMSM81518ADDV/MMSM81518ADDV.vue,Client/xr-mmlc,web_source,scanned,True,4236164ddbf833e17c304741901a57621c18afed739911b90e3a210d9d3ee61a
Client/xr-mmlc/src/views/MMSM8151CADDV/MMSM8151CADDV.scss,Client/xr-mmlc,other_text,scanned,False,1f5aa546efbc91212982c05c7907aae600b2ef4dd94ab637cbd343991e63f5e8
Client/xr-mmlc/src/views/MMSM8151CADDV/MMSM8151CADDV.ts,Client/xr-mmlc,web_source,scanned,True,232d33416bcd843a7a3b7f9ecee20066e6993bece3d5441b7a875431b2a27875
Client/xr-mmlc/src/views/MMSM8151CADDV/MMSM8151CADDV.vue,Client/xr-mmlc,web_source,scanned,True,852264d104ab04d54a38753b345fb0bf9938ec51f522cc1ef4dcd4cb71d90af9
Client/xr-mmlc/src/views/MMSM8151LADDV/MMSM8151LADDV.scss,Client/xr-mmlc,other_text,scanned,False,1f5aa546efbc91212982c05c7907aae600b2ef4dd94ab637cbd343991e63f5e8
Client/xr-mmlc/src/views/MMSM8151LADDV/MMSM8151LADDV.ts,Client/xr-mmlc,web_source,scanned,True,83df2aa9a3fe84e4bb30adcfd466c2521355e1459410faba2e0944377e0ce5d5
Client/xr-mmlc/src/views/MMSM8151LADDV/MMSM8151LADDV.vue,Client/xr-mmlc,web_source,scanned,True,77071c7225fd45a26f0bc25d029d41a3f2c3a5b18315dd2f34f6932969eb131a
Client/xr-mmlc/src/views/MMSM81ADDV/MMSM81ADDV.scss,Client/xr-mmlc,other_text,scanned,False,1f5aa546efbc91212982c05c7907aae600b2ef4dd94ab637cbd343991e63f5e8
Client/xr-mmlc/src/views/MMSM81ADDV/MMSM81ADDV.ts,Client/xr-mmlc,web_source,scanned,True,e205173ffc4deebb00493b1ac0707d857605b25f4cf9c446887f925f931c7a3f
Client/xr-mmlc/src/views/MMSM81ADDV/MMSM81ADDV.vue,Client/xr-mmlc,web_source,scanned,True,e60ede0664cda0d81e1d2e0cd6bc6809feb973d34a50398fabbdbdb346ed3238
Client/xr-mmlc/src/views/MMSM81AL_QC/MMSM81AL_QC.scss,Client/xr-mmlc,other_text,scanned,False,e3b0c44298fc1c149afbf4c8996fb92427ae41e4649b934ca495991b7852b855
Client/xr-mmlc/src/views/MMSM81AL_QC/MMSM81AL_QC.ts,Client/xr-mmlc,web_source,scanned,True,467ff929ddb6d2d103223e92282e20976560bf66d6658c83d9d28e46f2aefb59
Client/xr-mmlc/src/views/MMSM81AL_QC/MMSM81AL_QC.vue,Client/xr-mmlc,web_source,scanned,True,d71c64b710e1f85c93b07598e3d6706f4dfc11d55dc5a6ac5ab114a73483150b
Client/xr-mmlc/src/views/MMSM81BDS2N/MMSM81BDS2N.scss,Client/xr-mmlc,other_text,scanned,False,e3b0c44298fc1c149afbf4c8996fb92427ae41e4649b934ca495991b7852b855
Client/xr-mmlc/src/views/MMSM81BDS2N/MMSM81BDS2N.ts,Client/xr-mmlc,web_source,scanned,True,95284d75330b2b345af3d36c208147aa97a6a316a2dac93ce0895886be13f77e
Client/xr-mmlc/src/views/MMSM81BDS2N/MMSM81BDS2N.vue,Client/xr-mmlc,web_source,scanned,True,3c69c226ec469c620b67e747a92386b853b1764e0870bf1595eca3c1c1daacbe
Client/xr-mmlc/src/views/MMSM81FG/MMSM81FG.scss,Client/xr-mmlc,other_text,scanned,False,dd5d00f9f73c759e8e00a6a073bc8f1663879d81d480b3bdcb6eab7b41e44536
Client/xr-mmlc/src/views/MMSM81FG/MMSM81FG.ts,Client/xr-mmlc,web_source,scanned,True,3db1b2abbc396f9771b7856efdedaef9a1419f0425feaed8b6fee662e4ffae7c
Client/xr-mmlc/src/views/MMSM81FG/MMSM81FG.vue,Client/xr-mmlc,web_source,scanned,True,a331120ccf14c0918bbfa16f9d78c61773730671d31686b612af50001e2ab5f4
Client/xr-mmlc/src/views/MMSM81POP/MMSM81POP.scss,Client/xr-mmlc,other_text,scanned,False,e3b0c44298fc1c149afbf4c8996fb92427ae41e4649b934ca495991b7852b855
Client/xr-mmlc/src/views/MMSM81POP/MMSM81POP.ts,Client/xr-mmlc,web_source,scanned,True,632507ef50f062d5e147414b4d2e8a17f0cfd2da0a7ac9b343b3c9c15ca47651
Client/xr-mmlc/src/views/MMSM81POP/MMSM81POP.vue,Client/xr-mmlc,web_source,scanned,True,656053c2fbad1bba0a6bdaf3cd4d44c46fef91c1222c45a5e587c2517b30ba0f
Client/xr-mmlc/src/views/MMSM81RCVS2N/MMSM81RCVS2N.scss,Client/xr-mmlc,other_text,scanned,False,f4561a704d84b9a3ff9f0f7fb3b114945f806cefd662e6794307f6c1b4b6767e
Client/xr-mmlc/src/views/MMSM81RCVS2N/MMSM81RCVS2N.ts,Client/xr-mmlc,web_source,scanned,False,c3d898a8ede56208188ab21195ff0c70d5660843d29c54a5a5d27759aee9e932
Client/xr-mmlc/src/views/MMSM81RCVS2N/MMSM81RCVS2N.vue,Client/xr-mmlc,web_source,scanned,True,408b580bcc93f2189fdbe79eec2644eb50c9ec38540bce4037a5c13aef94637d
Client/xr-mmlc/src/views/MMSM81V/MMSM81V.scss,Client/xr-mmlc,other_text,scanned,False,210158d2f654cbdc7d2f3dc0cf7d1292fe854844d11f2b30ba8d734456df5a64
Client/xr-mmlc/src/views/MMSM81V/MMSM81V.ts,Client/xr-mmlc,web_source,scanned,True,260bb4d87187098309049cd1600699c94b0896c95d77fbac4a7201eb18ffcd8e
Client/xr-mmlc/src/views/MMSM81V/MMSM81V.vue,Client/xr-mmlc,web_source,scanned,True,a527988386c9f9a6eda7244ed8fb02b93e23bf860f38f026567e5183a5ec8e18
Client/xr-mmlc/src/views/MMSM81VT/MMSM81VT.scss,Client/xr-mmlc,other_text,scanned,False,e3b0c44298fc1c149afbf4c8996fb92427ae41e4649b934ca495991b7852b855
Client/xr-mmlc/src/views/MMSM81VT/MMSM81VT.ts,Client/xr-mmlc,web_source,scanned,True,c224f78c7442db09a84b0bb5acbeaea9eab97ce6eae3f5c86dbdaf171384ba66
Client/xr-mmlc/src/views/MMSM81VT/MMSM81VT.vue,Client/xr-mmlc,web_source,scanned,True,ef41355093035856a3c6091d6826a7573edaaa8a84d978c0bda9b5257d3d27f7
Client/xr-mmlc/src/views/MMSM81XLFGK/MMSM81XLFGK.scss,Client/xr-mmlc,other_text,scanned,False,2a027925756ef2e5ba443fec676cee9f10cad78c3234717d04f57e1874e0767a
Client/xr-mmlc/src/views/MMSM81XLFGK/MMSM81XLFGK.ts,Client/xr-mmlc,web_source,scanned,True,e4c79df0e1b873a2cd70894167cc574b7a4ea6a97a0b5cf404ca8cc87bf0fbad
Client/xr-mmlc/src/views/MMSM81XLFGK/MMSM81XLFGK.vue,Client/xr-mmlc,web_source,scanned,True,5671d738e78bb20fcb691b5a4c3b41e85a0d8e6380b65b0ca3f9bcadb293db53
Client/xr-mmlc/src/views/MMSM81_QC/MMSM81_QC.scss,Client/xr-mmlc,other_text,scanned,False,e3b0c44298fc1c149afbf4c8996fb92427ae41e4649b934ca495991b7852b855
Client/xr-mmlc/src/views/MMSM81_QC/MMSM81_QC.ts,Client/xr-mmlc,web_source,scanned,True,1eb6bb18a623727623bfa832f8fd8a830042bcd322a4a783926a971e60e5eb30
Client/xr-mmlc/src/views/MMSM81_QC/MMSM81_QC.vue,Client/xr-mmlc,web_source,scanned,True,8c9ed866a96753994d4437d6401a2342ee90a1d0da62ce08b38326de0766afb5
Client/xr-mmlc/src/views/MMSM82AS2N/MMSM82AS2N.scss,Client/xr-mmlc,other_text,scanned,False,e3b0c44298fc1c149afbf4c8996fb92427ae41e4649b934ca495991b7852b855
Client/xr-mmlc/src/views/MMSM82AS2N/MMSM82AS2N.ts,Client/xr-mmlc,web_source,scanned,True,4de83ea53146f07e7dc0cae6ee1eaf681ca492bb39b20e3cb8e0370a186accc2
Client/xr-mmlc/src/views/MMSM82AS2N/MMSM82AS2N.vue,Client/xr-mmlc,web_source,scanned,True,94ac1dc6aedb6a3b1f80587aa275ece8b15da75504d6d83a23aa044fd30f15ee
Client/xr-mmlc/src/views/MMSM82BS2N/MMSM82BS2N.scss,Client/xr-mmlc,other_text,scanned,False,e3b0c44298fc1c149afbf4c8996fb92427ae41e4649b934ca495991b7852b855
Client/xr-mmlc/src/views/MMSM82BS2N/MMSM82BS2N.ts,Client/xr-mmlc,web_source,scanned,True,392c548cb39aa96debc23f98c31ddf29741554c11121ae1dd9c16c64df241f69
Client/xr-mmlc/src/views/MMSM82BS2N/MMSM82BS2N.vue,Client/xr-mmlc,web_source,scanned,True,9cf42d189fe8e9f2fb04794069c268a9514d7d5e880f51ed5cdf620883eaff4e
Client/xr-mmlc/src/views/MMSM82C1S2N/MMSM82C1S2N.scss,Client/xr-mmlc,other_text,scanned,False,f4561a704d84b9a3ff9f0f7fb3b114945f806cefd662e6794307f6c1b4b6767e
Client/xr-mmlc/src/views/MMSM82C1S2N/MMSM82C1S2N.ts,Client/xr-mmlc,web_source,scanned,False,23d2da98d65e5035baa59e69cfef45c62badf3c495aed04f4b1f3cf6904c4480
Client/xr-mmlc/src/views/MMSM82C1S2N/MMSM82C1S2N.vue,Client/xr-mmlc,web_source,scanned,True,66cf52d65fca768d8888d2f72457d0cf55560e2408e1721ba379165835b84460
Client/xr-mmlc/src/views/MMSM82CS2N/MMSM82CS2N.scss,Client/xr-mmlc,other_text,scanned,False,e3b0c44298fc1c149afbf4c8996fb92427ae41e4649b934ca495991b7852b855
Client/xr-mmlc/src/views/MMSM82CS2N/MMSM82CS2N.ts,Client/xr-mmlc,web_source,scanned,False,1ed471fcdb39bd8801125c67d628649c598ff51e3b686a20c1b6f1ec85826300
Client/xr-mmlc/src/views/MMSM82CS2N/MMSM82CS2N.vue,Client/xr-mmlc,web_source,scanned,True,24fa8511aebcf3e7ffc46d430cab05e39586c609fa10af00e83d2bd0c5739e39
Client/xr-mmlc/src/views/MMSM82DS2N/MMSM82DS2N.scss,Client/xr-mmlc,other_text,scanned,False,e3b0c44298fc1c149afbf4c8996fb92427ae41e4649b934ca495991b7852b855
Client/xr-mmlc/src/views/MMSM82DS2N/MMSM82DS2N.ts,Client/xr-mmlc,web_source,scanned,False,a42de1c3e2506b9ca1accb2a5220b948f94b8743f5f0e647746673a5da963e74
Client/xr-mmlc/src/views/MMSM82DS2N/MMSM82DS2N.vue,Client/xr-mmlc,web_source,scanned,True,67fdeed870904c6c0ebe5ca8723ae04b3d1c3b2324c2ce6b77120a952aa78599
Client/xr-mmlc/src/views/MMSM82HS2N/MMSM82HS2N.scss,Client/xr-mmlc,other_text,scanned,False,e3b0c44298fc1c149afbf4c8996fb92427ae41e4649b934ca495991b7852b855
Client/xr-mmlc/src/views/MMSM82HS2N/MMSM82HS2N.ts,Client/xr-mmlc,web_source,scanned,True,8e894beacb049834b029c8ee5db7b00997b0a2af923cb4aab4aa398ad430b75f
Client/xr-mmlc/src/views/MMSM82HS2N/MMSM82HS2N.vue,Client/xr-mmlc,web_source,scanned,True,3d70dd30fff29f7b04f200bd1b6c18842adbc279405ea1028c8d5afcfe8033f3
Client/xr-mmlc/src/views/MMSM82POP/MMSM82POP.scss,Client/xr-mmlc,other_text,scanned,False,e3b0c44298fc1c149afbf4c8996fb92427ae41e4649b934ca495991b7852b855
Client/xr-mmlc/src/views/MMSM82POP/MMSM82POP.ts,Client/xr-mmlc,web_source,scanned,True,e32bee24940b8d7265bb8456bded0a3b1b59401921c191172300987fe468cee8
Client/xr-mmlc/src/views/MMSM82POP/MMSM82POP.vue,Client/xr-mmlc,web_source,scanned,True,8f517bc70fb8fea74b2fd9fabea7e21d59dc508b49d9b053792fc70f549160c9
Client/xr-mmlc/src/views/MMSM831S2N/MMSM831S2N.scss,Client/xr-mmlc,other_text,scanned,False,e3b0c44298fc1c149afbf4c8996fb92427ae41e4649b934ca495991b7852b855
Client/xr-mmlc/src/views/MMSM831S2N/MMSM831S2N.ts,Client/xr-mmlc,web_source,scanned,True,9f7d69e0b2ccdae61aeacac8da78db5ff1d2992c1ad05206bfef87abd9144804
Client/xr-mmlc/src/views/MMSM831S2N/MMSM831S2N.vue,Client/xr-mmlc,web_source,scanned,True,70d2e52e07491745c0af523bad2b000538c7390f828f4461b51d448c35fef33d
Client/xr-mmlc/src/views/MMSM832S2N/MMSM832S2N.scss,Client/xr-mmlc,other_text,scanned,False,e3b0c44298fc1c149afbf4c8996fb92427ae41e4649b934ca495991b7852b855
Client/xr-mmlc/src/views/MMSM832S2N/MMSM832S2N.ts,Client/xr-mmlc,web_source,scanned,True,a062fd810762ed8684874c05601ead79577f448570563d9643f49fbaecead0e4
Client/xr-mmlc/src/views/MMSM832S2N/MMSM832S2N.vue,Client/xr-mmlc,web_source,scanned,True,ffde994297f213483d98ab3b02935c8ab9e8e89ff3c61b5e91f61ec0f3d92c1e
Client/xr-mmlc/src/views/MMSM833S2N/MMSM833S2N.scss,Client/xr-mmlc,other_text,scanned,False,e3b0c44298fc1c149afbf4c8996fb92427ae41e4649b934ca495991b7852b855
Client/xr-mmlc/src/views/MMSM833S2N/MMSM833S2N.ts,Client/xr-mmlc,web_source,scanned,True,0897804535dd5607788d9fd506705af575f2729c45a96e1810e9c368ce301f29
Client/xr-mmlc/src/views/MMSM833S2N/MMSM833S2N.vue,Client/xr-mmlc,web_source,scanned,True,cc38e2ebb4881ba2b2e34bee185e431b90bed9d450838b806090e9ce400af281
Client/xr-mmlc/src/views/MMSM834S2N/MMSM834S2N.scss,Client/xr-mmlc,other_text,scanned,False,e3b0c44298fc1c149afbf4c8996fb92427ae41e4649b934ca495991b7852b855
Client/xr-mmlc/src/views/MMSM834S2N/MMSM834S2N.ts,Client/xr-mmlc,web_source,scanned,True,7cc897b0cf62762e5d592ff40da8dafec105a6cd01ac40b1d3db0a05dc52e9ac
Client/xr-mmlc/src/views/MMSM834S2N/MMSM834S2N.vue,Client/xr-mmlc,web_source,scanned,True,86a892c1d780117ee5f04ea3665787d3a7bc369b5437342a521aacb1a88ed24b
Client/xr-mmlc/src/views/MMSM835S2N/MMSM835S2N.scss,Client/xr-mmlc,other_text,scanned,False,e3b0c44298fc1c149afbf4c8996fb92427ae41e4649b934ca495991b7852b855
Client/xr-mmlc/src/views/MMSM835S2N/MMSM835S2N.ts,Client/xr-mmlc,web_source,scanned,True,35d8b0ff1edc07d310cc09576594ad51aff5bfaf52e3268c533432b4fb02703a
Client/xr-mmlc/src/views/MMSM835S2N/MMSM835S2N.vue,Client/xr-mmlc,web_source,scanned,True,e4a517ad2e80d703f3ae7579aa9ffc4a1e19e57cbbeb3f9c27b0d198a6560185
Client/xr-mmlc/src/views/MMSM836S2N/MMSM836S2N.scss,Client/xr-mmlc,other_text,scanned,False,888586ea7645cebecbd75479b6ecdc8930aac2c3021e4cfe510335bb20a893e2
Client/xr-mmlc/src/views/MMSM836S2N/MMSM836S2N.ts,Client/xr-mmlc,web_source,scanned,True,556c190b0ba752ce15738ff70dfc64ff9c48656e751e7e2efe378211649b59b0
Client/xr-mmlc/src/views/MMSM836S2N/MMSM836S2N.vue,Client/xr-mmlc,web_source,scanned,True,0b3c6222205e309b8f536a45901255a240bda633fe3ff1efb6bfe9fa742765ad
Client/xr-mmlc/src/views/MMSM837S2N/MMSM837S2N.scss,Client/xr-mmlc,other_text,scanned,False,e3b0c44298fc1c149afbf4c8996fb92427ae41e4649b934ca495991b7852b855
Client/xr-mmlc/src/views/MMSM837S2N/MMSM837S2N.ts,Client/xr-mmlc,web_source,scanned,True,1af5104f15ce442e05c3f93a1b51f0420d75cb7d276971b3c780276da638cde1
Client/xr-mmlc/src/views/MMSM837S2N/MMSM837S2N.vue,Client/xr-mmlc,web_source,scanned,True,2dce6dcc3eca9dea5b820b76dc6d8e9c7adbd2699286d687a063b21bbb0d4017
Client/xr-mmlc/src/views/MMSM838S2N/MMSM838S2N.scss,Client/xr-mmlc,other_text,scanned,False,e3b0c44298fc1c149afbf4c8996fb92427ae41e4649b934ca495991b7852b855
Client/xr-mmlc/src/views/MMSM838S2N/MMSM838S2N.ts,Client/xr-mmlc,web_source,scanned,True,b5659ee958bc4520b892a25eabdb7e96160132bd58228500aa756e3059b8702a
Client/xr-mmlc/src/views/MMSM838S2N/MMSM838S2N.vue,Client/xr-mmlc,web_source,scanned,True,71e3228848d33ba1dcb812d23b1c8391f81e416294a0921a9d2d011d84c87081
Client/xr-mmlc/src/views/MMSM839S2N/MMSM839S2N.scss,Client/xr-mmlc,other_text,scanned,False,e3b0c44298fc1c149afbf4c8996fb92427ae41e4649b934ca495991b7852b855
Client/xr-mmlc/src/views/MMSM839S2N/MMSM839S2N.ts,Client/xr-mmlc,web_source,scanned,True,03b06fa6297336b4d3e56c4b4173430e36e265eb76a4a023a33302d20ca2f446
Client/xr-mmlc/src/views/MMSM839S2N/MMSM839S2N.vue,Client/xr-mmlc,web_source,scanned,True,7a4a7227db30ef7fdb15154ae4b0273e1621c3753ed9be8d1418e21028d3c70b
Client/xr-mmlc/src/views/MMSM83AS2N/MMSM83AS2N.scss,Client/xr-mmlc,other_text,scanned,False,e3b0c44298fc1c149afbf4c8996fb92427ae41e4649b934ca495991b7852b855
Client/xr-mmlc/src/views/MMSM83AS2N/MMSM83AS2N.ts,Client/xr-mmlc,web_source,scanned,True,7cc897b0cf62762e5d592ff40da8dafec105a6cd01ac40b1d3db0a05dc52e9ac
Client/xr-mmlc/src/views/MMSM83AS2N/MMSM83AS2N.vue,Client/xr-mmlc,web_source,scanned,True,5ef0f251b1a62e25e84c4ac66197a1b9de351d5ab30ef1d4a585fdf4a872d876
Client/xr-mmlc/src/views/MMSM83BS2N/MMSM83BS2N.scss,Client/xr-mmlc,other_text,scanned,False,e3b0c44298fc1c149afbf4c8996fb92427ae41e4649b934ca495991b7852b855
Client/xr-mmlc/src/views/MMSM83BS2N/MMSM83BS2N.ts,Client/xr-mmlc,web_source,scanned,True,7cc897b0cf62762e5d592ff40da8dafec105a6cd01ac40b1d3db0a05dc52e9ac
Client/xr-mmlc/src/views/MMSM83BS2N/MMSM83BS2N.vue,Client/xr-mmlc,web_source,scanned,True,e01d746bee3ca8eac8ee301160a7e972c71779abaf9914a03b894c9075092592
Client/xr-mmlc/src/views/MMSM83CS2N/MMSM83CS2N.scss,Client/xr-mmlc,other_text,scanned,False,e3b0c44298fc1c149afbf4c8996fb92427ae41e4649b934ca495991b7852b855
Client/xr-mmlc/src/views/MMSM83CS2N/MMSM83CS2N.ts,Client/xr-mmlc,web_source,scanned,True,7cc897b0cf62762e5d592ff40da8dafec105a6cd01ac40b1d3db0a05dc52e9ac
Client/xr-mmlc/src/views/MMSM83CS2N/MMSM83CS2N.vue,Client/xr-mmlc,web_source,scanned,True,b99e1bd60052f58b5469de17cfddc344d6fe714b3f724586cb461618df1c84ec
Client/xr-mmlc/src/views/MMSM83DS2N/MMSM83DS2N.scss,Client/xr-mmlc,other_text,scanned,False,e3b0c44298fc1c149afbf4c8996fb92427ae41e4649b934ca495991b7852b855
Client/xr-mmlc/src/views/MMSM83DS2N/MMSM83DS2N.ts,Client/xr-mmlc,web_source,scanned,True,afad9a8a7b78606dd6e89dceb0065de2ecd3f632eaade2b5ed56df72f106e214
Client/xr-mmlc/src/views/MMSM83DS2N/MMSM83DS2N.vue,Client/xr-mmlc,web_source,scanned,True,26bc994b6214c44211b7f64a3fbb7244a6aeb7db23c78b4ded875f356c7a2cd4
Client/xr-mmlc/src/views/MMSM83S2N/MMSM83S2N.scss,Client/xr-mmlc,other_text,scanned,False,e3b0c44298fc1c149afbf4c8996fb92427ae41e4649b934ca495991b7852b855
Client/xr-mmlc/src/views/MMSM83S2N/MMSM83S2N.ts,Client/xr-mmlc,web_source,scanned,True,98c78670ea93abd414bc003ec0ad910f7c6ab9cb3c0de1e208fabca79bd86b73
Client/xr-mmlc/src/views/MMSM83S2N/MMSM83S2N.vue,Client/xr-mmlc,web_source,scanned,True,38515c385632d763a39f801ae5303e8115953814c6dcc35d28465456e1e0ce84
Client/xr-mmlc/src/views/MMSM83ZS2N/MMSM83ZS2N.scss,Client/xr-mmlc,other_text,scanned,False,e3b0c44298fc1c149afbf4c8996fb92427ae41e4649b934ca495991b7852b855
Client/xr-mmlc/src/views/MMSM83ZS2N/MMSM83ZS2N.ts,Client/xr-mmlc,web_source,scanned,True,379c1443686f50be22e6d99176f630637e721f57c74ac14e9f42bb88af4ca8d0
Client/xr-mmlc/src/views/MMSM83ZS2N/MMSM83ZS2N.vue,Client/xr-mmlc,web_source,scanned,True,3ad71a18139d88289f3f81fdb344fdd3fe5988ec98e726d600e632d2c8ed9878
Client/xr-mmlc/src/views/MMSM840S2N/MMSM840S2N.scss,Client/xr-mmlc,other_text,scanned,False,e3b0c44298fc1c149afbf4c8996fb92427ae41e4649b934ca495991b7852b855
Client/xr-mmlc/src/views/MMSM840S2N/MMSM840S2N.ts,Client/xr-mmlc,web_source,scanned,True,b1a38d4aa926ced08ab6a09d72e04cba9211c129d8d258445da74163052dbfc6
Client/xr-mmlc/src/views/MMSM840S2N/MMSM840S2N.vue,Client/xr-mmlc,web_source,scanned,True,b3c1cc1e78613ee79838eaae49ab90f0d24470835ffa9811669e2824c5d92312
Client/xr-mmlc/src/views/MMSM841S2N/MMSM841S2N.scss,Client/xr-mmlc,other_text,scanned,False,e3b0c44298fc1c149afbf4c8996fb92427ae41e4649b934ca495991b7852b855
Client/xr-mmlc/src/views/MMSM841S2N/MMSM841S2N.ts,Client/xr-mmlc,web_source,scanned,False,4998badaff9e8525639b8402409cc5ab0181121bce0953153a4fc445675359f5
Client/xr-mmlc/src/views/MMSM841S2N/MMSM841S2N.vue,Client/xr-mmlc,web_source,scanned,True,4f9127dc6b6f87b739a781045d748f33fadfeb4075be4427342c4aa3f1fb5b2f
Client/xr-mmlc/src/views/MMSM85V/MMSM85V.scss,Client/xr-mmlc,other_text,scanned,False,f4561a704d84b9a3ff9f0f7fb3b114945f806cefd662e6794307f6c1b4b6767e
Client/xr-mmlc/src/views/MMSM85V/MMSM85V.ts,Client/xr-mmlc,web_source,scanned,True,755f1aca74ebb05caaee3939995aac004a70cadc8396c944af40fd1072fe2112
Client/xr-mmlc/src/views/MMSM85V/MMSM85V.vue,Client/xr-mmlc,web_source,scanned,True,42e658112c35c271138b9d44e2cb2d9172668cb8a49af348bc61a5a6a939366a
Client/xr-mmlc/src/views/MMSM85_QC/MMSM85_QC.scss,Client/xr-mmlc,other_text,scanned,False,e3b0c44298fc1c149afbf4c8996fb92427ae41e4649b934ca495991b7852b855
Client/xr-mmlc/src/views/MMSM85_QC/MMSM85_QC.ts,Client/xr-mmlc,web_source,scanned,True,705c987d7b1315ebcc2e7a8c611b5d4be4adf622b4c298855e6d50b51866ea8c
Client/xr-mmlc/src/views/MMSM85_QC/MMSM85_QC.vue,Client/xr-mmlc,web_source,scanned,True,ab038ceaf9d7587cec8f595e72b05fca27030eb2f0ae7eebe7b166cc8f65ddd7
Client/xr-mmlc/src/views/MMSM861S2N/MMSM861S2N.scss,Client/xr-mmlc,other_text,scanned,False,e3b0c44298fc1c149afbf4c8996fb92427ae41e4649b934ca495991b7852b855
Client/xr-mmlc/src/views/MMSM861S2N/MMSM861S2N.ts,Client/xr-mmlc,web_source,scanned,True,56664733437a7bbbc41cc7b58e961ffcd2a3d2b7b37bb1189bc797182ed61f3e
Client/xr-mmlc/src/views/MMSM861S2N/MMSM861S2N.vue,Client/xr-mmlc,web_source,scanned,True,93bb03ea9167ae2d07053f5e2f2f43b0a4059737861c41e50a4f727bcf4a8ad0
Client/xr-mmlc/src/views/MMSM861V/MMSM861V.ts,Client/xr-mmlc,web_source,scanned,True,a3e6f7d7c0d1690c9fbf14035814ca863c83c3aeadc6202daa44e756cfb313d6
Client/xr-mmlc/src/views/MMSM862S2N/MMSM862S2N.scss,Client/xr-mmlc,other_text,scanned,False,e3b0c44298fc1c149afbf4c8996fb92427ae41e4649b934ca495991b7852b855
Client/xr-mmlc/src/views/MMSM862S2N/MMSM862S2N.ts,Client/xr-mmlc,web_source,scanned,False,52bd7a16dfedb41686c62f074f6fd1aaa9b58a1f3a3258ee42bec864be770e42
Client/xr-mmlc/src/views/MMSM862S2N/MMSM862S2N.vue,Client/xr-mmlc,web_source,scanned,True,dcdd5f203f16b7f215c5622620a01972e5c92d3f8a8aac5aeac2b9dfacb77bac
Client/xr-mmlc/src/views/MMSM863S2N/MMSM863S2N.scss,Client/xr-mmlc,other_text,scanned,False,e3b0c44298fc1c149afbf4c8996fb92427ae41e4649b934ca495991b7852b855
Client/xr-mmlc/src/views/MMSM863S2N/MMSM863S2N.ts,Client/xr-mmlc,web_source,scanned,False,313a8ca46b34138b9234f66b1db531642a4bb4f50467b9496dd5e059caf15deb
Client/xr-mmlc/src/views/MMSM863S2N/MMSM863S2N.vue,Client/xr-mmlc,web_source,scanned,True,fe4da4dd58b4185ac5c9595eadd46cb4b79f8158edea8322afb6fe6b896844b3
Client/xr-mmlc/src/views/MMSM864V/MMSM864V.scss,Client/xr-mmlc,other_text,scanned,False,f4561a704d84b9a3ff9f0f7fb3b114945f806cefd662e6794307f6c1b4b6767e
Client/xr-mmlc/src/views/MMSM864V/MMSM864V.ts,Client/xr-mmlc,web_source,scanned,True,42513444320efeb057370546840818ac48d6bda9d6ccb45fea6119c030a99fa0
Client/xr-mmlc/src/views/MMSM864V/MMSM864V.vue,Client/xr-mmlc,web_source,scanned,True,c0a2dd8c1db0ba88e7a4f6dbfd63d47fa17c299cb15a554dad1e6e8a65f54e2d
Client/xr-mmlc/src/views/MMSM865S2N/MMSM865S2N.scss,Client/xr-mmlc,other_text,scanned,False,e3b0c44298fc1c149afbf4c8996fb92427ae41e4649b934ca495991b7852b855
Client/xr-mmlc/src/views/MMSM865S2N/MMSM865S2N.ts,Client/xr-mmlc,web_source,scanned,True,d871049b7320057053c482630093f67fee847a39cfae3e98f5f497df964e91b8
Client/xr-mmlc/src/views/MMSM865S2N/MMSM865S2N.vue,Client/xr-mmlc,web_source,scanned,True,9e15d5f3e1522b95b43501dcbb0094f28fd010d82e6be54bc78afba39ee0a7c5
Client/xr-mmlc/src/views/MMSM866V/MMSM866V.scss,Client/xr-mmlc,other_text,scanned,False,f4561a704d84b9a3ff9f0f7fb3b114945f806cefd662e6794307f6c1b4b6767e
Client/xr-mmlc/src/views/MMSM866V/MMSM866V.ts,Client/xr-mmlc,web_source,scanned,True,cbcdcb2bed128a002deebfb0b708e8b208117a25b91f1c5739152092b1bce4c1
Client/xr-mmlc/src/views/MMSM866V/MMSM866V.vue,Client/xr-mmlc,web_source,scanned,True,632d999886b437393f0bf97856003f7f3ebc312449fe7a4e7eec54a79e939be9
Client/xr-mmlc/src/views/MMSM868S2N/MMSM868S2N.scss,Client/xr-mmlc,other_text,scanned,False,f4561a704d84b9a3ff9f0f7fb3b114945f806cefd662e6794307f6c1b4b6767e
Client/xr-mmlc/src/views/MMSM868S2N/MMSM868S2N.ts,Client/xr-mmlc,web_source,scanned,True,6b8267a41b8cbec5df74466718bd33b4263ccaefc04a27bc53f27090293f510a
Client/xr-mmlc/src/views/MMSM868S2N/MMSM868S2N.vue,Client/xr-mmlc,web_source,scanned,True,039a2aa4c5345a6fbed3ded064435bd39250a95d92bd0649de1c98e94255aa47
Client/xr-mmlc/src/views/MMSM869S2N/MMSM869S2N.scss,Client/xr-mmlc,other_text,scanned,False,f4561a704d84b9a3ff9f0f7fb3b114945f806cefd662e6794307f6c1b4b6767e
Client/xr-mmlc/src/views/MMSM869S2N/MMSM869S2N.ts,Client/xr-mmlc,web_source,scanned,False,7b7746d8d11355141bb7c20007f60ebbe20bfeb220aafe46c4ad75f35578adf6
Client/xr-mmlc/src/views/MMSM869S2N/MMSM869S2N.vue,Client/xr-mmlc,web_source,scanned,True,b6c00a7c130f27f13d4ac9818ae203b72e30aa9aea8c3146d05c6aa885260011
Client/xr-mmlc/src/views/MMSM86S2N/MMSM86S2N.scss,Client/xr-mmlc,other_text,scanned,False,e3b0c44298fc1c149afbf4c8996fb92427ae41e4649b934ca495991b7852b855
Client/xr-mmlc/src/views/MMSM86S2N/MMSM86S2N.ts,Client/xr-mmlc,web_source,scanned,True,e5b1364c716049f10fba9ab900cb3f8628b27ccb8e71be3464b32894206e4b64
Client/xr-mmlc/src/views/MMSM86S2N/MMSM86S2N.vue,Client/xr-mmlc,web_source,scanned,True,a634d2bb40a80d66ba8369c268a5bfa98186b072bc7673f60b79315e968a2c96
Client/xr-mmlc/src/views/MMSM870S2N/MMSM870S2N.scss,Client/xr-mmlc,other_text,scanned,False,f4561a704d84b9a3ff9f0f7fb3b114945f806cefd662e6794307f6c1b4b6767e
Client/xr-mmlc/src/views/MMSM870S2N/MMSM870S2N.ts,Client/xr-mmlc,web_source,scanned,True,dcd789517fa82a1335d2d1c634fd0be4d0a2b83012871f3dd7d886fce9bbd1c5
Client/xr-mmlc/src/views/MMSM870S2N/MMSM870S2N.vue,Client/xr-mmlc,web_source,scanned,True,96d7a30042f580a75efa49a42268c76667af3f42f23844d53badcff78c221eeb
Client/xr-mmlc/src/views/MMSM89_QC/MMSM89_QC.scss,Client/xr-mmlc,other_text,scanned,False,e3b0c44298fc1c149afbf4c8996fb92427ae41e4649b934ca495991b7852b855
Client/xr-mmlc/src/views/MMSM89_QC/MMSM89_QC.ts,Client/xr-mmlc,web_source,scanned,True,a07e0b28af3249348e34d5ed63f4f940e6f5b656a6f794f418f98e62071edc43
Client/xr-mmlc/src/views/MMSM89_QC/MMSM89_QC.vue,Client/xr-mmlc,web_source,scanned,True,db0bf9aff2cb59c4fde60a15da07230df989c8d3333b3637411f9ee31ea38cb0
Client/xr-mmlc/src/views/MMSMACSHS2N/MMSMACSHS2N.scss,Client/xr-mmlc,other_text,scanned,False,e3b0c44298fc1c149afbf4c8996fb92427ae41e4649b934ca495991b7852b855
Client/xr-mmlc/src/views/MMSMACSHS2N/MMSMACSHS2N.ts,Client/xr-mmlc,web_source,scanned,True,2755e22213fdba3b1720798750a8cb793bba344490cd99ae45145ea84a8cb82c
Client/xr-mmlc/src/views/MMSMACSHS2N/MMSMACSHS2N.vue,Client/xr-mmlc,web_source,scanned,True,6fae1b34f6686dbb5d3faf412dc6c743c08e76f0e1348d4b80d2365ba3674ae1
Client/xr-mmlc/src/views/MMSMCRNI06S2N/MMSMCRNI06S2N.scss,Client/xr-mmlc,other_text,scanned,False,e3b0c44298fc1c149afbf4c8996fb92427ae41e4649b934ca495991b7852b855
Client/xr-mmlc/src/views/MMSMCRNI06S2N/MMSMCRNI06S2N.ts,Client/xr-mmlc,web_source,scanned,True,5d76fc150522d67406f01f159d4c605bb48161ea10c641f2f5d8a9d566453af2
Client/xr-mmlc/src/views/MMSMCRNI06S2N/MMSMCRNI06S2N.vue,Client/xr-mmlc,web_source,scanned,True,e0091814cfd0d682b85c0e919407aead6d07b5a0d9359e848a44f661992ab6a8
Client/xr-mmlc/src/views/MMSMCRNIS2N/MMSMCRNIS2N.scss,Client/xr-mmlc,other_text,scanned,False,e3b0c44298fc1c149afbf4c8996fb92427ae41e4649b934ca495991b7852b855
Client/xr-mmlc/src/views/MMSMCRNIS2N/MMSMCRNIS2N.ts,Client/xr-mmlc,web_source,scanned,True,8690b638b7977b5cf9f29ca4f5c2bbff60596494b5842372036d3903b92d9486
Client/xr-mmlc/src/views/MMSMCRNIS2N/MMSMCRNIS2N.vue,Client/xr-mmlc,web_source,scanned,True,84d4a6d5ee2a3e03d90af9b41e87210dbe0e3ba74ef96a6f9ab802eec082f9e6
Client/xr-mmlc/src/views/MMSMJCCFS2N/MMSMJCCFS2N.scss,Client/xr-mmlc,other_text,scanned,False,e3b0c44298fc1c149afbf4c8996fb92427ae41e4649b934ca495991b7852b855
Client/xr-mmlc/src/views/MMSMJCCFS2N/MMSMJCCFS2N.ts,Client/xr-mmlc,web_source,scanned,True,e0006ca01302d267fedf72e9d77bf57abc43326afc3c5f90a5ea18dd1e8b60ba
Client/xr-mmlc/src/views/MMSMJCCFS2N/MMSMJCCFS2N.vue,Client/xr-mmlc,web_source,scanned,True,e7499cfce2de75a2407a831218c66188649a087a5998af3c01b8fb2a3aa1cff5
Client/xr-mmlc/src/views/MMSMJLLSTJS2N/MMSMJLLSTJS2N.scss,Client/xr-mmlc,other_text,scanned,False,f4561a704d84b9a3ff9f0f7fb3b114945f806cefd662e6794307f6c1b4b6767e
Client/xr-mmlc/src/views/MMSMJLLSTJS2N/MMSMJLLSTJS2N.ts,Client/xr-mmlc,web_source,scanned,False,08bcce97146c340317785088f62574888dd5a2cbbde8e424e8dafe9a6b358626
Client/xr-mmlc/src/views/MMSMJLLSTJS2N/MMSMJLLSTJS2N.vue,Client/xr-mmlc,web_source,scanned,True,aebdcfd31f6f80221399f37dc492b43355f86ab26e9455343b84cd861fca47c2
Client/xr-mmlc/src/views/MMSMJQ_POP/MMSMJQ_POP.vue,Client/xr-mmlc,web_source,scanned,True,22efea0893156f6d9714fccdbb0b4340ef8294890c99a6905441e6bc0af2351f
Client/xr-mmlc/src/views/MMSMLC99S2N/MMSMLC99S2N.scss,Client/xr-mmlc,other_text,scanned,False,e3b0c44298fc1c149afbf4c8996fb92427ae41e4649b934ca495991b7852b855
Client/xr-mmlc/src/views/MMSMLC99S2N/MMSMLC99S2N.ts,Client/xr-mmlc,web_source,scanned,True,d5ee1eea532bb02bf6211bdc9706f548880179bc62699f8fc7ca51eb307e11b3
Client/xr-mmlc/src/views/MMSMLC99S2N/MMSMLC99S2N.vue,Client/xr-mmlc,web_source,scanned,True,d4d45011981864fbacf397a56cf1a429cf4bef27caf8897b6b7e19abf674a7b1
Client/xr-mmlc/src/views/MMSMMATS2N/MMSMMATS2N.scss,Client/xr-mmlc,other_text,scanned,False,e3b0c44298fc1c149afbf4c8996fb92427ae41e4649b934ca495991b7852b855
Client/xr-mmlc/src/views/MMSMMATS2N/MMSMMATS2N.ts,Client/xr-mmlc,web_source,scanned,True,79022de2d18be071a02c00ede0a2717af64a57c469effb0ce43b614087f4320c
Client/xr-mmlc/src/views/MMSMMATS2N/MMSMMATS2N.vue,Client/xr-mmlc,web_source,scanned,True,ca6a61acb80de9e7ba122be534f2d9a88c7340ecee7629391c6af2e9570c7879
Client/xr-mmlc/src/views/MMSMNBHDS2N/MMSMNBHDS2N.scss,Client/xr-mmlc,other_text,scanned,False,95c472df50dab3dfd8c6626904089a1734aaf632a90bb1c010a8b268c1df18a6
Client/xr-mmlc/src/views/MMSMNBHDS2N/MMSMNBHDS2N.ts,Client/xr-mmlc,web_source,scanned,True,177616eaa44d69dbb1d2eee1984c71e916fe097e39df19adf42a30927c660de5
Client/xr-mmlc/src/views/MMSMNBHDS2N/MMSMNBHDS2N.vue,Client/xr-mmlc,web_source,scanned,True,1914c84751e8baf6856d1193d003917c16be550722598918e19327f8723a5083
Client/xr-mmlc/src/views/MMSMRQCF/MMSMRQCF.scss,Client/xr-mmlc,other_text,scanned,False,f4561a704d84b9a3ff9f0f7fb3b114945f806cefd662e6794307f6c1b4b6767e
Client/xr-mmlc/src/views/MMSMRQCF/MMSMRQCF.ts,Client/xr-mmlc,web_source,scanned,True,2dd3fcabfb04cb9bf1f9f66fdbe74858233e75b54aa0acd090cd70cc93debc9c
Client/xr-mmlc/src/views/MMSMRQCF/MMSMRQCF.vue,Client/xr-mmlc,web_source,scanned,True,0edb55fb4acf3937a85f5a7ca3401a5d9929d1e32fed62d0521c71bba6aa4200
Client/xr-mmlc/src/views/MMSMRQSHS2N/MMSMRQSHS2N.scss,Client/xr-mmlc,other_text,scanned,False,f4561a704d84b9a3ff9f0f7fb3b114945f806cefd662e6794307f6c1b4b6767e
Client/xr-mmlc/src/views/MMSMRQSHS2N/MMSMRQSHS2N.ts,Client/xr-mmlc,web_source,scanned,True,214408ba900e30222574dc586dc65f3b2c823e986c9d219dfba39595a1451dc5
Client/xr-mmlc/src/views/MMSMRQSHS2N/MMSMRQSHS2N.vue,Client/xr-mmlc,web_source,scanned,True,00c245fd306a23b9457224061fa84a9454e5593f7e141483cb01498df0f13e42
Client/xr-mmlc/src/views/MMSMSCRAPS2N/MMSMSCRAPS2N.scss,Client/xr-mmlc,other_text,scanned,False,e3b0c44298fc1c149afbf4c8996fb92427ae41e4649b934ca495991b7852b855
Client/xr-mmlc/src/views/MMSMSCRAPS2N/MMSMSCRAPS2N.ts,Client/xr-mmlc,web_source,scanned,True,8e95c35331f40765c76af9ab551a36075105c57e0ce5aad4993c2667c643409f
Client/xr-mmlc/src/views/MMSMSCRAPS2N/MMSMSCRAPS2N.vue,Client/xr-mmlc,web_source,scanned,True,345292048f77a51d4cbcd0693bd874a6f201df7d6152ffa08c57593dc10e380e
Client/xr-mmlc/src/views/MMSMSENDS2N/MMSMSENDS2N.scss,Client/xr-mmlc,other_text,scanned,False,f4561a704d84b9a3ff9f0f7fb3b114945f806cefd662e6794307f6c1b4b6767e
Client/xr-mmlc/src/views/MMSMSENDS2N/MMSMSENDS2N.ts,Client/xr-mmlc,web_source,scanned,False,6c44ab65adcc646051911865862a57130be2becec580c41b0f68b32b07bc885c
Client/xr-mmlc/src/views/MMSMSENDS2N/MMSMSENDS2N.vue,Client/xr-mmlc,web_source,scanned,True,4e5f5b9fe8b69b575834a5382c67c140bdaa5ce0c19fc8691ce6a743c1524641
Client/xr-mmlc/src/views/MMSMSFCINS2N/MMSMSFCINS2N.scss,Client/xr-mmlc,other_text,scanned,False,f4561a704d84b9a3ff9f0f7fb3b114945f806cefd662e6794307f6c1b4b6767e
Client/xr-mmlc/src/views/MMSMSFCINS2N/MMSMSFCINS2N.ts,Client/xr-mmlc,web_source,scanned,False,16738889780bedb586390fcb8d087f91871ede0776879ce1b34afa12d0d60a42
Client/xr-mmlc/src/views/MMSMSFCINS2N/MMSMSFCINS2N.vue,Client/xr-mmlc,web_source,scanned,True,9b2ba344a9bc616c5ba71ac568367940d7e791f92045875399cf32561138994f
Client/xr-mmlc/src/views/MMSMTLCF/MMSMTLCF.scss,Client/xr-mmlc,other_text,scanned,False,f4561a704d84b9a3ff9f0f7fb3b114945f806cefd662e6794307f6c1b4b6767e
Client/xr-mmlc/src/views/MMSMTLCF/MMSMTLCF.ts,Client/xr-mmlc,web_source,scanned,False,3138a43d36c3baaf2857a5c74a3d81f7dd31137cee5209b9c411578961da99c1
Client/xr-mmlc/src/views/MMSMTLCF/MMSMTLCF.vue,Client/xr-mmlc,web_source,scanned,True,9b10292381a21578b41452bd3f8a08e00f53b3d7e3d9dce572f8a0bb561ee864
Client/xr-mmlc/src/views/MMSMTLCF_POP/MMSMTLCF_POP.vue,Client/xr-mmlc,web_source,scanned,True,3918c5f0253c0d4ba9e71e9366113d055ee05c4ee6c14f44344bfc86e512646a
Client/xr-mmlc/src/views/MMSMTLHZS2N/MMSMTLHZS2N.scss,Client/xr-mmlc,other_text,scanned,False,f4561a704d84b9a3ff9f0f7fb3b114945f806cefd662e6794307f6c1b4b6767e
Client/xr-mmlc/src/views/MMSMTLHZS2N/MMSMTLHZS2N.ts,Client/xr-mmlc,web_source,scanned,True,393eeb52353021128c81bd0ab5b1f3acb004bbeed37db2a8ac9c9d3f11fb1f32
Client/xr-mmlc/src/views/MMSMTLHZS2N/MMSMTLHZS2N.vue,Client/xr-mmlc,web_source,scanned,True,c3d9863a7edd14562e0d4ed86f4e886884fa32e2ba206ab27f1db8ec8f1193aa
Client/xr-mmlc/src/views/MMSMTLJLS2N/MMSMTLJLS2N.scss,Client/xr-mmlc,other_text,scanned,False,e3b0c44298fc1c149afbf4c8996fb92427ae41e4649b934ca495991b7852b855
Client/xr-mmlc/src/views/MMSMTLJLS2N/MMSMTLJLS2N.ts,Client/xr-mmlc,web_source,scanned,True,8575eab870ffa282b32f32853065bc2de2260d2a140cac8e8d6a134a49c59a30
Client/xr-mmlc/src/views/MMSMTLJLS2N/MMSMTLJLS2N.vue,Client/xr-mmlc,web_source,scanned,True,64c299cb0f5b78d16886d35a409245f8676d7b760870463a49b70e778985076a
Client/xr-mmlc/src/views/MMSMUPD862V/MMSMUPD862V.scss,Client/xr-mmlc,other_text,scanned,False,e3b0c44298fc1c149afbf4c8996fb92427ae41e4649b934ca495991b7852b855
Client/xr-mmlc/src/views/MMSMUPD862V/MMSMUPD862V.ts,Client/xr-mmlc,web_source,scanned,False,0213bbf57414979d53cc01ed864c7e0e5b9cce429a408e06e515b04870c22bc9
Client/xr-mmlc/src/views/MMSMUPD862V/MMSMUPD862V.vue,Client/xr-mmlc,web_source,scanned,True,6d9bb83742463c816627e4225a44fd0a35dc978a013e95be7a65ad6fdd83c301
Client/xr-mmlc/src/views/MMSMUPD863V/MMSMUPD863V.scss,Client/xr-mmlc,other_text,scanned,False,e3b0c44298fc1c149afbf4c8996fb92427ae41e4649b934ca495991b7852b855
Client/xr-mmlc/src/views/MMSMUPD863V/MMSMUPD863V.ts,Client/xr-mmlc,web_source,scanned,False,28b138e43b5d8f5901f8cb1eda5f108016105f5e511b9fc2ff9d3fcced3671dc
Client/xr-mmlc/src/views/MMSMUPD863V/MMSMUPD863V.vue,Client/xr-mmlc,web_source,scanned,True,a22db769190912de2ff0b1f14a1afaca05bad2bb096524316ebeb04ca22f50d5
Client/xr-mmlc/src/views/MMSMUPD868V/MMSMUPD868V.scss,Client/xr-mmlc,other_text,scanned,False,e3b0c44298fc1c149afbf4c8996fb92427ae41e4649b934ca495991b7852b855
Client/xr-mmlc/src/views/MMSMUPD868V/MMSMUPD868V.ts,Client/xr-mmlc,web_source,scanned,False,c0ff9d8180b925ea6e0d86a9f6f90efdc716536edcd8185a0243ac7e809fec3f
Client/xr-mmlc/src/views/MMSMUPD868V/MMSMUPD868V.vue,Client/xr-mmlc,web_source,scanned,True,c37ff82c5d4d17f85261461ff21e0162b460ab7e0595fb93965a9975372a2c72
Client/xr-mmlc/src/views/MMSMUPDS2N/MMSMUPDS2N.scss,Client/xr-mmlc,other_text,scanned,False,f4561a704d84b9a3ff9f0f7fb3b114945f806cefd662e6794307f6c1b4b6767e
Client/xr-mmlc/src/views/MMSMUPDS2N/MMSMUPDS2N.ts,Client/xr-mmlc,web_source,scanned,False,6ea43c0a4872149f47ef2ad4df3e8b4aeb8cf9c840d5c4dd199dec0e460d2b5a
Client/xr-mmlc/src/views/MMSMUPDS2N/MMSMUPDS2N.vue,Client/xr-mmlc,web_source,scanned,True,8beec62e0c6237827580732ba5e7f9f384325225cfa2e08aeac6798f6f76ccf6
Client/xr-mmlc/src/views/MMSMVAS2N/MMSMVAS2N.scss,Client/xr-mmlc,other_text,scanned,False,f4561a704d84b9a3ff9f0f7fb3b114945f806cefd662e6794307f6c1b4b6767e
Client/xr-mmlc/src/views/MMSMVAS2N/MMSMVAS2N.ts,Client/xr-mmlc,web_source,scanned,False,efc5de8ded2bae45e5775768d673e66f3de1023883a8093be8dcec73d5377c49
Client/xr-mmlc/src/views/MMSMVAS2N/MMSMVAS2N.vue,Client/xr-mmlc,web_source,scanned,True,cd54f907cd255f27b9c798068683297b879211ff561c5c7cd0097c9be56cadac
Client/xr-mmlc/src/views/MMSMWES2N/MMSMWES2N.scss,Client/xr-mmlc,other_text,scanned,False,f4561a704d84b9a3ff9f0f7fb3b114945f806cefd662e6794307f6c1b4b6767e
Client/xr-mmlc/src/views/MMSMWES2N/MMSMWES2N.ts,Client/xr-mmlc,web_source,scanned,False,401d1660d96e73a869cc299ae27fa78755d69acc0aa57e03a4f539c17480a170
Client/xr-mmlc/src/views/MMSMWES2N/MMSMWES2N.vue,Client/xr-mmlc,web_source,scanned,True,3d7dd0cfc79608edcc69c2b40f5bdaa510afe0f7def80c552e3df942daf51b7d
Client/xr-mmlc/src/views/MMSMWSS2N/MMSMWSS2N.scss,Client/xr-mmlc,other_text,scanned,False,e3b0c44298fc1c149afbf4c8996fb92427ae41e4649b934ca495991b7852b855
Client/xr-mmlc/src/views/MMSMWSS2N/MMSMWSS2N.ts,Client/xr-mmlc,web_source,scanned,True,88ea23c73083b03d616eac47e6fdbebec0112f4a55bf829d222791e9b3da0536
Client/xr-mmlc/src/views/MMSMWSS2N/MMSMWSS2N.vue,Client/xr-mmlc,web_source,scanned,True,9f693cd4562cd39857ce6c72a25dd4aed1bc3b3f45ba2e76f03db7971f5c9341
Client/xr-mmlc/src/views/MMSMWXS2N/MMSMWXS2N.scss,Client/xr-mmlc,other_text,scanned,False,f4561a704d84b9a3ff9f0f7fb3b114945f806cefd662e6794307f6c1b4b6767e
Client/xr-mmlc/src/views/MMSMWXS2N/MMSMWXS2N.ts,Client/xr-mmlc,web_source,scanned,False,a1f7e0ef663262646191ee3549e0fa618d730ce5016951e93eee6b0360d7672e
Client/xr-mmlc/src/views/MMSMWXS2N/MMSMWXS2N.vue,Client/xr-mmlc,web_source,scanned,True,d5b7c98e3a2116e0029c6bef8fae35fcf982f20bc6bb9fadee50b02be7fe0115
Client/xr-mmlc/src/views/MMSMX1S2N/MMSMX1S2N.scss,Client/xr-mmlc,other_text,scanned,False,f4561a704d84b9a3ff9f0f7fb3b114945f806cefd662e6794307f6c1b4b6767e
Client/xr-mmlc/src/views/MMSMX1S2N/MMSMX1S2N.ts,Client/xr-mmlc,web_source,scanned,True,9c9f18faaad731b65a1ed280a796f9fb627a6ec6fb9026da06a277773ae9abb2
Client/xr-mmlc/src/views/MMSMX1S2N/MMSMX1S2N.vue,Client/xr-mmlc,web_source,scanned,True,4eb088f2f8dbcd78e7499b6dc6abce3a98df53badddfef242cda2b1b9c8bee4e
Client/xr-mmlc/src/views/MMSMXHHDS2N/MMSMXHHDS2N.scss,Client/xr-mmlc,other_text,scanned,False,f4561a704d84b9a3ff9f0f7fb3b114945f806cefd662e6794307f6c1b4b6767e
Client/xr-mmlc/src/views/MMSMXHHDS2N/MMSMXHHDS2N.ts,Client/xr-mmlc,web_source,scanned,True,bf253fa84a484403d1a18efd2571fad9dde78970be8a802f2c50bb41987e880f
Client/xr-mmlc/src/views/MMSMXHHDS2N/MMSMXHHDS2N.vue,Client/xr-mmlc,web_source,scanned,True,aca73256f5dc9d4ffb2b2b2cd12479cc93784a7b6bcbb7994332fa49afa307d0
Client/xr-mmlc/src/views/MMSMYLGCS2N/MMSMYLGCS2N.scss,Client/xr-mmlc,other_text,scanned,False,e3b0c44298fc1c149afbf4c8996fb92427ae41e4649b934ca495991b7852b855
Client/xr-mmlc/src/views/MMSMYLGCS2N/MMSMYLGCS2N.ts,Client/xr-mmlc,web_source,scanned,False,b2c417b19f310c05251a09592b6a8e60e6bd9930c2edae17e12245d2cc054061
Client/xr-mmlc/src/views/MMSMYLGCS2N/MMSMYLGCS2N.vue,Client/xr-mmlc,web_source,scanned,True,71f7e524365cbaa1567e4b07171ac9a9e7e596d00a0b3c3f018c7da187bf9887
Client/xr-mmlc/src/views/MMSMYLGXHZS2N/MMSMYLGXHZS2N.scss,Client/xr-mmlc,other_text,scanned,False,e3b0c44298fc1c149afbf4c8996fb92427ae41e4649b934ca495991b7852b855
Client/xr-mmlc/src/views/MMSMYLGXHZS2N/MMSMYLGXHZS2N.ts,Client/xr-mmlc,web_source,scanned,True,e54d7a3c1118d64e70f039972237c977d5e8670bff2367b07922ffb036ec9e12
Client/xr-mmlc/src/views/MMSMYLGXHZS2N/MMSMYLGXHZS2N.vue,Client/xr-mmlc,web_source,scanned,True,d13c8b3ca6d823761a66d4d1ce96b4042cf8d6033386dfbe8abccc340b36f547
Client/xr-mmlc/src/views/MMSMYLJLS2N/MMSMYLJLS2N.scss,Client/xr-mmlc,other_text,scanned,False,e3b0c44298fc1c149afbf4c8996fb92427ae41e4649b934ca495991b7852b855
Client/xr-mmlc/src/views/MMSMYLJLS2N/MMSMYLJLS2N.ts,Client/xr-mmlc,web_source,scanned,True,1656a2c87c88511c5ef9675dd5bdba296739e20c84a087502432f82c4100d731
Client/xr-mmlc/src/views/MMSMYLJLS2N/MMSMYLJLS2N.vue,Client/xr-mmlc,web_source,scanned,True,2e9162619d444077dc6256556cc28852c8ca688c40337547957b57cbc4ddbf8f
Client/xr-mmlc/src/views/MMSMYLS2N/MMSMYLS2N.scss,Client/xr-mmlc,other_text,scanned,False,e3b0c44298fc1c149afbf4c8996fb92427ae41e4649b934ca495991b7852b855
Client/xr-mmlc/src/views/MMSMYLS2N/MMSMYLS2N.ts,Client/xr-mmlc,web_source,scanned,False,f8dc31e12a04fcc0f85b5b44482ae74aacb4ef20b685768618f030576cf32edd
Client/xr-mmlc/src/views/MMSMYLS2N/MMSMYLS2N.vue,Client/xr-mmlc,web_source,scanned,True,eadc204cc103482498fbf4e1d4a6f9f4c7e9fb14e2ce4e2f39fc98053b50f1e5
Client/xr-mmlc/src/views/MMSMYLSLS2N/MMSMYLSLS2N.scss,Client/xr-mmlc,other_text,scanned,False,e3b0c44298fc1c149afbf4c8996fb92427ae41e4649b934ca495991b7852b855
Client/xr-mmlc/src/views/MMSMYLSLS2N/MMSMYLSLS2N.ts,Client/xr-mmlc,web_source,scanned,True,d527815e29f655185bab801f619e28d3efd31d83a594fc9f81d5291063ce5d5d
Client/xr-mmlc/src/views/MMSMYLSLS2N/MMSMYLSLS2N.vue,Client/xr-mmlc,web_source,scanned,True,8d457fcf7497436ffbd95d4a8ebc3c04a00b41bc5acc12a046be896a91c4de31
Client/xr-mmlc/src/views/MMSMYLWSS2N/MMSMYLWSS2N.scss,Client/xr-mmlc,other_text,scanned,False,e3b0c44298fc1c149afbf4c8996fb92427ae41e4649b934ca495991b7852b855
Client/xr-mmlc/src/views/MMSMYLWSS2N/MMSMYLWSS2N.ts,Client/xr-mmlc,web_source,scanned,True,ba3d5e9b04649d379f90749f3fcc10399121c8556122cdf57d763714307bd2f2
Client/xr-mmlc/src/views/MMSMYLWSS2N/MMSMYLWSS2N.vue,Client/xr-mmlc,web_source,scanned,True,5a0bc1005ee4cd37828eebc2b4ab21aee0355ff5f2b7e8c2e0489848bf08cbd2
Client/xr-mmlc/src/views/MMSMZXHS2N/MMSMZXHS2N.scss,Client/xr-mmlc,other_text,scanned,False,e3b0c44298fc1c149afbf4c8996fb92427ae41e4649b934ca495991b7852b855
Client/xr-mmlc/src/views/MMSMZXHS2N/MMSMZXHS2N.ts,Client/xr-mmlc,web_source,scanned,True,7194f0b161b883a0b0179d0f77b1deb715f3465f48ed8e95bf5ad0cb4bca4a0c
Client/xr-mmlc/src/views/MMSMZXHS2N/MMSMZXHS2N.vue,Client/xr-mmlc,web_source,scanned,True,75c60b2fbc36ad84a81e9b0ddc72f95107714ef7dc77f542ea25f21f01e273f0
Client/xr-mmlc/src/vite-env.d.ts,Client/xr-mmlc,web_source,scanned,True,e312a79d191b359f765c671e15208a344269e30691602344db115a0de9ee0e1f
Client/xr-mmlc/tsconfig.json,Client/xr-mmlc,config_or_resource,scanned,True,b139294888379c2b1c73ae0b0d3012cb01e20d5f440bd20f466be5583553a447
Client/xr-mmlc/vite.config.ts,Client/xr-mmlc,web_source,scanned,True,85710641c159e94d050cecbec014ce5f959b8a89fd225429b99ae6073178d1ec
Client/xr-mmsm-ag/.env.development,Client/xr-mmsm-ag,environment_config_values_not_exported,scanned,True,8468db595d5f0a94d6639fda7f55a81fa206cb9e754f3c220303105edfab66ed
Client/xr-mmsm-ag/.env.production,Client/xr-mmsm-ag,environment_config_values_not_exported,scanned,True,03e1722ce51126d23b999bf1c0d36d9343cdcd50041271a4db5e2cfd86ddb7bd
Client/xr-mmsm-ag/.gitignore,Client/xr-mmsm-ag,other_text,scanned,False,8bc74dbde5ee1e147e5971b7b0f3cced7e8a128e73cd7865df5057fe6b309b01
Client/xr-mmsm-ag/.vscode/extensions.json,Client/xr-mmsm-ag,config_or_resource,scanned,False,1e73d21c9de2df0dda46d9223325067047dd68d86311e2ccb7c52b302c35edaf
Client/xr-mmsm-ag/@mf-types/EFX/EFX.d.ts,Client/xr-mmsm-ag,dependency_or_type_declaration,scanned,True,8cc822b89b1d3cfdac7b8becf42e609abf30a0998627bd45371d32094fce1b26
Client/xr-mmsm-ag/@mf-types/EFX/index.d.ts,Client/xr-mmsm-ag,dependency_or_type_declaration,scanned,False,eba25c4b2962d44a0924529d03d039960473e3eb404266edccca8c7ff62f6532
Client/xr-mmsm-ag/@mf-types/EFX/package.json,Client/xr-mmsm-ag,dependency_or_type_declaration,scanned,True,d4837aae4c071d94a39b585d349e339358cb16e92b71ad96f18c5297ede77b49
Client/xr-mmsm-ag/@mf-types/EIX/index.d.ts,Client/xr-mmsm-ag,dependency_or_type_declaration,scanned,True,1ed6745584e901ce103d4fcc893b1dfec165c5127007679cde9a94901260f6e1
Client/xr-mmsm-ag/@mf-types/EIX/package.json,Client/xr-mmsm-ag,dependency_or_type_declaration,scanned,True,ef19105d914a78129730e844aa11bb16a22f93ad1f4c1ade9df078e25704eb65
Client/xr-mmsm-ag/@mf-types/EIX/types/.gitkeep,Client/xr-mmsm-ag,dependency_or_type_declaration,scanned,False,e3b0c44298fc1c149afbf4c8996fb92427ae41e4649b934ca495991b7852b855
Client/xr-mmsm-ag/@mf-types/EIX/types/axios.d.ts,Client/xr-mmsm-ag,dependency_or_type_declaration,scanned,True,a2d3d0394a3ce2c52f67e5ffc4f93ed0306a4748e3cd2f2208813a44b5e57fbf
Client/xr-mmsm-ag/@mf-types/EIX/types/ei-manager.d.ts,Client/xr-mmsm-ag,dependency_or_type_declaration,scanned,True,9e36cc2dd2392312b1cfb2fd79c33f077cc8d63cc8948840ddb855496cbae2a0
Client/xr-mmsm-ag/@mf-types/EIX/types/ei-tools.d.ts,Client/xr-mmsm-ag,dependency_or_type_declaration,scanned,False,ee1973c8df465844a52fcaa9cb24070c8f6b8d424b59870bb82a73f19635598e
Client/xr-mmsm-ag/@mf-types/EIX/types/ei.d.ts,Client/xr-mmsm-ag,dependency_or_type_declaration,scanned,True,1405df6f25d5202680349286d73086582d836393b9e5e96a75555c9096996a54
Client/xr-mmsm-ag/@mf-types/EIX/types/ep.d.ts,Client/xr-mmsm-ag,dependency_or_type_declaration,scanned,False,d75651b029f8c06c087830ed5d94dfa06ab193059d3a4f6254f01030bd15310f
Client/xr-mmsm-ag/@mf-types/EIX/types/index.d.ts,Client/xr-mmsm-ag,dependency_or_type_declaration,scanned,True,b9bd913b5e77d0398726b18f285d69ed8212d06f2c7f3c52136901176a184455
Client/xr-mmsm-ag/@mf-types/EIX/types/model.d.ts,Client/xr-mmsm-ag,dependency_or_type_declaration,scanned,False,29ce3ec2fd75eb819eb5ae3ce5a8b7115c53c2b3b02b7883c57e965cec2cd491
Client/xr-mmsm-ag/@mf-types/EIX/types/options.d.ts,Client/xr-mmsm-ag,dependency_or_type_declaration,scanned,True,d44528d17f0361218ec6a4652e9e488fa69e42fc27c51c02b837153b53bd27d3
Client/xr-mmsm-ag/@mf-types/EIX/types/type.d.ts,Client/xr-mmsm-ag,dependency_or_type_declaration,scanned,False,a9bc3be542736b380e2b35a265c141d666f3b62ce15b278c7e0083caa2c6f46b
Client/xr-mmsm-ag/@mf-types/EIX/types/utils.d.ts,Client/xr-mmsm-ag,dependency_or_type_declaration,scanned,True,f7a03e271b127953aa103cca493f37202d593dc3d2b36cb8597eb45544758145
Client/xr-mmsm-ag/@mf-types/EPTF/EPTF.d.ts,Client/xr-mmsm-ag,dependency_or_type_declaration,scanned,False,72a0b37ba4c1bd0b1b86ff5b94c33dc48c78ecd182a1120c6cb4cedadeb767a3
Client/xr-mmsm-ag/@mf-types/EPTF/index.d.ts,Client/xr-mmsm-ag,dependency_or_type_declaration,scanned,False,1a9cc32df3c83759b19ee8a00f5fd881706302d39cfd15ef99ac7bc57cade1ac
Client/xr-mmsm-ag/@mf-types/EPTF/package.json,Client/xr-mmsm-ag,dependency_or_type_declaration,scanned,True,55f68a82372af2b2d97e0c78e24eafbd30d0723c1884cfb24bcea92cfd0a4a53
Client/xr-mmsm-ag/@mf-types/ERX/ERX.d.ts,Client/xr-mmsm-ag,dependency_or_type_declaration,scanned,True,aaf52aa2d9c78519735cf81d7ca08836534600100085d87a669f4c42fe3a1c47
Client/xr-mmsm-ag/@mf-types/ERX/index.d.ts,Client/xr-mmsm-ag,dependency_or_type_declaration,scanned,False,1d36e3453cd6a856ae8e5bb616771993dd6486dec803b28994044cefd02ae134
Client/xr-mmsm-ag/@mf-types/ERX/package.json,Client/xr-mmsm-ag,dependency_or_type_declaration,scanned,True,db7f98c8d5e9a6da284883b05c20145999523d30a02c75d9cc32f8fa3ac8ba3c
Client/xr-mmsm-ag/README.md,Client/xr-mmsm-ag,document_or_log,scanned,True,a44c45aedaaf49a5599e585198c6c228a0785c4111c6ab12a178f00350698277
Client/xr-mmsm-ag/build/utils.ts,Client/xr-mmsm-ag,generated_or_build_support,scanned,True,6d731fc2209f69b40b1a85c93a1c8748574e1adc615eb4d528352decf9522cb1
Client/xr-mmsm-ag/index.html,Client/xr-mmsm-ag,web_source,scanned,True,326ef6bc8af5fecf9cee400edff834ce7481af758ce81c20455ef3c8d28707c8
Client/xr-mmsm-ag/package-lock.json,Client/xr-mmsm-ag,dependency_lock,scanned,True,a076815bf9bc10d4548f418a84229909068f2e4cd44f54a28e739b37f621b765
Client/xr-mmsm-ag/package.json,Client/xr-mmsm-ag,config_or_resource,scanned,True,78947082544a06f64d2e541cb5bd10e5ae54be1a1471b23bd947e6be18ea811f
Client/xr-mmsm-ag/src/App.vue,Client/xr-mmsm-ag,web_source,scanned,True,bea21b84d9e02ae208e1b9716e97fbc6b9a4a18e40428e48604791fbc131a77b
Client/xr-mmsm-ag/src/assets/vue.svg,Client/xr-mmsm-ag,other_text,scanned,False,5532db34f1c52841881bab8aeca6c3e8d092bd21a689a65f4d8f8cf8041eef9d
Client/xr-mmsm-ag/src/components/Result/index.vue,Client/xr-mmsm-ag,web_source,scanned,False,1cb5f91a34874660e11f441f8c76e92ca33bae4a30ff658a2779727858ef8109
Client/xr-mmsm-ag/src/components/Result/svg/error.vue,Client/xr-mmsm-ag,web_source,scanned,False,ca47a4d00cc74fe94f9394c2bd67f96ff32fadf4a46ceefe145e0ca4b70cf010
Client/xr-mmsm-ag/src/components/Result/svg/info.vue,Client/xr-mmsm-ag,web_source,scanned,False,8b12ef11b5ee93baf289e04b47c43e003bb8db8467eaa91d98e0a801c9f61fd0
Client/xr-mmsm-ag/src/components/Result/svg/noFound.vue,Client/xr-mmsm-ag,web_source,scanned,False,0ff712a43a004d8f47469e7024453b72c09b10ef3775571d89dbe65023f52bfb
Client/xr-mmsm-ag/src/components/Result/svg/serverError.vue,Client/xr-mmsm-ag,web_source,scanned,False,a9e1494601a29c04de5c1e5cb08eac2d480e097b98dcf237550c5f4c9aad2d86
Client/xr-mmsm-ag/src/components/Result/svg/success.vue,Client/xr-mmsm-ag,web_source,scanned,False,ea78e9a97a3dcaefb54fd18d225511c1ef9e66c4fcb09c72617e128c57b8697d
Client/xr-mmsm-ag/src/components/Result/svg/unauthorized.vue,Client/xr-mmsm-ag,web_source,scanned,True,4981c678833022a34a03992da44ee10358a54956447db8b5fbd1dfecb4800749
Client/xr-mmsm-ag/src/components/Result/svg/warning.vue,Client/xr-mmsm-ag,web_source,scanned,False,0f8ad54c3cd363bb4d7d8e4b25325872f1c13468030cd297c27d2a9ea1067783
Client/xr-mmsm-ag/src/main.ts,Client/xr-mmsm-ag,web_source,scanned,True,b06c405636767fcfc33c548346bd00dcd58a2d42739bcc9f53b5dc2bc4e80335
Client/xr-mmsm-ag/src/model/data.d.ts,Client/xr-mmsm-ag,web_source,scanned,True,efc794151d104e3be4b5799ce7b4fccc46709879a04c7f92467bfefd622d1868
Client/xr-mmsm-ag/src/router/index.ts,Client/xr-mmsm-ag,web_source,scanned,True,d72271f686b0fb6bd87a5018e1d3fb3d5c556d3253bad21e60bece460d4e4ec0
Client/xr-mmsm-ag/src/styles/index.scss,Client/xr-mmsm-ag,other_text,scanned,False,e5860729326019a9485b6a77a24b714d35120b6c4c01fbaeabf195ff09188be6
Client/xr-mmsm-ag/src/utils/i18n/local.zh.ts,Client/xr-mmsm-ag,web_source,scanned,True,4b62259a5c146a604f932b6178d0886f3cdc643ca37540ae8934cb4e91af03d5
Client/xr-mmsm-ag/src/utils/theme.ts,Client/xr-mmsm-ag,web_source,scanned,True,843178218de1a0166f29b5a621de1da600acc4e1e69c570423673deac8cdec32
Client/xr-mmsm-ag/src/views/404/index.vue,Client/xr-mmsm-ag,web_source,scanned,True,f77963c7ba0dd45a29f2c8164c7afb5dbabb7ecae4689e353f5d5add54755e65
Client/xr-mmsm-ag/src/views/DEMO/DEMO.vue,Client/xr-mmsm-ag,web_source,scanned,False,5b34fb4cad87eff21becdd1a478a11723a753db53992dc948eb00ced09e6681f
Client/xr-mmsm-ag/src/views/MMSM01A1S2N/MMSM01A1S2N.scss,Client/xr-mmsm-ag,other_text,scanned,False,e3b0c44298fc1c149afbf4c8996fb92427ae41e4649b934ca495991b7852b855
Client/xr-mmsm-ag/src/views/MMSM01A1S2N/MMSM01A1S2N.ts,Client/xr-mmsm-ag,web_source,scanned,True,96e787a3d744f594d7a0939ec4749e3e8a02c78de70fe4d3029cd8ce415e5dc5
Client/xr-mmsm-ag/src/views/MMSM01A1S2N/MMSM01A1S2N.vue,Client/xr-mmsm-ag,web_source,scanned,True,da3ae6a53de037c6af6f52e110b13a6d25ecc6be9ae8abd21fb3a88d91b2f0eb
Client/xr-mmsm-ag/src/views/MMSM112CVS2N/MMSM112CVS2N.scss,Client/xr-mmsm-ag,other_text,scanned,False,e3b0c44298fc1c149afbf4c8996fb92427ae41e4649b934ca495991b7852b855
Client/xr-mmsm-ag/src/views/MMSM112CVS2N/MMSM112CVS2N.ts,Client/xr-mmsm-ag,web_source,scanned,True,ca1a1ffb887674cb8ae6dd9436c48596b8f84b5c91a0a09b2bd5845e0681aee2
Client/xr-mmsm-ag/src/views/MMSM112CVS2N/MMSM112CVS2N.vue,Client/xr-mmsm-ag,web_source,scanned,True,331d09cfc8f2fdfa7daa51bf2438b7ef4895aa1b7cd59690b5f6f976df27fd5f
Client/xr-mmsm-ag/src/views/MMSM112DVS2N/MMSM112DVS2N.scss,Client/xr-mmsm-ag,other_text,scanned,False,e3b0c44298fc1c149afbf4c8996fb92427ae41e4649b934ca495991b7852b855
Client/xr-mmsm-ag/src/views/MMSM112DVS2N/MMSM112DVS2N.ts,Client/xr-mmsm-ag,web_source,scanned,True,053f59ce9f017619861d3ec7e08e6635a6892416edf788fae1edf5a53a2cb49c
Client/xr-mmsm-ag/src/views/MMSM112DVS2N/MMSM112DVS2N.vue,Client/xr-mmsm-ag,web_source,scanned,True,1b6d8089e0e80b6ad2ef546c40b45fcfb954d0f29c17b5be5ff8d3a3cc7e3d25
Client/xr-mmsm-ag/src/views/MMSM11AS2N/MMSM11AS2N.scss,Client/xr-mmsm-ag,other_text,scanned,False,e3b0c44298fc1c149afbf4c8996fb92427ae41e4649b934ca495991b7852b855
Client/xr-mmsm-ag/src/views/MMSM11AS2N/MMSM11AS2N.ts,Client/xr-mmsm-ag,web_source,scanned,True,ac9bc14cb9f56ec64d54a0cc84e68c6dc14c4883c7dad975982ce5167e2b7af0
Client/xr-mmsm-ag/src/views/MMSM11AS2N/MMSM11AS2N.vue,Client/xr-mmsm-ag,web_source,scanned,True,08bda4bdf02220cdd7355e4956343daedcf5ed6245db5f928b471da11211bac0
Client/xr-mmsm-ag/src/views/MMSM11AV/MMSM11AV.scss,Client/xr-mmsm-ag,other_text,scanned,False,e3b0c44298fc1c149afbf4c8996fb92427ae41e4649b934ca495991b7852b855
Client/xr-mmsm-ag/src/views/MMSM11AV/MMSM11AV.ts,Client/xr-mmsm-ag,web_source,scanned,True,523846f1609b595d8fc77174925f57f255b580f5cb8cfd8fb86a2113d6e2805b
Client/xr-mmsm-ag/src/views/MMSM11AV/MMSM11AV.vue,Client/xr-mmsm-ag,web_source,scanned,True,1a4f082af7744cb0d44aed90e109529e9c21e380ccb72d5af6b9b53e81b594e5
Client/xr-mmsm-ag/src/views/MMSM11BS2N/MMSM11BS2N.scss,Client/xr-mmsm-ag,other_text,scanned,False,e3b0c44298fc1c149afbf4c8996fb92427ae41e4649b934ca495991b7852b855
Client/xr-mmsm-ag/src/views/MMSM11BS2N/MMSM11BS2N.ts,Client/xr-mmsm-ag,web_source,scanned,True,d1ddacc4d410fc467505359fe656d4ccf4ef9aae392ad92e08c277c830b832c0
Client/xr-mmsm-ag/src/views/MMSM11BS2N/MMSM11BS2N.vue,Client/xr-mmsm-ag,web_source,scanned,True,9f27f6ba6266b099c442d2d28ebd210f0d2c7395ec342f612982b6e41a4f459e
Client/xr-mmsm-ag/src/views/MMSM11BV/MMSM11BV.scss,Client/xr-mmsm-ag,other_text,scanned,False,e3b0c44298fc1c149afbf4c8996fb92427ae41e4649b934ca495991b7852b855
Client/xr-mmsm-ag/src/views/MMSM11BV/MMSM11BV.ts,Client/xr-mmsm-ag,web_source,scanned,True,d47e747758c8c657821648ec42e188a762ca48b147b7a74cb6652527e466e220
Client/xr-mmsm-ag/src/views/MMSM11BV/MMSM11BV.vue,Client/xr-mmsm-ag,web_source,scanned,True,52d08b55aae505ce95eb43c20bbedd608678f42dbeb5b09484f2e6cb6ae2a685
Client/xr-mmsm-ag/src/views/MMSM11CS2N/MMSM11CS2N.scss,Client/xr-mmsm-ag,other_text,scanned,False,e3b0c44298fc1c149afbf4c8996fb92427ae41e4649b934ca495991b7852b855
Client/xr-mmsm-ag/src/views/MMSM11CS2N/MMSM11CS2N.ts,Client/xr-mmsm-ag,web_source,scanned,True,ce5b65de5fa60a88c77a6ae6bd78df44badb4869e14a8db1179b84435be1a7cd
Client/xr-mmsm-ag/src/views/MMSM11CS2N/MMSM11CS2N.vue,Client/xr-mmsm-ag,web_source,scanned,True,93a16380dfd338ccc695abff8253c36d1cdd055959b59b41e24ac0c72c192751
Client/xr-mmsm-ag/src/views/MMSM11CV/MMSM11CV.ts,Client/xr-mmsm-ag,web_source,scanned,True,aee9aec89d93c1a9a421ec3ab0f097cc4802c56dc65880905b9ff2c5a701f4d6
Client/xr-mmsm-ag/src/views/MMSM11CV/MMSM11CV.vue,Client/xr-mmsm-ag,web_source,scanned,True,6c9181b63b26fccc3a7baf1c08bedc2677c7a28367ca7dd6629ad9d4481e8f28
Client/xr-mmsm-ag/src/views/MMSM11CV/MMSM1CV.scss,Client/xr-mmsm-ag,other_text,scanned,False,e3b0c44298fc1c149afbf4c8996fb92427ae41e4649b934ca495991b7852b855
Client/xr-mmsm-ag/src/views/MMSM11DCS2N/MMSM11DCS2N.scss,Client/xr-mmsm-ag,other_text,scanned,False,e3b0c44298fc1c149afbf4c8996fb92427ae41e4649b934ca495991b7852b855
Client/xr-mmsm-ag/src/views/MMSM11DCS2N/MMSM11DCS2N.ts,Client/xr-mmsm-ag,web_source,scanned,True,5540b87ccf43366c35df071acdbdd18644eb3ead3165591595309fb2ac7eeb81
Client/xr-mmsm-ag/src/views/MMSM11DCS2N/MMSM11DCS2N.vue,Client/xr-mmsm-ag,web_source,scanned,True,709d5c07d9e2ef4651e456615451fa557a17b0a33ef2da67f78311e09f7f5a60
Client/xr-mmsm-ag/src/views/MMSM11DWCLS2N/MMSM11DWCLS2N.scss,Client/xr-mmsm-ag,other_text,scanned,False,e3b0c44298fc1c149afbf4c8996fb92427ae41e4649b934ca495991b7852b855
Client/xr-mmsm-ag/src/views/MMSM11DWCLS2N/MMSM11DWCLS2N.ts,Client/xr-mmsm-ag,web_source,scanned,True,c34aa38314ccfcb63e40cb963430144e1375b5106a1604d3c5c180d34814b00b
Client/xr-mmsm-ag/src/views/MMSM11DWCLS2N/MMSM11DWCLS2N.vue,Client/xr-mmsm-ag,web_source,scanned,True,28249b12f8265376cd1fb56a6fc73fcec442d37f916a50eaa03878d3e2bd8d1d
Client/xr-mmsm-ag/src/views/MMSM11ES2N/MMSM11ES2N.scss,Client/xr-mmsm-ag,other_text,scanned,False,e3b0c44298fc1c149afbf4c8996fb92427ae41e4649b934ca495991b7852b855
Client/xr-mmsm-ag/src/views/MMSM11ES2N/MMSM11ES2N.ts,Client/xr-mmsm-ag,web_source,scanned,True,a74d6e40b6e5f52668004959cc34d7b41e579b31043422006cc192a4ea91b487
Client/xr-mmsm-ag/src/views/MMSM11ES2N/MMSM11ES2N.vue,Client/xr-mmsm-ag,web_source,scanned,True,c8ad22aabd0473819c0d80ee17aac967a67af690707bb11fd126bc56e339dc83
Client/xr-mmsm-ag/src/views/MMSM11FS2N/MMSM11FS2N.scss,Client/xr-mmsm-ag,other_text,scanned,False,e3b0c44298fc1c149afbf4c8996fb92427ae41e4649b934ca495991b7852b855
Client/xr-mmsm-ag/src/views/MMSM11FS2N/MMSM11FS2N.ts,Client/xr-mmsm-ag,web_source,scanned,True,57ff64bbfd0874e737cce04aaa51364612bec6c2f7423b451dfe7aec62f1ef68
Client/xr-mmsm-ag/src/views/MMSM11FS2N/MMSM11FS2N.vue,Client/xr-mmsm-ag,web_source,scanned,True,0e5a25cd3c6637d911c711622bcbac9bfa4ca583b6a99efdb128f01b3a1de8eb
Client/xr-mmsm-ag/src/views/MMSM11GS2N/MMSM11GS2N.scss,Client/xr-mmsm-ag,other_text,scanned,False,e3b0c44298fc1c149afbf4c8996fb92427ae41e4649b934ca495991b7852b855
Client/xr-mmsm-ag/src/views/MMSM11GS2N/MMSM11GS2N.ts,Client/xr-mmsm-ag,web_source,scanned,True,f4b70f75ec0dae5b1f06d96bb6c59176e13904b35690d97f87df272c82e3c5e7
Client/xr-mmsm-ag/src/views/MMSM11GS2N/MMSM11GS2N.vue,Client/xr-mmsm-ag,web_source,scanned,True,16439bc3a139311744c2b2ed4d0f135229fc1438750df8baad7b551050239b8e
Client/xr-mmsm-ag/src/views/MMSM11KS2N/MMSM11KS2N.scss,Client/xr-mmsm-ag,other_text,scanned,False,e3b0c44298fc1c149afbf4c8996fb92427ae41e4649b934ca495991b7852b855
Client/xr-mmsm-ag/src/views/MMSM11KS2N/MMSM11KS2N.ts,Client/xr-mmsm-ag,web_source,scanned,True,77547a955393a7572d28506ebf779e21fbcd01bcab5758a289b4bd96400976d2
Client/xr-mmsm-ag/src/views/MMSM11KS2N/MMSM11KS2N.vue,Client/xr-mmsm-ag,web_source,scanned,True,34e541402ada09300409c7daa9c5c1dc717825f89991df99f3697f20bbd61fdd
Client/xr-mmsm-ag/src/views/MMSM11QCS2N/MMSM11QCS2N.scss,Client/xr-mmsm-ag,other_text,scanned,False,e3b0c44298fc1c149afbf4c8996fb92427ae41e4649b934ca495991b7852b855
Client/xr-mmsm-ag/src/views/MMSM11QCS2N/MMSM11QCS2N.ts,Client/xr-mmsm-ag,web_source,scanned,True,5c614a94e6ef14d92b955364ff2e00871e297de46574ba7bef021b42b4b6fd9e
Client/xr-mmsm-ag/src/views/MMSM11QCS2N/MMSM11QCS2N.vue,Client/xr-mmsm-ag,web_source,scanned,True,48f01113d8cb35f9f8b46e7b49576a57c953a7eab94ef0687e02936aa07005f7
Client/xr-mmsm-ag/src/views/MMSM11QS2N/MMSM11QS2N.scss,Client/xr-mmsm-ag,other_text,scanned,False,e3b0c44298fc1c149afbf4c8996fb92427ae41e4649b934ca495991b7852b855
Client/xr-mmsm-ag/src/views/MMSM11QS2N/MMSM11QS2N.ts,Client/xr-mmsm-ag,web_source,scanned,True,f3edffa583000d030a88936e14f1a5885dcabb4366dd0c07dca15d111ad4d7a6
Client/xr-mmsm-ag/src/views/MMSM11QS2N/MMSM11QS2N.vue,Client/xr-mmsm-ag,web_source,scanned,True,9328c1f6aaa6bf286f0480531aef923e7c38be3e46e227841b08aa60d8f564d1
Client/xr-mmsm-ag/src/views/MMSM11S2N/MMSM11S2N.scss,Client/xr-mmsm-ag,other_text,scanned,False,e3b0c44298fc1c149afbf4c8996fb92427ae41e4649b934ca495991b7852b855
Client/xr-mmsm-ag/src/views/MMSM11S2N/MMSM11S2N.ts,Client/xr-mmsm-ag,web_source,scanned,True,2c696c8d92102abe87ff69308919b561337fe0e8ab57670282ba4bbc7b7bb16c
Client/xr-mmsm-ag/src/views/MMSM11S2N/MMSM11S2N.vue,Client/xr-mmsm-ag,web_source,scanned,True,6da52bb669169d2067aea5bb19812dfd35b4a2929466ab6f41cbb07a5e34d7a4
Client/xr-mmsm-ag/src/views/MMSM11TS2N/MMSM11TS2N.ts,Client/xr-mmsm-ag,web_source,scanned,True,0218d0183e5eead2729be8e7e15925a49e9d655d21970cd2792cea9395f17d6b
Client/xr-mmsm-ag/src/views/MMSM11TS2N/MMSM11TS2N.vue,Client/xr-mmsm-ag,web_source,scanned,True,1c4ac609f6fbb5dd6fb859143df095fda4733029bb6f1adf0fb600289723ff28
Client/xr-mmsm-ag/src/views/MMSM12AS2N/MMSM12AS2N.scss,Client/xr-mmsm-ag,other_text,scanned,False,e3b0c44298fc1c149afbf4c8996fb92427ae41e4649b934ca495991b7852b855
Client/xr-mmsm-ag/src/views/MMSM12AS2N/MMSM12AS2N.ts,Client/xr-mmsm-ag,web_source,scanned,True,4e5efde4f809691551886efcc11572b4797cc86f6d937d98b2a38c940ff14313
Client/xr-mmsm-ag/src/views/MMSM12AS2N/MMSM12AS2N.vue,Client/xr-mmsm-ag,web_source,scanned,True,65d8e786eb0b80ee2e638a7222f6646467877e41011494a5fd596cc1759d8903
Client/xr-mmsm-ag/src/views/MMSM12DCS2N/MMSM12DCS2N.scss,Client/xr-mmsm-ag,other_text,scanned,False,e3b0c44298fc1c149afbf4c8996fb92427ae41e4649b934ca495991b7852b855
Client/xr-mmsm-ag/src/views/MMSM12DCS2N/MMSM12DCS2N.ts,Client/xr-mmsm-ag,web_source,scanned,True,4a2362c631429df4c9848f524b0a428cb9d33ea537f449fb7eaf4482389cb42f
Client/xr-mmsm-ag/src/views/MMSM12DCS2N/MMSM12DCS2N.vue,Client/xr-mmsm-ag,web_source,scanned,True,546e1d42c98ec08516a8e755ce574df50d3846f11f83b985261ba2cf6b3bde7c
Client/xr-mmsm-ag/src/views/MMSM12DS2N/MMSM12DS2N.scss,Client/xr-mmsm-ag,other_text,scanned,False,e3b0c44298fc1c149afbf4c8996fb92427ae41e4649b934ca495991b7852b855
Client/xr-mmsm-ag/src/views/MMSM12DS2N/MMSM12DS2N.ts,Client/xr-mmsm-ag,web_source,scanned,True,bd19d7dc93c3b20a9c4d22e946799f1d66bd78a63dd428dcf0bcc2b696f092fa
Client/xr-mmsm-ag/src/views/MMSM12DS2N/MMSM12DS2N.vue,Client/xr-mmsm-ag,web_source,scanned,True,24211773bb38ebc870a003ee243d14498024293ca8831ae52d55001f7f4d2354
Client/xr-mmsm-ag/src/views/MMSM12ES2N/MMSM12ES2N.scss,Client/xr-mmsm-ag,other_text,scanned,False,e3b0c44298fc1c149afbf4c8996fb92427ae41e4649b934ca495991b7852b855
Client/xr-mmsm-ag/src/views/MMSM12ES2N/MMSM12ES2N.ts,Client/xr-mmsm-ag,web_source,scanned,True,11b50c0a83212f132f4f8197296062a7ecd733d0b3d2d7bfc2b27ae8c286ed8d
Client/xr-mmsm-ag/src/views/MMSM12ES2N/MMSM12ES2N.vue,Client/xr-mmsm-ag,web_source,scanned,True,59ecd17198f2d63494af9abb8ecce63cc5bfe0751a13876f1960e659c930057e
Client/xr-mmsm-ag/src/views/MMSM12GZ/MMSM12GZ.ts,Client/xr-mmsm-ag,web_source,scanned,True,35e061f955e4f000758d7f4c1fd8809b9e138a899e4332d85afad138427cd674
Client/xr-mmsm-ag/src/views/MMSM12GZ/MMSM12GZ.vue,Client/xr-mmsm-ag,web_source,scanned,True,de07cad73b37d214a988b52fbf1baa4e84ace989145c98b4c6ca025d5c41dbce
Client/xr-mmsm-ag/src/views/MMSM12QCS2N/MMSM12QCS2N.scss,Client/xr-mmsm-ag,other_text,scanned,False,e3b0c44298fc1c149afbf4c8996fb92427ae41e4649b934ca495991b7852b855
Client/xr-mmsm-ag/src/views/MMSM12QCS2N/MMSM12QCS2N.ts,Client/xr-mmsm-ag,web_source,scanned,True,dbe4d11a7550b97964284689ca7e17dfc644224293090c471c4776e318798acf
Client/xr-mmsm-ag/src/views/MMSM12QCS2N/MMSM12QCS2N.vue,Client/xr-mmsm-ag,web_source,scanned,True,0bfadcfcef37b749e6f32ed88e5659d562761e7d956a6228be044088d9e57cc4
Client/xr-mmsm-ag/src/views/MMSM12QYS2N/MMSM12QYS2N.scss,Client/xr-mmsm-ag,other_text,scanned,False,e3b0c44298fc1c149afbf4c8996fb92427ae41e4649b934ca495991b7852b855
Client/xr-mmsm-ag/src/views/MMSM12QYS2N/MMSM12QYS2N.ts,Client/xr-mmsm-ag,web_source,scanned,True,b5d594b764fa1ff3becaad20eebac8b3c0883407e6e74e89bf1168fd2747b9fe
Client/xr-mmsm-ag/src/views/MMSM12QYS2N/MMSM12QYS2N.vue,Client/xr-mmsm-ag,web_source,scanned,True,c255c53aac63c1a7a1206a7c5359adbefc53285a34645ba91a717733c211e5c3
Client/xr-mmsm-ag/src/views/MMSM12S2N/MMSM12S2N.scss,Client/xr-mmsm-ag,other_text,scanned,False,e3b0c44298fc1c149afbf4c8996fb92427ae41e4649b934ca495991b7852b855
Client/xr-mmsm-ag/src/views/MMSM12S2N/MMSM12S2N.ts,Client/xr-mmsm-ag,web_source,scanned,True,db0fc27d562edf28c2f38c4f94c215a108a3f3426328a66a0a70339e9ba6ea49
Client/xr-mmsm-ag/src/views/MMSM12S2N/MMSM12S2N.vue,Client/xr-mmsm-ag,web_source,scanned,True,031d1fe234b9f7a2e718f8a2d9c71c083cd16a57c2173e3ec8bceb4c0476dbc3
Client/xr-mmsm-ag/src/views/MMSM15AS2N/MMSM15AS2N.scss,Client/xr-mmsm-ag,other_text,scanned,False,e3b0c44298fc1c149afbf4c8996fb92427ae41e4649b934ca495991b7852b855
Client/xr-mmsm-ag/src/views/MMSM15AS2N/MMSM15AS2N.ts,Client/xr-mmsm-ag,web_source,scanned,True,f11a705e6cf6b9e48a1eae1c24a49437243198d55c0e4acdc38c8cb65d350a36
Client/xr-mmsm-ag/src/views/MMSM15AS2N/MMSM15AS2N.vue,Client/xr-mmsm-ag,web_source,scanned,True,f31e0c4166ac088aeeaa07ef415bad9971d5514b31c18dbf3f3637de4d1e6b44
Client/xr-mmsm-ag/src/views/MMSM2A02S2N/MMSM2A02S2N.scss,Client/xr-mmsm-ag,other_text,scanned,False,e3b0c44298fc1c149afbf4c8996fb92427ae41e4649b934ca495991b7852b855
Client/xr-mmsm-ag/src/views/MMSM2A02S2N/MMSM2A02S2N.ts,Client/xr-mmsm-ag,web_source,scanned,True,871c10f7f4d060b52493ba24cc817e8e6617850dcac05eca9b21bd4348bbc0dd
Client/xr-mmsm-ag/src/views/MMSM2A02S2N/MMSM2A02S2N.vue,Client/xr-mmsm-ag,web_source,scanned,True,18f2b7f71b54b7031caf1c1218bb98c40e90431b00bbb949f83d7ce0907c49b7
Client/xr-mmsm-ag/src/views/MMSM2AFTS2N/MMSM2AFTS2N.scss,Client/xr-mmsm-ag,other_text,scanned,False,e3b0c44298fc1c149afbf4c8996fb92427ae41e4649b934ca495991b7852b855
Client/xr-mmsm-ag/src/views/MMSM2AFTS2N/MMSM2AFTS2N.ts,Client/xr-mmsm-ag,web_source,scanned,True,1ac680e985990a241e952eea9099ffaaea918f41c4750e0294cdc1ced02a372d
Client/xr-mmsm-ag/src/views/MMSM2AFTS2N/MMSM2AFTS2N.vue,Client/xr-mmsm-ag,web_source,scanned,True,10df47540a4c22c4cff73289411b43fd634431a2be09d127c2b8b2cd05a7545f
Client/xr-mmsm-ag/src/views/MMSM2EPOP/MMSM2EPOP.scss,Client/xr-mmsm-ag,other_text,scanned,False,e3b0c44298fc1c149afbf4c8996fb92427ae41e4649b934ca495991b7852b855
Client/xr-mmsm-ag/src/views/MMSM2EPOP/MMSM2EPOP.ts,Client/xr-mmsm-ag,web_source,scanned,True,4411efbfba0c5eca79c4b0204bfe0215f826830283beadd2060b2d5f8318aa58
Client/xr-mmsm-ag/src/views/MMSM2EPOP/MMSM2EPOP.vue,Client/xr-mmsm-ag,web_source,scanned,True,b56218e0352c4b8ef6ed1e93f85e0206286fd5709dae3f1151da8596274fe480
Client/xr-mmsm-ag/src/views/MMSM2ES2N/MMSM2ES2N.scss,Client/xr-mmsm-ag,other_text,scanned,False,e3b0c44298fc1c149afbf4c8996fb92427ae41e4649b934ca495991b7852b855
Client/xr-mmsm-ag/src/views/MMSM2ES2N/MMSM2ES2N.ts,Client/xr-mmsm-ag,web_source,scanned,True,bd14cd5140d443fcfd9a0f1fba4c9d47144ef09d4f921084444a1ab4b0b411d6
Client/xr-mmsm-ag/src/views/MMSM2ES2N/MMSM2ES2N.vue,Client/xr-mmsm-ag,web_source,scanned,True,8f54bd360044d5e2039f8756767a923063fbc8d50ecf17f6b6d90fcf708e7d5b
Client/xr-mmsm-ag/src/views/MMSM31AS2N/MMSM31AS2N.ts,Client/xr-mmsm-ag,web_source,scanned,True,76d09e13453369779e3cd9c0165836650e928bf3590454082aaed855af64816e
Client/xr-mmsm-ag/src/views/MMSM31AS2N/MMSM31AS2N.vue,Client/xr-mmsm-ag,web_source,scanned,True,cbca871f29b88f2024bad2866790e989ba2391871f4905b62a968bcdaa0e2fbd
Client/xr-mmsm-ag/src/views/MMSM33BATCHS2N/MMSM33BATCHS2N.scss,Client/xr-mmsm-ag,other_text,scanned,False,e3b0c44298fc1c149afbf4c8996fb92427ae41e4649b934ca495991b7852b855
Client/xr-mmsm-ag/src/views/MMSM33BATCHS2N/MMSM33BATCHS2N.ts,Client/xr-mmsm-ag,web_source,scanned,True,1997d9b4d73857a2f416e60201b512a917dbf4bac53a86a61a72a463adc5204b
Client/xr-mmsm-ag/src/views/MMSM33BATCHS2N/MMSM33BATCHS2N.vue,Client/xr-mmsm-ag,web_source,scanned,True,d716e5efd4cfdca6e73a13e7936393dd2e31d268e80f8f24e822e957daac9513
Client/xr-mmsm-ag/src/views/MMSM33BPGG/MMSM33BPGG.scss,Client/xr-mmsm-ag,other_text,scanned,False,e3b0c44298fc1c149afbf4c8996fb92427ae41e4649b934ca495991b7852b855
Client/xr-mmsm-ag/src/views/MMSM33BPGG/MMSM33BPGG.ts,Client/xr-mmsm-ag,web_source,scanned,True,7102205ed99868c0acb92c684485fe24cd6ef1100531b79c380083fb620e03ee
Client/xr-mmsm-ag/src/views/MMSM33BPGG/MMSM33BPGG.vue,Client/xr-mmsm-ag,web_source,scanned,True,b54138781d870582754832398e5bb1578e3e021f12004e64291891e5992d97d7
Client/xr-mmsm-ag/src/views/MMSM33BPGGPOP/MMSM33BPGGPOP.scss,Client/xr-mmsm-ag,other_text,scanned,False,e3b0c44298fc1c149afbf4c8996fb92427ae41e4649b934ca495991b7852b855
Client/xr-mmsm-ag/src/views/MMSM33BPGGPOP/MMSM33BPGGPOP.ts,Client/xr-mmsm-ag,web_source,scanned,True,7ace241dfe80c463f276784f5eed598957f7613fd10a771db540d0a11bcf6a93
Client/xr-mmsm-ag/src/views/MMSM33BPGGPOP/MMSM33BPGGPOP.vue,Client/xr-mmsm-ag,web_source,scanned,True,5ee3de2b39f4471647278f1bd111f7c8c678e3b6119334d49385a30957dec99b
Client/xr-mmsm-ag/src/views/MMSM33BPGGS2N/MMSM33BPGGS2N.scss,Client/xr-mmsm-ag,other_text,scanned,False,e3b0c44298fc1c149afbf4c8996fb92427ae41e4649b934ca495991b7852b855
Client/xr-mmsm-ag/src/views/MMSM33BPGGS2N/MMSM33BPGGS2N.ts,Client/xr-mmsm-ag,web_source,scanned,True,f64397ea2548439b3f654f3e5ecbcc5c8341f57fe6a11d119fb25a7dd365f754
Client/xr-mmsm-ag/src/views/MMSM33BPGGS2N/MMSM33BPGGS2N.vue,Client/xr-mmsm-ag,web_source,scanned,True,0fa01eaf63dc785893e076e19f8fb9f75a4f99e2b7b1c324804fd9823562c0b9
Client/xr-mmsm-ag/src/views/MMSM33CS2N/MMSM33CS2N.scss,Client/xr-mmsm-ag,other_text,scanned,False,e3b0c44298fc1c149afbf4c8996fb92427ae41e4649b934ca495991b7852b855
Client/xr-mmsm-ag/src/views/MMSM33CS2N/MMSM33CS2N.ts,Client/xr-mmsm-ag,web_source,scanned,True,2ce4386e0b7b8571ef6f792b1e0bbf7e031b3aed2fd0931addbbfc4ac564168c
Client/xr-mmsm-ag/src/views/MMSM33CS2N/MMSM33CS2N.vue,Client/xr-mmsm-ag,web_source,scanned,True,ecaf0563724fd179d2bb7beec7d6b7614c4e6e7e0bc4b00b3b51001aaf691513
Client/xr-mmsm-ag/src/views/MMSM33CZXS/MMSM33CZXS.scss,Client/xr-mmsm-ag,other_text,scanned,False,e3b0c44298fc1c149afbf4c8996fb92427ae41e4649b934ca495991b7852b855
Client/xr-mmsm-ag/src/views/MMSM33CZXS/MMSM33CZXS.ts,Client/xr-mmsm-ag,web_source,scanned,True,a40011a7156e7be07fd63547f068d988095fedbece638af57b5bec73808cbb64
Client/xr-mmsm-ag/src/views/MMSM33CZXS/MMSM33CZXS.vue,Client/xr-mmsm-ag,web_source,scanned,True,b7998fcdeab999497741dcb8b2240ec716548cc987ed7611aa93833aa2777400
Client/xr-mmsm-ag/src/views/MMSM33CZXSPOP/MMSM33CZXSPOP.scss,Client/xr-mmsm-ag,other_text,scanned,False,e3b0c44298fc1c149afbf4c8996fb92427ae41e4649b934ca495991b7852b855
Client/xr-mmsm-ag/src/views/MMSM33CZXSPOP/MMSM33CZXSPOP.ts,Client/xr-mmsm-ag,web_source,scanned,True,371d7a924de8a5a191cb5665d46cbc36be9d2a759039edb96879e4970650fbce
Client/xr-mmsm-ag/src/views/MMSM33CZXSPOP/MMSM33CZXSPOP.vue,Client/xr-mmsm-ag,web_source,scanned,True,da39ce0e8779f680b8111278d5aac1879796a4f066aad6f0c600ab69804d6e30
Client/xr-mmsm-ag/src/views/MMSM33CZXSS2N/MMSM33CZXSS2N.scss,Client/xr-mmsm-ag,other_text,scanned,False,e3b0c44298fc1c149afbf4c8996fb92427ae41e4649b934ca495991b7852b855
Client/xr-mmsm-ag/src/views/MMSM33CZXSS2N/MMSM33CZXSS2N.ts,Client/xr-mmsm-ag,web_source,scanned,True,bc2199543b966cf5fb35b346969723a52845b34fac249aaa94fbe88cb5016bd8
Client/xr-mmsm-ag/src/views/MMSM33CZXSS2N/MMSM33CZXSS2N.vue,Client/xr-mmsm-ag,web_source,scanned,True,5ca33190cab7e61a8f5ce4302f41022544b1eb2c6a9085f2b1ef3dcbe96f4cf4
Client/xr-mmsm-ag/src/views/MMSM33TGJY/MMSM33TGJY.scss,Client/xr-mmsm-ag,other_text,scanned,False,e3b0c44298fc1c149afbf4c8996fb92427ae41e4649b934ca495991b7852b855
Client/xr-mmsm-ag/src/views/MMSM33TGJY/MMSM33TGJY.ts,Client/xr-mmsm-ag,web_source,scanned,True,748a1c7a59f31e11402dc5571281003fcacdf4ab18ca495455a594f43d163a02
Client/xr-mmsm-ag/src/views/MMSM33TGJY/MMSM33TGJY.vue,Client/xr-mmsm-ag,web_source,scanned,True,323e1695d27cbf318484729678bb2b4a82495895fda6724768a750b9ac5f7d2b
Client/xr-mmsm-ag/src/views/MMSM33TGJYPOP/MMSM33TGJYPOP.scss,Client/xr-mmsm-ag,other_text,scanned,False,e3b0c44298fc1c149afbf4c8996fb92427ae41e4649b934ca495991b7852b855
Client/xr-mmsm-ag/src/views/MMSM33TGJYPOP/MMSM33TGJYPOP.ts,Client/xr-mmsm-ag,web_source,scanned,True,332b658960476eb206c09117f35f13f5b166a733ac3909a27d746ec7405c7700
Client/xr-mmsm-ag/src/views/MMSM33TGJYPOP/MMSM33TGJYPOP.vue,Client/xr-mmsm-ag,web_source,scanned,True,ab7a2ddd2ecf65064af4945fc578553bb30cc7e210b468a7ba2a69d1c00afaa6
Client/xr-mmsm-ag/src/views/MMSM33TGJYS2N/MMSM33TGJYS2N.scss,Client/xr-mmsm-ag,other_text,scanned,False,e3b0c44298fc1c149afbf4c8996fb92427ae41e4649b934ca495991b7852b855
Client/xr-mmsm-ag/src/views/MMSM33TGJYS2N/MMSM33TGJYS2N.ts,Client/xr-mmsm-ag,web_source,scanned,True,5f9f8166cd711638262145cda015fe58decee5bfb540bce430d43b21cb01db89
Client/xr-mmsm-ag/src/views/MMSM33TGJYS2N/MMSM33TGJYS2N.vue,Client/xr-mmsm-ag,web_source,scanned,True,4750c603b6dc20575185d20722bb90f066a60b1c4f4f17abc997e648e6f7e385
Client/xr-mmsm-ag/src/views/MMSM33XCJLS2N/MMSM33XCJLS2N.scss,Client/xr-mmsm-ag,other_text,scanned,False,e3b0c44298fc1c149afbf4c8996fb92427ae41e4649b934ca495991b7852b855
Client/xr-mmsm-ag/src/views/MMSM33XCJLS2N/MMSM33XCJLS2N.ts,Client/xr-mmsm-ag,web_source,scanned,True,562ed08d5bd03ca78ccd6f6af367fcaa26ca5c9bab09ef5376b891b7dfd27768
Client/xr-mmsm-ag/src/views/MMSM33XCJLS2N/MMSM33XCJLS2N.vue,Client/xr-mmsm-ag,web_source,scanned,True,414689e8160ee0f8cf597e347c1c62cdd4b40ab18f46a40347e8b896b930f00d
Client/xr-mmsm-ag/src/views/MMSM34LG1S2N/MMSM34LG1S2N.scss,Client/xr-mmsm-ag,other_text,scanned,False,e3b0c44298fc1c149afbf4c8996fb92427ae41e4649b934ca495991b7852b855
Client/xr-mmsm-ag/src/views/MMSM34LG1S2N/MMSM34LG1S2N.ts,Client/xr-mmsm-ag,web_source,scanned,True,48e0592f06e93ca177a50e22190f3b69bbb8edc146a2b707346e0adf004a98ec
Client/xr-mmsm-ag/src/views/MMSM34LG1S2N/MMSM34LG1S2N.vue,Client/xr-mmsm-ag,web_source,scanned,True,0fc8bfacdff4dfb59027997b0eb4af298ac2e70f41dad7cb0be54a23dd26ef4c
Client/xr-mmsm-ag/src/views/MMSM35POP/MMSM35POP.scss,Client/xr-mmsm-ag,other_text,scanned,False,e3b0c44298fc1c149afbf4c8996fb92427ae41e4649b934ca495991b7852b855
Client/xr-mmsm-ag/src/views/MMSM35POP/MMSM35POP.ts,Client/xr-mmsm-ag,web_source,scanned,True,1eeea5ace0b564d4c7ecd8909cf357ded5868788015a8ee8d1485135ec0363c2
Client/xr-mmsm-ag/src/views/MMSM35POP/MMSM35POP.vue,Client/xr-mmsm-ag,web_source,scanned,True,6a441de8e8a1b3d84135d9f27b48efec17424ce409efc29f8fe1e7f4a5c10676
Client/xr-mmsm-ag/src/views/MMSM35S2N/MMSM35S2N.scss,Client/xr-mmsm-ag,other_text,scanned,False,e3b0c44298fc1c149afbf4c8996fb92427ae41e4649b934ca495991b7852b855
Client/xr-mmsm-ag/src/views/MMSM35S2N/MMSM35S2N.ts,Client/xr-mmsm-ag,web_source,scanned,True,b8db77cb00d1e5c33f4c575ac9ed319bfef68e36775386fcb8c857f6c2519c38
Client/xr-mmsm-ag/src/views/MMSM35S2N/MMSM35S2N.vue,Client/xr-mmsm-ag,web_source,scanned,True,db1641ca21f58d2ea471ab407e5052eeb9267b110d9348ed9150b4e0f632cc5f
Client/xr-mmsm-ag/src/views/MMSM36POP/MMSM36POP.scss,Client/xr-mmsm-ag,other_text,scanned,False,e3b0c44298fc1c149afbf4c8996fb92427ae41e4649b934ca495991b7852b855
Client/xr-mmsm-ag/src/views/MMSM36POP/MMSM36POP.ts,Client/xr-mmsm-ag,web_source,scanned,True,142de23462008dd02d4e79b76ccfe49f45ba84d37b05be0ae4561ac64d5cda16
Client/xr-mmsm-ag/src/views/MMSM36POP/MMSM36POP.vue,Client/xr-mmsm-ag,web_source,scanned,True,e2364a54304dde777af978a2a978aeea10d29b1f8d12b753f3420a44e76be962
Client/xr-mmsm-ag/src/views/MMSM36S2N/MMSM36S2N.scss,Client/xr-mmsm-ag,other_text,scanned,False,e3b0c44298fc1c149afbf4c8996fb92427ae41e4649b934ca495991b7852b855
Client/xr-mmsm-ag/src/views/MMSM36S2N/MMSM36S2N.ts,Client/xr-mmsm-ag,web_source,scanned,True,222c41816c6aa39c09bbef0ec192c335c17888400e1aab8f2779b7d68989c18c
Client/xr-mmsm-ag/src/views/MMSM36S2N/MMSM36S2N.vue,Client/xr-mmsm-ag,web_source,scanned,True,ab365d862d0fb6893e278c6b7e650da972080122725c2b21f7fb0102b7723046
Client/xr-mmsm-ag/src/views/MMSM37BPEINNER1S2N/MMSM37BPEINNER1S2N.scss,Client/xr-mmsm-ag,other_text,scanned,False,e3b0c44298fc1c149afbf4c8996fb92427ae41e4649b934ca495991b7852b855
Client/xr-mmsm-ag/src/views/MMSM37BPEINNER1S2N/MMSM37BPEINNER1S2N.ts,Client/xr-mmsm-ag,web_source,scanned,True,01761d825efd31028fc6a79a4f5fe242670b36c76e6dd4eda5762cbc761cfdf8
Client/xr-mmsm-ag/src/views/MMSM37BPEINNER1S2N/MMSM37BPEINNER1S2N.vue,Client/xr-mmsm-ag,web_source,scanned,True,a2bfd858dc724e1a77208e3be62fa533c31f08eba5c77b908e16c58d6f4498b2
Client/xr-mmsm-ag/src/views/MMSM37BPEINNER2S2N/MMSM37BPEINNER2S2N.scss,Client/xr-mmsm-ag,other_text,scanned,False,e3b0c44298fc1c149afbf4c8996fb92427ae41e4649b934ca495991b7852b855
Client/xr-mmsm-ag/src/views/MMSM37BPEINNER2S2N/MMSM37BPEINNER2S2N.ts,Client/xr-mmsm-ag,web_source,scanned,True,f68b99d01644108dabbefd68b2368bd385af5498069d0ab38513b125a0dc9b08
Client/xr-mmsm-ag/src/views/MMSM37BPEINNER2S2N/MMSM37BPEINNER2S2N.vue,Client/xr-mmsm-ag,web_source,scanned,True,db905a1739f8e8701f026a0aac5323a2fbe971383b12d6ef3e7d64c7b7bd6d2c
Client/xr-mmsm-ag/src/views/MMSM37BPELG1S2N/MMSM37BPELG1S2N.scss,Client/xr-mmsm-ag,other_text,scanned,False,e3b0c44298fc1c149afbf4c8996fb92427ae41e4649b934ca495991b7852b855
Client/xr-mmsm-ag/src/views/MMSM37BPELG1S2N/MMSM37BPELG1S2N.ts,Client/xr-mmsm-ag,web_source,scanned,True,dc0729a9cec01f113cc0e81d72bad99eba938b3d727f163a1538c4d624f05844
Client/xr-mmsm-ag/src/views/MMSM37BPELG1S2N/MMSM37BPELG1S2N.vue,Client/xr-mmsm-ag,web_source,scanned,True,75ae766a4ecd77956774277b2b27eabec132502952d4f748925e5e3d881f679e
Client/xr-mmsm-ag/src/views/MMSM37BPEOUTER1S2N/MMSM37BPEOUTER1S2N.scss,Client/xr-mmsm-ag,other_text,scanned,False,e3b0c44298fc1c149afbf4c8996fb92427ae41e4649b934ca495991b7852b855
Client/xr-mmsm-ag/src/views/MMSM37BPEOUTER1S2N/MMSM37BPEOUTER1S2N.ts,Client/xr-mmsm-ag,web_source,scanned,True,5541af9fc20743f7294647dc1002db9437cd84cfd2c3925650626bf7adafb2e6
Client/xr-mmsm-ag/src/views/MMSM37BPEOUTER1S2N/MMSM37BPEOUTER1S2N.vue,Client/xr-mmsm-ag,web_source,scanned,True,988b29e69be5d6097e0971a349b2ddea30e74fc05cff274c1852f51868fd7e7a
Client/xr-mmsm-ag/src/views/MMSM37BPEOUTER2S2N/MMSM37BPEOUTER2S2N.scss,Client/xr-mmsm-ag,other_text,scanned,False,e3b0c44298fc1c149afbf4c8996fb92427ae41e4649b934ca495991b7852b855
Client/xr-mmsm-ag/src/views/MMSM37BPEOUTER2S2N/MMSM37BPEOUTER2S2N.ts,Client/xr-mmsm-ag,web_source,scanned,True,ac6f9f1a15eb9d186990eddaf8a8079fcadd66d899367e3b577217b36a745ad9
Client/xr-mmsm-ag/src/views/MMSM37BPEOUTER2S2N/MMSM37BPEOUTER2S2N.vue,Client/xr-mmsm-ag,web_source,scanned,True,edb9a423856810690bf33dc9adcf52cc84ae23efe4cfa0bdb46554a5ef5eaf25
Client/xr-mmsm-ag/src/views/MMSM37BPES2N/MMSM37BPES2N.scss,Client/xr-mmsm-ag,other_text,scanned,False,e3b0c44298fc1c149afbf4c8996fb92427ae41e4649b934ca495991b7852b855
Client/xr-mmsm-ag/src/views/MMSM37BPES2N/MMSM37BPES2N.ts,Client/xr-mmsm-ag,web_source,scanned,True,04a047f937fc03b1a1eed0700a2a186744a6dd747b214f359077cc31582ac6ad
Client/xr-mmsm-ag/src/views/MMSM37BPES2N/MMSM37BPES2N.vue,Client/xr-mmsm-ag,web_source,scanned,True,e6a85816bdfaa0abbd75899a83b27d406ac934f8fc6a07a9af94adf8c33c1ed3
Client/xr-mmsm-ag/src/views/MMSM37LG1POP/MMSM37LG1POP.scss,Client/xr-mmsm-ag,other_text,scanned,False,e3b0c44298fc1c149afbf4c8996fb92427ae41e4649b934ca495991b7852b855
Client/xr-mmsm-ag/src/views/MMSM37LG1POP/MMSM37LG1POP.ts,Client/xr-mmsm-ag,web_source,scanned,True,1ed4850cdc5b5f52147c0393bb94189741e7d5412b9cfafc81eaaea7ed309c92
Client/xr-mmsm-ag/src/views/MMSM37LG1POP/MMSM37LG1POP.vue,Client/xr-mmsm-ag,web_source,scanned,True,6c8ae7f8d5ecd63d1785690c892583962ad5eb7c9de39055b9526cbed125bbb4
Client/xr-mmsm-ag/src/views/MMSM37POP/MMSM37POP.scss,Client/xr-mmsm-ag,other_text,scanned,False,e3b0c44298fc1c149afbf4c8996fb92427ae41e4649b934ca495991b7852b855
Client/xr-mmsm-ag/src/views/MMSM37POP/MMSM37POP.ts,Client/xr-mmsm-ag,web_source,scanned,True,aabb169703d5061505b18cd7c7c1c21d9afc93b98fe686da03e93fe56c7b4276
Client/xr-mmsm-ag/src/views/MMSM37POP/MMSM37POP.vue,Client/xr-mmsm-ag,web_source,scanned,True,610f91a824dd4622f79263298576df46e82b1de038b460e836c01da68b507dc3
Client/xr-mmsm-ag/src/views/MMSM391S2N/MMSM391S2N.scss,Client/xr-mmsm-ag,other_text,scanned,False,e3b0c44298fc1c149afbf4c8996fb92427ae41e4649b934ca495991b7852b855
Client/xr-mmsm-ag/src/views/MMSM391S2N/MMSM391S2N.ts,Client/xr-mmsm-ag,web_source,scanned,True,07f4d301682ce931d50e06a3791c168d0dc1dfbdc2943186222f46093fc85b4e
Client/xr-mmsm-ag/src/views/MMSM391S2N/MMSM391S2N.vue,Client/xr-mmsm-ag,web_source,scanned,True,78dd5d6ff866ea87936449dd5a8e3b67965dc1f4ef050382904bfbafdde652ea
Client/xr-mmsm-ag/src/views/MMSM39S2N/MMSM39S2N.scss,Client/xr-mmsm-ag,other_text,scanned,False,e3b0c44298fc1c149afbf4c8996fb92427ae41e4649b934ca495991b7852b855
Client/xr-mmsm-ag/src/views/MMSM39S2N/MMSM39S2N.ts,Client/xr-mmsm-ag,web_source,scanned,True,4fa24c9b93fbcb348b814f81c72d951f303312d372994f48ffaf6a0e12b11239
Client/xr-mmsm-ag/src/views/MMSM39S2N/MMSM39S2N.vue,Client/xr-mmsm-ag,web_source,scanned,True,b59e4a3e602530959f70aa926ed257bca8fcfc1775fad46cd3898d2f86383a8a
Client/xr-mmsm-ag/src/views/MMSM3AS2N/MMSM3AS2N.scss,Client/xr-mmsm-ag,other_text,scanned,False,e3b0c44298fc1c149afbf4c8996fb92427ae41e4649b934ca495991b7852b855
Client/xr-mmsm-ag/src/views/MMSM3AS2N/MMSM3AS2N.ts,Client/xr-mmsm-ag,web_source,scanned,True,936c2281837c9c7401d8676c319297cf4af1d8d0051e6af4c9646d5a7786edd9
Client/xr-mmsm-ag/src/views/MMSM3AS2N/MMSM3AS2N.vue,Client/xr-mmsm-ag,web_source,scanned,True,819b1305ff290a1c391cb65eda879317c9f0b0d5911c8761422b5b1114dad599
Client/xr-mmsm-ag/src/views/MMSM67CARPOP/MMSM67CARPOP.scss,Client/xr-mmsm-ag,other_text,scanned,False,e3b0c44298fc1c149afbf4c8996fb92427ae41e4649b934ca495991b7852b855
Client/xr-mmsm-ag/src/views/MMSM67CARPOP/MMSM67CARPOP.ts,Client/xr-mmsm-ag,web_source,scanned,True,dcc10fce12b64a07b061d1dd68a0447847443a5cac7506e370312810c91cf05b
Client/xr-mmsm-ag/src/views/MMSM67CARPOP/MMSM67CARPOP.vue,Client/xr-mmsm-ag,web_source,scanned,True,e405853d12d62ed579e98e0f18e949fc1bc35ea140fe2b9383b4f2b87e67f0e5
Client/xr-mmsm-ag/src/views/MMSM67CARPOPS2N/MMSM67CARPOPS2N.scss,Client/xr-mmsm-ag,other_text,scanned,False,e3b0c44298fc1c149afbf4c8996fb92427ae41e4649b934ca495991b7852b855
Client/xr-mmsm-ag/src/views/MMSM67CARPOPS2N/MMSM67CARPOPS2N.ts,Client/xr-mmsm-ag,web_source,scanned,True,e24705d685cb1b753a8afcef147314936d1d11abdcac56021ad4420c1b8d09cb
Client/xr-mmsm-ag/src/views/MMSM67CARPOPS2N/MMSM67CARPOPS2N.vue,Client/xr-mmsm-ag,web_source,scanned,True,a528b6b1d51caaf89345222aa541fa315948b691d3c2790bce502bcfe4bdf404
Client/xr-mmsm-ag/src/views/MMSM67CARS2N/MMSM67CARS2N.scss,Client/xr-mmsm-ag,other_text,scanned,False,e3b0c44298fc1c149afbf4c8996fb92427ae41e4649b934ca495991b7852b855
Client/xr-mmsm-ag/src/views/MMSM67CARS2N/MMSM67CARS2N.ts,Client/xr-mmsm-ag,web_source,scanned,True,66abe559f2cadfd9565e1debecdcd77725f11d21a7113fa9ad33eec69e582c0c
Client/xr-mmsm-ag/src/views/MMSM67CARS2N/MMSM67CARS2N.vue,Client/xr-mmsm-ag,web_source,scanned,True,71920870dac398bc0ef42af8a9ac3815e33c5164a627eca734838526041be43d
Client/xr-mmsm-ag/src/views/MMSM67S2N/MMSM67S2N.scss,Client/xr-mmsm-ag,other_text,scanned,False,e3b0c44298fc1c149afbf4c8996fb92427ae41e4649b934ca495991b7852b855
Client/xr-mmsm-ag/src/views/MMSM67S2N/MMSM67S2N.ts,Client/xr-mmsm-ag,web_source,scanned,True,722d581e30edf274d39879d6e3e54ff9ad7f323a646c90d2bbc9538cac58091e
Client/xr-mmsm-ag/src/views/MMSM67S2N/MMSM67S2N.vue,Client/xr-mmsm-ag,web_source,scanned,True,cc07d64aebdb409e8501fa4199cbfc661e6b0203d517d4ed1c66d3b86bd3f19d
Client/xr-mmsm-ag/src/views/MMSM68S2N/MMSM68S2N.ts,Client/xr-mmsm-ag,web_source,scanned,True,c4fa1f182a41cee4f2a4cd9729d37d4ea072309ac32ca6c0b09255640a1c384a
Client/xr-mmsm-ag/src/views/MMSM68S2N/MMSM68S2N.vue,Client/xr-mmsm-ag,web_source,scanned,True,9645c1e7dde9a2637f7ed304c1232f9a62b20989b53fa3c9a8f2d48527869358
Client/xr-mmsm-ag/src/views/MMSM96S2N.zip,Client/xr-mmsm-ag,other_text,binary,False,47861f23618c3aa223adcc3ab6c5ad7b8b827a89326e76aa0942d805783cc226
Client/xr-mmsm-ag/src/views/MMSM96S2N/MMSM96S2N.scss,Client/xr-mmsm-ag,other_text,scanned,False,e3b0c44298fc1c149afbf4c8996fb92427ae41e4649b934ca495991b7852b855
Client/xr-mmsm-ag/src/views/MMSM96S2N/MMSM96S2N.ts,Client/xr-mmsm-ag,web_source,scanned,True,15fcc86539e77b0276fb8509f6cbc9bc4afb1b66dea446766ac88247289a274b
Client/xr-mmsm-ag/src/views/MMSM96S2N/MMSM96S2N.vue,Client/xr-mmsm-ag,web_source,scanned,True,01b3f24c258187dc2fe973cb9eea945a86e94f46c2eaf2a0a868b05a2d387c3f
Client/xr-mmsm-ag/src/views/MMSMACSHPOPS2N/MMSMACSHPOPS2N.scss,Client/xr-mmsm-ag,other_text,scanned,False,e3b0c44298fc1c149afbf4c8996fb92427ae41e4649b934ca495991b7852b855
Client/xr-mmsm-ag/src/views/MMSMACSHPOPS2N/MMSMACSHPOPS2N.ts,Client/xr-mmsm-ag,web_source,scanned,True,e2d0617d75fd3713c3bc64bdde8c5b8348b2f6a0e5bb0bfecf0e7eb9c5123619
Client/xr-mmsm-ag/src/views/MMSMACSHPOPS2N/MMSMACSHPOPS2N.vue,Client/xr-mmsm-ag,web_source,scanned,True,e11eca0acbbef5c651733993041bfcc7f3b81684e1a34020a0c98a282c8ff670
Client/xr-mmsm-ag/src/views/MMSMACSHS2N/MMSMACSHS2N.scss,Client/xr-mmsm-ag,other_text,scanned,False,e3b0c44298fc1c149afbf4c8996fb92427ae41e4649b934ca495991b7852b855
Client/xr-mmsm-ag/src/views/MMSMACSHS2N/MMSMACSHS2N.ts,Client/xr-mmsm-ag,web_source,scanned,True,3bd883087083369e49592b41ceed469188128d8b272013ff7fea60fb74690195
Client/xr-mmsm-ag/src/views/MMSMACSHS2N/MMSMACSHS2N.vue,Client/xr-mmsm-ag,web_source,scanned,True,cf0a4f37ef2c231fab8b7b3271416b8af093e9ffb79a34060ec4e4105f8d7c39
Client/xr-mmsm-ag/src/views/MMSMCCMPPS2N/MMSMCCMPPS2N.scss,Client/xr-mmsm-ag,other_text,scanned,False,e3b0c44298fc1c149afbf4c8996fb92427ae41e4649b934ca495991b7852b855
Client/xr-mmsm-ag/src/views/MMSMCCMPPS2N/MMSMCCMPPS2N.ts,Client/xr-mmsm-ag,web_source,scanned,True,92f5554a53a25093422420b4e3397904ebdb760263bedf3afa0663d88c36980e
Client/xr-mmsm-ag/src/views/MMSMCCMPPS2N/MMSMCCMPPS2N.vue,Client/xr-mmsm-ag,web_source,scanned,True,fb8b456a76cd0da97fca727c30a1068eed641712ae2a14a3daa736430435cc8f
Client/xr-mmsm-ag/src/views/MMSMCFS2N/MMSMCFS2N.ts,Client/xr-mmsm-ag,web_source,scanned,True,8a3a0a0f83d99ca5dbe64caac6543a57303520181961ad78dcd9c7a33ec8ba34
Client/xr-mmsm-ag/src/views/MMSMCFS2N/MMSMCFS2N.vue,Client/xr-mmsm-ag,web_source,scanned,True,5f2a02a70b14d4dd31c3a247e6cfad123e830b680c86b1c70c1c587a73a581d5
Client/xr-mmsm-ag/src/views/MMSMCPBBS2N/MMSMCPBBS2N.scss,Client/xr-mmsm-ag,other_text,scanned,False,e3b0c44298fc1c149afbf4c8996fb92427ae41e4649b934ca495991b7852b855
Client/xr-mmsm-ag/src/views/MMSMCPBBS2N/MMSMCPBBS2N.ts,Client/xr-mmsm-ag,web_source,scanned,True,7d23d86b005bd25e0d458c4c71431e2caa8f6034370b49c3f24308558cf6dd1c
Client/xr-mmsm-ag/src/views/MMSMCPBBS2N/MMSMCPBBS2N.vue,Client/xr-mmsm-ag,web_source,scanned,True,00350597f72749a8ddf11beded59ba84c6607cc813f42d0abc5aca1fa21675e3
Client/xr-mmsm-ag/src/views/MMSMDRS2N/MMSMDRS2N.scss,Client/xr-mmsm-ag,other_text,scanned,False,e3b0c44298fc1c149afbf4c8996fb92427ae41e4649b934ca495991b7852b855
Client/xr-mmsm-ag/src/views/MMSMDRS2N/MMSMDRS2N.ts,Client/xr-mmsm-ag,web_source,scanned,True,020bf2910842189a3baec5c039065c16a7d600c8504cbf39e25a920311166e4b
Client/xr-mmsm-ag/src/views/MMSMDRS2N/MMSMDRS2N.vue,Client/xr-mmsm-ag,web_source,scanned,True,9d8f6e33dda6ef7c00dc03ca75340735918de25654cf6d7a1b8905a3c09988a4
Client/xr-mmsm-ag/src/views/MMSMFPMXS2N/MMSMFPMXS2N.ts,Client/xr-mmsm-ag,web_source,scanned,True,2742d6d18300fe15f7e1189bc5ad6cccefeaa5305c7495663da9fb45630b8ddd
Client/xr-mmsm-ag/src/views/MMSMFPMXS2N/MMSMFPMXS2N.vue,Client/xr-mmsm-ag,web_source,scanned,True,5a1330cb1e229c48f76743161a03a403da761031285dc9c06aac308226a5de79
Client/xr-mmsm-ag/src/views/MMSMGCS2N/MMSMGCS2N.ts,Client/xr-mmsm-ag,web_source,scanned,True,a88c9e566339633fac218d4d1410451c120e02e8b667ad91e70c0206e70215f4
Client/xr-mmsm-ag/src/views/MMSMGCS2N/MMSMGCS2N.vue,Client/xr-mmsm-ag,web_source,scanned,True,ee6529af75a59e249f7a3b27dff4142f1687f9b5cc1d1fe6c87b0495367dcab6
Client/xr-mmsm-ag/src/views/MMSMGGLS2N/MMSMGGLS2N.scss,Client/xr-mmsm-ag,other_text,scanned,False,e3b0c44298fc1c149afbf4c8996fb92427ae41e4649b934ca495991b7852b855
Client/xr-mmsm-ag/src/views/MMSMGGLS2N/MMSMGGLS2N.ts,Client/xr-mmsm-ag,web_source,scanned,False,59427051e3360274da9cff4bc147e94df2f820d060b70a9fc435830944af98d1
Client/xr-mmsm-ag/src/views/MMSMGGLS2N/MMSMGGLS2N.vue,Client/xr-mmsm-ag,web_source,scanned,True,f6d8649b52b0c30231542ec27ff01cb53ff9246402eb7ad1274f505b49d55ae6
Client/xr-mmsm-ag/src/views/MMSMGP/MMSMGP.scss,Client/xr-mmsm-ag,other_text,scanned,False,e3b0c44298fc1c149afbf4c8996fb92427ae41e4649b934ca495991b7852b855
Client/xr-mmsm-ag/src/views/MMSMGP/MMSMGP.ts,Client/xr-mmsm-ag,web_source,scanned,True,14b453e8d47efead2f20e710537b1866b0311d75ccb42352b8d4d226d02b504c
Client/xr-mmsm-ag/src/views/MMSMGP/MMSMGP.vue,Client/xr-mmsm-ag,web_source,scanned,True,d36f7c0bc3b91d83b842d00a86298bde89c8c3b496e4b97f0bb18bfa7c28ec9e
Client/xr-mmsm-ag/src/views/MMSMKR14POP/MMSMKR14POP.scss,Client/xr-mmsm-ag,other_text,scanned,False,e3b0c44298fc1c149afbf4c8996fb92427ae41e4649b934ca495991b7852b855
Client/xr-mmsm-ag/src/views/MMSMKR14POP/MMSMKR14POP.ts,Client/xr-mmsm-ag,web_source,scanned,True,888a96420b1e325c5c514587196a02a8f7e53bd2b0b5a54485d60179af037db4
Client/xr-mmsm-ag/src/views/MMSMKR14POP/MMSMKR14POP.vue,Client/xr-mmsm-ag,web_source,scanned,True,285afebc3cb5be04b9974a2dcd6e599bee247c67230627ec4dfa21ae3542474f
Client/xr-mmsm-ag/src/views/MMSMKR14S2N/MMSMKR14S2N.scss,Client/xr-mmsm-ag,other_text,scanned,False,e3b0c44298fc1c149afbf4c8996fb92427ae41e4649b934ca495991b7852b855
Client/xr-mmsm-ag/src/views/MMSMKR14S2N/MMSMKR14S2N.ts,Client/xr-mmsm-ag,web_source,scanned,True,78beaf339c17a791c9c768332849384b05dad9cdac95d196d75a7dfffc64c386
Client/xr-mmsm-ag/src/views/MMSMKR14S2N/MMSMKR14S2N.vue,Client/xr-mmsm-ag,web_source,scanned,True,a6aa79eea18d4f8d69474bb421b89e9add08eecbc7e763b92921fdab9319fd97
Client/xr-mmsm-ag/src/views/MMSMKRPOP/MMSMKRPOP.scss,Client/xr-mmsm-ag,other_text,scanned,False,e3b0c44298fc1c149afbf4c8996fb92427ae41e4649b934ca495991b7852b855
Client/xr-mmsm-ag/src/views/MMSMKRPOP/MMSMKRPOP.ts,Client/xr-mmsm-ag,web_source,scanned,True,675ce0fd9586a5360b994fd6b9ade5e825720671ccad01ddc46c2e53257e5066
Client/xr-mmsm-ag/src/views/MMSMKRPOP/MMSMKRPOP.vue,Client/xr-mmsm-ag,web_source,scanned,True,90931d8cf2f304d3b732c64bde828115883b2a99dd8440b36cbcb88c9bb79524
Client/xr-mmsm-ag/src/views/MMSMKRS2N/MMSMKRS2N.scss,Client/xr-mmsm-ag,other_text,scanned,False,e3b0c44298fc1c149afbf4c8996fb92427ae41e4649b934ca495991b7852b855
Client/xr-mmsm-ag/src/views/MMSMKRS2N/MMSMKRS2N.ts,Client/xr-mmsm-ag,web_source,scanned,True,83f9c42e12792ab4a8fa974ae67d422cf2b67e75961893f91745ff3ed7b15bb2
Client/xr-mmsm-ag/src/views/MMSMKRS2N/MMSMKRS2N.vue,Client/xr-mmsm-ag,web_source,scanned,True,ed5922019c235be28f29e253ffb6f4d67ac1a94153155973f58d0ff4044558e4
Client/xr-mmsm-ag/src/views/MMSMPOPV/MMSMPOPV.scss,Client/xr-mmsm-ag,other_text,scanned,False,e3b0c44298fc1c149afbf4c8996fb92427ae41e4649b934ca495991b7852b855
Client/xr-mmsm-ag/src/views/MMSMPOPV/MMSMPOPV.ts,Client/xr-mmsm-ag,web_source,scanned,True,31887c78d8ef3bee4c77f51633e8d6e88340a00d4cabf6c525ee958cab1aa8f9
Client/xr-mmsm-ag/src/views/MMSMPOPV/MMSMPOPV.vue,Client/xr-mmsm-ag,web_source,scanned,True,1b42aa5cb30845b0a0672bb5ab0ff16afcb24ab69d3de8783fa4dca7376d2f78
Client/xr-mmsm-ag/src/views/MMSMQG33S2N/MMSMQG33S2N.scss,Client/xr-mmsm-ag,other_text,scanned,False,e3b0c44298fc1c149afbf4c8996fb92427ae41e4649b934ca495991b7852b855
Client/xr-mmsm-ag/src/views/MMSMQG33S2N/MMSMQG33S2N.ts,Client/xr-mmsm-ag,web_source,scanned,True,8de4f09f6d0fdc645729985c90d1f7843d5def2d919f012367b9b2798850c291
Client/xr-mmsm-ag/src/views/MMSMQG33S2N/MMSMQG33S2N.vue,Client/xr-mmsm-ag,web_source,scanned,True,bda3e31b3afe8a713bc4ac8963ce3c11217a200fdaaeaca4246ac94141053a84
Client/xr-mmsm-ag/src/views/MMSMSJCSS2N/MMSMSJCSS2N.scss,Client/xr-mmsm-ag,other_text,scanned,False,e3b0c44298fc1c149afbf4c8996fb92427ae41e4649b934ca495991b7852b855
Client/xr-mmsm-ag/src/views/MMSMSJCSS2N/MMSMSJCSS2N.ts,Client/xr-mmsm-ag,web_source,scanned,True,112b0feb93ea767689f473a360b7f686196046231bb25165a5ac20fd64b5f8c4
Client/xr-mmsm-ag/src/views/MMSMSJCSS2N/MMSMSJCSS2N.vue,Client/xr-mmsm-ag,web_source,scanned,True,473cee813578a5df1582ff42bbeaae7d6bbf0cf6b0d2f75a5d72ce3fa3553117
Client/xr-mmsm-ag/src/views/MMSMSJDCS2N/MMSMSJDCS2N.scss,Client/xr-mmsm-ag,other_text,scanned,False,e3b0c44298fc1c149afbf4c8996fb92427ae41e4649b934ca495991b7852b855
Client/xr-mmsm-ag/src/views/MMSMSJDCS2N/MMSMSJDCS2N.ts,Client/xr-mmsm-ag,web_source,scanned,True,93ff49eddbe54c44141ac8d29d952d92e6bbaf6929bf810f981e120e70dbc38e
Client/xr-mmsm-ag/src/views/MMSMSJDCS2N/MMSMSJDCS2N.vue,Client/xr-mmsm-ag,web_source,scanned,True,408078170bf0c03e4d9c6e5ac4a1363e52938d61854f83097047425948b7c7bd
Client/xr-mmsm-ag/src/views/MMSMSJMUS2N/MMSMSJMUS2N.scss,Client/xr-mmsm-ag,other_text,scanned,False,e3b0c44298fc1c149afbf4c8996fb92427ae41e4649b934ca495991b7852b855
Client/xr-mmsm-ag/src/views/MMSMSJMUS2N/MMSMSJMUS2N.ts,Client/xr-mmsm-ag,web_source,scanned,True,48c60649957ccc09fbe160809328111afab59122b3bbce6d8de3c3cfee17b8dc
Client/xr-mmsm-ag/src/views/MMSMSJMUS2N/MMSMSJMUS2N.vue,Client/xr-mmsm-ag,web_source,scanned,True,0382c97e5cd634c38a7e140a64f0261a56297894ba31238a15b25611e7c1daa0
Client/xr-mmsm-ag/src/views/MMSMSJZHS2N/MMSMSJZHS2N.scss,Client/xr-mmsm-ag,other_text,scanned,False,e3b0c44298fc1c149afbf4c8996fb92427ae41e4649b934ca495991b7852b855
Client/xr-mmsm-ag/src/views/MMSMSJZHS2N/MMSMSJZHS2N.ts,Client/xr-mmsm-ag,web_source,scanned,True,252298e7866419fd2f5798e0e945790ab2eff867f86721af5b29687229eccc53
Client/xr-mmsm-ag/src/views/MMSMSJZHS2N/MMSMSJZHS2N.vue,Client/xr-mmsm-ag,web_source,scanned,True,80acc040054cabb76452269b0bf03e53bbd184d3fb06e4b32edc07c2d284cc38
Client/xr-mmsm-ag/src/views/MMSMT82306S2N/MMSMT82306S2N.scss,Client/xr-mmsm-ag,other_text,scanned,False,e3b0c44298fc1c149afbf4c8996fb92427ae41e4649b934ca495991b7852b855
Client/xr-mmsm-ag/src/views/MMSMT82306S2N/MMSMT82306S2N.ts,Client/xr-mmsm-ag,web_source,scanned,False,ea02c80eec9205a7d01960f3658101eb5ac5af7dcc9506b2600ded01d76b8051
Client/xr-mmsm-ag/src/views/MMSMT82306S2N/MMSMT82306S2N.vue,Client/xr-mmsm-ag,web_source,scanned,True,13e94e6d4f956d3df717b34bcd952bd6c6316b392873255269ef01ad97ad6566
Client/xr-mmsm-ag/src/views/MMSMT823SJS2N/MMSMT823SJS2N.scss,Client/xr-mmsm-ag,other_text,scanned,False,e3b0c44298fc1c149afbf4c8996fb92427ae41e4649b934ca495991b7852b855
Client/xr-mmsm-ag/src/views/MMSMT823SJS2N/MMSMT823SJS2N.ts,Client/xr-mmsm-ag,web_source,scanned,False,565b5891a370c3f645b174e169f547c7f3bab13e32f5de228d30deee8196fecd
Client/xr-mmsm-ag/src/views/MMSMT823SJS2N/MMSMT823SJS2N.vue,Client/xr-mmsm-ag,web_source,scanned,True,94a5d8e24a12d501277f89b703f872b3e044aa41d6e41573ac0fe4849ba5ba54
Client/xr-mmsm-ag/src/views/MMSMT8F0S1S2N/MMSMT8F0S1S2N.scss,Client/xr-mmsm-ag,other_text,scanned,False,e3b0c44298fc1c149afbf4c8996fb92427ae41e4649b934ca495991b7852b855
Client/xr-mmsm-ag/src/views/MMSMT8F0S1S2N/MMSMT8F0S1S2N.ts,Client/xr-mmsm-ag,web_source,scanned,False,d47b495b8b68e72e13d59f606b2576ef783672159742fa46bd080e5f7bae922b
Client/xr-mmsm-ag/src/views/MMSMT8F0S1S2N/MMSMT8F0S1S2N.vue,Client/xr-mmsm-ag,web_source,scanned,True,210cc2b95d9bfa8eb6651b713b629614211ebc10d9d968c4f25061652bb9d9b6
Client/xr-mmsm-ag/src/views/MMSMT8F0S2N/MMSMT8F0S2N.scss,Client/xr-mmsm-ag,other_text,scanned,False,e3b0c44298fc1c149afbf4c8996fb92427ae41e4649b934ca495991b7852b855
Client/xr-mmsm-ag/src/views/MMSMT8F0S2N/MMSMT8F0S2N.ts,Client/xr-mmsm-ag,web_source,scanned,False,01caee839f3131afb80c20d30fd604b3ec7367eae9f58821c794f1757b14eb8e
Client/xr-mmsm-ag/src/views/MMSMT8F0S2N/MMSMT8F0S2N.vue,Client/xr-mmsm-ag,web_source,scanned,True,c7133c794ec6fd30d24305698b36a69704f60b7d568579350062d4b430f28d7e
Client/xr-mmsm-ag/src/views/MMSMWTS2N/MMSMWTS2N.scss,Client/xr-mmsm-ag,other_text,scanned,False,e3b0c44298fc1c149afbf4c8996fb92427ae41e4649b934ca495991b7852b855
Client/xr-mmsm-ag/src/views/MMSMWTS2N/MMSMWTS2N.ts,Client/xr-mmsm-ag,web_source,scanned,True,fdb31f20a37e2a48167b2b1dcde5e7f52d394241e3dd94ea985b02d20d3d9678
Client/xr-mmsm-ag/src/views/MMSMWTS2N/MMSMWTS2N.vue,Client/xr-mmsm-ag,web_source,scanned,True,5e49026d06219e762ec4bf1bca3124081566f8ca59d7da4bcecdf0c9c98e65c0
Client/xr-mmsm-ag/src/views/MMSMWXMJYJLS2N/MMSMWXMJYJLS2N.scss,Client/xr-mmsm-ag,other_text,scanned,False,e3b0c44298fc1c149afbf4c8996fb92427ae41e4649b934ca495991b7852b855
Client/xr-mmsm-ag/src/views/MMSMWXMJYJLS2N/MMSMWXMJYJLS2N.ts,Client/xr-mmsm-ag,web_source,scanned,True,0c9e994e0c34604e714f8e4bc556e291ac2f96a4a1957d7b4a1709c4876cfae8
Client/xr-mmsm-ag/src/views/MMSMWXMJYJLS2N/MMSMWXMJYJLS2N.vue,Client/xr-mmsm-ag,web_source,scanned,True,06b46d71ce46c6b249e439554cb378e708052aa0195a8c1b529efbdc553a5b64
Client/xr-mmsm-ag/src/views/MMSMXMTJJLS2N/MMSMXMTJJLS2N.scss,Client/xr-mmsm-ag,other_text,scanned,False,e3b0c44298fc1c149afbf4c8996fb92427ae41e4649b934ca495991b7852b855
Client/xr-mmsm-ag/src/views/MMSMXMTJJLS2N/MMSMXMTJJLS2N.ts,Client/xr-mmsm-ag,web_source,scanned,True,c51b306b211e98549dbbeae1578e65ad1adcf1af365d15b227e4a2fdde155a54
Client/xr-mmsm-ag/src/views/MMSMXMTJJLS2N/MMSMXMTJJLS2N.vue,Client/xr-mmsm-ag,web_source,scanned,True,da453e9efc71cf44a4021da625628ff0032eb917e5b382bc0b921080f3753a17
Client/xr-mmsm-ag/src/views/MMSMYSPHS2N/MMSMYSPHS2N.scss,Client/xr-mmsm-ag,other_text,scanned,False,e3b0c44298fc1c149afbf4c8996fb92427ae41e4649b934ca495991b7852b855
Client/xr-mmsm-ag/src/views/MMSMYSPHS2N/MMSMYSPHS2N.ts,Client/xr-mmsm-ag,web_source,scanned,True,0eb52022a225b80698b97a29b2ee7e4ce699fc26d0a20617091eeba1e82888f2
Client/xr-mmsm-ag/src/views/MMSMYSPHS2N/MMSMYSPHS2N.vue,Client/xr-mmsm-ag,web_source,scanned,True,ec90651d3ffa624836c90ea8d138724174ba33cabd126a6cd1fedf52cf44000b
Client/xr-mmsm-ag/src/vite-env.d.ts,Client/xr-mmsm-ag,web_source,scanned,True,869201941cea512f9a0274a3f36cbee34cadd70fe0f6984de316bad1ce8ff7d4
Client/xr-mmsm-ag/tsconfig.json,Client/xr-mmsm-ag,config_or_resource,scanned,True,b139294888379c2b1c73ae0b0d3012cb01e20d5f440bd20f466be5583553a447
Client/xr-mmsm-ag/vite.config.ts,Client/xr-mmsm-ag,web_source,scanned,True,e7154ab81b046162c19997349a07fc7742a4120b5c37c595c54bca2ff86d94ee
Client/xr-pssm/.env.development,Client/xr-pssm,environment_config_values_not_exported,scanned,True,3d470d0a797587783ef767551f414fb973917bf7331ca6179cf39cfb0c70b59d
Client/xr-pssm/.env.production,Client/xr-pssm,environment_config_values_not_exported,scanned,True,5209acdcc1060cafbf96a8c7363b36c59c7d9305af22df842ece4b65b55d6531
Client/xr-pssm/.gitignore,Client/xr-pssm,other_text,scanned,False,8bc74dbde5ee1e147e5971b7b0f3cced7e8a128e73cd7865df5057fe6b309b01
Client/xr-pssm/.vscode/extensions.json,Client/xr-pssm,config_or_resource,scanned,False,1e73d21c9de2df0dda46d9223325067047dd68d86311e2ccb7c52b302c35edaf
Client/xr-pssm/@mf-types/EFX/index.d.ts,Client/xr-pssm,dependency_or_type_declaration,scanned,True,7d4671f244125c67637918e89e1daaa1c4d8946f326b6979f9380ae45ee453fb
Client/xr-pssm/@mf-types/EFX/package.json,Client/xr-pssm,dependency_or_type_declaration,scanned,True,d4837aae4c071d94a39b585d349e339358cb16e92b71ad96f18c5297ede77b49
Client/xr-pssm/@mf-types/EIX/index.d.ts,Client/xr-pssm,dependency_or_type_declaration,scanned,True,1ed6745584e901ce103d4fcc893b1dfec165c5127007679cde9a94901260f6e1
Client/xr-pssm/@mf-types/EIX/package.json,Client/xr-pssm,dependency_or_type_declaration,scanned,True,ef19105d914a78129730e844aa11bb16a22f93ad1f4c1ade9df078e25704eb65
Client/xr-pssm/@mf-types/EIX/types/.gitkeep,Client/xr-pssm,dependency_or_type_declaration,scanned,False,e3b0c44298fc1c149afbf4c8996fb92427ae41e4649b934ca495991b7852b855
Client/xr-pssm/@mf-types/EIX/types/axios.d.ts,Client/xr-pssm,dependency_or_type_declaration,scanned,True,a2d3d0394a3ce2c52f67e5ffc4f93ed0306a4748e3cd2f2208813a44b5e57fbf
Client/xr-pssm/@mf-types/EIX/types/ei-manager.d.ts,Client/xr-pssm,dependency_or_type_declaration,scanned,True,9e36cc2dd2392312b1cfb2fd79c33f077cc8d63cc8948840ddb855496cbae2a0
Client/xr-pssm/@mf-types/EIX/types/ei-tools.d.ts,Client/xr-pssm,dependency_or_type_declaration,scanned,False,ee1973c8df465844a52fcaa9cb24070c8f6b8d424b59870bb82a73f19635598e
Client/xr-pssm/@mf-types/EIX/types/ei.d.ts,Client/xr-pssm,dependency_or_type_declaration,scanned,True,1405df6f25d5202680349286d73086582d836393b9e5e96a75555c9096996a54
Client/xr-pssm/@mf-types/EIX/types/ep.d.ts,Client/xr-pssm,dependency_or_type_declaration,scanned,False,d75651b029f8c06c087830ed5d94dfa06ab193059d3a4f6254f01030bd15310f
Client/xr-pssm/@mf-types/EIX/types/index.d.ts,Client/xr-pssm,dependency_or_type_declaration,scanned,True,b9bd913b5e77d0398726b18f285d69ed8212d06f2c7f3c52136901176a184455
Client/xr-pssm/@mf-types/EIX/types/model.d.ts,Client/xr-pssm,dependency_or_type_declaration,scanned,False,29ce3ec2fd75eb819eb5ae3ce5a8b7115c53c2b3b02b7883c57e965cec2cd491
Client/xr-pssm/@mf-types/EIX/types/options.d.ts,Client/xr-pssm,dependency_or_type_declaration,scanned,True,d44528d17f0361218ec6a4652e9e488fa69e42fc27c51c02b837153b53bd27d3
Client/xr-pssm/@mf-types/EIX/types/type.d.ts,Client/xr-pssm,dependency_or_type_declaration,scanned,False,a9bc3be542736b380e2b35a265c141d666f3b62ce15b278c7e0083caa2c6f46b
Client/xr-pssm/@mf-types/EIX/types/utils.d.ts,Client/xr-pssm,dependency_or_type_declaration,scanned,True,f7a03e271b127953aa103cca493f37202d593dc3d2b36cb8597eb45544758145
Client/xr-pssm/@mf-types/EPTF/EPTF.d.ts,Client/xr-pssm,dependency_or_type_declaration,scanned,False,72a0b37ba4c1bd0b1b86ff5b94c33dc48c78ecd182a1120c6cb4cedadeb767a3
Client/xr-pssm/@mf-types/EPTF/index.d.ts,Client/xr-pssm,dependency_or_type_declaration,scanned,False,1a9cc32df3c83759b19ee8a00f5fd881706302d39cfd15ef99ac7bc57cade1ac
Client/xr-pssm/@mf-types/EPTF/package.json,Client/xr-pssm,dependency_or_type_declaration,scanned,True,55f68a82372af2b2d97e0c78e24eafbd30d0723c1884cfb24bcea92cfd0a4a53
Client/xr-pssm/@mf-types/ERX/ERX.d.ts,Client/xr-pssm,dependency_or_type_declaration,scanned,True,0ca6bd5aafff3496f32a69c87894a31a4ef21f6d29ad463597972218c254893d
Client/xr-pssm/@mf-types/ERX/index.d.ts,Client/xr-pssm,dependency_or_type_declaration,scanned,False,1d36e3453cd6a856ae8e5bb616771993dd6486dec803b28994044cefd02ae134
Client/xr-pssm/@mf-types/ERX/package.json,Client/xr-pssm,dependency_or_type_declaration,scanned,True,db7f98c8d5e9a6da284883b05c20145999523d30a02c75d9cc32f8fa3ac8ba3c
Client/xr-pssm/README.md,Client/xr-pssm,document_or_log,scanned,True,a44c45aedaaf49a5599e585198c6c228a0785c4111c6ab12a178f00350698277
Client/xr-pssm/build/utils.ts,Client/xr-pssm,generated_or_build_support,scanned,True,6d731fc2209f69b40b1a85c93a1c8748574e1adc615eb4d528352decf9522cb1
Client/xr-pssm/index.html,Client/xr-pssm,web_source,scanned,True,7194a70442ee73fc58764f7d386f64c18db5b09b6daa57e25258be743b41c46d
Client/xr-pssm/package-lock.json,Client/xr-pssm,dependency_lock,scanned,True,72075be289a3344440b801a234e6bd88f3a9adb7273bf89f74b589b77785f68b
Client/xr-pssm/package.json,Client/xr-pssm,config_or_resource,scanned,True,26f61979b77a0e6fb55ff06a5269e8ae76393b2628ea9d0a1566339cbb82b62c
Client/xr-pssm/src/App.vue,Client/xr-pssm,web_source,scanned,True,bea21b84d9e02ae208e1b9716e97fbc6b9a4a18e40428e48604791fbc131a77b
Client/xr-pssm/src/assets/AOD_1.jpg,Client/xr-pssm,other_text,binary,False,5baaed3b1822669dbaaf7ebd9f92f19925736d9341addfe5d7c16959fd50708c
Client/xr-pssm/src/assets/BOF_1.jpg,Client/xr-pssm,other_text,binary,False,8705dcbd31d2940822b7e31d6c7e6719d84932df397cee1604642e8502d8fb1d
Client/xr-pssm/src/assets/BOF_2.jpg,Client/xr-pssm,other_text,binary,False,d04cda0af2f8d58860468464c28957c9b1501ec290cb5dcf25c1f0bed7cc5670
Client/xr-pssm/src/assets/C_CUT.jpg,Client/xr-pssm,other_text,binary,False,42ffe51148b846d71e9f33a8fa160f090ae75d4b77968f31cc8009df7eca47ad
Client/xr-pssm/src/assets/C_OPEN.jpg,Client/xr-pssm,other_text,binary,False,2a71b19fbda97fd366133f17a483a76a34f9a9405fc3e70ffb7a25ec73c2eb1a
Client/xr-pssm/src/assets/E_1.jpg,Client/xr-pssm,other_text,binary,False,ec3d5e19dd626bface1fbfce4b3a363c45f0085cd238d51d15b782896aeefa0a
Client/xr-pssm/src/assets/E_2.jpg,Client/xr-pssm,other_text,binary,False,15fa4255aee5a5b3d0ac87b3ad4c3a7f000c4aa0dd15a8f120c371764f75514b
Client/xr-pssm/src/assets/H.jpg,Client/xr-pssm,other_text,binary,False,84abced57412d3e7832990fe3191cac147944e0a91ced62fdc34c49a7db2eba1
Client/xr-pssm/src/assets/LF_1.jpg,Client/xr-pssm,other_text,binary,False,c0dc3d814ad9a75e9d106935ea46b59dbb8a3d1ac9b2f9111d3262b2f2df9031
Client/xr-pssm/src/assets/LF_2.jpg,Client/xr-pssm,other_text,binary,False,1dbd14c3b19047641cd093e8a19f578aabb08bde9951cba4828125a4fcef4943
Client/xr-pssm/src/assets/RH_1.jpg,Client/xr-pssm,other_text,binary,False,6acd34eaebc6c87cfa7c4f855acaf5004a4427305e8af485af6232925ea7ebb0
Client/xr-pssm/src/assets/RH_2.jpg,Client/xr-pssm,other_text,binary,False,2ff822e3f749d355a4bd49a322c6f3e5363049e27c3be2e7944acb66d3ef8b93
Client/xr-pssm/src/assets/T_1.jpg,Client/xr-pssm,other_text,binary,False,f7aa67af41f673d91c6bda80d90bc17f39a712428b56a60202ac98ebd4e0f5d2
Client/xr-pssm/src/assets/T_2.jpg,Client/xr-pssm,other_text,binary,False,f0e44f40987963bd359c0c18bd494fad5b084ffcad7641be8fd38a8038456dc5
Client/xr-pssm/src/assets/VOD.jpg,Client/xr-pssm,other_text,binary,False,b25fb5ab2d95b85ae51c2d82863ef687eebeaea3b369b4b81e9d9f6f4d05d0cb
Client/xr-pssm/src/assets/vue.svg,Client/xr-pssm,other_text,scanned,False,5532db34f1c52841881bab8aeca6c3e8d092bd21a689a65f4d8f8cf8041eef9d
Client/xr-pssm/src/components/Result/index.vue,Client/xr-pssm,web_source,scanned,False,1cb5f91a34874660e11f441f8c76e92ca33bae4a30ff658a2779727858ef8109
Client/xr-pssm/src/components/Result/svg/error.vue,Client/xr-pssm,web_source,scanned,False,ca47a4d00cc74fe94f9394c2bd67f96ff32fadf4a46ceefe145e0ca4b70cf010
Client/xr-pssm/src/components/Result/svg/info.vue,Client/xr-pssm,web_source,scanned,False,8b12ef11b5ee93baf289e04b47c43e003bb8db8467eaa91d98e0a801c9f61fd0
Client/xr-pssm/src/components/Result/svg/noFound.vue,Client/xr-pssm,web_source,scanned,False,0ff712a43a004d8f47469e7024453b72c09b10ef3775571d89dbe65023f52bfb
Client/xr-pssm/src/components/Result/svg/serverError.vue,Client/xr-pssm,web_source,scanned,False,a9e1494601a29c04de5c1e5cb08eac2d480e097b98dcf237550c5f4c9aad2d86
Client/xr-pssm/src/components/Result/svg/success.vue,Client/xr-pssm,web_source,scanned,False,ea78e9a97a3dcaefb54fd18d225511c1ef9e66c4fcb09c72617e128c57b8697d
Client/xr-pssm/src/components/Result/svg/unauthorized.vue,Client/xr-pssm,web_source,scanned,True,4981c678833022a34a03992da44ee10358a54956447db8b5fbd1dfecb4800749
Client/xr-pssm/src/components/Result/svg/warning.vue,Client/xr-pssm,web_source,scanned,False,0f8ad54c3cd363bb4d7d8e4b25325872f1c13468030cd297c27d2a9ea1067783
Client/xr-pssm/src/main.ts,Client/xr-pssm,web_source,scanned,True,f577746300c9d286cb26326fa351b2788398baf0726897d36fbb67f1d8f5172b
Client/xr-pssm/src/model/data.d.ts,Client/xr-pssm,web_source,scanned,True,efc794151d104e3be4b5799ce7b4fccc46709879a04c7f92467bfefd622d1868
Client/xr-pssm/src/router/index.ts,Client/xr-pssm,web_source,scanned,True,d72271f686b0fb6bd87a5018e1d3fb3d5c556d3253bad21e60bece460d4e4ec0
Client/xr-pssm/src/styles/index.scss,Client/xr-pssm,other_text,scanned,False,e5860729326019a9485b6a77a24b714d35120b6c4c01fbaeabf195ff09188be6
Client/xr-pssm/src/utils/i18n/local.zh.ts,Client/xr-pssm,web_source,scanned,True,4b62259a5c146a604f932b6178d0886f3cdc643ca37540ae8934cb4e91af03d5
Client/xr-pssm/src/utils/theme.ts,Client/xr-pssm,web_source,scanned,True,843178218de1a0166f29b5a621de1da600acc4e1e69c570423673deac8cdec32
Client/xr-pssm/src/views/404/index.vue,Client/xr-pssm,web_source,scanned,True,f77963c7ba0dd45a29f2c8164c7afb5dbabb7ecae4689e353f5d5add54755e65
Client/xr-pssm/src/views/DEMO/DEMO.vue,Client/xr-pssm,web_source,scanned,False,5b34fb4cad87eff21becdd1a478a11723a753db53992dc948eb00ced09e6681f
Client/xr-pssm/src/views/PSSM02VS2N/PSSM02VS2N.scss,Client/xr-pssm,other_text,scanned,False,e3b0c44298fc1c149afbf4c8996fb92427ae41e4649b934ca495991b7852b855
Client/xr-pssm/src/views/PSSM02VS2N/PSSM02VS2N.ts,Client/xr-pssm,web_source,scanned,True,83e0313b215ed2df007965532e5dfd31a9c76e0afdfecfa27a1f81f216afffcc
Client/xr-pssm/src/views/PSSM02VS2N/PSSM02VS2N.vue,Client/xr-pssm,web_source,scanned,True,7fec96e63cfe8d04f641ed09629c1ccdc7f01616f3e89f5ef7262087c614999b
Client/xr-pssm/src/views/PSSM03OVS2N/PSSM03OVS2N.scss,Client/xr-pssm,other_text,scanned,False,e3b0c44298fc1c149afbf4c8996fb92427ae41e4649b934ca495991b7852b855
Client/xr-pssm/src/views/PSSM03OVS2N/PSSM03OVS2N.ts,Client/xr-pssm,web_source,scanned,True,844de06ec52d1eb3dc89d94a0b8abe709508e75185d485920308714ff1750b3e
Client/xr-pssm/src/views/PSSM03OVS2N/PSSM03OVS2N.vue,Client/xr-pssm,web_source,scanned,True,b83bf9af802bfca79bef1055796305617338157881d3f48fffd4f662803de011
Client/xr-pssm/src/views/PSSM09ADDS2N/PSSM09ADDS2N.scss,Client/xr-pssm,other_text,scanned,False,e3b0c44298fc1c149afbf4c8996fb92427ae41e4649b934ca495991b7852b855
Client/xr-pssm/src/views/PSSM09ADDS2N/PSSM09ADDS2N.ts,Client/xr-pssm,web_source,scanned,True,6c1dfcf9056b2b56a795cb6939836820f6aa90f9d460e99ac84ffd7011268281
Client/xr-pssm/src/views/PSSM09ADDS2N/PSSM09ADDS2N.vue,Client/xr-pssm,web_source,scanned,True,266f107701b07b2e29ed5219b2ebf68315e961ee73c7c07efdcb134d44dcdde8
Client/xr-pssm/src/views/PSSM09VS2N/PSSM09VS2N.scss,Client/xr-pssm,other_text,scanned,False,e3b0c44298fc1c149afbf4c8996fb92427ae41e4649b934ca495991b7852b855
Client/xr-pssm/src/views/PSSM09VS2N/PSSM09VS2N.ts,Client/xr-pssm,web_source,scanned,True,ed093483ef2d49144bc764c25ed79559314d114e9e24304ee9d4a061643e3711
Client/xr-pssm/src/views/PSSM09VS2N/PSSM09VS2N.vue,Client/xr-pssm,web_source,scanned,True,ed000888074fc0c8ac1b6c6ce152c386f098af41aa72316b441c010908a0b56b
Client/xr-pssm/src/views/PSSM10CLLVS2N/PSSM10CLLVS2N.scss,Client/xr-pssm,other_text,scanned,False,e3b0c44298fc1c149afbf4c8996fb92427ae41e4649b934ca495991b7852b855
Client/xr-pssm/src/views/PSSM10CLLVS2N/PSSM10CLLVS2N.ts,Client/xr-pssm,web_source,scanned,True,93a9739d1038b6e73fd2f183db3e1521bb5a349a53fa128080e441a260af7aa5
Client/xr-pssm/src/views/PSSM10CLLVS2N/PSSM10CLLVS2N.vue,Client/xr-pssm,web_source,scanned,True,5fa9fd20b389c1a7f9e1a38f58e8afdd3f56ba5c923de6698bf9774941e3e945
Client/xr-pssm/src/views/PSSM12VS2N/PSSM12VS2N.scss,Client/xr-pssm,other_text,scanned,False,e3b0c44298fc1c149afbf4c8996fb92427ae41e4649b934ca495991b7852b855
Client/xr-pssm/src/views/PSSM12VS2N/PSSM12VS2N.ts,Client/xr-pssm,web_source,scanned,True,4b34f909562c7569d1cbeff4fbd3e3e4601871984d92c23e3823f8834bb51e57
Client/xr-pssm/src/views/PSSM12VS2N/PSSM12VS2N.vue,Client/xr-pssm,web_source,scanned,True,de0fb07b4422e2559e01d2da7274d6011c40563c20a56291f7101126aa83c480
Client/xr-pssm/src/views/PSSM13VS2N/PSSM13VS2N.scss,Client/xr-pssm,other_text,scanned,False,e3b0c44298fc1c149afbf4c8996fb92427ae41e4649b934ca495991b7852b855
Client/xr-pssm/src/views/PSSM13VS2N/PSSM13VS2N.ts,Client/xr-pssm,web_source,scanned,True,79cba2189c64403deef593c2fba505b9b778252339c75b756ad7936e1334fccc
Client/xr-pssm/src/views/PSSM13VS2N/PSSM13VS2N.vue,Client/xr-pssm,web_source,scanned,True,f0a9401ad4af5cdf94d46bb259122d91b28b93829bf4f8bc05c5ae4d9164719a
Client/xr-pssm/src/views/PSSM18SVS2N/PSSM18SVS2N.scss,Client/xr-pssm,other_text,scanned,False,e3b0c44298fc1c149afbf4c8996fb92427ae41e4649b934ca495991b7852b855
Client/xr-pssm/src/views/PSSM18SVS2N/PSSM18SVS2N.ts,Client/xr-pssm,web_source,scanned,True,039245f586678f20f855f5b638d7436934f908b3f6f951fd7321a0b8e9eef5bf
Client/xr-pssm/src/views/PSSM18SVS2N/PSSM18SVS2N.vue,Client/xr-pssm,web_source,scanned,True,c8d6be22e341b3e3a56ff303a01d72d596617484f0e417afe228eeb5ebb56f57
Client/xr-pssm/src/views/PSSM33AVS2N/PSSM33AVS2N.scss,Client/xr-pssm,other_text,scanned,False,f1558a4cee7658cd39bd134e41dd3f98299a98515bf4e2dae73e7e3cca85381f
Client/xr-pssm/src/views/PSSM33AVS2N/PSSM33AVS2N.ts,Client/xr-pssm,web_source,scanned,True,1d48ba671a71da97227f474a977a1e4da039d3ba6cc46244284147caedcddd6e
Client/xr-pssm/src/views/PSSM33AVS2N/PSSM33AVS2N.vue,Client/xr-pssm,web_source,scanned,True,cd94317df7fb88659d338b51b9cb57ceeca6771eca7060d06dce60bf93990eb3
Client/xr-pssm/src/views/PSSM33CVS2N/PSSM33CVS2N.scss,Client/xr-pssm,other_text,scanned,False,dbb0da10553930f51add771cbc8d72687c422524fc59b6a1597901b4fc63254b
Client/xr-pssm/src/views/PSSM33CVS2N/PSSM33CVS2N.ts,Client/xr-pssm,web_source,scanned,True,0c1c96584635ed8a73ba3d85a23d5abd0c23ef8103bc783024956473294cacbe
Client/xr-pssm/src/views/PSSM33CVS2N/PSSM33CVS2N.vue,Client/xr-pssm,web_source,scanned,True,e933b46637d3130dd6ce358d88d6fdc3578a157bd1350710355380d816d741c9
Client/xr-pssm/src/views/PSSM33SVS2N/PSSM33SVS2N.scss,Client/xr-pssm,other_text,scanned,False,5f98e2356e13940d52546fc4854b97d22955d94c1316de9aff96d54d2ba9168f
Client/xr-pssm/src/views/PSSM33SVS2N/PSSM33SVS2N.ts,Client/xr-pssm,web_source,scanned,True,aeaf1069c8a15cdb59dd4aaa4373e275917c953daef64d84ec4ed1b5c4d8b74e
Client/xr-pssm/src/views/PSSM33SVS2N/PSSM33SVS2N.vue,Client/xr-pssm,web_source,scanned,True,5d288b8fbae9ccbc4133c8a88fdc770cc3d65305d5000f8bdf27683cc0b51ccc
Client/xr-pssm/src/views/PSSM33VS2N/PSSM33VS2N.scss,Client/xr-pssm,other_text,scanned,False,e3b0c44298fc1c149afbf4c8996fb92427ae41e4649b934ca495991b7852b855
Client/xr-pssm/src/views/PSSM33VS2N/PSSM33VS2N.ts,Client/xr-pssm,web_source,scanned,True,f2e22cc52a4a3cbb8115e9ed171b66921abc04270bae897181a9f2ccf2889281
Client/xr-pssm/src/views/PSSM33VS2N/PSSM33VS2N.vue,Client/xr-pssm,web_source,scanned,True,cf3e4bf8252b5ab2932c8821063b4784965e69062e107ff7383e7995c4ca88e4
Client/xr-pssm/src/views/PSSM35TCVS2N/PSSM35TCVS2N.scss,Client/xr-pssm,other_text,scanned,False,e3b0c44298fc1c149afbf4c8996fb92427ae41e4649b934ca495991b7852b855
Client/xr-pssm/src/views/PSSM35TCVS2N/PSSM35TCVS2N.ts,Client/xr-pssm,web_source,scanned,True,87f7384b6562d9b97ec9d711a11ef0bfd9b8a6e35489b999cc109dabe798f197
Client/xr-pssm/src/views/PSSM35TCVS2N/PSSM35TCVS2N.vue,Client/xr-pssm,web_source,scanned,True,41ba20894bf3b4b45f78254f8f2da92562f00af9f9accc294edd9640ed0dca70
Client/xr-pssm/src/views/PSSM35VS2N/PSSM35VS2N.scss,Client/xr-pssm,other_text,scanned,False,e3b0c44298fc1c149afbf4c8996fb92427ae41e4649b934ca495991b7852b855
Client/xr-pssm/src/views/PSSM35VS2N/PSSM35VS2N.ts,Client/xr-pssm,web_source,scanned,True,47c1a9979ddbcab9c040b1893a2bcfbc8e917f519b6468b0cbac990bea3872b0
Client/xr-pssm/src/views/PSSM35VS2N/PSSM35VS2N.vue,Client/xr-pssm,web_source,scanned,True,7e51338b5368abd1c551dbc3a4f695a36ccc066f853f4ba91fc13cefd252386a
Client/xr-pssm/src/views/PSSM36VS2N/PSSM36VS2N.scss,Client/xr-pssm,other_text,scanned,False,e3b0c44298fc1c149afbf4c8996fb92427ae41e4649b934ca495991b7852b855
Client/xr-pssm/src/views/PSSM36VS2N/PSSM36VS2N.ts,Client/xr-pssm,web_source,scanned,True,96b47939c7e7c28185b281470f3e687c72db1ab3f23dc0245840ac834dac9917
Client/xr-pssm/src/views/PSSM36VS2N/PSSM36VS2N.vue,Client/xr-pssm,web_source,scanned,True,31da922ca887bd3b336a24b94e085a6332bbb8f7a24dfe4b66540a95c0912c92
Client/xr-pssm/src/views/PSSM37VS2N/PSSM37VS2N.scss,Client/xr-pssm,other_text,scanned,False,e3b0c44298fc1c149afbf4c8996fb92427ae41e4649b934ca495991b7852b855
Client/xr-pssm/src/views/PSSM37VS2N/PSSM37VS2N.ts,Client/xr-pssm,web_source,scanned,True,1d2234d029f104ee58169d817a614b31ff5dbe3503f8ffbb868ba2d3cc4276cf
Client/xr-pssm/src/views/PSSM37VS2N/PSSM37VS2N.vue,Client/xr-pssm,web_source,scanned,True,e63b15ada9c7bee5cb24016d6a45ca8d15b585593ffb0f5003132aa49bcf887d
Client/xr-pssm/src/views/PSSM51VS2N/PSSM51VS2N.scss,Client/xr-pssm,other_text,scanned,False,e3b0c44298fc1c149afbf4c8996fb92427ae41e4649b934ca495991b7852b855
Client/xr-pssm/src/views/PSSM51VS2N/PSSM51VS2N.ts,Client/xr-pssm,web_source,scanned,True,629bcb987b30c71a218eb47d897f388b7c1ac214dbc90dc0a25f22bb04ceebcf
Client/xr-pssm/src/views/PSSM51VS2N/PSSM51VS2N.vue,Client/xr-pssm,web_source,scanned,True,0b45e51c0fc51999eccf8510c47f0d32e9b7d85c5d793aa3e1571ffd3eb1c5a6
Client/xr-pssm/src/views/PSSM82VS2N/PSSM82VS2N.scss,Client/xr-pssm,other_text,scanned,False,e3b0c44298fc1c149afbf4c8996fb92427ae41e4649b934ca495991b7852b855
Client/xr-pssm/src/views/PSSM82VS2N/PSSM82VS2N.ts,Client/xr-pssm,web_source,scanned,True,752eb771bcf3500b0ed81df4ad41b0c80e948d06b39676889b696c966047dfe6
Client/xr-pssm/src/views/PSSM82VS2N/PSSM82VS2N.vue,Client/xr-pssm,web_source,scanned,True,21ca068d23849459f1caf54cf0bbced6e253ca561ddff9c96a66c170b7f54388
Client/xr-pssm/src/views/PSSM91VS2N/PSSM91VS2N.scss,Client/xr-pssm,other_text,scanned,False,e3b0c44298fc1c149afbf4c8996fb92427ae41e4649b934ca495991b7852b855
Client/xr-pssm/src/views/PSSM91VS2N/PSSM91VS2N.ts,Client/xr-pssm,web_source,scanned,True,65ebfa0b66e2cbb0b010939658b591430346fa43c91a02bed67361510c82ecbc
Client/xr-pssm/src/views/PSSM91VS2N/PSSM91VS2N.vue,Client/xr-pssm,web_source,scanned,True,fca2c35d19ee43e3d88744ac9ea48c749734c14ee20c596413da4a4c4c8f5b38
Client/xr-pssm/src/views/PSSM99VS2N/PSSM99VS2N.scss,Client/xr-pssm,other_text,scanned,False,e3b0c44298fc1c149afbf4c8996fb92427ae41e4649b934ca495991b7852b855
Client/xr-pssm/src/views/PSSM99VS2N/PSSM99VS2N.ts,Client/xr-pssm,web_source,scanned,True,8ac9556b36d4fe587a7e0c706453e61e7aa187e89d582c77ef9f33b584ecfd2f
Client/xr-pssm/src/views/PSSM99VS2N/PSSM99VS2N.vue,Client/xr-pssm,web_source,scanned,True,7b3ef842b5cd8e4af53c5cf8449309433a4daab7c32beb31297800db70c8383f
Client/xr-pssm/src/views/PSSMD1VS2N/PSSMD1VS2N.scss,Client/xr-pssm,other_text,scanned,False,e3b0c44298fc1c149afbf4c8996fb92427ae41e4649b934ca495991b7852b855
Client/xr-pssm/src/views/PSSMD1VS2N/PSSMD1VS2N.ts,Client/xr-pssm,web_source,scanned,True,e2adb9c6eb9769a37e01101b3c7d04384af1899aab78bbe572869fb18a1ba3e6
Client/xr-pssm/src/views/PSSMD1VS2N/PSSMD1VS2N.vue,Client/xr-pssm,web_source,scanned,True,a89d50e7be01f926e254c646cec5cad2a5d952ff64f6b2527f6168666398a429
Client/xr-pssm/src/views/PSSMD3VS2N/PSSMD3VS2N.scss,Client/xr-pssm,other_text,scanned,False,e3b0c44298fc1c149afbf4c8996fb92427ae41e4649b934ca495991b7852b855
Client/xr-pssm/src/views/PSSMD3VS2N/PSSMD3VS2N.ts,Client/xr-pssm,web_source,scanned,True,de983586d3c499563daabdc0021c2c81a93bc1b38511156f1657369c69598f95
Client/xr-pssm/src/views/PSSMD3VS2N/PSSMD3VS2N.vue,Client/xr-pssm,web_source,scanned,True,05894abf87bcaeb844ae0e47a9852589ff3b1fa21784fb383d07a4273b471748
Client/xr-pssm/src/views/PSSMD6VS2N/PSSMD6VS2N.scss,Client/xr-pssm,other_text,scanned,False,e3b0c44298fc1c149afbf4c8996fb92427ae41e4649b934ca495991b7852b855
Client/xr-pssm/src/views/PSSMD6VS2N/PSSMD6VS2N.ts,Client/xr-pssm,web_source,scanned,True,b5927a91994c9218147ba7cc7084a7bb794537219e298042421fcd623d25e7ee
Client/xr-pssm/src/views/PSSMD6VS2N/PSSMD6VS2N.vue,Client/xr-pssm,web_source,scanned,True,900ae4ed6d3efecca380dd70f1ee9ddcec96b3f322eeb76ea0edbe2cee84ecc4
Client/xr-pssm/src/views/PSSMD9VS2N/PSSMD9VS2N.scss,Client/xr-pssm,other_text,scanned,False,e3b0c44298fc1c149afbf4c8996fb92427ae41e4649b934ca495991b7852b855
Client/xr-pssm/src/views/PSSMD9VS2N/PSSMD9VS2N.ts,Client/xr-pssm,web_source,scanned,True,75636aff3b4cbc25fc734660cd8f0aadd67516fc1083fcd415182af74b53a200
Client/xr-pssm/src/views/PSSMD9VS2N/PSSMD9VS2N.vue,Client/xr-pssm,web_source,scanned,True,8b0e405882704630afc011271783564c5fdcf95f6276dd5b3378bd09fe0b8143
Client/xr-pssm/src/views/PSSMDAVS2N/PSSMDAVS2N.scss,Client/xr-pssm,other_text,scanned,False,e3b0c44298fc1c149afbf4c8996fb92427ae41e4649b934ca495991b7852b855
Client/xr-pssm/src/views/PSSMDAVS2N/PSSMDAVS2N.ts,Client/xr-pssm,web_source,scanned,True,d3fc654476b7ae3b149caca129c9e184bc6ac480088cfb528ca190a92ce27659
Client/xr-pssm/src/views/PSSMDAVS2N/PSSMDAVS2N.vue,Client/xr-pssm,web_source,scanned,True,df47d78c4a89d98c34cfa5f2519eb8931f699a85ae448f71f9bd383bf0333eba
Client/xr-pssm/src/views/PSSMDBVS2N/PSSMDBVS2N.scss,Client/xr-pssm,other_text,scanned,False,e3b0c44298fc1c149afbf4c8996fb92427ae41e4649b934ca495991b7852b855
Client/xr-pssm/src/views/PSSMDBVS2N/PSSMDBVS2N.ts,Client/xr-pssm,web_source,scanned,True,243e97fdaec975bb2738d5ac25dfa20951049bb0d0568cd8bb340c7a448e9803
Client/xr-pssm/src/views/PSSMDBVS2N/PSSMDBVS2N.vue,Client/xr-pssm,web_source,scanned,True,c4fc132e1ac6f3caed2985f9d768c3eedd721131a8ccf2ca225a4fb1ebbded36
Client/xr-pssm/src/views/PSSMDCVS2N/PSSMDCVS2N.scss,Client/xr-pssm,other_text,scanned,False,e3b0c44298fc1c149afbf4c8996fb92427ae41e4649b934ca495991b7852b855
Client/xr-pssm/src/views/PSSMDCVS2N/PSSMDCVS2N.ts,Client/xr-pssm,web_source,scanned,True,a68dfbf65a75e97c68924139b7f6ef2dd81a7845b86a13319d95063d4b6792ab
Client/xr-pssm/src/views/PSSMDCVS2N/PSSMDCVS2N.vue,Client/xr-pssm,web_source,scanned,True,66bb9849e121cd5c5573064d327137dfc176db5ee436b674eeec748cff7c49d7
Client/xr-pssm/src/views/PSSMDHVS2N/PSSMDHVS2N.scss,Client/xr-pssm,other_text,scanned,False,e3b0c44298fc1c149afbf4c8996fb92427ae41e4649b934ca495991b7852b855
Client/xr-pssm/src/views/PSSMDHVS2N/PSSMDHVS2N.ts,Client/xr-pssm,web_source,scanned,True,04e89d59c4b3fd9bb87559031c54f8b958278f6553fc7dfe8c6b480076d9d953
Client/xr-pssm/src/views/PSSMDHVS2N/PSSMDHVS2N.vue,Client/xr-pssm,web_source,scanned,True,1486c658bf3ac176b55071137c53623e95f9ab59bd46801646d50e857ce56daa
Client/xr-pssm/src/views/PSSMDJVS2N/PSSMDJVS2N.scss,Client/xr-pssm,other_text,scanned,False,e3b0c44298fc1c149afbf4c8996fb92427ae41e4649b934ca495991b7852b855
Client/xr-pssm/src/views/PSSMDJVS2N/PSSMDJVS2N.ts,Client/xr-pssm,web_source,scanned,True,2035c13a43c24b6133418de6c437cee3279857cb763bf178cf1e365b988669b1
Client/xr-pssm/src/views/PSSMDJVS2N/PSSMDJVS2N.vue,Client/xr-pssm,web_source,scanned,True,c7338255dfd7debfb9b95d0003d335592e84079bb64be63f3ea2f087d03fa8f3
Client/xr-pssm/src/views/PSSMDKVS2N/PSSMDKVS2N.scss,Client/xr-pssm,other_text,scanned,False,e3b0c44298fc1c149afbf4c8996fb92427ae41e4649b934ca495991b7852b855
Client/xr-pssm/src/views/PSSMDKVS2N/PSSMDKVS2N.ts,Client/xr-pssm,web_source,scanned,True,12ab9d6ee4b70fe6030787ff5a9b238afbfb7af3cf24c9a58a1a4c1b5596383a
Client/xr-pssm/src/views/PSSMDKVS2N/PSSMDKVS2N.vue,Client/xr-pssm,web_source,scanned,True,12a59c1acbde112abd05580cd49f354392137bdfdf433592a0a2a1570fb260f8
Client/xr-pssm/src/views/PSSMERRS2N/PSSMERRS2N.scss,Client/xr-pssm,other_text,scanned,False,e3b0c44298fc1c149afbf4c8996fb92427ae41e4649b934ca495991b7852b855
Client/xr-pssm/src/views/PSSMERRS2N/PSSMERRS2N.ts,Client/xr-pssm,web_source,scanned,True,ed7764be7ea0c94d496fdc0c9f5b9fbfbd9f09ab5509d45c9c44562beffbc4fe
Client/xr-pssm/src/views/PSSMERRS2N/PSSMERRS2N.vue,Client/xr-pssm,web_source,scanned,True,c5ae51e4dc2e20d6d83cbc95cc2e3db9d0a17271cff81557e15350bb196201c8
Client/xr-pssm/src/views/PSSMS1VS2N/PSSMS1VS2N.scss,Client/xr-pssm,other_text,scanned,False,e3b0c44298fc1c149afbf4c8996fb92427ae41e4649b934ca495991b7852b855
Client/xr-pssm/src/views/PSSMS1VS2N/PSSMS1VS2N.ts,Client/xr-pssm,web_source,scanned,True,fda0f909d5ea1595c5e1633b1fea7c73d08400ced5d53bdbacad71998b5acf14
Client/xr-pssm/src/views/PSSMS1VS2N/PSSMS1VS2N.vue,Client/xr-pssm,web_source,scanned,True,8387931e18b608fc392e40bf725721e56f13e129145c9b038b4f2b8b2292ec1a
Client/xr-pssm/src/views/PSSMSSVS2N/PSSMSSVS2N.scss,Client/xr-pssm,other_text,scanned,False,e3b0c44298fc1c149afbf4c8996fb92427ae41e4649b934ca495991b7852b855
Client/xr-pssm/src/views/PSSMSSVS2N/PSSMSSVS2N.ts,Client/xr-pssm,web_source,scanned,True,c9b346f3f640eeac3240b62241f8f0c5462e574780df4a9166eaee66ee345cca
Client/xr-pssm/src/views/PSSMSSVS2N/PSSMSSVS2N.vue,Client/xr-pssm,web_source,scanned,True,07d95979ed0712998d7ac05881472cf956d77900ed1f4c52e45b69317aa6bf61
Client/xr-pssm/src/views/PSSMZLVS2N/PSSMZLVS2N.scss,Client/xr-pssm,other_text,scanned,False,e3b0c44298fc1c149afbf4c8996fb92427ae41e4649b934ca495991b7852b855
Client/xr-pssm/src/views/PSSMZLVS2N/PSSMZLVS2N.ts,Client/xr-pssm,web_source,scanned,True,f96e2b828bfde61e8965ecec938ed0d4b9702a1cd1676b0d53e201ffee4a156a
Client/xr-pssm/src/views/PSSMZLVS2N/PSSMZLVS2N.vue,Client/xr-pssm,web_source,scanned,True,a49b9ababc7e49c5dec68acc9b638776d580ecd583a429fcb742bdbdd2cb833b
Client/xr-pssm/src/vite-env.d.ts,Client/xr-pssm,web_source,scanned,True,e312a79d191b359f765c671e15208a344269e30691602344db115a0de9ee0e1f
Client/xr-pssm/tsconfig.json,Client/xr-pssm,config_or_resource,scanned,True,b139294888379c2b1c73ae0b0d3012cb01e20d5f440bd20f466be5583553a447
Client/xr-pssm/vite.config.ts,Client/xr-pssm,web_source,scanned,True,85710641c159e94d050cecbec014ce5f959b8a89fd225429b99ae6073178d1ec
Client/xr-qmbs-ag/.browserslistrc,Client/xr-qmbs-ag,other_text,scanned,False,64b759d6769519ab725f72498c727444b04c54de55480dfcee2f807588cb8767
Client/xr-qmbs-ag/.env.development,Client/xr-qmbs-ag,environment_config_values_not_exported,scanned,True,edadc42a1ac7b31e84d8327278e641a3451b3860abf14982c4cf93d2e21c1d4f
Client/xr-qmbs-ag/.env.production,Client/xr-qmbs-ag,environment_config_values_not_exported,scanned,True,d3ae0ac8c33001f34709a156c74f3f798ba161bace65d6aa767c94f6eed5b404
Client/xr-qmbs-ag/.eslintignore,Client/xr-qmbs-ag,other_text,scanned,False,310dd21083817c44dc0e7dc149e3268c87b37e4f007943b2139c7968c1e7805d
Client/xr-qmbs-ag/.eslintrc.js,Client/xr-qmbs-ag,web_source,scanned,True,325e8767e41f6fe6311dc1c351c7d54e4505f4c4df35c0046c172f919e405278
Client/xr-qmbs-ag/.gitignore,Client/xr-qmbs-ag,other_text,scanned,False,48c7b47aa39c1f4090c4bb100eb35520e6fb6b61bb286b435191f3d0568a48ce
Client/xr-qmbs-ag/.npmrc,Client/xr-qmbs-ag,other_text,scanned,False,c6cb3e1eeda0b55db0937a859a17f58ab960e78ded2eb9155ac7699cfd6020ba
Client/xr-qmbs-ag/.prettierignore,Client/xr-qmbs-ag,other_text,scanned,False,139413af07a3112929c2b8d6ad2237ac14a00d947cc1bdf6b437acdd24246b5a
Client/xr-qmbs-ag/.prettierrc.js,Client/xr-qmbs-ag,web_source,scanned,True,d417b0b44b61f8c4d4efaba19ab954056bfd47cbef7bc2e433e3d2cccc85acf3
Client/xr-qmbs-ag/.vscode/extensions.json,Client/xr-qmbs-ag,config_or_resource,scanned,False,1e73d21c9de2df0dda46d9223325067047dd68d86311e2ccb7c52b302c35edaf
Client/xr-qmbs-ag/.yarnrc,Client/xr-qmbs-ag,other_text,scanned,False,605166a54b688987e9c2253ca3b7e5add538979d821a39698db409e5d88a8b49
Client/xr-qmbs-ag/@mf-types/EFX/index.d.ts,Client/xr-qmbs-ag,dependency_or_type_declaration,scanned,True,7d4671f244125c67637918e89e1daaa1c4d8946f326b6979f9380ae45ee453fb
Client/xr-qmbs-ag/@mf-types/EFX/package.json,Client/xr-qmbs-ag,dependency_or_type_declaration,scanned,True,d4837aae4c071d94a39b585d349e339358cb16e92b71ad96f18c5297ede77b49
Client/xr-qmbs-ag/@mf-types/EIX/index.d.ts,Client/xr-qmbs-ag,dependency_or_type_declaration,scanned,True,1ed6745584e901ce103d4fcc893b1dfec165c5127007679cde9a94901260f6e1
Client/xr-qmbs-ag/@mf-types/EIX/package.json,Client/xr-qmbs-ag,dependency_or_type_declaration,scanned,True,ef19105d914a78129730e844aa11bb16a22f93ad1f4c1ade9df078e25704eb65
Client/xr-qmbs-ag/@mf-types/EIX/types/.gitkeep,Client/xr-qmbs-ag,dependency_or_type_declaration,scanned,False,e3b0c44298fc1c149afbf4c8996fb92427ae41e4649b934ca495991b7852b855
Client/xr-qmbs-ag/@mf-types/EIX/types/axios.d.ts,Client/xr-qmbs-ag,dependency_or_type_declaration,scanned,True,a2d3d0394a3ce2c52f67e5ffc4f93ed0306a4748e3cd2f2208813a44b5e57fbf
Client/xr-qmbs-ag/@mf-types/EIX/types/ei-manager.d.ts,Client/xr-qmbs-ag,dependency_or_type_declaration,scanned,True,9e36cc2dd2392312b1cfb2fd79c33f077cc8d63cc8948840ddb855496cbae2a0
Client/xr-qmbs-ag/@mf-types/EIX/types/ei-tools.d.ts,Client/xr-qmbs-ag,dependency_or_type_declaration,scanned,False,ee1973c8df465844a52fcaa9cb24070c8f6b8d424b59870bb82a73f19635598e
Client/xr-qmbs-ag/@mf-types/EIX/types/ei.d.ts,Client/xr-qmbs-ag,dependency_or_type_declaration,scanned,True,1405df6f25d5202680349286d73086582d836393b9e5e96a75555c9096996a54
Client/xr-qmbs-ag/@mf-types/EIX/types/ep.d.ts,Client/xr-qmbs-ag,dependency_or_type_declaration,scanned,False,d75651b029f8c06c087830ed5d94dfa06ab193059d3a4f6254f01030bd15310f
Client/xr-qmbs-ag/@mf-types/EIX/types/index.d.ts,Client/xr-qmbs-ag,dependency_or_type_declaration,scanned,True,b9bd913b5e77d0398726b18f285d69ed8212d06f2c7f3c52136901176a184455
Client/xr-qmbs-ag/@mf-types/EIX/types/model.d.ts,Client/xr-qmbs-ag,dependency_or_type_declaration,scanned,False,29ce3ec2fd75eb819eb5ae3ce5a8b7115c53c2b3b02b7883c57e965cec2cd491
Client/xr-qmbs-ag/@mf-types/EIX/types/options.d.ts,Client/xr-qmbs-ag,dependency_or_type_declaration,scanned,True,d44528d17f0361218ec6a4652e9e488fa69e42fc27c51c02b837153b53bd27d3
Client/xr-qmbs-ag/@mf-types/EIX/types/type.d.ts,Client/xr-qmbs-ag,dependency_or_type_declaration,scanned,False,a9bc3be542736b380e2b35a265c141d666f3b62ce15b278c7e0083caa2c6f46b
Client/xr-qmbs-ag/@mf-types/EIX/types/utils.d.ts,Client/xr-qmbs-ag,dependency_or_type_declaration,scanned,True,f7a03e271b127953aa103cca493f37202d593dc3d2b36cb8597eb45544758145
Client/xr-qmbs-ag/@mf-types/EPTF/EPTF.d.ts,Client/xr-qmbs-ag,dependency_or_type_declaration,scanned,False,72a0b37ba4c1bd0b1b86ff5b94c33dc48c78ecd182a1120c6cb4cedadeb767a3
Client/xr-qmbs-ag/@mf-types/EPTF/index.d.ts,Client/xr-qmbs-ag,dependency_or_type_declaration,scanned,False,1a9cc32df3c83759b19ee8a00f5fd881706302d39cfd15ef99ac7bc57cade1ac
Client/xr-qmbs-ag/@mf-types/EPTF/package.json,Client/xr-qmbs-ag,dependency_or_type_declaration,scanned,True,55f68a82372af2b2d97e0c78e24eafbd30d0723c1884cfb24bcea92cfd0a4a53
Client/xr-qmbs-ag/@mf-types/ERX/ERX.d.ts,Client/xr-qmbs-ag,dependency_or_type_declaration,scanned,True,f45d6c8af05523f56aa37553cc86840a68b27c76e89c89d4842981d4b3a2caa4
Client/xr-qmbs-ag/@mf-types/ERX/index.d.ts,Client/xr-qmbs-ag,dependency_or_type_declaration,scanned,False,1d36e3453cd6a856ae8e5bb616771993dd6486dec803b28994044cefd02ae134
Client/xr-qmbs-ag/@mf-types/ERX/package.json,Client/xr-qmbs-ag,dependency_or_type_declaration,scanned,True,db7f98c8d5e9a6da284883b05c20145999523d30a02c75d9cc32f8fa3ac8ba3c
Client/xr-qmbs-ag/README.md,Client/xr-qmbs-ag,document_or_log,scanned,True,a44c45aedaaf49a5599e585198c6c228a0785c4111c6ab12a178f00350698277
Client/xr-qmbs-ag/babel.config.js,Client/xr-qmbs-ag,web_source,scanned,True,ac36c4b66bde4b45e9c0c62fefc9bcdb7c47702942fb6e590a186c2100bc9c2b
Client/xr-qmbs-ag/build/upload-npm.sh,Client/xr-qmbs-ag,generated_or_build_support,scanned,True,a58149d5aaebd2aa9759535e49dfb8293d7a79883729a45eed094e58d95a79fe
Client/xr-qmbs-ag/build/utils.ts,Client/xr-qmbs-ag,generated_or_build_support,scanned,True,6d731fc2209f69b40b1a85c93a1c8748574e1adc615eb4d528352decf9522cb1
Client/xr-qmbs-ag/changelog.md,Client/xr-qmbs-ag,document_or_log,scanned,True,b3a43e3118fae53bbf383f6197d74f3e3bea4a64e9e8b4fc73fcb9f643adb6d4
Client/xr-qmbs-ag/index.html,Client/xr-qmbs-ag,web_source,scanned,True,6150b29762caa5ee1de693bf6cc4e8af787d8c1f20dae0dc01b3c2a8c5f0beff
Client/xr-qmbs-ag/package-lock.json,Client/xr-qmbs-ag,dependency_lock,scanned,True,ceac5d888a602f649c5e14fb7e9bc80854b7f8329ece714eb5064ec6c66b4c8f
Client/xr-qmbs-ag/package.json,Client/xr-qmbs-ag,config_or_resource,scanned,True,bb09562ae07e7ac5080b6d82bfe435f99fb6be01b0bc4d31869f5a46c624d282
Client/xr-qmbs-ag/public/favicon.ico,Client/xr-qmbs-ag,other_text,binary,False,db74ab0b78338c1f778f8398c45f4103c99aea0e845a3118a7750b4eeafd3445
Client/xr-qmbs-ag/public/img/doc.png,Client/xr-qmbs-ag,other_text,binary,False,520baeb85d64c095ec8cbe8f035f390ca3d3bc93fcdbf4ecf09810bbaab1b1cd
Client/xr-qmbs-ag/public/img/pdf.png,Client/xr-qmbs-ag,other_text,binary,False,0d417353d8f9f861bbba42c44f4fd489a439b0efcbffc35a4e53af34d9569de9
Client/xr-qmbs-ag/public/img/xls.png,Client/xr-qmbs-ag,other_text,binary,False,87ce1a9493026bad95f9fa7ae03135e1c7f265d901613890227532fc0121c9d6
Client/xr-qmbs-ag/public/index.html,Client/xr-qmbs-ag,web_source,scanned,True,420beecc78f7f743e929beb14fd53c070a6681a9a0750f4c3f7f95c73221af87
Client/xr-qmbs-ag/server/libQMBS/f_qmbs_c3.cpp,Client/xr-qmbs-ag,backend_source,scanned,True,3a270df8bff626157b21492a220b1b352f067a71e72148360d4b42d75ff128b0
Client/xr-qmbs-ag/server/libQMBS/f_qmbs_sample_select.cpp,Client/xr-qmbs-ag,backend_source,scanned,True,6cb96403a95e0fce884195c904e67fe6ff5d71429bcae89725962405a7e983e5
Client/xr-qmbs-ag/server/libQMBS/f_qmbs_save.cpp,Client/xr-qmbs-ag,backend_source,scanned,True,88c43a62bd942034949ec78d558999dc5e97bbe570987b09536f468daed56621
Client/xr-qmbs-ag/server/libQMBS/f_qmbs_split.cpp,Client/xr-qmbs-ag,backend_source,scanned,True,e75b5cc9c0011eedfc9e99cbc5bf7be74b466cd0e88e04d7315fa5625a2b9585
Client/xr-qmbs-ag/server/libQMBS/f_qmbs_yc_jud.cpp,Client/xr-qmbs-ag,backend_source,scanned,True,04fe690f1b42a9782b39f794024bd0523ccff7724d2969b3c6ed42c0c6df3265
Client/xr-qmbs-ag/server/libQMBS/libQMBS.vcxproj,Client/xr-qmbs-ag,build_project,scanned,True,679820b61cb57ba1a112f4664b0ac517c5f404d266c2a3283059877691d76c8a
Client/xr-qmbs-ag/server/libQMBS/libQMBS.vcxproj.filters,Client/xr-qmbs-ag,backend_source,scanned,False,2fb249721b5faae902c3fb56ed92f1faa6ee1303d62758e2449686fb7bd47111
Client/xr-qmbs-ag/server/libQMBS/stdafx.cpp,Client/xr-qmbs-ag,backend_source,scanned,False,198bce8918d8c7c1babf87ca0fd2ff65bb64f2935e6c0a59bc2701395767fb87
Client/xr-qmbs-ag/server/libQMBS/板坯异常/f_qmbs_chag_stno.cpp,Client/xr-qmbs-ag,backend_source,scanned,True,afec44b2ceccc79bc91f8534923762d33678f6f4133a3a34b0974369bc9fda37
Client/xr-qmbs-ag/server/libQMBS/板坯异常/f_qmbs_data_proc.cpp,Client/xr-qmbs-ag,backend_source,scanned,True,da46f9bfb1e4c550392a176013dd8373ed0fb5b0eb6e8222a84c1f3019ec1a23
Client/xr-qmbs-ag/server/libQMBS/板坯异常/f_qmbs_dest.cpp,Client/xr-qmbs-ag,backend_source,scanned,True,cdb55b5683cde9490f48f20df3fb8ce3497fdea7585b86c3ffc409e06af5162a
Client/xr-qmbs-ag/server/libQMBS/板坯异常/f_qmbs_jud.cpp,Client/xr-qmbs-ag,backend_source,scanned,True,e02d45ee7a6ab4d8e37d436a12134e5be64fc479ccdadfcca467add5d003b7d4
Client/xr-qmbs-ag/server/libQMBS/炉次异常/f_qmbs_yc.cpp,Client/xr-qmbs-ag,backend_source,scanned,True,b75905b87d0e1e61cd736833d6aaeecd9f73aaa435e8f6b8a5d2ef3452cdd2ee
Client/xr-qmbs-ag/server/libQMBS/炉次异常/f_qmbs_yc_exc.cpp,Client/xr-qmbs-ag,backend_source,scanned,True,0742bbfda9e872b92175dcfeeef2a0d31e7fb2ba39104f1f37b1988ed0375a31
Client/xr-qmbs-ag/server/libQMBS/炉次异常/f_qmbs_yc_jud.cpp,Client/xr-qmbs-ag,backend_source,scanned,True,ba00e919637d7fc4efd6fffd2dcff63e2711cf3f730cb45a88ec9e5efb684f13
Client/xr-qmbs-ag/server/p_qmbs_4850/p_qmts_4750.vcxproj,Client/xr-qmbs-ag,build_project,scanned,True,6dd78c82a4f1788444ed3615e3c7e40d6da8ea908d5ec05a3d6225d6d02565c5
Client/xr-qmbs-ag/server/p_qmbs_4850/p_qmts_4850.vcxproj,Client/xr-qmbs-ag,build_project,scanned,True,b85f41f2041cb24c2797fa0a4b670d301f2912391330c0b51cfa847ba3ce01eb
Client/xr-qmbs-ag/server/p_qmbs_4850/p_qmts_4850.vcxproj.filters,Client/xr-qmbs-ag,backend_source,scanned,False,6ebaac7d9524cf563fc9c82c3b9cf3e8a5097ad8de1c6fc887239de49037446f
Client/xr-qmbs-ag/server/p_qmbs_4850/qmbs23_inq.cpp,Client/xr-qmbs-ag,backend_source,scanned,True,f2f83026748530e944c352897d8844e9c9d15ab8c8a9d9218cd1915affba07f7
Client/xr-qmbs-ag/server/p_qmbs_4850/qmbs_heat.cpp,Client/xr-qmbs-ag,backend_source,scanned,True,67fbc4829c0520b910cc572e2e7fbe89abf627b5c731813661d3e9b3876c58b5
Client/xr-qmbs-ag/server/p_qmbs_4850/qmbs_sample.cpp,Client/xr-qmbs-ag,backend_source,scanned,True,a604ca6cfafa14f4801da40572bf0dac03be64996f9c6f761c715b063de54e6e
Client/xr-qmbs-ag/server/p_qmbs_4850/qmbs_test.cpp,Client/xr-qmbs-ag,backend_source,scanned,True,b610f0d45c21d0e5ddb97e0d290e213e5016a14718822473125f46d011f591f1
Client/xr-qmbs-ag/server/p_qmbs_4850/qmbs_xx_inq.cpp,Client/xr-qmbs-ag,backend_source,scanned,True,f7c813159a2c805873d9f3fe489d936acd5984dd17c9c59b49c1a000ea6c5350
Client/xr-qmbs-ag/server/p_qmbs_4850/qmbsm2_single_inq.cpp,Client/xr-qmbs-ag,backend_source,scanned,True,404be5e3b35824d9a48a6f59e9ec8b033ba07bd805126a355dff7718a5f60875
Client/xr-qmbs-ag/server/p_qmbs_4850/qmbsm_save.cpp,Client/xr-qmbs-ag,backend_source,scanned,True,008948032911e050e8408f8be7c40a85e6b7523f385b04bbdec5df57e0adaf77
Client/xr-qmbs-ag/server/p_qmbs_4850/qmbsmu_inq.cpp,Client/xr-qmbs-ag,backend_source,scanned,True,c9d39e3bb9c17f31dba9693e9d17e2c03f207cd5ebef8772223049931441a047
Client/xr-qmbs-ag/server/p_qmbs_4850/qmbsmv_inq.cpp,Client/xr-qmbs-ag,backend_source,scanned,True,1b9d5b25ba3d58899c2754292b5fb2e950d8091758e9dcb452779087de3038b0
Client/xr-qmbs-ag/server/p_qmbs_4850/qmts25_new_inq.cpp,Client/xr-qmbs-ag,backend_source,scanned,True,a6c5545017d9a69dbad35fa4e3805699ca52ad30a90b9e4ffbce3144671c4c57
Client/xr-qmbs-ag/server/p_qmbs_4850/qmtsquery_inq.cpp,Client/xr-qmbs-ag,backend_source,scanned,True,4a7fe3e3c5c9d0429cc2b1b6e2dd5561243b8b11825c72487ea42922aecf5dcb
Client/xr-qmbs-ag/src/App.vue,Client/xr-qmbs-ag,web_source,scanned,True,bea21b84d9e02ae208e1b9716e97fbc6b9a4a18e40428e48604791fbc131a77b
Client/xr-qmbs-ag/src/assets/logo.png,Client/xr-qmbs-ag,other_text,binary,False,03d6d6da2545d3b3402855b8e721b779abaa87d113e69d9329ea6ea6325a83ce
Client/xr-qmbs-ag/src/assets/vue.svg,Client/xr-qmbs-ag,other_text,scanned,False,5532db34f1c52841881bab8aeca6c3e8d092bd21a689a65f4d8f8cf8041eef9d
Client/xr-qmbs-ag/src/components/DIBei1.vue,Client/xr-qmbs-ag,web_source,scanned,True,6c569fe32cefd89a0dad091faefa1f0e01fcd197a27548f3a6ef5b68e7da6ade
Client/xr-qmbs-ag/src/components/DiBei.vue,Client/xr-qmbs-ag,web_source,scanned,True,71f8fe864ec9d6455fdcaf58efd7cdfe846beb1449f3bf6cd45dee26fcdb9a16
Client/xr-qmbs-ag/src/components/DiBei_NQ.vue,Client/xr-qmbs-ag,web_source,scanned,True,ff927727a201f8b67493ec46df81344595c780d764b630277378cdb82ffb1e2c
Client/xr-qmbs-ag/src/components/Result/index.vue,Client/xr-qmbs-ag,web_source,scanned,False,1cb5f91a34874660e11f441f8c76e92ca33bae4a30ff658a2779727858ef8109
Client/xr-qmbs-ag/src/components/Result/svg/error.vue,Client/xr-qmbs-ag,web_source,scanned,False,ca47a4d00cc74fe94f9394c2bd67f96ff32fadf4a46ceefe145e0ca4b70cf010
Client/xr-qmbs-ag/src/components/Result/svg/info.vue,Client/xr-qmbs-ag,web_source,scanned,False,8b12ef11b5ee93baf289e04b47c43e003bb8db8467eaa91d98e0a801c9f61fd0
Client/xr-qmbs-ag/src/components/Result/svg/noFound.vue,Client/xr-qmbs-ag,web_source,scanned,False,0ff712a43a004d8f47469e7024453b72c09b10ef3775571d89dbe65023f52bfb
Client/xr-qmbs-ag/src/components/Result/svg/serverError.vue,Client/xr-qmbs-ag,web_source,scanned,False,a9e1494601a29c04de5c1e5cb08eac2d480e097b98dcf237550c5f4c9aad2d86
Client/xr-qmbs-ag/src/components/Result/svg/success.vue,Client/xr-qmbs-ag,web_source,scanned,False,ea78e9a97a3dcaefb54fd18d225511c1ef9e66c4fcb09c72617e128c57b8697d
Client/xr-qmbs-ag/src/components/Result/svg/unauthorized.vue,Client/xr-qmbs-ag,web_source,scanned,True,4981c678833022a34a03992da44ee10358a54956447db8b5fbd1dfecb4800749
Client/xr-qmbs-ag/src/components/Result/svg/warning.vue,Client/xr-qmbs-ag,web_source,scanned,False,0f8ad54c3cd363bb4d7d8e4b25325872f1c13468030cd297c27d2a9ea1067783
Client/xr-qmbs-ag/src/components/ShangQ.vue,Client/xr-qmbs-ag,web_source,scanned,True,66c6888e87489b35ab000007f31fa8d4b4472c7539f961b5c5d09f38f50430b9
Client/xr-qmbs-ag/src/components/ShangQDR.vue,Client/xr-qmbs-ag,web_source,scanned,True,dcb7b20c7d20608b9c7bcb9ad951b79cb7b22576063c019d7fc0ba08e309abe9
Client/xr-qmbs-ag/src/components/ZhiBaoShu.vue,Client/xr-qmbs-ag,web_source,scanned,True,c0190c0e3bfc8e33397a232010d23ccd92bef202d5e1cae9d11dba9dcc26e2e7
Client/xr-qmbs-ag/src/locales/en.ts,Client/xr-qmbs-ag,web_source,scanned,True,1a1c8ce716f73e8265a343fc5c767f37b4b39dac9104691407fb94dc3109cdd0
Client/xr-qmbs-ag/src/locales/zh_Hans.ts,Client/xr-qmbs-ag,web_source,scanned,True,a3086aeeb09ee13a3baad570a33a28bc749daff3451f74212b80254ab4b3c464
Client/xr-qmbs-ag/src/locales/zh_Hant.ts,Client/xr-qmbs-ag,web_source,scanned,True,c874373880ac162d745855ab9763764181b9dfd3d416b163aa98b561162e2076
Client/xr-qmbs-ag/src/main.ts,Client/xr-qmbs-ag,web_source,scanned,True,46c56dc62b253058b8334a230335e510ab846ef942a34b08b0056776366f36b0
Client/xr-qmbs-ag/src/model/data.d.ts,Client/xr-qmbs-ag,web_source,scanned,True,efc794151d104e3be4b5799ce7b4fccc46709879a04c7f92467bfefd622d1868
Client/xr-qmbs-ag/src/public-path.ts,Client/xr-qmbs-ag,web_source,scanned,True,14d1bb3ea30182cdcb5e10e870092d6476a8659896c9a64caeb0d4627ba15cea
Client/xr-qmbs-ag/src/router/index.ts,Client/xr-qmbs-ag,web_source,scanned,True,ba44de82373094fd6c71f69b3625045fe6725061f9461c44f9afe81a91b227c8
Client/xr-qmbs-ag/src/shims-vue.d.ts,Client/xr-qmbs-ag,web_source,scanned,True,0e9f5bb6501539728bd8d8dadbf2c2cb045a8eb3a153189439273556b7093e92
Client/xr-qmbs-ag/src/store/index.ts,Client/xr-qmbs-ag,web_source,scanned,True,bccad45b8ae804ec023cd361d952b6917fd073751239bba559e0fd9cb799b70d
Client/xr-qmbs-ag/src/store/modules/cached.ts,Client/xr-qmbs-ag,web_source,scanned,True,77f7b576bf67cd1a3db0a6a2043ace7dca44f8d6fdf8e9fa42ef853c804acb3b
Client/xr-qmbs-ag/src/styles/common.scss,Client/xr-qmbs-ag,other_text,scanned,False,50d9dd26aa4f7e48fec6f9a579a774aa705edc4f0baffab9b3fd58c669fe236a
Client/xr-qmbs-ag/src/styles/element-variables.scss,Client/xr-qmbs-ag,other_text,scanned,False,0c7e3b5e424736f586b36cf9abf498739e2048a744401e310fd3878201673d6a
Client/xr-qmbs-ag/src/styles/index.scss,Client/xr-qmbs-ag,other_text,scanned,False,e5860729326019a9485b6a77a24b714d35120b6c4c01fbaeabf195ff09188be6
Client/xr-qmbs-ag/src/utils/i18n/local.zh.ts,Client/xr-qmbs-ag,web_source,scanned,True,4b62259a5c146a604f932b6178d0886f3cdc643ca37540ae8934cb4e91af03d5
Client/xr-qmbs-ag/src/utils/theme.ts,Client/xr-qmbs-ag,web_source,scanned,True,843178218de1a0166f29b5a621de1da600acc4e1e69c570423673deac8cdec32
Client/xr-qmbs-ag/src/views/404/index.vue,Client/xr-qmbs-ag,web_source,scanned,True,f77963c7ba0dd45a29f2c8164c7afb5dbabb7ecae4689e353f5d5add54755e65
Client/xr-qmbs-ag/src/views/QMBS21/QMBS21.scss,Client/xr-qmbs-ag,other_text,scanned,False,e3b0c44298fc1c149afbf4c8996fb92427ae41e4649b934ca495991b7852b855
Client/xr-qmbs-ag/src/views/QMBS21/QMBS21.ts,Client/xr-qmbs-ag,web_source,scanned,True,606208c2240d809561c8d304fa8f6eefab4717c7c21b44fc9518226d71a38592
Client/xr-qmbs-ag/src/views/QMBS21/QMBS21.vue,Client/xr-qmbs-ag,web_source,scanned,True,823b402ca5d40eddf017e2694542b698fdca8bca32541b21b571f8a16fc8ef0b
Client/xr-qmbs-ag/src/views/QMBS25S/QMBS25S.scss,Client/xr-qmbs-ag,other_text,scanned,False,e3b0c44298fc1c149afbf4c8996fb92427ae41e4649b934ca495991b7852b855
Client/xr-qmbs-ag/src/views/QMBS25S/QMBS25S.ts,Client/xr-qmbs-ag,web_source,scanned,True,3a16803c88839ba91a6ec11a03066f7a889c29f4295a62b50e0b18b19ad47e5a
Client/xr-qmbs-ag/src/views/QMBS25S/QMBS25S.vue,Client/xr-qmbs-ag,web_source,scanned,True,5a7bc3302bb3ca8c3b5ced237321cdeb881f60e1349d57017ee1101cbd479eab
Client/xr-qmbs-ag/src/views/QMBSCZ/QMBSCZ.scss,Client/xr-qmbs-ag,other_text,scanned,False,e3b0c44298fc1c149afbf4c8996fb92427ae41e4649b934ca495991b7852b855
Client/xr-qmbs-ag/src/views/QMBSCZ/QMBSCZ.ts,Client/xr-qmbs-ag,web_source,scanned,True,8a0fbd42daeb818de9223e1f533c038942fc3205e77600b39ed6d57635308881
Client/xr-qmbs-ag/src/views/QMBSCZ/QMBSCZ.vue,Client/xr-qmbs-ag,web_source,scanned,True,f5a6a11b825592ba07d21c207a9ae580dd7a758333ffd23730d26a92eab7dd0c
Client/xr-qmbs-ag/src/views/QMBSM1/QMBSM1.ts,Client/xr-qmbs-ag,web_source,scanned,True,f6b3e97d4c5ce88d874738211cbef03f29cef446bfca58afa0911beba1e3029b
Client/xr-qmbs-ag/src/views/QMBSM1/QMBSM1.vue,Client/xr-qmbs-ag,web_source,scanned,True,1198548474b7405413d5ab2142f8ef683884dd077e4c392f338eb960a46ac710
Client/xr-qmbs-ag/src/views/QMBSM2/QMBSM2.scss,Client/xr-qmbs-ag,other_text,scanned,False,ab411db7fe0e906177d6ed9ac1cb2092d4ff15a539b04b455f443522cbb3a4ec
Client/xr-qmbs-ag/src/views/QMBSM2/QMBSM2.ts,Client/xr-qmbs-ag,web_source,scanned,True,bdcd832291a70cdf90cbe1d585b6b0cad5d2da993112f1ef3a45900ef5e44f2d
Client/xr-qmbs-ag/src/views/QMBSM2/QMBSM2.vue,Client/xr-qmbs-ag,web_source,scanned,True,298f380127d8b7b007eacb019af0372b812a37723b214001dd99b21789ac6f3c
Client/xr-qmbs-ag/src/views/QMBSM3/QMBSM3.scss,Client/xr-qmbs-ag,other_text,scanned,False,e3b0c44298fc1c149afbf4c8996fb92427ae41e4649b934ca495991b7852b855
Client/xr-qmbs-ag/src/views/QMBSM3/QMBSM3.ts,Client/xr-qmbs-ag,web_source,scanned,False,fe2d622350ee4a626d41c5fd3a53901f11571c9309066f385ab668ecc682dbc3
Client/xr-qmbs-ag/src/views/QMBSM3/QMBSM3.vue,Client/xr-qmbs-ag,web_source,scanned,True,0f2f77074e73fe807461a8ec1c60f16fd0d96ea16e18a7bcc13209a8b0ac11bb
Client/xr-qmbs-ag/src/views/QMBSM4/QMBSM4.scss,Client/xr-qmbs-ag,other_text,scanned,False,e3b0c44298fc1c149afbf4c8996fb92427ae41e4649b934ca495991b7852b855
Client/xr-qmbs-ag/src/views/QMBSM4/QMBSM4.ts,Client/xr-qmbs-ag,web_source,scanned,True,676836c33fccc2c88b746d9cb7f6691151cfe79fbf241b650da4f03848daceef
Client/xr-qmbs-ag/src/views/QMBSM4/QMBSM4.vue,Client/xr-qmbs-ag,web_source,scanned,True,1021e575e88e71a6933024a30995fa256fc8f02bf2017c7dc19209b218343909
Client/xr-qmbs-ag/src/views/QMBSM5/QMBSM5.ts,Client/xr-qmbs-ag,web_source,scanned,True,957e0afad64550d1d85eb2ca2a96377bc48eff700304015b46fd84400daad535
Client/xr-qmbs-ag/src/views/QMBSM5/QMBSM5.vue,Client/xr-qmbs-ag,web_source,scanned,True,f4ac3854a6a58bad6d727a14bdc222c95c5f76cd537ff6fd87a13811f1591cfe
Client/xr-qmbs-ag/src/views/QMBSM6/QMBSM6.scss,Client/xr-qmbs-ag,other_text,scanned,False,e3b0c44298fc1c149afbf4c8996fb92427ae41e4649b934ca495991b7852b855
Client/xr-qmbs-ag/src/views/QMBSM6/QMBSM6.ts,Client/xr-qmbs-ag,web_source,scanned,False,e0ff6088f9bbfc9ebb21bcf6972a88b8f60e126026adac399adb667467f32611
Client/xr-qmbs-ag/src/views/QMBSM6/QMBSM6.vue,Client/xr-qmbs-ag,web_source,scanned,True,05e43ce5f2662784cf7fcf145f95f2a1e478e8400cffb082e5a9660ddfe35094
Client/xr-qmbs-ag/src/views/QMBSM7S2N/QMBSM7S2N.vue,Client/xr-qmbs-ag,web_source,scanned,True,8b6f37e763a6cc5546e2d89d59dab82572238a5e7cd34f13f7b7397dd394ae2e
Client/xr-qmbs-ag/src/views/QMBSM8S2N/QMBSM8S2N.ts,Client/xr-qmbs-ag,web_source,scanned,False,dac0693c6978ccda1597b156cf829acd45aed737ddb2940a70fcdbc7f04615df
Client/xr-qmbs-ag/src/views/QMBSM8S2N/QMBSM8S2N.vue,Client/xr-qmbs-ag,web_source,scanned,True,8ddf16cdd49d7c837d16c0e35d5d9943f8c4760a6cb4fd4979f915344c581a7d
Client/xr-qmbs-ag/src/views/QMBSM9/QMBSM9.scss,Client/xr-qmbs-ag,other_text,scanned,False,e3b0c44298fc1c149afbf4c8996fb92427ae41e4649b934ca495991b7852b855
Client/xr-qmbs-ag/src/views/QMBSM9/QMBSM9.ts,Client/xr-qmbs-ag,web_source,scanned,True,7d582fe562ffc460ba5a6c918bcdbbefdfff9fbb8064dae3359689f75bff2079
Client/xr-qmbs-ag/src/views/QMBSM9/QMBSM9.vue,Client/xr-qmbs-ag,web_source,scanned,True,4b14f693455f789d2fdd3f38de7c39f3e49fd97f31005cb44a3c7aff718fa982
Client/xr-qmbs-ag/src/views/QMBSREPORT/QMBSREPORT.ts,Client/xr-qmbs-ag,web_source,scanned,False,c124d7ffa41ee76c713dec51d7d2a4f913ca9f07fac06b9148f6d91a904b1382
Client/xr-qmbs-ag/src/views/QMBSREPORT/QMBSREPORT.vue,Client/xr-qmbs-ag,web_source,scanned,True,5aea425cb35f985772545faae38e6f1088dce4e0b5545a10f454c49458eaac87
Client/xr-qmbs-ag/src/views/QMBSTY/QMBSTY.scss,Client/xr-qmbs-ag,other_text,scanned,False,e3b0c44298fc1c149afbf4c8996fb92427ae41e4649b934ca495991b7852b855
Client/xr-qmbs-ag/src/views/QMBSTY/QMBSTY.ts,Client/xr-qmbs-ag,web_source,scanned,False,2a45f495c0a38851f09ec99d5599c4d10ff370b3a56043ed137f8290ec4d914c
Client/xr-qmbs-ag/src/views/QMBSTY/QMBSTY.vue,Client/xr-qmbs-ag,web_source,scanned,True,a75f6cfd97ff83fa150c5c8c81861f28d5ce68395d2ff87e8adf1dc53912fd27
Client/xr-qmbs-ag/src/views/QMBSZL/QMBSZL.scss,Client/xr-qmbs-ag,other_text,scanned,False,e3b0c44298fc1c149afbf4c8996fb92427ae41e4649b934ca495991b7852b855
Client/xr-qmbs-ag/src/views/QMBSZL/QMBSZL.ts,Client/xr-qmbs-ag,web_source,scanned,True,e95ec235d4f79794b18a5460edca1ddf3b1e3032d40b01b60edc5b57366bc029
Client/xr-qmbs-ag/src/views/QMBSZL/QMBSZL.vue,Client/xr-qmbs-ag,web_source,scanned,True,6d63e96db8c3b86a0d80a685a0f70407d9895e6434bee0c1910d6ef542c678ac
Client/xr-qmbs-ag/src/views/QMTS0RS2N/QMTS0RS2N.ts,Client/xr-qmbs-ag,web_source,scanned,True,99f4caacf0d767ac8da3d9d9c5ea8d0672060c132c4ac548d39c4faaa7ec53bf
Client/xr-qmbs-ag/src/views/QMTS0RS2N/QMTS0RS2N.vue,Client/xr-qmbs-ag,web_source,scanned,True,0d07cdacd352b827128d5db60d7454ad538b334fdb96fee12e066aaae4316d6d
Client/xr-qmbs-ag/src/views/QMTS30LHS2N/QMTS30LHS2N.scss,Client/xr-qmbs-ag,other_text,scanned,False,e3b0c44298fc1c149afbf4c8996fb92427ae41e4649b934ca495991b7852b855
Client/xr-qmbs-ag/src/views/QMTS30LHS2N/QMTS30LHS2N.ts,Client/xr-qmbs-ag,web_source,scanned,True,c3efa992f7699e104193eeecf7d48d0a9894bd7998e219c7ad25f47aaf4235b6
Client/xr-qmbs-ag/src/views/QMTS30LHS2N/QMTS30LHS2N.vue,Client/xr-qmbs-ag,web_source,scanned,True,6cfa57595a7001fca810ea8ac672fa2ec095070efc669aa17aa724713aa70836
Client/xr-qmbs-ag/src/views/QMTS30S2N/QMTS30S2N.scss,Client/xr-qmbs-ag,other_text,scanned,False,e3b0c44298fc1c149afbf4c8996fb92427ae41e4649b934ca495991b7852b855
Client/xr-qmbs-ag/src/views/QMTS30S2N/QMTS30S2N.ts,Client/xr-qmbs-ag,web_source,scanned,True,2f6edbcff7562babc530ecbc2e67802dd4105c477319788cfd8a73e2b2ee66f6
Client/xr-qmbs-ag/src/views/QMTS30S2N/QMTS30S2N.vue,Client/xr-qmbs-ag,web_source,scanned,True,c8a266ccf43521a323c4b35c2e63a1c98b33bdca395bcc37d30d053bfbd6815f
Client/xr-qmbs-ag/src/views/QMTSBWU/QMTSBWU.scss,Client/xr-qmbs-ag,other_text,scanned,False,e3b0c44298fc1c149afbf4c8996fb92427ae41e4649b934ca495991b7852b855
Client/xr-qmbs-ag/src/views/QMTSBWU/QMTSBWU.ts,Client/xr-qmbs-ag,web_source,scanned,True,aa94b557988ba04173a0cb67bbd36f69cc9e4652cee48bf4b5e3fb2f69249ddb
Client/xr-qmbs-ag/src/views/QMTSBWU/QMTSBWU.vue,Client/xr-qmbs-ag,web_source,scanned,True,2fd94b78734c8bf75daad95b4cd0276b71da7bd2c236ed202d87d3876e2181f5
Client/xr-qmbs-ag/src/views/QMTSCBS2N/QMTSCBS2N.scss,Client/xr-qmbs-ag,other_text,scanned,False,e3b0c44298fc1c149afbf4c8996fb92427ae41e4649b934ca495991b7852b855
Client/xr-qmbs-ag/src/views/QMTSCBS2N/QMTSCBS2N.ts,Client/xr-qmbs-ag,web_source,scanned,True,0f8ffa21fe70708aa03a05d05a5347f5a39e2c63c52d44e3d5a0b468e6243450
Client/xr-qmbs-ag/src/views/QMTSCBS2N/QMTSCBS2N.vue,Client/xr-qmbs-ag,web_source,scanned,True,95e7afffb4c750034cd6dd1ec0aaba320b70220844780065734d17f2937acf46
Client/xr-qmbs-ag/src/views/QMTSSQS2N/QMTSSQS2N.scss,Client/xr-qmbs-ag,other_text,scanned,False,e3b0c44298fc1c149afbf4c8996fb92427ae41e4649b934ca495991b7852b855
Client/xr-qmbs-ag/src/views/QMTSSQS2N/QMTSSQS2N.ts,Client/xr-qmbs-ag,web_source,scanned,True,b4ca0f37430207a2daa541313892640d501e5c5dd2f78cb1b25fa79dab730af0
Client/xr-qmbs-ag/src/views/QMTSSQS2N/QMTSSQS2N.vue,Client/xr-qmbs-ag,web_source,scanned,True,8b77401764f179e65bb8d04629a3955776601498b713d6befe40ff05bd5d3543
Client/xr-qmbs-ag/src/views/QMTSWGS2N/QMTSWGS2N.scss,Client/xr-qmbs-ag,other_text,scanned,False,e3b0c44298fc1c149afbf4c8996fb92427ae41e4649b934ca495991b7852b855
Client/xr-qmbs-ag/src/views/QMTSWGS2N/QMTSWGS2N.ts,Client/xr-qmbs-ag,web_source,scanned,True,5f97be7f35da80de3e814d1aa580fd5b288688124d9e02c4ec22ea8aadb04648
Client/xr-qmbs-ag/src/views/QMTSWGS2N/QMTSWGS2N.vue,Client/xr-qmbs-ag,web_source,scanned,True,ee65ccedd07ca7e2056ce0dbaeb9edad2be79185a570889b678c7d641f7547dc
Client/xr-qmbs-ag/src/views/dashboard/index.vue,Client/xr-qmbs-ag,web_source,scanned,True,2f278dbf80869890f61ae73a188079c3571477ebee14bd5b7b90bd3530863ead
Client/xr-qmbs-ag/src/vite-env.d.ts,Client/xr-qmbs-ag,web_source,scanned,True,e312a79d191b359f765c671e15208a344269e30691602344db115a0de9ee0e1f
Client/xr-qmbs-ag/tsconfig.json,Client/xr-qmbs-ag,config_or_resource,scanned,True,b139294888379c2b1c73ae0b0d3012cb01e20d5f440bd20f466be5583553a447
Client/xr-qmbs-ag/vite.config.ts,Client/xr-qmbs-ag,web_source,scanned,True,4d038f4d69cdadbacd2bb83d46d020d4223ec33d1fce2f97d0eed391ac17e3be
Client/xr-qmbs-ag/vue.config.js,Client/xr-qmbs-ag,web_source,scanned,True,ccb5cc1916b1c923ca1b2c45369b79e8587169e43c28d4077af46e8be296faa0
Client/xr-tksm/.env.development,Client/xr-tksm,environment_config_values_not_exported,scanned,True,361e4035acdc02d04a9cc061e1ebb0ab4070778b3f6372cbc6f25cf000f10df8
Client/xr-tksm/.env.production,Client/xr-tksm,environment_config_values_not_exported,scanned,True,443431ea2c5ab7b216b8b7df78259cdbea58bccb99ac646b36de4a72500a9300
Client/xr-tksm/.gitignore,Client/xr-tksm,other_text,scanned,False,8bc74dbde5ee1e147e5971b7b0f3cced7e8a128e73cd7865df5057fe6b309b01
Client/xr-tksm/.vscode/extensions.json,Client/xr-tksm,config_or_resource,scanned,False,68334aeb09b4df8ee548ed6d205aebb443a687c90ddb01045dedf8837440a029
Client/xr-tksm/@mf-types/EFX/EFX.d.ts,Client/xr-tksm,dependency_or_type_declaration,scanned,True,f86fd5cdf270f0bdfe00031972f77df4b71325e5211357db6495826605de811d
Client/xr-tksm/@mf-types/EFX/index.d.ts,Client/xr-tksm,dependency_or_type_declaration,scanned,True,7d4671f244125c67637918e89e1daaa1c4d8946f326b6979f9380ae45ee453fb
Client/xr-tksm/@mf-types/EFX/package.json,Client/xr-tksm,dependency_or_type_declaration,scanned,True,d4837aae4c071d94a39b585d349e339358cb16e92b71ad96f18c5297ede77b49
Client/xr-tksm/@mf-types/EIX/index.d.ts,Client/xr-tksm,dependency_or_type_declaration,scanned,True,1ed6745584e901ce103d4fcc893b1dfec165c5127007679cde9a94901260f6e1
Client/xr-tksm/@mf-types/EIX/package.json,Client/xr-tksm,dependency_or_type_declaration,scanned,True,ef19105d914a78129730e844aa11bb16a22f93ad1f4c1ade9df078e25704eb65
Client/xr-tksm/@mf-types/EIX/types/.gitkeep,Client/xr-tksm,dependency_or_type_declaration,scanned,False,e3b0c44298fc1c149afbf4c8996fb92427ae41e4649b934ca495991b7852b855
Client/xr-tksm/@mf-types/EIX/types/axios.d.ts,Client/xr-tksm,dependency_or_type_declaration,scanned,True,a2d3d0394a3ce2c52f67e5ffc4f93ed0306a4748e3cd2f2208813a44b5e57fbf
Client/xr-tksm/@mf-types/EIX/types/ei-manager.d.ts,Client/xr-tksm,dependency_or_type_declaration,scanned,True,9e36cc2dd2392312b1cfb2fd79c33f077cc8d63cc8948840ddb855496cbae2a0
Client/xr-tksm/@mf-types/EIX/types/ei-tools.d.ts,Client/xr-tksm,dependency_or_type_declaration,scanned,False,ee1973c8df465844a52fcaa9cb24070c8f6b8d424b59870bb82a73f19635598e
Client/xr-tksm/@mf-types/EIX/types/ei.d.ts,Client/xr-tksm,dependency_or_type_declaration,scanned,True,1405df6f25d5202680349286d73086582d836393b9e5e96a75555c9096996a54
Client/xr-tksm/@mf-types/EIX/types/ep.d.ts,Client/xr-tksm,dependency_or_type_declaration,scanned,False,d75651b029f8c06c087830ed5d94dfa06ab193059d3a4f6254f01030bd15310f
Client/xr-tksm/@mf-types/EIX/types/index.d.ts,Client/xr-tksm,dependency_or_type_declaration,scanned,True,b9bd913b5e77d0398726b18f285d69ed8212d06f2c7f3c52136901176a184455
Client/xr-tksm/@mf-types/EIX/types/model.d.ts,Client/xr-tksm,dependency_or_type_declaration,scanned,False,29ce3ec2fd75eb819eb5ae3ce5a8b7115c53c2b3b02b7883c57e965cec2cd491
Client/xr-tksm/@mf-types/EIX/types/options.d.ts,Client/xr-tksm,dependency_or_type_declaration,scanned,True,d44528d17f0361218ec6a4652e9e488fa69e42fc27c51c02b837153b53bd27d3
Client/xr-tksm/@mf-types/EIX/types/type.d.ts,Client/xr-tksm,dependency_or_type_declaration,scanned,False,a9bc3be542736b380e2b35a265c141d666f3b62ce15b278c7e0083caa2c6f46b
Client/xr-tksm/@mf-types/EIX/types/utils.d.ts,Client/xr-tksm,dependency_or_type_declaration,scanned,True,f7a03e271b127953aa103cca493f37202d593dc3d2b36cb8597eb45544758145
Client/xr-tksm/@mf-types/EPTF/EPTF.d.ts,Client/xr-tksm,dependency_or_type_declaration,scanned,False,72a0b37ba4c1bd0b1b86ff5b94c33dc48c78ecd182a1120c6cb4cedadeb767a3
Client/xr-tksm/@mf-types/EPTF/index.d.ts,Client/xr-tksm,dependency_or_type_declaration,scanned,False,1a9cc32df3c83759b19ee8a00f5fd881706302d39cfd15ef99ac7bc57cade1ac
Client/xr-tksm/@mf-types/EPTF/package.json,Client/xr-tksm,dependency_or_type_declaration,scanned,True,55f68a82372af2b2d97e0c78e24eafbd30d0723c1884cfb24bcea92cfd0a4a53
Client/xr-tksm/@mf-types/ERX/ERX.d.ts,Client/xr-tksm,dependency_or_type_declaration,scanned,True,418f7fb0c44553fd527b68d5934e6891cbad4665f2424930ed1fabc621f10d2e
Client/xr-tksm/@mf-types/ERX/index.d.ts,Client/xr-tksm,dependency_or_type_declaration,scanned,False,1d36e3453cd6a856ae8e5bb616771993dd6486dec803b28994044cefd02ae134
Client/xr-tksm/@mf-types/ERX/package.json,Client/xr-tksm,dependency_or_type_declaration,scanned,True,db7f98c8d5e9a6da284883b05c20145999523d30a02c75d9cc32f8fa3ac8ba3c
Client/xr-tksm/README.md,Client/xr-tksm,document_or_log,scanned,True,a44c45aedaaf49a5599e585198c6c228a0785c4111c6ab12a178f00350698277
Client/xr-tksm/build/utils.ts,Client/xr-tksm,generated_or_build_support,scanned,True,6d731fc2209f69b40b1a85c93a1c8748574e1adc615eb4d528352decf9522cb1
Client/xr-tksm/index.html,Client/xr-tksm,web_source,scanned,True,7194a70442ee73fc58764f7d386f64c18db5b09b6daa57e25258be743b41c46d
Client/xr-tksm/package-lock.json,Client/xr-tksm,dependency_lock,scanned,True,2727303860bc9f65eef2359c2b48fabdda2e0ba125fb78e0a9d4aff35fa8df7b
Client/xr-tksm/package.json,Client/xr-tksm,config_or_resource,scanned,True,66862120c3e5442c1d43fe7ec2004e1da9e9890684c42233a5da7b791b5051a3
Client/xr-tksm/src/App.vue,Client/xr-tksm,web_source,scanned,True,bea21b84d9e02ae208e1b9716e97fbc6b9a4a18e40428e48604791fbc131a77b
Client/xr-tksm/src/assets/aod.png,Client/xr-tksm,other_text,binary,False,62e2db1a69a0cdd234e858e0eb63f167efe6cdab4386b225d66bb68831792225
Client/xr-tksm/src/assets/dianlu.png,Client/xr-tksm,other_text,binary,False,81c1591ef75c6bea9d284d9253eaa74dce8f0fbb1b5903b729b8b12dc08a0024
Client/xr-tksm/src/assets/erliangang.png,Client/xr-tksm,other_text,binary,False,70dd8c41f0b96d4e9a270f0a905860d2bba9585b3be7647ddef5e4ca63792c33
Client/xr-tksm/src/assets/gaolu.png,Client/xr-tksm,other_text,binary,False,6be935bbed6942cdafabb376f632338b329337dd61713423b37b55378b3b0de4
Client/xr-tksm/src/assets/jiaohua.png,Client/xr-tksm,other_text,binary,False,f18d3fc6126e80bae364cee4561798be231f7594358aca8cee775506ebefcdcc
Client/xr-tksm/src/assets/jinglian.png,Client/xr-tksm,other_text,binary,False,fb06e1096623a6362e5079712bae39d6718c2afc0d892b2df27150ecbbe596ee
Client/xr-tksm/src/assets/lengzha.png,Client/xr-tksm,other_text,binary,False,f057dc77f9ceeb5349688b1478d821fed48832d246953e755c2f097bd4b3f0cf
Client/xr-tksm/src/assets/lengzhaguigang.png,Client/xr-tksm,other_text,binary,False,dc91d52d3f79273e548a435bfadd56a3bccb65b56b6a6ef325875ccbf0f58978
Client/xr-tksm/src/assets/lianzhu.png,Client/xr-tksm,other_text,binary,False,4e2da90100a3b7aabb810d0227fcdb042573556a7a2814ffec7c6facc668d9f6
Client/xr-tksm/src/assets/rezha.png,Client/xr-tksm,other_text,binary,False,d05b8efd1647b24e1129a0be421dfaeca13eb7628b2291ded82839462363b44d
Client/xr-tksm/src/assets/shaojie.png,Client/xr-tksm,other_text,binary,False,94b2e9c78c0d58a1a28ec2cc0099be462c6a0346a6108d340091d88f1c526b9f
Client/xr-tksm/src/assets/tkly.png,Client/xr-tksm,other_text,binary,False,76b4f6da0b367919d1e8c090a4057cab05d700764eae10fe495b56ec07dd59dd
Client/xr-tksm/src/assets/tuoliu.png,Client/xr-tksm,other_text,binary,False,36da3db4a8125b4d81cd74f9cf4ab8a4b07fa09027ae0f65086f5c6527443e4f
Client/xr-tksm/src/assets/vue.svg,Client/xr-tksm,other_text,scanned,False,5532db34f1c52841881bab8aeca6c3e8d092bd21a689a65f4d8f8cf8041eef9d
Client/xr-tksm/src/assets/zhongpinlu.png,Client/xr-tksm,other_text,binary,False,64d667a34e0226dd66cd30a8ae3762d08016c7a561e4aff405ea4b81aa9965f6
Client/xr-tksm/src/assets/zhuanlu.png,Client/xr-tksm,other_text,binary,False,8d66db51b1cbfca70c357b8b14119d53c7e4d26b01875b636d0d275c22855016
Client/xr-tksm/src/assets/二炼钢.png,Client/xr-tksm,other_text,binary,False,70dd8c41f0b96d4e9a270f0a905860d2bba9585b3be7647ddef5e4ca63792c33
Client/xr-tksm/src/assets/冷轧.png,Client/xr-tksm,other_text,binary,False,f057dc77f9ceeb5349688b1478d821fed48832d246953e755c2f097bd4b3f0cf
Client/xr-tksm/src/assets/冷轧硅钢.png,Client/xr-tksm,other_text,binary,False,dc91d52d3f79273e548a435bfadd56a3bccb65b56b6a6ef325875ccbf0f58978
Client/xr-tksm/src/assets/时钟背景.png,Client/xr-tksm,other_text,binary,False,affb9cb837c42cf2d4b7862ef79f295e9e57bcc7647390453960064ec4fa6835
Client/xr-tksm/src/assets/温度标识.png,Client/xr-tksm,other_text,binary,False,7de5c38bf9a2d9956c01fea4b8bb6a7b06bd371a15f985c69e9848ea02e6ddab
Client/xr-tksm/src/assets/烧结.png,Client/xr-tksm,other_text,binary,False,94b2e9c78c0d58a1a28ec2cc0099be462c6a0346a6108d340091d88f1c526b9f
Client/xr-tksm/src/assets/热轧.png,Client/xr-tksm,other_text,binary,False,d05b8efd1647b24e1129a0be421dfaeca13eb7628b2291ded82839462363b44d
Client/xr-tksm/src/assets/焦化.png,Client/xr-tksm,other_text,binary,False,f18d3fc6126e80bae364cee4561798be231f7594358aca8cee775506ebefcdcc
Client/xr-tksm/src/assets/绿箭头.png,Client/xr-tksm,other_text,binary,False,e687fccaab99cb2c30306e8a48a423dd412e7e316fadf896bbb47a27a7e20b70
Client/xr-tksm/src/assets/高炉.png,Client/xr-tksm,other_text,binary,False,6be935bbed6942cdafabb376f632338b329337dd61713423b37b55378b3b0de4
Client/xr-tksm/src/components/Result/index.vue,Client/xr-tksm,web_source,scanned,False,1cb5f91a34874660e11f441f8c76e92ca33bae4a30ff658a2779727858ef8109
Client/xr-tksm/src/components/Result/svg/error.vue,Client/xr-tksm,web_source,scanned,False,ca47a4d00cc74fe94f9394c2bd67f96ff32fadf4a46ceefe145e0ca4b70cf010
Client/xr-tksm/src/components/Result/svg/info.vue,Client/xr-tksm,web_source,scanned,False,8b12ef11b5ee93baf289e04b47c43e003bb8db8467eaa91d98e0a801c9f61fd0
Client/xr-tksm/src/components/Result/svg/noFound.vue,Client/xr-tksm,web_source,scanned,False,0ff712a43a004d8f47469e7024453b72c09b10ef3775571d89dbe65023f52bfb
Client/xr-tksm/src/components/Result/svg/serverError.vue,Client/xr-tksm,web_source,scanned,False,a9e1494601a29c04de5c1e5cb08eac2d480e097b98dcf237550c5f4c9aad2d86
Client/xr-tksm/src/components/Result/svg/success.vue,Client/xr-tksm,web_source,scanned,False,ea78e9a97a3dcaefb54fd18d225511c1ef9e66c4fcb09c72617e128c57b8697d
Client/xr-tksm/src/components/Result/svg/unauthorized.vue,Client/xr-tksm,web_source,scanned,True,4981c678833022a34a03992da44ee10358a54956447db8b5fbd1dfecb4800749
Client/xr-tksm/src/components/Result/svg/warning.vue,Client/xr-tksm,web_source,scanned,False,0f8ad54c3cd363bb4d7d8e4b25325872f1c13468030cd297c27d2a9ea1067783
Client/xr-tksm/src/main.ts,Client/xr-tksm,web_source,scanned,True,f577746300c9d286cb26326fa351b2788398baf0726897d36fbb67f1d8f5172b
Client/xr-tksm/src/model/data.d.ts,Client/xr-tksm,web_source,scanned,True,efc794151d104e3be4b5799ce7b4fccc46709879a04c7f92467bfefd622d1868
Client/xr-tksm/src/router/index.ts,Client/xr-tksm,web_source,scanned,True,d72271f686b0fb6bd87a5018e1d3fb3d5c556d3253bad21e60bece460d4e4ec0
Client/xr-tksm/src/styles/index.scss,Client/xr-tksm,other_text,scanned,False,297c7c223f67eb4337ae7376165c73224db1771cd2bf896e5fd53238295bafe5
Client/xr-tksm/src/utils/i18n/local.zh.ts,Client/xr-tksm,web_source,scanned,True,4b62259a5c146a604f932b6178d0886f3cdc643ca37540ae8934cb4e91af03d5
Client/xr-tksm/src/utils/theme.ts,Client/xr-tksm,web_source,scanned,True,843178218de1a0166f29b5a621de1da600acc4e1e69c570423673deac8cdec32
Client/xr-tksm/src/views/404/index.vue,Client/xr-tksm,web_source,scanned,True,f77963c7ba0dd45a29f2c8164c7afb5dbabb7ecae4689e353f5d5add54755e65
Client/xr-tksm/src/views/DEMO/DEMO.vue,Client/xr-tksm,web_source,scanned,False,5b34fb4cad87eff21becdd1a478a11723a753db53992dc948eb00ced09e6681f
Client/xr-tksm/src/views/TK0000/TK0000.scss,Client/xr-tksm,other_text,scanned,False,e3b0c44298fc1c149afbf4c8996fb92427ae41e4649b934ca495991b7852b855
Client/xr-tksm/src/views/TK0000/TK0000.ts,Client/xr-tksm,web_source,scanned,True,e8499979cf4ea54d0db72c1d0e33f7727156e5bf20298b3b12a59a6dc53e7e02
Client/xr-tksm/src/views/TK0000/TK0000.vue,Client/xr-tksm,web_source,scanned,True,8f2532ea7a28c08246cfe4fe5969088d2eb059cc7ca9ca63577d3af644989f5b
Client/xr-tksm/src/views/TK0004/TK0004.scss,Client/xr-tksm,other_text,scanned,False,e3b0c44298fc1c149afbf4c8996fb92427ae41e4649b934ca495991b7852b855
Client/xr-tksm/src/views/TK0004/TK0004.ts,Client/xr-tksm,web_source,scanned,True,00fa1d1d7d036094af3dbd2608c2c7573379cc1c70e74d9cc2c248e2c7c2ccab
Client/xr-tksm/src/views/TK0004/TK0004.vue,Client/xr-tksm,web_source,scanned,True,05c0fbf32e79526bc8658cf96e5c37e6267ce48917894b2a6cc088d420a1373b
Client/xr-tksm/src/views/TK0005/TK0005.scss,Client/xr-tksm,other_text,scanned,False,e3b0c44298fc1c149afbf4c8996fb92427ae41e4649b934ca495991b7852b855
Client/xr-tksm/src/views/TK0005/TK0005.ts,Client/xr-tksm,web_source,scanned,True,bc356b886c1c9a4ace88f4460ad14ee34fb30f8a25991425cc5c8bfdd1257220
Client/xr-tksm/src/views/TK0005/TK0005.vue,Client/xr-tksm,web_source,scanned,True,ff60310f73da08fac9857a1eb2d7e698a682d1856cc9c415f313fc049b590b7d
Client/xr-tksm/src/views/TK0007/TK0007.scss,Client/xr-tksm,other_text,scanned,False,e3b0c44298fc1c149afbf4c8996fb92427ae41e4649b934ca495991b7852b855
Client/xr-tksm/src/views/TK0007/TK0007.ts,Client/xr-tksm,web_source,scanned,True,21c39a1908f7846bdb9916fa59a7a68e28ac601a1dfb81dcc31f99bb27ddfd0a
Client/xr-tksm/src/views/TK0007/TK0007.vue,Client/xr-tksm,web_source,scanned,True,3e6d308bd80bf09367cb1fc176aa61cb1ad58650f579db0d3794deeb0a2254c9
Client/xr-tksm/src/views/TKBS01/TKBS01.scss,Client/xr-tksm,other_text,scanned,False,f4561a704d84b9a3ff9f0f7fb3b114945f806cefd662e6794307f6c1b4b6767e
Client/xr-tksm/src/views/TKBS01/TKBS01.ts,Client/xr-tksm,web_source,scanned,False,b5c55745e8d711d63b655b57febe150b630cc09b373b4a88d2cdc4509960bb1c
Client/xr-tksm/src/views/TKBS01/TKBS01.vue,Client/xr-tksm,web_source,scanned,True,662d253c9d473aa9092ecb9a451a99f149776c6bae1981a3d62592622430cef1
Client/xr-tksm/src/views/TKBS02/TKBS02.scss,Client/xr-tksm,other_text,scanned,False,e3b0c44298fc1c149afbf4c8996fb92427ae41e4649b934ca495991b7852b855
Client/xr-tksm/src/views/TKBS02/TKBS02.ts,Client/xr-tksm,web_source,scanned,False,e9118a261cd6746ec5a4f4a59d144a1012b4c58bb8888b01c2a868aa8de34593
Client/xr-tksm/src/views/TKBS02/TKBS02.vue,Client/xr-tksm,web_source,scanned,True,40aa46697ff68a5d4cf9a6b58d2f18ccbe7a3218526b51019e08b0949b4723e7
Client/xr-tksm/src/views/TKSM01/TKSM01.scss,Client/xr-tksm,other_text,scanned,False,e3b0c44298fc1c149afbf4c8996fb92427ae41e4649b934ca495991b7852b855
Client/xr-tksm/src/views/TKSM01/TKSM01.ts,Client/xr-tksm,web_source,scanned,False,afe9521d0f22bbba550f443b8e9147f8cd9917dbd4f35430863a821a696b6a7b
Client/xr-tksm/src/views/TKSM01/TKSM01.vue,Client/xr-tksm,web_source,scanned,True,19c5e9882530c829d2044eb1d9ae2dc30c01932dd87f7ca8684c7466513b10e1
Client/xr-tksm/src/views/TKSM02/TKSM02.scss,Client/xr-tksm,other_text,scanned,False,e3b0c44298fc1c149afbf4c8996fb92427ae41e4649b934ca495991b7852b855
Client/xr-tksm/src/views/TKSM02/TKSM02.ts,Client/xr-tksm,web_source,scanned,False,6ec9d2fd02df2363cd5a2945791568efa59d5cb52435d4579a8325cc3767d004
Client/xr-tksm/src/views/TKSM02/TKSM02.vue,Client/xr-tksm,web_source,scanned,True,9491628a1fe45cf3ec09b84e5fdba960ef37b3e6376ace46dbd934d0a6a930e3
Client/xr-tksm/src/views/TKSM03/TKSM03.scss,Client/xr-tksm,other_text,scanned,False,e3b0c44298fc1c149afbf4c8996fb92427ae41e4649b934ca495991b7852b855
Client/xr-tksm/src/views/TKSM03/TKSM03.ts,Client/xr-tksm,web_source,scanned,False,c53c0633afd2efa6a90f6705beaa2955e5630505ce7ff94b8d1f6f907f553daf
Client/xr-tksm/src/views/TKSM03/TKSM03.vue,Client/xr-tksm,web_source,scanned,True,817662503e183792c5f481756d585ea8fe52cd7a90c3f76292c28fae677af3ed
Client/xr-tksm/src/views/TKSM04/TKSM04.scss,Client/xr-tksm,other_text,scanned,False,e3b0c44298fc1c149afbf4c8996fb92427ae41e4649b934ca495991b7852b855
Client/xr-tksm/src/views/TKSM04/TKSM04.ts,Client/xr-tksm,web_source,scanned,False,914898d4ef905478229ae65ce06b7a3ab92234dab3c203f69b4ea04181faa94d
Client/xr-tksm/src/views/TKSM04/TKSM04.vue,Client/xr-tksm,web_source,scanned,True,45b126e7e82fb15bedddef7b28515e4b1ff7ab000c9862a8b2b7e4401d283170
Client/xr-tksm/src/views/TKSM05/TKSM05.scss,Client/xr-tksm,other_text,scanned,False,e3b0c44298fc1c149afbf4c8996fb92427ae41e4649b934ca495991b7852b855
Client/xr-tksm/src/views/TKSM05/TKSM05.ts,Client/xr-tksm,web_source,scanned,False,708f2578a8139c4ae2f3b60988e9ff6195748546e13dc0eaa15377e7a599f743
Client/xr-tksm/src/views/TKSM05/TKSM05.vue,Client/xr-tksm,web_source,scanned,True,59b93a7464663dd2ce6ea78f621d8aeb05bb5e1021b45dcb21ff5dd3b7c4421e
Client/xr-tksm/src/views/TKSM06/TKSM06.scss,Client/xr-tksm,other_text,scanned,False,e3b0c44298fc1c149afbf4c8996fb92427ae41e4649b934ca495991b7852b855
Client/xr-tksm/src/views/TKSM06/TKSM06.ts,Client/xr-tksm,web_source,scanned,False,6e0dceb483e9782c25381db5355bbaa731ee3076a334d67a25e7c0c16c3628af
Client/xr-tksm/src/views/TKSM06/TKSM06.vue,Client/xr-tksm,web_source,scanned,True,8796a62cc98d487f844c92834fbfb81d11ec06952b39d2cc60774b3e2a080629
Client/xr-tksm/src/views/TKSM08/TKSM08.scss,Client/xr-tksm,other_text,scanned,False,e3b0c44298fc1c149afbf4c8996fb92427ae41e4649b934ca495991b7852b855
Client/xr-tksm/src/views/TKSM08/TKSM08.ts,Client/xr-tksm,web_source,scanned,True,a5d858f94a662d6a7203998d7ab706fe8f8a3e09dfc5bb3fd5f1f9ea4810a945
Client/xr-tksm/src/views/TKSM08/TKSM08.vue,Client/xr-tksm,web_source,scanned,True,79dba9e507a46a9f48bcdca62f88181fe25d3cf10d0f1cc3c0f201de29abf47f
Client/xr-tksm/src/views/TKSM09/TKSM09.scss,Client/xr-tksm,other_text,scanned,False,1441ae047a4a3ec5c40d3a9f7356d6385694855c707c2f12da2f2d4797c5186f
Client/xr-tksm/src/views/TKSM09/TKSM09.ts,Client/xr-tksm,web_source,scanned,False,cca00f162d09bc6bcb0ebae633c5c663b5687d3330ed02a59c55b1c26937cf43
Client/xr-tksm/src/views/TKSM09/TKSM09.vue,Client/xr-tksm,web_source,scanned,True,e06aed4232b459b7536fb543c11d04cba7d13abc85cee1212a69db3810e52d69
Client/xr-tksm/src/views/TKSM10/TKSM10.scss,Client/xr-tksm,other_text,scanned,False,e3b0c44298fc1c149afbf4c8996fb92427ae41e4649b934ca495991b7852b855
Client/xr-tksm/src/views/TKSM10/TKSM10.ts,Client/xr-tksm,web_source,scanned,True,a8225461f6ed38907907812813191b8f7b61803c0c9b5cffe6654afd9a6fc2ae
Client/xr-tksm/src/views/TKSM10/TKSM10.vue,Client/xr-tksm,web_source,scanned,True,8db344134bd8a5b99a5081ef9969780abb14ea98ecb0623af873488682307b15
Client/xr-tksm/src/views/TKSM103POP/TKSM103POP.scss,Client/xr-tksm,other_text,scanned,False,e3b0c44298fc1c149afbf4c8996fb92427ae41e4649b934ca495991b7852b855
Client/xr-tksm/src/views/TKSM103POP/TKSM103POP.ts,Client/xr-tksm,web_source,scanned,True,13516c7b0f9d1978209de2eac45f6df7231968eca98612eeb9565e450204467e
Client/xr-tksm/src/views/TKSM103POP/TKSM103POP.vue,Client/xr-tksm,web_source,scanned,True,b1545a467dd726a90376a3543649475fee2d9fee114d7556638ccf6f9c22450f
Client/xr-tksm/src/views/TKSM105POP/TKSM105POP.scss,Client/xr-tksm,other_text,scanned,False,e3b0c44298fc1c149afbf4c8996fb92427ae41e4649b934ca495991b7852b855
Client/xr-tksm/src/views/TKSM105POP/TKSM105POP.ts,Client/xr-tksm,web_source,scanned,False,4b6dcf6db98b52a050144e694be010bb9d846222033417d880f67d2e834e526c
Client/xr-tksm/src/views/TKSM105POP/TKSM105POP.vue,Client/xr-tksm,web_source,scanned,True,ece750356a4f68e56ccaf9e067203c9d5723818884ca403c5bd61ab29d7d5806
Client/xr-tksm/src/views/TKSM106POP/TKSM106POP.scss,Client/xr-tksm,other_text,scanned,False,e3b0c44298fc1c149afbf4c8996fb92427ae41e4649b934ca495991b7852b855
Client/xr-tksm/src/views/TKSM106POP/TKSM106POP.ts,Client/xr-tksm,web_source,scanned,False,6a1788f9f551e6b319ba03c65a3c010632c0c0613e3e0f5bef210305abecc622
Client/xr-tksm/src/views/TKSM106POP/TKSM106POP.vue,Client/xr-tksm,web_source,scanned,True,50ce7c134ae153f5a7d6fa3c037e6354678d672d39a358fa5da12471a963e3f0
Client/xr-tksm/src/views/TKSM107POP/TKSM107POP.scss,Client/xr-tksm,other_text,scanned,False,e3b0c44298fc1c149afbf4c8996fb92427ae41e4649b934ca495991b7852b855
Client/xr-tksm/src/views/TKSM107POP/TKSM107POP.ts,Client/xr-tksm,web_source,scanned,False,eba35fa3111be823960e50316b1c5e421ab9eede401340e5e91295fb4bfed93c
Client/xr-tksm/src/views/TKSM107POP/TKSM107POP.vue,Client/xr-tksm,web_source,scanned,True,5451f7bc85f80c9082c1a53397834b524e4050cc58a607d83c3d348c2f6f7c6e
Client/xr-tksm/src/views/TKSM10POP/TKSM10POP.scss,Client/xr-tksm,other_text,scanned,False,e3b0c44298fc1c149afbf4c8996fb92427ae41e4649b934ca495991b7852b855
Client/xr-tksm/src/views/TKSM10POP/TKSM10POP.ts,Client/xr-tksm,web_source,scanned,True,e9bdfca8cbdb626ba4832670459bc199223f082f8c0f3f76b935de83fede0131
Client/xr-tksm/src/views/TKSM10POP/TKSM10POP.vue,Client/xr-tksm,web_source,scanned,True,c9e48429e833ba9204e0df439be62e920df420a4a548b1dc5bd079be45ea61e4
Client/xr-tksm/src/views/TKSM11/TKSM11.scss,Client/xr-tksm,other_text,scanned,False,e3b0c44298fc1c149afbf4c8996fb92427ae41e4649b934ca495991b7852b855
Client/xr-tksm/src/views/TKSM11/TKSM11.ts,Client/xr-tksm,web_source,scanned,False,200a43ecaa4fdfd1ac237f44c519fbbc279ba51244699609b9159458dcb60377
Client/xr-tksm/src/views/TKSM11/TKSM11.vue,Client/xr-tksm,web_source,scanned,True,3304a55e25e88f48d0d5b72c668397c3eedbd49777eb4c1b7dd18af176ed15e8
Client/xr-tksm/src/views/TKSM12/TKSM12.scss,Client/xr-tksm,other_text,scanned,False,e3b0c44298fc1c149afbf4c8996fb92427ae41e4649b934ca495991b7852b855
Client/xr-tksm/src/views/TKSM12/TKSM12.ts,Client/xr-tksm,web_source,scanned,False,0b355f05749538b7e728165793f27062e25dfd3b692bcaf161607db558b445ae
Client/xr-tksm/src/views/TKSM12/TKSM12.vue,Client/xr-tksm,web_source,scanned,True,c03ce435a3ed9a69b98d7e708fe6b2a6102bbde2a61511f2b9404f299ce9eacf
Client/xr-tksm/src/views/TKSM13/TKSM13.vue,Client/xr-tksm,web_source,scanned,True,c84689bfc3bc08bb80b4e232569dcdcae901c0bbdb034473db6895c3d9d726b7
Client/xr-tksm/src/views/TKSM15/TKSM15.scss,Client/xr-tksm,other_text,scanned,False,0a0a141f4a2162535c8b6b3d408f04226cc193915f8ab0400da01f6f07d29e24
Client/xr-tksm/src/views/TKSM15/TKSM15.ts,Client/xr-tksm,web_source,scanned,False,1ae65ce87376055fb3f6d2c924da555cbd3dcd92fb6f7b837456ebf7906b6ef9
Client/xr-tksm/src/views/TKSM15/TKSM15.vue,Client/xr-tksm,web_source,scanned,True,bc6689699762599257a0929c1c84f031eafa33eee047e6dbf8be0960234970af
Client/xr-tksm/src/views/TKSM16/TKSM16.scss,Client/xr-tksm,other_text,scanned,True,535c34143c0a178aa3dbfa5382a0f25e0420f991d08a4c72b5ad1b6c9ab76a0e
Client/xr-tksm/src/views/TKSM16/TKSM16.ts,Client/xr-tksm,web_source,scanned,True,43b8144198298d37877858fdde6abe4b45413b7e4ebe5428271c8095536d4727
Client/xr-tksm/src/views/TKSM16/TKSM16.vue,Client/xr-tksm,web_source,scanned,True,580ca4e90668e62654f5e29fe6afa501f2a0ffa8736d73627f341ba300a10698
Client/xr-tksm/src/views/TKSM20/TKSM20.scss,Client/xr-tksm,other_text,scanned,False,e3b0c44298fc1c149afbf4c8996fb92427ae41e4649b934ca495991b7852b855
Client/xr-tksm/src/views/TKSM20/TKSM20.ts,Client/xr-tksm,web_source,scanned,False,8efe8223917dbfeafac3ddc77af63d97a187a6f8e27908a7f41701f181fb6a8b
Client/xr-tksm/src/views/TKSM20/TKSM20.vue,Client/xr-tksm,web_source,scanned,True,8099db60f9561a9ace15c7f29d37b238d9031194c161f4d28865f134e8aba796
Client/xr-tksm/src/views/ZJXT01/ZJXT01.scss,Client/xr-tksm,other_text,scanned,False,e3b0c44298fc1c149afbf4c8996fb92427ae41e4649b934ca495991b7852b855
Client/xr-tksm/src/views/ZJXT01/ZJXT01.ts,Client/xr-tksm,web_source,scanned,False,ebfd8cf81792fa66487462df1190b307c0bd7f44830bbe15f05273e419acd0a8
Client/xr-tksm/src/views/ZJXT01/ZJXT01.vue,Client/xr-tksm,web_source,scanned,True,bb9dd8fbf5dff9923af455d98d0e6fc1d00ae372154b6da55764984005264577
Client/xr-tksm/src/vite-env.d.ts,Client/xr-tksm,web_source,scanned,True,e312a79d191b359f765c671e15208a344269e30691602344db115a0de9ee0e1f
Client/xr-tksm/tsconfig.json,Client/xr-tksm,config_or_resource,scanned,True,b139294888379c2b1c73ae0b0d3012cb01e20d5f440bd20f466be5583553a447
Client/xr-tksm/vite.config.ts,Client/xr-tksm,web_source,scanned,True,02ba519f55ae67f3191c73e56a65ffb237b2bf6016425f6a7c0120038562de2b
Client/xr-tksm/vite.config.ts.timestamp-1710298886147-55f57cc2016ec.mjs,Client/xr-tksm,generated_or_build_support,scanned,True,5998a97ee87122ef03b40e37995f934633aa2d40dcd9db5b63d8914bffe2555c
Client/xr-tmsmx/.env.development,Client/xr-tmsmx,environment_config_values_not_exported,scanned,True,a1236ebe1822b85b6f7e8d0ea53abf169500744e537eed906435eddf01fa3ad1
Client/xr-tmsmx/.env.production,Client/xr-tmsmx,environment_config_values_not_exported,scanned,True,d9d66faea11a670722560ad2ec9b7b5e3ec8d0b51e7488ad4cbc47e0fe41e2bd
Client/xr-tmsmx/.gitignore,Client/xr-tmsmx,other_text,scanned,False,8bc74dbde5ee1e147e5971b7b0f3cced7e8a128e73cd7865df5057fe6b309b01
Client/xr-tmsmx/.vscode/extensions.json,Client/xr-tmsmx,config_or_resource,scanned,False,1e73d21c9de2df0dda46d9223325067047dd68d86311e2ccb7c52b302c35edaf
Client/xr-tmsmx/@mf-types/EFX/EFX.d.ts,Client/xr-tmsmx,dependency_or_type_declaration,scanned,True,345fbec0aa5bf64bae776df85961871266f59e6c3ca74f04ee519989089c988f
Client/xr-tmsmx/@mf-types/EFX/index.d.ts,Client/xr-tmsmx,dependency_or_type_declaration,scanned,False,eba25c4b2962d44a0924529d03d039960473e3eb404266edccca8c7ff62f6532
Client/xr-tmsmx/@mf-types/EFX/package.json,Client/xr-tmsmx,dependency_or_type_declaration,scanned,True,d4837aae4c071d94a39b585d349e339358cb16e92b71ad96f18c5297ede77b49
Client/xr-tmsmx/@mf-types/EIX/index.d.ts,Client/xr-tmsmx,dependency_or_type_declaration,scanned,True,1ed6745584e901ce103d4fcc893b1dfec165c5127007679cde9a94901260f6e1
Client/xr-tmsmx/@mf-types/EIX/package.json,Client/xr-tmsmx,dependency_or_type_declaration,scanned,True,ef19105d914a78129730e844aa11bb16a22f93ad1f4c1ade9df078e25704eb65
Client/xr-tmsmx/@mf-types/EIX/types/.gitkeep,Client/xr-tmsmx,dependency_or_type_declaration,scanned,False,e3b0c44298fc1c149afbf4c8996fb92427ae41e4649b934ca495991b7852b855
Client/xr-tmsmx/@mf-types/EIX/types/axios.d.ts,Client/xr-tmsmx,dependency_or_type_declaration,scanned,True,a2d3d0394a3ce2c52f67e5ffc4f93ed0306a4748e3cd2f2208813a44b5e57fbf
Client/xr-tmsmx/@mf-types/EIX/types/ei-manager.d.ts,Client/xr-tmsmx,dependency_or_type_declaration,scanned,True,9e36cc2dd2392312b1cfb2fd79c33f077cc8d63cc8948840ddb855496cbae2a0
Client/xr-tmsmx/@mf-types/EIX/types/ei-tools.d.ts,Client/xr-tmsmx,dependency_or_type_declaration,scanned,False,ee1973c8df465844a52fcaa9cb24070c8f6b8d424b59870bb82a73f19635598e
Client/xr-tmsmx/@mf-types/EIX/types/ei.d.ts,Client/xr-tmsmx,dependency_or_type_declaration,scanned,True,1405df6f25d5202680349286d73086582d836393b9e5e96a75555c9096996a54
Client/xr-tmsmx/@mf-types/EIX/types/ep.d.ts,Client/xr-tmsmx,dependency_or_type_declaration,scanned,False,d75651b029f8c06c087830ed5d94dfa06ab193059d3a4f6254f01030bd15310f
Client/xr-tmsmx/@mf-types/EIX/types/index.d.ts,Client/xr-tmsmx,dependency_or_type_declaration,scanned,True,b9bd913b5e77d0398726b18f285d69ed8212d06f2c7f3c52136901176a184455
Client/xr-tmsmx/@mf-types/EIX/types/model.d.ts,Client/xr-tmsmx,dependency_or_type_declaration,scanned,False,29ce3ec2fd75eb819eb5ae3ce5a8b7115c53c2b3b02b7883c57e965cec2cd491
Client/xr-tmsmx/@mf-types/EIX/types/options.d.ts,Client/xr-tmsmx,dependency_or_type_declaration,scanned,True,d44528d17f0361218ec6a4652e9e488fa69e42fc27c51c02b837153b53bd27d3
Client/xr-tmsmx/@mf-types/EIX/types/type.d.ts,Client/xr-tmsmx,dependency_or_type_declaration,scanned,False,a9bc3be542736b380e2b35a265c141d666f3b62ce15b278c7e0083caa2c6f46b
Client/xr-tmsmx/@mf-types/EIX/types/utils.d.ts,Client/xr-tmsmx,dependency_or_type_declaration,scanned,True,f7a03e271b127953aa103cca493f37202d593dc3d2b36cb8597eb45544758145
Client/xr-tmsmx/@mf-types/EPTF/EPTF.d.ts,Client/xr-tmsmx,dependency_or_type_declaration,scanned,False,72a0b37ba4c1bd0b1b86ff5b94c33dc48c78ecd182a1120c6cb4cedadeb767a3
Client/xr-tmsmx/@mf-types/EPTF/index.d.ts,Client/xr-tmsmx,dependency_or_type_declaration,scanned,False,1a9cc32df3c83759b19ee8a00f5fd881706302d39cfd15ef99ac7bc57cade1ac
Client/xr-tmsmx/@mf-types/EPTF/package.json,Client/xr-tmsmx,dependency_or_type_declaration,scanned,True,55f68a82372af2b2d97e0c78e24eafbd30d0723c1884cfb24bcea92cfd0a4a53
Client/xr-tmsmx/@mf-types/ERX/ERX.d.ts,Client/xr-tmsmx,dependency_or_type_declaration,scanned,True,aaf52aa2d9c78519735cf81d7ca08836534600100085d87a669f4c42fe3a1c47
Client/xr-tmsmx/@mf-types/ERX/index.d.ts,Client/xr-tmsmx,dependency_or_type_declaration,scanned,False,1d36e3453cd6a856ae8e5bb616771993dd6486dec803b28994044cefd02ae134
Client/xr-tmsmx/@mf-types/ERX/package.json,Client/xr-tmsmx,dependency_or_type_declaration,scanned,True,db7f98c8d5e9a6da284883b05c20145999523d30a02c75d9cc32f8fa3ac8ba3c
Client/xr-tmsmx/README.md,Client/xr-tmsmx,document_or_log,scanned,True,a44c45aedaaf49a5599e585198c6c228a0785c4111c6ab12a178f00350698277
Client/xr-tmsmx/build/utils.ts,Client/xr-tmsmx,generated_or_build_support,scanned,True,6d731fc2209f69b40b1a85c93a1c8748574e1adc615eb4d528352decf9522cb1
Client/xr-tmsmx/index.html,Client/xr-tmsmx,web_source,scanned,True,7194a70442ee73fc58764f7d386f64c18db5b09b6daa57e25258be743b41c46d
Client/xr-tmsmx/package-lock.json,Client/xr-tmsmx,dependency_lock,scanned,True,cdca65c021601527a908e706205b2261c94ee91e6855724eca3afbcfbbbc0866
Client/xr-tmsmx/package.json,Client/xr-tmsmx,config_or_resource,scanned,True,f52ebec73372c1a524ae2e6e1f69d8903c83dbf3c1b259b3a1d8d436c7d3df41
Client/xr-tmsmx/src.zip,Client/xr-tmsmx,other_text,binary,False,00bbe6b6e41bc2e5e772747e100fc8a2a84e830a0f45478bc848c3da2ec8101c
Client/xr-tmsmx/src/App.vue,Client/xr-tmsmx,web_source,scanned,True,2f925a54dd4831b59a2bd96088a5da9af30ad3a85256c688caaed0701c837955
Client/xr-tmsmx/src/assets/AOD.png,Client/xr-tmsmx,other_text,binary,False,efc76c2d41f46a3ea57454e6fe1547356ee18f4c333dbb1665cfb0b40026f8ef
Client/xr-tmsmx/src/assets/BOF.png,Client/xr-tmsmx,other_text,binary,False,bf70bdf48fe426171cfcfa620da92789987281b65b9289d85af5afc69d12bea3
Client/xr-tmsmx/src/assets/BOF0.png,Client/xr-tmsmx,other_text,binary,False,11e806a03d3df86ca00833ea8926f8b9c56df6c236b5b97e2ae1142118ff6913
Client/xr-tmsmx/src/assets/BOF1.png,Client/xr-tmsmx,other_text,binary,False,63282015787a34cf84a5bb8aa213a883ff98c59c3a4727ace76869c6394add93
Client/xr-tmsmx/src/assets/CC.png,Client/xr-tmsmx,other_text,binary,False,d22b15324eb5755f2ba4f577e2026c97699b86dc36a56f3dfc7e6a2e27d2abb9
Client/xr-tmsmx/src/assets/EAF.png,Client/xr-tmsmx,other_text,binary,False,d32ec392aa43fff51e47ce94d5a7e9ad5e89019d538d7108a08771262f3fe9b0
Client/xr-tmsmx/src/assets/IF.png,Client/xr-tmsmx,other_text,binary,False,a1193809debd981fd958eba2b0909d84c7bf7772e1d6cb34d5fa1ce49f2f7685
Client/xr-tmsmx/src/assets/KR.png,Client/xr-tmsmx,other_text,binary,False,3c9b50f22ccf87a1e82497a931c404feb75279eae6fcb5ac303125174bcacaf3
Client/xr-tmsmx/src/assets/LD1.png,Client/xr-tmsmx,other_text,binary,False,f7122b3f152ccee48531826b1422bd4f719e3d99e2f01fdb305a7a1baa14804a
Client/xr-tmsmx/src/assets/LD2.png,Client/xr-tmsmx,other_text,binary,False,c79686769b15ae66ac190e97e8dcdaf1a899fba34a1c06eb0de1c2a2888d5d1e
Client/xr-tmsmx/src/assets/LD3.png,Client/xr-tmsmx,other_text,binary,False,25b0d8456069b388c7587df5b4548507b57df53d0f1147a13b48636bd58de779
Client/xr-tmsmx/src/assets/LD4.png,Client/xr-tmsmx,other_text,binary,False,569eccbc04c4a33d4b0f7d7ba0143fe6ca2b65b423e0bc18c3bcf7272cc8096e
Client/xr-tmsmx/src/assets/LF.png,Client/xr-tmsmx,other_text,binary,False,2d593aa8a3ac52d2bcb14c8e1003588a9c80130c717f6efd7fcf1e24408484f5
Client/xr-tmsmx/src/assets/LF0.png,Client/xr-tmsmx,other_text,binary,False,4a2b38c57473dbc498249694f7a50fbb6773de2e3339ca4816c7672dfd8f1156
Client/xr-tmsmx/src/assets/LTS.png,Client/xr-tmsmx,other_text,binary,False,bf1124b9cfc4b0359d6d476625d3f8f0c375e20ac095d3cc07db6fd7ae2eaafa
Client/xr-tmsmx/src/assets/LTS1.png,Client/xr-tmsmx,other_text,binary,False,eaead776e77ca04f76d4a2e37b50b2b0f4aef17e5502f2b8d6e281574c4b1c49
Client/xr-tmsmx/src/assets/RH.png,Client/xr-tmsmx,other_text,binary,False,aae4096b1da4ca271fa86a399a833f5f61ae7d5c5c0a12ccc93d4c1aec24974d
Client/xr-tmsmx/src/assets/RH0.png,Client/xr-tmsmx,other_text,binary,False,8c6b9db82ec676276a7476e7644b2b0855eaf3ab1d4b85cf28ea2e753ddadd55
Client/xr-tmsmx/src/assets/RH1.png,Client/xr-tmsmx,other_text,binary,False,e52a470ff41f53d2213962e56d8ce383fe11133e1b93d505be94027d135f60d8
Client/xr-tmsmx/src/assets/VOD.png,Client/xr-tmsmx,other_text,binary,False,9cc98e4f8f4bb2636ab308903f3ff0e4101d69112696897a07796f9440b234dd
Client/xr-tmsmx/src/assets/hladle1.png,Client/xr-tmsmx,other_text,binary,False,1a7171ba54a5e75ab5de01b4e481bd5d60e6c779966431d3dba83fe4af05aec5
Client/xr-tmsmx/src/assets/hladle2.png,Client/xr-tmsmx,other_text,binary,False,37f65a2214d3a01161f04ea26cd42161e57479241b90e2f2681f19a5ad6ebe91
Client/xr-tmsmx/src/assets/hladle3.png,Client/xr-tmsmx,other_text,binary,False,cbd93efecde90a0cbc6c2838c12214e95cd76077fb28acb3caae2aa8db2669a9
Client/xr-tmsmx/src/assets/hladle4.png,Client/xr-tmsmx,other_text,binary,False,aac34bc9125500182255dffc2a052a2ca1dc43411eca2998105675b172e76219
Client/xr-tmsmx/src/assets/hladle5.png,Client/xr-tmsmx,other_text,binary,False,1f55b8e643bf6272144cc333c211a22fbcbaabf8268944d97ecc7f7aeb289f0e
Client/xr-tmsmx/src/assets/ladle1(1).png,Client/xr-tmsmx,other_text,binary,False,706897196b48e9b7062bc622c3adf889fed56f65db4694453de563d1616f9390
Client/xr-tmsmx/src/assets/ladle1.png,Client/xr-tmsmx,other_text,binary,False,b6951b351c3429ca6b25e1b16c4293fa33c7a0522daf3c0abe7c3ea835528a88
Client/xr-tmsmx/src/assets/ladle2.png,Client/xr-tmsmx,other_text,binary,False,1b2779c5eac3d8c97e358f220b4a539fc26938f856d886010c5c240fe3f6f9e1
Client/xr-tmsmx/src/assets/ladle3.png,Client/xr-tmsmx,other_text,binary,False,004e0308f623469f12fce5e3152c14b0d22560c545b1406728ef4a2d9f5ad4c8
Client/xr-tmsmx/src/assets/ladle4.png,Client/xr-tmsmx,other_text,binary,False,76ac9f1755ed051477db6ac3336e17b03d6c8e60e03ff494c96ab05a31fac49b
Client/xr-tmsmx/src/assets/ladle5.png,Client/xr-tmsmx,other_text,binary,False,d5db3ceeee7866e2f36030d77e9e2de513e3090af78c67ca201fc649eef8a12e
Client/xr-tmsmx/src/assets/logo.png,Client/xr-tmsmx,other_text,binary,False,03d6d6da2545d3b3402855b8e721b779abaa87d113e69d9329ea6ea6325a83ce
Client/xr-tmsmx/src/assets/tai.png,Client/xr-tmsmx,other_text,binary,False,20bd97b33c0ee765d822195455bb23970d5c75b918791c121a51a4489a3e4e8a
Client/xr-tmsmx/src/assets/vue.svg,Client/xr-tmsmx,other_text,scanned,False,5532db34f1c52841881bab8aeca6c3e8d092bd21a689a65f4d8f8cf8041eef9d
Client/xr-tmsmx/src/assets/三脱站.png,Client/xr-tmsmx,other_text,binary,False,fb68972e5f1b78954ee0d65c108045744b9d3003687b373afeabe9aa71d9b79e
Client/xr-tmsmx/src/assets/中间包 100%.png,Client/xr-tmsmx,other_text,binary,False,d4f50a63444228e642eb1e9ab3d63df1df7a2e7231aea3bf97c21daae3115e78
Client/xr-tmsmx/src/assets/中间包 50%.png,Client/xr-tmsmx,other_text,binary,False,97b711c1dd1ec26565dbeb4d660fd41a7cee07128f424cb19c8bbd56b54c1cbc
Client/xr-tmsmx/src/assets/倒罐站.png,Client/xr-tmsmx,other_text,binary,False,af1c24e2c7c3f7bbc2c40c8e03128607f3542431ef1c9a7f46a7ece85ce59bd5
Client/xr-tmsmx/src/assets/轨道.png,Client/xr-tmsmx,other_text,binary,False,86a5fad5c4203df78cc0b4587fc76985aaae587d66394706e31ce58c4eb88b4d
Client/xr-tmsmx/src/components/.gitkeep,Client/xr-tmsmx,other_text,scanned,False,e3b0c44298fc1c149afbf4c8996fb92427ae41e4649b934ca495991b7852b855
Client/xr-tmsmx/src/components/Result/index.vue,Client/xr-tmsmx,web_source,scanned,False,1cb5f91a34874660e11f441f8c76e92ca33bae4a30ff658a2779727858ef8109
Client/xr-tmsmx/src/components/Result/svg/error.vue,Client/xr-tmsmx,web_source,scanned,False,ca47a4d00cc74fe94f9394c2bd67f96ff32fadf4a46ceefe145e0ca4b70cf010
Client/xr-tmsmx/src/components/Result/svg/info.vue,Client/xr-tmsmx,web_source,scanned,False,8b12ef11b5ee93baf289e04b47c43e003bb8db8467eaa91d98e0a801c9f61fd0
Client/xr-tmsmx/src/components/Result/svg/noFound.vue,Client/xr-tmsmx,web_source,scanned,False,0ff712a43a004d8f47469e7024453b72c09b10ef3775571d89dbe65023f52bfb
Client/xr-tmsmx/src/components/Result/svg/serverError.vue,Client/xr-tmsmx,web_source,scanned,False,a9e1494601a29c04de5c1e5cb08eac2d480e097b98dcf237550c5f4c9aad2d86
Client/xr-tmsmx/src/components/Result/svg/success.vue,Client/xr-tmsmx,web_source,scanned,False,ea78e9a97a3dcaefb54fd18d225511c1ef9e66c4fcb09c72617e128c57b8697d
Client/xr-tmsmx/src/components/Result/svg/unauthorized.vue,Client/xr-tmsmx,web_source,scanned,True,4981c678833022a34a03992da44ee10358a54956447db8b5fbd1dfecb4800749
Client/xr-tmsmx/src/components/Result/svg/warning.vue,Client/xr-tmsmx,web_source,scanned,False,0f8ad54c3cd363bb4d7d8e4b25325872f1c13468030cd297c27d2a9ea1067783
Client/xr-tmsmx/src/components/TMSMGT_MENU/TMSMGT_MENU.ts,Client/xr-tmsmx,web_source,scanned,True,61e72ec770a71bf6a6bba6165706f4bfbed816ecaa37adcaa8b1102815fb86de
Client/xr-tmsmx/src/components/TMSMGT_MENU/TMSMGT_MENU.vue,Client/xr-tmsmx,web_source,scanned,True,ab2516725ca1811cd4d176fab0732b4660f3cea4ab1918417a29c822c63afaf8
Client/xr-tmsmx/src/components/TMSMGT_QY/TMSMGT_QY.vue,Client/xr-tmsmx,web_source,scanned,True,77d7449a607e1da185ea6d44e0e633bdbc380335e0fdbf21168bce0e3d9559d6
Client/xr-tmsmx/src/components/TMSMGT_TANK/TMSMGT_TANK.vue,Client/xr-tmsmx,web_source,scanned,True,63f3d9377f3f3f089051b704c822d761e63c838e09d36b9480ab009953a673ab
Client/xr-tmsmx/src/components/excel.jfif,Client/xr-tmsmx,other_text,binary,False,a7dda2ddc69dd6284f55342101328f51323522ba9e5cf7f7c0e8d3022dfe9dff
Client/xr-tmsmx/src/components/excel.png,Client/xr-tmsmx,other_text,binary,False,de896fb7ab611af0579b899bed92545f8ddf480b6a3ce83e296fa885ff5fa987
Client/xr-tmsmx/src/components/tank.png,Client/xr-tmsmx,other_text,binary,False,f46b3727cb2feebbd262d0dbe11bdc58ac163deb6ed1ec786e0e6969c2d95449
Client/xr-tmsmx/src/components/word.png,Client/xr-tmsmx,other_text,binary,False,b86cf27db5883b109e62689ae5cfd4bb38e02108e4d861951eb588f2ca4f6655
Client/xr-tmsmx/src/hooks/mittBus.ts,Client/xr-tmsmx,web_source,scanned,False,2da5fc3d0769bf91adaf60915c005ac8a32069cf0e965856b916db451cd0fc2f
Client/xr-tmsmx/src/main.ts,Client/xr-tmsmx,web_source,scanned,True,10b5f5fe66e6e306c02677e5f4de18143c8722160ffcc49bc4825b005212ac7d
Client/xr-tmsmx/src/model/data.d.ts,Client/xr-tmsmx,web_source,scanned,True,efc794151d104e3be4b5799ce7b4fccc46709879a04c7f92467bfefd622d1868
Client/xr-tmsmx/src/router/index.ts,Client/xr-tmsmx,web_source,scanned,True,d72271f686b0fb6bd87a5018e1d3fb3d5c556d3253bad21e60bece460d4e4ec0
Client/xr-tmsmx/src/styles/common.scss,Client/xr-tmsmx,other_text,scanned,False,50d9dd26aa4f7e48fec6f9a579a774aa705edc4f0baffab9b3fd58c669fe236a
Client/xr-tmsmx/src/styles/element-variables.scss,Client/xr-tmsmx,other_text,scanned,False,0c7e3b5e424736f586b36cf9abf498739e2048a744401e310fd3878201673d6a
Client/xr-tmsmx/src/styles/index.scss,Client/xr-tmsmx,other_text,scanned,False,e5860729326019a9485b6a77a24b714d35120b6c4c01fbaeabf195ff09188be6
Client/xr-tmsmx/src/utils/i18n/local.zh.ts,Client/xr-tmsmx,web_source,scanned,True,4b62259a5c146a604f932b6178d0886f3cdc643ca37540ae8934cb4e91af03d5
Client/xr-tmsmx/src/utils/styles/index.scss,Client/xr-tmsmx,other_text,scanned,False,e5860729326019a9485b6a77a24b714d35120b6c4c01fbaeabf195ff09188be6
Client/xr-tmsmx/src/utils/theme.ts,Client/xr-tmsmx,web_source,scanned,True,843178218de1a0166f29b5a621de1da600acc4e1e69c570423673deac8cdec32
Client/xr-tmsmx/src/views/404/index.vue,Client/xr-tmsmx,web_source,scanned,True,f77963c7ba0dd45a29f2c8164c7afb5dbabb7ecae4689e353f5d5add54755e65
Client/xr-tmsmx/src/views/DEMO/DEMO.vue,Client/xr-tmsmx,web_source,scanned,False,5b34fb4cad87eff21becdd1a478a11723a753db53992dc948eb00ced09e6681f
Client/xr-tmsmx/src/views/TM0097AV/TM0097AV.scss,Client/xr-tmsmx,other_text,scanned,False,e3b0c44298fc1c149afbf4c8996fb92427ae41e4649b934ca495991b7852b855
Client/xr-tmsmx/src/views/TM0097AV/TM0097AV.ts,Client/xr-tmsmx,web_source,scanned,True,204ee43c31c119227ec9b443ba1d38271051c712e5fac87672fe9082f6c4fa57
Client/xr-tmsmx/src/views/TM0097AV/TM0097AV.vue,Client/xr-tmsmx,web_source,scanned,True,2bacaef126e71b3adcb0906e6ab818ac98b00c1ef780b294bee161cb2422cdca
Client/xr-tmsmx/src/views/TMSM111S2N/TMSM111S2N.scss,Client/xr-tmsmx,other_text,scanned,False,8f297c255e4ef6df59363f67d7dbe6a320650e58c4c47e61bbea367179be536f
Client/xr-tmsmx/src/views/TMSM111S2N/TMSM111S2N.ts,Client/xr-tmsmx,web_source,scanned,True,cb864c7928213fe2877a376a7998e11c8ccd6b7a4b7ee2a45113cec88a089e54
Client/xr-tmsmx/src/views/TMSM111S2N/TMSM111S2N.vue,Client/xr-tmsmx,web_source,scanned,True,d0b145a6f68879b00025e9d2d13508384a2c612be1945fae39849dd53f3f9457
Client/xr-tmsmx/src/views/TMSM121S2N/TMSM121S2N.scss,Client/xr-tmsmx,other_text,scanned,False,e3b0c44298fc1c149afbf4c8996fb92427ae41e4649b934ca495991b7852b855
Client/xr-tmsmx/src/views/TMSM121S2N/TMSM121S2N.ts,Client/xr-tmsmx,web_source,scanned,True,00a2916c38f30bbb762fad2a2859aded687064f55fdc245f499d3c3a0d9d53f3
Client/xr-tmsmx/src/views/TMSM121S2N/TMSM121S2N.vue,Client/xr-tmsmx,web_source,scanned,True,3f4302e5885a67f8c02701f9c16765326081cec8d45a3a5ef3df67cb2f3b56be
Client/xr-tmsmx/src/views/TMSM122S2N/TMSM122S2N.scss,Client/xr-tmsmx,other_text,scanned,False,e3b0c44298fc1c149afbf4c8996fb92427ae41e4649b934ca495991b7852b855
Client/xr-tmsmx/src/views/TMSM122S2N/TMSM122S2N.ts,Client/xr-tmsmx,web_source,scanned,True,213ebcdc90e18bc91579ed225c1a4e6f6723633495d9f5f452b64228278773be
Client/xr-tmsmx/src/views/TMSM122S2N/TMSM122S2N.vue,Client/xr-tmsmx,web_source,scanned,True,aeb234aa1f5e485c8258078ad0a843f97ee9821c394891ef5158d5f69d2a1d62
Client/xr-tmsmx/src/views/TMSM12AV/TMSM12AV.scss,Client/xr-tmsmx,other_text,scanned,False,e3b0c44298fc1c149afbf4c8996fb92427ae41e4649b934ca495991b7852b855
Client/xr-tmsmx/src/views/TMSM12AV/TMSM12AV.ts,Client/xr-tmsmx,web_source,scanned,True,fecec06f26d28975eb20f933d32e9119b38bd4c9650237f250bebc94bec39677
Client/xr-tmsmx/src/views/TMSM12AV/TMSM12AV.vue,Client/xr-tmsmx,web_source,scanned,True,3eeb724c4c8e4af500326d10afaff9532e8e7e813621b7bf96b7d1538a02709c
Client/xr-tmsmx/src/views/TMSM13AV/TMSM13AV.scss,Client/xr-tmsmx,other_text,scanned,False,e3b0c44298fc1c149afbf4c8996fb92427ae41e4649b934ca495991b7852b855
Client/xr-tmsmx/src/views/TMSM13AV/TMSM13AV.ts,Client/xr-tmsmx,web_source,scanned,True,2af2ace813d9745f79210093feeb8c1e688347e81e5c58acb507c1d601215bae
Client/xr-tmsmx/src/views/TMSM13AV/TMSM13AV.vue,Client/xr-tmsmx,web_source,scanned,True,0ff9fa16bd489659d84f42729bc7569d47e85e0093ac70372508f7951d045b4c
Client/xr-tmsmx/src/views/TMSM14AV/TMSM14AV.scss,Client/xr-tmsmx,other_text,scanned,False,e3b0c44298fc1c149afbf4c8996fb92427ae41e4649b934ca495991b7852b855
Client/xr-tmsmx/src/views/TMSM14AV/TMSM14AV.ts,Client/xr-tmsmx,web_source,scanned,True,469d30ac5daec4d6d6a4129f29a29ac5737b5f87364f97c224a05ffb1db32ddf
Client/xr-tmsmx/src/views/TMSM14AV/TMSM14AV.vue,Client/xr-tmsmx,web_source,scanned,True,3e0a5cec6a168cdb182f40fc5ebf194f777bdfb3f6ea73b5294d21590c22b750
Client/xr-tmsmx/src/views/TMSM15AV/TMSM15AV.scss,Client/xr-tmsmx,other_text,scanned,False,e3b0c44298fc1c149afbf4c8996fb92427ae41e4649b934ca495991b7852b855
Client/xr-tmsmx/src/views/TMSM15AV/TMSM15AV.ts,Client/xr-tmsmx,web_source,scanned,True,36c54c211a1c7b05ee313f7d15fe9c86e267a178432673c6de4a9f3119d1c6fb
Client/xr-tmsmx/src/views/TMSM15AV/TMSM15AV.vue,Client/xr-tmsmx,web_source,scanned,True,3fa9d75ccb50d2757b350838eb658b489c0c847cc6c0d3f1a5146112e257e312
Client/xr-tmsmx/src/views/TMSM181AV/TMSM181AV.scss,Client/xr-tmsmx,other_text,scanned,False,e3b0c44298fc1c149afbf4c8996fb92427ae41e4649b934ca495991b7852b855
Client/xr-tmsmx/src/views/TMSM181AV/TMSM181AV.ts,Client/xr-tmsmx,web_source,scanned,True,262285cc8cb0b8effb3a4cde2545be96e8626e3bba1526231b7956ebc3cdb9bc
Client/xr-tmsmx/src/views/TMSM181AV/TMSM181AV.vue,Client/xr-tmsmx,web_source,scanned,True,e24ff085e0490ed5075b1a34fecfdaf68ca11f53aa4a1d4223003c03f6133b17
Client/xr-tmsmx/src/views/TMSM200AV.zip,Client/xr-tmsmx,other_text,binary,False,fe213015b23a1f861faf3ff1ad2f46eb8168094fd2db032f94a9f169073c6efb
Client/xr-tmsmx/src/views/TMSM200AV/TMSM200AV.scss,Client/xr-tmsmx,other_text,scanned,False,e3b0c44298fc1c149afbf4c8996fb92427ae41e4649b934ca495991b7852b855
Client/xr-tmsmx/src/views/TMSM200AV/TMSM200AV.ts,Client/xr-tmsmx,web_source,scanned,True,792043fbbe31dee14c43829e23402dee9784f7537f4d7f962bcf26b10e053a79
Client/xr-tmsmx/src/views/TMSM200AV/TMSM200AV.vue,Client/xr-tmsmx,web_source,scanned,True,439f881eb53bcc3349b89a493ef4f62a9146e81b6bca59369fc1885fdf4a612a
Client/xr-tmsmx/src/views/TMSM97AV/TMSM97AV.scss,Client/xr-tmsmx,other_text,scanned,False,e3b0c44298fc1c149afbf4c8996fb92427ae41e4649b934ca495991b7852b855
Client/xr-tmsmx/src/views/TMSM97AV/TMSM97AV.ts,Client/xr-tmsmx,web_source,scanned,False,712132be1f105d706af9faeb9f1b60df10af2e5a86811c5b4501a527223540eb
Client/xr-tmsmx/src/views/TMSM97AV/TMSM97AV.vue,Client/xr-tmsmx,web_source,scanned,True,2972230bddd4a78a438d87b6e6ee7cce9f01d0797bdc154be03e42944d68906a
Client/xr-tmsmx/src/views/TMSMADDAV/TMSMADDAV.scss,Client/xr-tmsmx,other_text,scanned,False,e3b0c44298fc1c149afbf4c8996fb92427ae41e4649b934ca495991b7852b855
Client/xr-tmsmx/src/views/TMSMADDAV/TMSMADDAV.ts,Client/xr-tmsmx,web_source,scanned,False,cee99e08f93f815ad04749cab6ab49a80cad01239cfd188353670510ccb1f022
Client/xr-tmsmx/src/views/TMSMADDAV/TMSMADDAV.vue,Client/xr-tmsmx,web_source,scanned,True,46ded77ceec5dfdfd025aa8f0388ca62e42bd18e5327f0eab55cb55ae1880a26
Client/xr-tmsmx/src/views/TMSMDR/TMSMDR.scss,Client/xr-tmsmx,other_text,scanned,False,e3b0c44298fc1c149afbf4c8996fb92427ae41e4649b934ca495991b7852b855
Client/xr-tmsmx/src/views/TMSMDR/TMSMDR.ts,Client/xr-tmsmx,web_source,scanned,True,fa2c37b22f5839d648bab72785052c9fe34403705c709ead8f612689c380ee62
Client/xr-tmsmx/src/views/TMSMDR/TMSMDR.vue,Client/xr-tmsmx,web_source,scanned,True,679031b7f452183620577d2690518e956f4c23d42113e05ddeb2c56f0e0cc3fb
Client/xr-tmsmx/src/views/TMSMGT/TMSMGT.scss,Client/xr-tmsmx,other_text,scanned,False,8220fa355bff15ee1476c9e73fa4b03adb8b85748ee15037c3fee43e1d59caab
Client/xr-tmsmx/src/views/TMSMGT/TMSMGT.ts,Client/xr-tmsmx,web_source,scanned,True,7cb5d84bc3d847287b4e56fd982f53a3fdba358fb13d7965e84ac58bea36e34e
Client/xr-tmsmx/src/views/TMSMGT/TMSMGT.vue,Client/xr-tmsmx,web_source,scanned,True,888fdb7f31023162bbf01ff7fec911fd580a4387011aaff98719d12a650b29ef
Client/xr-tmsmx/src/views/TMSMGT_ADD/TMSMGT_ADD.scss,Client/xr-tmsmx,other_text,scanned,False,e3b0c44298fc1c149afbf4c8996fb92427ae41e4649b934ca495991b7852b855
Client/xr-tmsmx/src/views/TMSMGT_ADD/TMSMGT_ADD.ts,Client/xr-tmsmx,web_source,scanned,False,3c019e5de7affa3d33b890ab8b1aa8bbd1ddd913fe1a5ce7b0da6c12bdf4b663
Client/xr-tmsmx/src/views/TMSMGT_ADD/TMSMGT_ADD.vue,Client/xr-tmsmx,web_source,scanned,True,409ef289ed383734ef5665d23b6f2482949f9ec205d27551a8748344328fa2eb
Client/xr-tmsmx/src/views/TMSMGT_HANDLE/TMSMGT_HANDLE.ts,Client/xr-tmsmx,web_source,scanned,True,79418d2273cf89951a68799544d8d28cab03896436b5121948a91cfe86d40b57
Client/xr-tmsmx/src/views/TMSMGT_HANDLE/TMSMGT_HANDLE.vue,Client/xr-tmsmx,web_source,scanned,True,b5904c0bbf3b51cc8370c803884e7650b31adeb7fca051460bd904a6c02f2b09
Client/xr-tmsmx/src/views/TMSMGT_HK/TMSMGT_HK.ts,Client/xr-tmsmx,web_source,scanned,True,5209a3b735f06d52e30ab5bd3efe6c8adda347e287224e9704e2639924901d63
Client/xr-tmsmx/src/views/TMSMGT_HK/TMSMGT_HK.vue,Client/xr-tmsmx,web_source,scanned,True,8b35404be4f54f625d9bd7826e89ec97b46e77f1d95a77104a96818a5af0b1ca
Client/xr-tmsmx/src/views/TMSMGT_SHOW/TMSMGT_SHOW.scss,Client/xr-tmsmx,other_text,scanned,False,e3b0c44298fc1c149afbf4c8996fb92427ae41e4649b934ca495991b7852b855
Client/xr-tmsmx/src/views/TMSMGT_SHOW/TMSMGT_SHOW.ts,Client/xr-tmsmx,web_source,scanned,True,f617fa9fa5bbcf11768c665e59df74a3d03548f62e43efbc63a70bbdef3e9118
Client/xr-tmsmx/src/views/TMSMGT_SHOW/TMSMGT_SHOW.vue,Client/xr-tmsmx,web_source,scanned,True,6e81312b904dc7b4f3a4e79afd344a699fb66f35c5def4feea3dcda0cd695c66
Client/xr-tmsmx/src/views/TMSMGT_WX/TMSMGT_WX.ts,Client/xr-tmsmx,web_source,scanned,True,be1251b92dd4ff4ac254b857960affe6b6cdc5882648873a6cd76ad4f320c833
Client/xr-tmsmx/src/views/TMSMGT_WX/TMSMGT_WX.vue,Client/xr-tmsmx,web_source,scanned,True,97a58fa548f5b96b5cb965e006f89911062c373f5f1ca439a4499ff83f752733
Client/xr-tmsmx/src/views/TMSMPZ/TMSMPZ.scss,Client/xr-tmsmx,other_text,scanned,False,e3b0c44298fc1c149afbf4c8996fb92427ae41e4649b934ca495991b7852b855
Client/xr-tmsmx/src/views/TMSMPZ/TMSMPZ.ts,Client/xr-tmsmx,web_source,scanned,True,ef4224255da5812c9dce5abda37bd6934c29795c38e948faa1e531a4bfc17990
Client/xr-tmsmx/src/views/TMSMPZ/TMSMPZ.vue,Client/xr-tmsmx,web_source,scanned,True,b039c446383914ed19ba19bb5fcf99e9f3593642b3c9381f36bbedb556046995
Client/xr-tmsmx/src/views/TMSMQXDRS2N/TMSMQXDRS2N.scss,Client/xr-tmsmx,other_text,scanned,False,e3b0c44298fc1c149afbf4c8996fb92427ae41e4649b934ca495991b7852b855
Client/xr-tmsmx/src/views/TMSMQXDRS2N/TMSMQXDRS2N.ts,Client/xr-tmsmx,web_source,scanned,True,91988ae109f75ab462d62e6ebbab5e34abc517c5f9b0cfc52b54287d0c8ff537
Client/xr-tmsmx/src/views/TMSMQXDRS2N/TMSMQXDRS2N.vue,Client/xr-tmsmx,web_source,scanned,True,52f1ecfc25324ae79a721e5fa41264f43f5ce904ec4738b37a470b9b11402c2c
Client/xr-tmsmx/src/views/TMSMSCS2N/TMSMSCS2N.scss,Client/xr-tmsmx,other_text,scanned,False,691a328b08a4f43184659ed2a37f574386c7463b24a1abd89ae7e8e8d896bd84
Client/xr-tmsmx/src/views/TMSMSCS2N/TMSMSCS2N.ts,Client/xr-tmsmx,web_source,scanned,True,d6d428df2371f0e226c9ff91566fafebc5272f52042c92fc799b0850e51516cb
Client/xr-tmsmx/src/views/TMSMSCS2N/TMSMSCS2N.vue,Client/xr-tmsmx,web_source,scanned,True,fddc1985b329b5e9bae9e72a45d090b5620257c17b8ca8312e15cd636622a99f
Client/xr-tmsmx/src/views/TMSMXXAV/TMSMXXAV.scss,Client/xr-tmsmx,other_text,scanned,False,e3b0c44298fc1c149afbf4c8996fb92427ae41e4649b934ca495991b7852b855
Client/xr-tmsmx/src/views/TMSMXXAV/TMSMXXAV.ts,Client/xr-tmsmx,web_source,scanned,True,512278c1fd269155fcf6c12d44fc99d4dec4370c5e0ab0b44f0d5fe29bca8c0c
Client/xr-tmsmx/src/views/TMSMXXAV/TMSMXXAV.vue,Client/xr-tmsmx,web_source,scanned,True,0cedd97a5b8af29bafb67a597d6901d9fd9915c8f145861649f5b733f58e03ce
Client/xr-tmsmx/src/vite-env.d.ts,Client/xr-tmsmx,web_source,scanned,True,e312a79d191b359f765c671e15208a344269e30691602344db115a0de9ee0e1f
Client/xr-tmsmx/tsconfig.json,Client/xr-tmsmx,config_or_resource,scanned,True,b139294888379c2b1c73ae0b0d3012cb01e20d5f440bd20f466be5583553a447
Client/xr-tmsmx/vite.config.ts,Client/xr-tmsmx,web_source,scanned,True,85710641c159e94d050cecbec014ce5f959b8a89fd225429b99ae6073178d1ec
Client/xr-wmgh/.env.development,Client/xr-wmgh,environment_config_values_not_exported,scanned,True,4ab552a87dd8da576ba1cfb1031a1db24ad3ec721846ed073e9c0c33b4c564f6
Client/xr-wmgh/.env.production,Client/xr-wmgh,environment_config_values_not_exported,scanned,True,a57acda3a891f869de954e870d8836725b9ebcb59f879ad8d88983b4163bf3bf
Client/xr-wmgh/.gitignore,Client/xr-wmgh,other_text,scanned,False,8bc74dbde5ee1e147e5971b7b0f3cced7e8a128e73cd7865df5057fe6b309b01
Client/xr-wmgh/.vscode/extensions.json,Client/xr-wmgh,config_or_resource,scanned,False,1e73d21c9de2df0dda46d9223325067047dd68d86311e2ccb7c52b302c35edaf
Client/xr-wmgh/@mf-types/EFX/EFX.d.ts,Client/xr-wmgh,dependency_or_type_declaration,scanned,True,345fbec0aa5bf64bae776df85961871266f59e6c3ca74f04ee519989089c988f
Client/xr-wmgh/@mf-types/EFX/index.d.ts,Client/xr-wmgh,dependency_or_type_declaration,scanned,True,7d4671f244125c67637918e89e1daaa1c4d8946f326b6979f9380ae45ee453fb
Client/xr-wmgh/@mf-types/EFX/package.json,Client/xr-wmgh,dependency_or_type_declaration,scanned,True,d4837aae4c071d94a39b585d349e339358cb16e92b71ad96f18c5297ede77b49
Client/xr-wmgh/@mf-types/EIX/index.d.ts,Client/xr-wmgh,dependency_or_type_declaration,scanned,True,1ed6745584e901ce103d4fcc893b1dfec165c5127007679cde9a94901260f6e1
Client/xr-wmgh/@mf-types/EIX/package.json,Client/xr-wmgh,dependency_or_type_declaration,scanned,True,ef19105d914a78129730e844aa11bb16a22f93ad1f4c1ade9df078e25704eb65
Client/xr-wmgh/@mf-types/EIX/types/.gitkeep,Client/xr-wmgh,dependency_or_type_declaration,scanned,False,e3b0c44298fc1c149afbf4c8996fb92427ae41e4649b934ca495991b7852b855
Client/xr-wmgh/@mf-types/EIX/types/axios.d.ts,Client/xr-wmgh,dependency_or_type_declaration,scanned,True,a2d3d0394a3ce2c52f67e5ffc4f93ed0306a4748e3cd2f2208813a44b5e57fbf
Client/xr-wmgh/@mf-types/EIX/types/ei-manager.d.ts,Client/xr-wmgh,dependency_or_type_declaration,scanned,True,9e36cc2dd2392312b1cfb2fd79c33f077cc8d63cc8948840ddb855496cbae2a0
Client/xr-wmgh/@mf-types/EIX/types/ei-tools.d.ts,Client/xr-wmgh,dependency_or_type_declaration,scanned,False,ee1973c8df465844a52fcaa9cb24070c8f6b8d424b59870bb82a73f19635598e
Client/xr-wmgh/@mf-types/EIX/types/ei.d.ts,Client/xr-wmgh,dependency_or_type_declaration,scanned,True,1405df6f25d5202680349286d73086582d836393b9e5e96a75555c9096996a54
Client/xr-wmgh/@mf-types/EIX/types/ep.d.ts,Client/xr-wmgh,dependency_or_type_declaration,scanned,False,d75651b029f8c06c087830ed5d94dfa06ab193059d3a4f6254f01030bd15310f
Client/xr-wmgh/@mf-types/EIX/types/index.d.ts,Client/xr-wmgh,dependency_or_type_declaration,scanned,True,b9bd913b5e77d0398726b18f285d69ed8212d06f2c7f3c52136901176a184455
Client/xr-wmgh/@mf-types/EIX/types/model.d.ts,Client/xr-wmgh,dependency_or_type_declaration,scanned,False,29ce3ec2fd75eb819eb5ae3ce5a8b7115c53c2b3b02b7883c57e965cec2cd491
Client/xr-wmgh/@mf-types/EIX/types/options.d.ts,Client/xr-wmgh,dependency_or_type_declaration,scanned,True,d44528d17f0361218ec6a4652e9e488fa69e42fc27c51c02b837153b53bd27d3
Client/xr-wmgh/@mf-types/EIX/types/type.d.ts,Client/xr-wmgh,dependency_or_type_declaration,scanned,False,a9bc3be542736b380e2b35a265c141d666f3b62ce15b278c7e0083caa2c6f46b
Client/xr-wmgh/@mf-types/EIX/types/utils.d.ts,Client/xr-wmgh,dependency_or_type_declaration,scanned,True,f7a03e271b127953aa103cca493f37202d593dc3d2b36cb8597eb45544758145
Client/xr-wmgh/@mf-types/EPTF/EPTF.d.ts,Client/xr-wmgh,dependency_or_type_declaration,scanned,False,72a0b37ba4c1bd0b1b86ff5b94c33dc48c78ecd182a1120c6cb4cedadeb767a3
Client/xr-wmgh/@mf-types/EPTF/index.d.ts,Client/xr-wmgh,dependency_or_type_declaration,scanned,False,1a9cc32df3c83759b19ee8a00f5fd881706302d39cfd15ef99ac7bc57cade1ac
Client/xr-wmgh/@mf-types/EPTF/package.json,Client/xr-wmgh,dependency_or_type_declaration,scanned,True,55f68a82372af2b2d97e0c78e24eafbd30d0723c1884cfb24bcea92cfd0a4a53
Client/xr-wmgh/@mf-types/ERX/ERX.d.ts,Client/xr-wmgh,dependency_or_type_declaration,scanned,True,aaf52aa2d9c78519735cf81d7ca08836534600100085d87a669f4c42fe3a1c47
Client/xr-wmgh/@mf-types/ERX/index.d.ts,Client/xr-wmgh,dependency_or_type_declaration,scanned,False,1d36e3453cd6a856ae8e5bb616771993dd6486dec803b28994044cefd02ae134
Client/xr-wmgh/@mf-types/ERX/package.json,Client/xr-wmgh,dependency_or_type_declaration,scanned,True,db7f98c8d5e9a6da284883b05c20145999523d30a02c75d9cc32f8fa3ac8ba3c
Client/xr-wmgh/README.md,Client/xr-wmgh,document_or_log,scanned,True,a44c45aedaaf49a5599e585198c6c228a0785c4111c6ab12a178f00350698277
Client/xr-wmgh/build/utils.ts,Client/xr-wmgh,generated_or_build_support,scanned,True,6d731fc2209f69b40b1a85c93a1c8748574e1adc615eb4d528352decf9522cb1
Client/xr-wmgh/index.html,Client/xr-wmgh,web_source,scanned,True,7194a70442ee73fc58764f7d386f64c18db5b09b6daa57e25258be743b41c46d
Client/xr-wmgh/package-lock.json,Client/xr-wmgh,dependency_lock,scanned,True,4a81175f70deacb3af3c2d299aba9f4ffc6359b7727a134847726b64dedd8632
Client/xr-wmgh/package.json,Client/xr-wmgh,config_or_resource,scanned,True,db30ad121c4a315f2f58e4d9deb85cf7d726c16eebfd33a9ea8c943d3b14e9ee
Client/xr-wmgh/src.zip,Client/xr-wmgh,other_text,binary,False,8d33c25eb026de1baff2900ed41b5e5dad196ea7314df12ffe1342c92c02d18d
Client/xr-wmgh/src/App.vue,Client/xr-wmgh,web_source,scanned,True,2f925a54dd4831b59a2bd96088a5da9af30ad3a85256c688caaed0701c837955
Client/xr-wmgh/src/assets/font/Alibaba-PuHuiTi-Bold.otf,Client/xr-wmgh,other_text,binary,False,55ba65bdf886fea4e51991237ebef91ba77fd20a06a96833739f5466cf9c0022
Client/xr-wmgh/src/assets/font/Alibaba-PuHuiTi-Medium.otf,Client/xr-wmgh,other_text,binary,False,1e7cfcc08e27506afdace7b9abe2fa93c2b35fe3ad386742b47a9e24b5fd431f
Client/xr-wmgh/src/assets/font/Alibaba-PuHuiTi-Regular.otf,Client/xr-wmgh,other_text,binary,False,1c6820d3de274946117b713d509294da604ab4d3676075d595f4316de14979c5
Client/xr-wmgh/src/assets/font/Alimama_ShuHeiTi_Bold.ttf,Client/xr-wmgh,other_text,binary,False,528b0ab24ed9307be7fd6219cc2c2580e838d55331968fc2834a5bf2924d8b55
Client/xr-wmgh/src/assets/font/DIN.TTF,Client/xr-wmgh,other_text,binary,False,c16db344c25e309fdaf4b6a70afc68999d86675d46bf9b8e1b3e88348937a5bc
Client/xr-wmgh/src/assets/font/优设标题黑.ttf,Client/xr-wmgh,other_text,binary,False,dab883d69fb713233ea5d9aff8d1f27ccc2b71e249143edf6ea08367784c5dba
Client/xr-wmgh/src/assets/images/AVG/A_1.png,Client/xr-wmgh,other_text,binary,False,4ffa016006ad1a8bd9e794b4377e9df9b6e69e8b66f4099bb6830a6ad2332f15
Client/xr-wmgh/src/assets/images/AVG/A_2.png,Client/xr-wmgh,other_text,binary,False,645be2b538bdbddeb784086691199a693fdc517476f74ffe6f66ffa00a5487a1
Client/xr-wmgh/src/assets/images/AVG/A_3.png,Client/xr-wmgh,other_text,binary,False,dde1551b9550ab820aeafd35aaefc3dc001ca6b7417a2ece01f9fafcf3efee2b
Client/xr-wmgh/src/assets/images/AVG/A_4.png,Client/xr-wmgh,other_text,binary,False,4147fb93e4baaddf442fcf7195619086e93829a40752d60849564fa96b886509
Client/xr-wmgh/src/assets/images/AVG/B_1.png,Client/xr-wmgh,other_text,binary,False,a4adab234d8458a1dd5e7308f0b17eb0c8862d9bdac6ed5f6f8019ab624a6e52
Client/xr-wmgh/src/assets/images/AVG/B_2.png,Client/xr-wmgh,other_text,binary,False,6daabf9fd1b3b9c466fb7377a078b2773798875b9797c4eed5b8c95dc93b013b
Client/xr-wmgh/src/assets/images/AVG/B_3.png,Client/xr-wmgh,other_text,binary,False,f065bbad3f7991e82a700119cfb43b5fda3aca1c0c359c39c0c2c3d5a7f8c0c2
Client/xr-wmgh/src/assets/images/AVG/B_4.png,Client/xr-wmgh,other_text,binary,False,f7400c8c5ed2849517ed7e0a592e5450a4a5ef5824b7fa52166326c88b95cb1d
Client/xr-wmgh/src/assets/images/AVG/C_1.png,Client/xr-wmgh,other_text,binary,False,cbf4b41cf813d42d84618509e2ded90697a404dfd753adc91a2027433958de2e
Client/xr-wmgh/src/assets/images/AVG/C_2.png,Client/xr-wmgh,other_text,binary,False,1ce8ef5f45d69a4339270d1f9c44affcab06274563b07090b9a9dc5206a1e5f3
Client/xr-wmgh/src/assets/images/AVG/C_3.png,Client/xr-wmgh,other_text,binary,False,209032c883c43dc52fdce26e94beceb28c51dc9f06c382e48cd8f149ca812576
Client/xr-wmgh/src/assets/images/AVG/C_4.png,Client/xr-wmgh,other_text,binary,False,751a925c3f3dcd65bb4b992b0dd0c1d3f909f8d424d4afa81e1c99b142b1dbf8
Client/xr-wmgh/src/assets/images/AVG/D_1.png,Client/xr-wmgh,other_text,binary,False,ee47c3dbfeb300add44239e883456fbb39ed1eef2639d98e3922219a5d7243b9
Client/xr-wmgh/src/assets/images/AVG/D_2.png,Client/xr-wmgh,other_text,binary,False,7d9132ff780c4a3cf8698edf00f63e3fd9bd1a48b1bfc9c65e012c2291f2b245
Client/xr-wmgh/src/assets/images/AVG/D_3.png,Client/xr-wmgh,other_text,binary,False,75e06e31f65a98ee209f5d963cba471436b6410611936e1e22845a96a10227a9
Client/xr-wmgh/src/assets/images/AVG/D_4.png,Client/xr-wmgh,other_text,binary,False,95cf42e9c008fb1d5c33f553ce6d780f49eb4e6fecaee376585d446b52bd9288
Client/xr-wmgh/src/assets/images/BOF/A_1.png,Client/xr-wmgh,other_text,binary,False,5547b18be09902a24b2bc97f7c89e9ffae1a5f0953dbe4265f4003566790531f
Client/xr-wmgh/src/assets/images/BOF/A_2.png,Client/xr-wmgh,other_text,binary,False,2b1412cf671e0c1f4c657224fede40eb03eb5c3e960accb4523acfa40fcffe32
Client/xr-wmgh/src/assets/images/BOF/A_3.png,Client/xr-wmgh,other_text,binary,False,cd53c0a21e2e8ad4e14f7c7af964cd04155c636cd27a4b9bcf8da370ca90afd8
Client/xr-wmgh/src/assets/images/BOF/A_4.png,Client/xr-wmgh,other_text,binary,False,6a060b302aa9db131e9bb31fd40fe5615d4fda5821537f8d93c939ce74891d4c
Client/xr-wmgh/src/assets/images/BOF/B_1.png,Client/xr-wmgh,other_text,binary,False,37a2e42fb1cd1a4cc86e3829b6690d74e1b00d8a727fe8b7ee00ac1cc1a87a5e
Client/xr-wmgh/src/assets/images/BOF/B_2.png,Client/xr-wmgh,other_text,binary,False,8984b0e299f4257494a4e299ef79005a1057e8cf2bbbc7ca68a12540e5feb908
Client/xr-wmgh/src/assets/images/BOF/B_3.png,Client/xr-wmgh,other_text,binary,False,64128a0b91c9077ad0a862affb9e1190f7379b77986cd71895e1a57a40fd77de
Client/xr-wmgh/src/assets/images/BOF/B_4.png,Client/xr-wmgh,other_text,binary,False,2e49a6d9b5ca2e699232e313b45c1f2cfc7e81648b41ac9560249ccde2892aa6
Client/xr-wmgh/src/assets/images/BOF/C_1.png,Client/xr-wmgh,other_text,binary,False,e2a188304d833177107003b7f9c41d21915ab1cc0617132cdfc54d65d43efe04
Client/xr-wmgh/src/assets/images/BOF/C_2.png,Client/xr-wmgh,other_text,binary,False,2b068ab5066a7fc0af7729335a154887b04f4d1a03bfc94487ddff5589fc99e6
Client/xr-wmgh/src/assets/images/BOF/C_3.png,Client/xr-wmgh,other_text,binary,False,aa79cc9e1a679ef04a58a725106f3bd744fcb3a24f190c01cc1c4c77a4c3366c
Client/xr-wmgh/src/assets/images/BOF/C_4.png,Client/xr-wmgh,other_text,binary,False,43fe0caae6eb3274355897c964f95e791d0aa145eb1ef9822b9227bceb9cb050
Client/xr-wmgh/src/assets/images/BOF/D_1.png,Client/xr-wmgh,other_text,binary,False,e5ba7c066a8d55714c30e2c85db5d7caf28ccae53bd0450f0fbe0914b4201038
Client/xr-wmgh/src/assets/images/BOF/D_2.png,Client/xr-wmgh,other_text,binary,False,5858a1026231e2d903f69c8d71fbd42557384129afa5ab348f1eadfccab5f3be
Client/xr-wmgh/src/assets/images/BOF/D_3.png,Client/xr-wmgh,other_text,binary,False,612753227bf9cb526d97364fd2012924a3b54b131cd1e23bf6f534a3b4f688eb
Client/xr-wmgh/src/assets/images/BOF/D_4.png,Client/xr-wmgh,other_text,binary,False,74d770be5280dbca7a9d40ea66260c71e9c97452bc0941b7e41d90bae1510311
Client/xr-wmgh/src/assets/images/BOF_ZQ/A_1.png,Client/xr-wmgh,other_text,binary,False,2d48fb5324d8913c9e3e0d6bac8f21d534e7996493bac4f94a763c230188af6e
Client/xr-wmgh/src/assets/images/BOF_ZQ/A_2.png,Client/xr-wmgh,other_text,binary,False,90c99b2f7b890a243dd99b89d931dbac1dd2dac715b8456bf1141cc99c77b798
Client/xr-wmgh/src/assets/images/BOF_ZQ/A_3.png,Client/xr-wmgh,other_text,binary,False,b008c8cec1406f683fd680e5ba4068829a1bacb5065097254c12646939498624
Client/xr-wmgh/src/assets/images/BOF_ZQ/A_4.png,Client/xr-wmgh,other_text,binary,False,4577a03e24ba6642bf382933aac174a8d511e1a1b2ce7ef496ccf111441a3efc
Client/xr-wmgh/src/assets/images/BOF_ZQ/B_1.png,Client/xr-wmgh,other_text,binary,False,fdf02db84b829814670a842e11283e029d90dd8346d97adf40ef1e1f3fe7b3a8
Client/xr-wmgh/src/assets/images/BOF_ZQ/B_2.png,Client/xr-wmgh,other_text,binary,False,6d11fac5d1820186ffd1397d368f07c0230e0d965a1f072834ca3c271e621f3b
Client/xr-wmgh/src/assets/images/BOF_ZQ/B_3.png,Client/xr-wmgh,other_text,binary,False,a776d111c862a7ba543df65d182ea9c7b55ecf30a9ec4b06096cd93bdf7b1c3d
Client/xr-wmgh/src/assets/images/BOF_ZQ/B_4.png,Client/xr-wmgh,other_text,binary,False,2b465c0e609689a6a27c2890514c5415c9e1d3167e9b033ffe81bc94441b71f9
Client/xr-wmgh/src/assets/images/BOF_ZQ/C_1.png,Client/xr-wmgh,other_text,binary,False,90df47bbc3132a385e074b401b687554b4408d355e2310f6e76646c1095a9cf2
Client/xr-wmgh/src/assets/images/BOF_ZQ/C_2.png,Client/xr-wmgh,other_text,binary,False,e808c938d3e3c91bb80c97bfa81ad452dfb445465f78c7c5763b39ce36a24349
Client/xr-wmgh/src/assets/images/BOF_ZQ/C_3.png,Client/xr-wmgh,other_text,binary,False,80a0dd2123ace30db645700644589fc1c4767215f03b3622cd863c8c65e8a754
Client/xr-wmgh/src/assets/images/BOF_ZQ/C_4.png,Client/xr-wmgh,other_text,binary,False,9437c41a63ca14cd14cee99e015f2831e6251e9e391cbf394b54bc4359e79175
Client/xr-wmgh/src/assets/images/BOF_ZQ/D_1.png,Client/xr-wmgh,other_text,binary,False,e44587d96fcef0f33f73f91130767f5eea7ebaea660e8e97cabbad7ebe7e1f7b
Client/xr-wmgh/src/assets/images/BOF_ZQ/D_2.png,Client/xr-wmgh,other_text,binary,False,a13edfbbc5f3be9dd4fe640caa4e33d2b170adb218f8b5e548a43ff50adbbaec
Client/xr-wmgh/src/assets/images/BOF_ZQ/D_3.png,Client/xr-wmgh,other_text,binary,False,9fa8c0df8613d98cb9b4dc4ca7b04727d5cd9740814686feb4c8eb7ebbd671a6
Client/xr-wmgh/src/assets/images/BOF_ZQ/D_4.png,Client/xr-wmgh,other_text,binary,False,8286484cfe749f7fb351735e8418731fe0fa6a9bd91406f863f7f0f8bb712773
Client/xr-wmgh/src/assets/images/BOF_ZQ/丁-第1名.png,Client/xr-wmgh,other_text,binary,False,e44587d96fcef0f33f73f91130767f5eea7ebaea660e8e97cabbad7ebe7e1f7b
Client/xr-wmgh/src/assets/images/BOF_ZQ/丁-第2名.png,Client/xr-wmgh,other_text,binary,False,a13edfbbc5f3be9dd4fe640caa4e33d2b170adb218f8b5e548a43ff50adbbaec
Client/xr-wmgh/src/assets/images/BOF_ZQ/丁-第3名.png,Client/xr-wmgh,other_text,binary,False,9fa8c0df8613d98cb9b4dc4ca7b04727d5cd9740814686feb4c8eb7ebbd671a6
Client/xr-wmgh/src/assets/images/BOF_ZQ/丁-第4名.png,Client/xr-wmgh,other_text,binary,False,8286484cfe749f7fb351735e8418731fe0fa6a9bd91406f863f7f0f8bb712773
Client/xr-wmgh/src/assets/images/BOF_ZQ/丙-第1名.png,Client/xr-wmgh,other_text,binary,False,90df47bbc3132a385e074b401b687554b4408d355e2310f6e76646c1095a9cf2
Client/xr-wmgh/src/assets/images/BOF_ZQ/丙-第2名.png,Client/xr-wmgh,other_text,binary,False,e808c938d3e3c91bb80c97bfa81ad452dfb445465f78c7c5763b39ce36a24349
Client/xr-wmgh/src/assets/images/BOF_ZQ/丙-第3名.png,Client/xr-wmgh,other_text,binary,False,80a0dd2123ace30db645700644589fc1c4767215f03b3622cd863c8c65e8a754
Client/xr-wmgh/src/assets/images/BOF_ZQ/丙-第4名.png,Client/xr-wmgh,other_text,binary,False,9437c41a63ca14cd14cee99e015f2831e6251e9e391cbf394b54bc4359e79175
Client/xr-wmgh/src/assets/images/BOF_ZQ/乙-第1名.png,Client/xr-wmgh,other_text,binary,False,fdf02db84b829814670a842e11283e029d90dd8346d97adf40ef1e1f3fe7b3a8
Client/xr-wmgh/src/assets/images/BOF_ZQ/乙-第2名.png,Client/xr-wmgh,other_text,binary,False,6d11fac5d1820186ffd1397d368f07c0230e0d965a1f072834ca3c271e621f3b
Client/xr-wmgh/src/assets/images/BOF_ZQ/乙-第3名.png,Client/xr-wmgh,other_text,binary,False,a776d111c862a7ba543df65d182ea9c7b55ecf30a9ec4b06096cd93bdf7b1c3d
Client/xr-wmgh/src/assets/images/BOF_ZQ/乙-第4名.png,Client/xr-wmgh,other_text,binary,False,2b465c0e609689a6a27c2890514c5415c9e1d3167e9b033ffe81bc94441b71f9
Client/xr-wmgh/src/assets/images/BOF_ZQ/甲-第1名.png,Client/xr-wmgh,other_text,binary,False,2d48fb5324d8913c9e3e0d6bac8f21d534e7996493bac4f94a763c230188af6e
Client/xr-wmgh/src/assets/images/BOF_ZQ/甲-第2名.png,Client/xr-wmgh,other_text,binary,False,90c99b2f7b890a243dd99b89d931dbac1dd2dac715b8456bf1141cc99c77b798
Client/xr-wmgh/src/assets/images/BOF_ZQ/甲-第3名.png,Client/xr-wmgh,other_text,binary,False,b008c8cec1406f683fd680e5ba4068829a1bacb5065097254c12646939498624
Client/xr-wmgh/src/assets/images/BOF_ZQ/甲-第4名.png,Client/xr-wmgh,other_text,binary,False,4577a03e24ba6642bf382933aac174a8d511e1a1b2ce7ef496ccf111441a3efc
Client/xr-wmgh/src/assets/images/BOR_A.png,Client/xr-wmgh,other_text,binary,False,0bd97c12183e8606a7314128772d92702ad8da4d22b3866e987b11d79ae7869d
Client/xr-wmgh/src/assets/images/BOR_B.png,Client/xr-wmgh,other_text,binary,False,f455c5b0712dab8914b424e721009e0582e1c32c5112b0270c5dba6d8ef76ff2
Client/xr-wmgh/src/assets/images/BOR_C.png,Client/xr-wmgh,other_text,binary,False,869acbabf5df30d0843145888bb086dfd1f755e699a45046c0334c492a897f3e
Client/xr-wmgh/src/assets/images/BOR_D.png,Client/xr-wmgh,other_text,binary,False,b25ed229f5c75e60c8d88298bbc4de6fd57f2684a389803df4b3091f3228e5c1
Client/xr-wmgh/src/assets/images/CAP_A.png,Client/xr-wmgh,other_text,binary,False,c0f813a14b778436beb8996f0d579c8f34c350bfb329dc9320bd273df718511d
Client/xr-wmgh/src/assets/images/CAP_B.png,Client/xr-wmgh,other_text,binary,False,40511f4f598263531f5e922e9099c7790ee2b8a0e9930cc9e9076477d44872d5
Client/xr-wmgh/src/assets/images/CAP_C.png,Client/xr-wmgh,other_text,binary,False,8eb538d91d2fa2000003ab7ca4801f54d6069195b1825da2972ae331fc982654
Client/xr-wmgh/src/assets/images/CAP_D.png,Client/xr-wmgh,other_text,binary,False,3e6aa901913f241d89f9b68d5b2e6d9bf1f07d896b36ee6585ddbb39f6740b46
Client/xr-wmgh/src/assets/images/DUG/A_1.png,Client/xr-wmgh,other_text,binary,False,ee5d64c5f7f74b17cf5e23eb120da4ba0c85486353055120216845e039bb8b84
Client/xr-wmgh/src/assets/images/DUG/A_2.png,Client/xr-wmgh,other_text,binary,False,035d6bd0af0c3d34f96bca40cf6d12a67c6d306ff1c2bb49fccf9cc85a014bc3
Client/xr-wmgh/src/assets/images/DUG/A_3.png,Client/xr-wmgh,other_text,binary,False,ae06cdc116e5f970dccd5a878908af02b8549ac3e88199c15c8728ec6e0c91af
Client/xr-wmgh/src/assets/images/DUG/A_4.png,Client/xr-wmgh,other_text,binary,False,31d8531f15e8cbbc879c0aded6d251f8f2d2a5f4990c7201ce4ad4c1d4083fe1
Client/xr-wmgh/src/assets/images/DUG/B_1.png,Client/xr-wmgh,other_text,binary,False,ad40b307018f719ba9b8529e7bae4d7fcd00ef5a9552ddf3ca5c7d28b1999a13
Client/xr-wmgh/src/assets/images/DUG/B_2.png,Client/xr-wmgh,other_text,binary,False,d7c575d2ea84d496463cd470c6484c3be7f8e3d9076e5257144eb7be4f6838b5
Client/xr-wmgh/src/assets/images/DUG/B_3.png,Client/xr-wmgh,other_text,binary,False,467561fd221d699bb164245b637401f6f55e90ceb0671ab94d99db40e3fc13a2
Client/xr-wmgh/src/assets/images/DUG/B_4.png,Client/xr-wmgh,other_text,binary,False,948eec98bd553366e685838736a85e3e31589220e191a327502c3d52956d66a8
Client/xr-wmgh/src/assets/images/DUG/C_1.png,Client/xr-wmgh,other_text,binary,False,2428690588e1fa7d237a10721a8c74683b285d4d3d87b866bfb888ffed47a97b
Client/xr-wmgh/src/assets/images/DUG/C_2.png,Client/xr-wmgh,other_text,binary,False,32df3465d67650c6cf790745b41807d38a38b35fd032e70bdf6dbf260a21152c
Client/xr-wmgh/src/assets/images/DUG/C_3.png,Client/xr-wmgh,other_text,binary,False,1b11cfeef1e5bb53381a8b693a942cf85b65f018392acc74bd3f78b413e947f3
Client/xr-wmgh/src/assets/images/DUG/C_4.png,Client/xr-wmgh,other_text,binary,False,f765b53ac1b67dbcc7292f6e89dc76be5715832b30ff6e54905f85466ee939f6
Client/xr-wmgh/src/assets/images/DUG/D_1.png,Client/xr-wmgh,other_text,binary,False,08a225a016e8a56823879126cc204a506dcac82674d11c29312c165a1fbdabeb
Client/xr-wmgh/src/assets/images/DUG/D_2.png,Client/xr-wmgh,other_text,binary,False,113a38d4c1f97efa264afa24778c8d7b5ee6c82686731c9153893b646d293ac1
Client/xr-wmgh/src/assets/images/DUG/D_3.png,Client/xr-wmgh,other_text,binary,False,e0731dde8b414bba6a5a846380581768a4b3dc2cc066a7f905131bbeea273b61
Client/xr-wmgh/src/assets/images/DUG/D_4.png,Client/xr-wmgh,other_text,binary,False,e8ecaaef8e6f090c67465d8a8786dc1cbafe7c912864d59f31479828de0ba57c
Client/xr-wmgh/src/assets/images/LF_A.png,Client/xr-wmgh,other_text,binary,False,71cdb8e22c9153605fd8489b2700e927bc70f2a3ba641c93f342bc8b2db37991
Client/xr-wmgh/src/assets/images/LF_B.png,Client/xr-wmgh,other_text,binary,False,7bf71a1c93278638aa8d7dfae72db433057fb7555a87f3d384ee70be7f9e123b
Client/xr-wmgh/src/assets/images/LF_C.png,Client/xr-wmgh,other_text,binary,False,ce96cf2fbec894bf2ece9783490424fd459e4f6d0665aa47f4c41757cdb5ca75
Client/xr-wmgh/src/assets/images/LF_D.png,Client/xr-wmgh,other_text,binary,False,fc50c91a0b800d520c8318fd9acbd762a5e1e87924c067b21c9e300897485584
Client/xr-wmgh/src/assets/images/Module_border.png,Client/xr-wmgh,other_text,binary,False,0162371c6c21b18713024a1f01191e56fd27f12f74907777869df8277f2e0fb2
Client/xr-wmgh/src/assets/images/QUAR/BOR_A.png,Client/xr-wmgh,other_text,binary,False,0bd97c12183e8606a7314128772d92702ad8da4d22b3866e987b11d79ae7869d
Client/xr-wmgh/src/assets/images/QUAR/BOR_B.png,Client/xr-wmgh,other_text,binary,False,f455c5b0712dab8914b424e721009e0582e1c32c5112b0270c5dba6d8ef76ff2
Client/xr-wmgh/src/assets/images/QUAR/BOR_C.png,Client/xr-wmgh,other_text,binary,False,869acbabf5df30d0843145888bb086dfd1f755e699a45046c0334c492a897f3e
Client/xr-wmgh/src/assets/images/QUAR/BOR_D.png,Client/xr-wmgh,other_text,binary,False,b25ed229f5c75e60c8d88298bbc4de6fd57f2684a389803df4b3091f3228e5c1
Client/xr-wmgh/src/assets/images/QUAR/CAP_A.png,Client/xr-wmgh,other_text,binary,False,c0f813a14b778436beb8996f0d579c8f34c350bfb329dc9320bd273df718511d
Client/xr-wmgh/src/assets/images/QUAR/CAP_B.png,Client/xr-wmgh,other_text,binary,False,40511f4f598263531f5e922e9099c7790ee2b8a0e9930cc9e9076477d44872d5
Client/xr-wmgh/src/assets/images/QUAR/CAP_C.png,Client/xr-wmgh,other_text,binary,False,8eb538d91d2fa2000003ab7ca4801f54d6069195b1825da2972ae331fc982654
Client/xr-wmgh/src/assets/images/QUAR/CAP_D.png,Client/xr-wmgh,other_text,binary,False,3e6aa901913f241d89f9b68d5b2e6d9bf1f07d896b36ee6585ddbb39f6740b46
Client/xr-wmgh/src/assets/images/QUAR/CIR_A.png,Client/xr-wmgh,other_text,binary,False,48a5e4bd28b3e323280349ecc60187ef0f3f7be2e3920eaae14ad3055e667f8f
Client/xr-wmgh/src/assets/images/QUAR/CIR_B.png,Client/xr-wmgh,other_text,binary,False,a458e3ef6cef01a6fa47bddef1151c4b81915ee54b45d3a53e573b9e8184e483
Client/xr-wmgh/src/assets/images/QUAR/CIR_C.png,Client/xr-wmgh,other_text,binary,False,d1d9771d0d42bddd57c076d69d373bedf2089ff1e69ae15cbc8c2140f3133376
Client/xr-wmgh/src/assets/images/QUAR/CIR_D.png,Client/xr-wmgh,other_text,binary,False,a8ac72e8d20de28ac3061d52e634f2cbe0967a209f6c275261b55958664a8071
Client/xr-wmgh/src/assets/images/STEP/F_A_1.png,Client/xr-wmgh,other_text,binary,False,5547b18be09902a24b2bc97f7c89e9ffae1a5f0953dbe4265f4003566790531f
Client/xr-wmgh/src/assets/images/STEP/F_A_2.png,Client/xr-wmgh,other_text,binary,False,2b1412cf671e0c1f4c657224fede40eb03eb5c3e960accb4523acfa40fcffe32
Client/xr-wmgh/src/assets/images/STEP/F_A_3.png,Client/xr-wmgh,other_text,binary,False,cd53c0a21e2e8ad4e14f7c7af964cd04155c636cd27a4b9bcf8da370ca90afd8
Client/xr-wmgh/src/assets/images/STEP/F_A_4.png,Client/xr-wmgh,other_text,binary,False,6a060b302aa9db131e9bb31fd40fe5615d4fda5821537f8d93c939ce74891d4c
Client/xr-wmgh/src/assets/images/STEP/F_B_1.png,Client/xr-wmgh,other_text,binary,False,37a2e42fb1cd1a4cc86e3829b6690d74e1b00d8a727fe8b7ee00ac1cc1a87a5e
Client/xr-wmgh/src/assets/images/STEP/F_B_2.png,Client/xr-wmgh,other_text,binary,False,8984b0e299f4257494a4e299ef79005a1057e8cf2bbbc7ca68a12540e5feb908
Client/xr-wmgh/src/assets/images/STEP/F_B_3.png,Client/xr-wmgh,other_text,binary,False,64128a0b91c9077ad0a862affb9e1190f7379b77986cd71895e1a57a40fd77de
Client/xr-wmgh/src/assets/images/STEP/F_B_4.png,Client/xr-wmgh,other_text,binary,False,2e49a6d9b5ca2e699232e313b45c1f2cfc7e81648b41ac9560249ccde2892aa6
Client/xr-wmgh/src/assets/images/STEP/F_C_1.png,Client/xr-wmgh,other_text,binary,False,e2a188304d833177107003b7f9c41d21915ab1cc0617132cdfc54d65d43efe04
Client/xr-wmgh/src/assets/images/STEP/F_C_2.png,Client/xr-wmgh,other_text,binary,False,2b068ab5066a7fc0af7729335a154887b04f4d1a03bfc94487ddff5589fc99e6
Client/xr-wmgh/src/assets/images/STEP/F_C_3.png,Client/xr-wmgh,other_text,binary,False,aa79cc9e1a679ef04a58a725106f3bd744fcb3a24f190c01cc1c4c77a4c3366c
Client/xr-wmgh/src/assets/images/STEP/F_C_4.png,Client/xr-wmgh,other_text,binary,False,43fe0caae6eb3274355897c964f95e791d0aa145eb1ef9822b9227bceb9cb050
Client/xr-wmgh/src/assets/images/STEP/F_D_1.png,Client/xr-wmgh,other_text,binary,False,e5ba7c066a8d55714c30e2c85db5d7caf28ccae53bd0450f0fbe0914b4201038
Client/xr-wmgh/src/assets/images/STEP/F_D_2.png,Client/xr-wmgh,other_text,binary,False,5858a1026231e2d903f69c8d71fbd42557384129afa5ab348f1eadfccab5f3be
Client/xr-wmgh/src/assets/images/STEP/F_D_3.png,Client/xr-wmgh,other_text,binary,False,612753227bf9cb526d97364fd2012924a3b54b131cd1e23bf6f534a3b4f688eb
Client/xr-wmgh/src/assets/images/STEP/F_D_4.png,Client/xr-wmgh,other_text,binary,False,74d770be5280dbca7a9d40ea66260c71e9c97452bc0941b7e41d90bae1510311
Client/xr-wmgh/src/assets/images/STEP/H_A_1.png,Client/xr-wmgh,other_text,binary,False,ee5d64c5f7f74b17cf5e23eb120da4ba0c85486353055120216845e039bb8b84
Client/xr-wmgh/src/assets/images/STEP/H_A_2.png,Client/xr-wmgh,other_text,binary,False,035d6bd0af0c3d34f96bca40cf6d12a67c6d306ff1c2bb49fccf9cc85a014bc3
Client/xr-wmgh/src/assets/images/STEP/H_A_3.png,Client/xr-wmgh,other_text,binary,False,ae06cdc116e5f970dccd5a878908af02b8549ac3e88199c15c8728ec6e0c91af
Client/xr-wmgh/src/assets/images/STEP/H_A_4.png,Client/xr-wmgh,other_text,binary,False,31d8531f15e8cbbc879c0aded6d251f8f2d2a5f4990c7201ce4ad4c1d4083fe1
Client/xr-wmgh/src/assets/images/STEP/H_B_1.png,Client/xr-wmgh,other_text,binary,False,ad40b307018f719ba9b8529e7bae4d7fcd00ef5a9552ddf3ca5c7d28b1999a13
Client/xr-wmgh/src/assets/images/STEP/H_B_2.png,Client/xr-wmgh,other_text,binary,False,d7c575d2ea84d496463cd470c6484c3be7f8e3d9076e5257144eb7be4f6838b5
Client/xr-wmgh/src/assets/images/STEP/H_B_3.png,Client/xr-wmgh,other_text,binary,False,467561fd221d699bb164245b637401f6f55e90ceb0671ab94d99db40e3fc13a2
Client/xr-wmgh/src/assets/images/STEP/H_B_4.png,Client/xr-wmgh,other_text,binary,False,948eec98bd553366e685838736a85e3e31589220e191a327502c3d52956d66a8
Client/xr-wmgh/src/assets/images/STEP/H_C_1.png,Client/xr-wmgh,other_text,binary,False,2428690588e1fa7d237a10721a8c74683b285d4d3d87b866bfb888ffed47a97b
Client/xr-wmgh/src/assets/images/STEP/H_C_2.png,Client/xr-wmgh,other_text,binary,False,32df3465d67650c6cf790745b41807d38a38b35fd032e70bdf6dbf260a21152c
Client/xr-wmgh/src/assets/images/STEP/H_C_3.png,Client/xr-wmgh,other_text,binary,False,1b11cfeef1e5bb53381a8b693a942cf85b65f018392acc74bd3f78b413e947f3
Client/xr-wmgh/src/assets/images/STEP/H_C_4.png,Client/xr-wmgh,other_text,binary,False,f765b53ac1b67dbcc7292f6e89dc76be5715832b30ff6e54905f85466ee939f6
Client/xr-wmgh/src/assets/images/STEP/H_D_1.png,Client/xr-wmgh,other_text,binary,False,08a225a016e8a56823879126cc204a506dcac82674d11c29312c165a1fbdabeb
Client/xr-wmgh/src/assets/images/STEP/H_D_2.png,Client/xr-wmgh,other_text,binary,False,113a38d4c1f97efa264afa24778c8d7b5ee6c82686731c9153893b646d293ac1
Client/xr-wmgh/src/assets/images/STEP/H_D_3.png,Client/xr-wmgh,other_text,binary,False,e0731dde8b414bba6a5a846380581768a4b3dc2cc066a7f905131bbeea273b61
Client/xr-wmgh/src/assets/images/STEP/H_D_4.png,Client/xr-wmgh,other_text,binary,False,e8ecaaef8e6f090c67465d8a8786dc1cbafe7c912864d59f31479828de0ba57c
Client/xr-wmgh/src/assets/images/STEP/N_A_1.png,Client/xr-wmgh,other_text,binary,False,4ffa016006ad1a8bd9e794b4377e9df9b6e69e8b66f4099bb6830a6ad2332f15
Client/xr-wmgh/src/assets/images/STEP/N_A_2.png,Client/xr-wmgh,other_text,binary,False,645be2b538bdbddeb784086691199a693fdc517476f74ffe6f66ffa00a5487a1
Client/xr-wmgh/src/assets/images/STEP/N_A_3.png,Client/xr-wmgh,other_text,binary,False,dde1551b9550ab820aeafd35aaefc3dc001ca6b7417a2ece01f9fafcf3efee2b
Client/xr-wmgh/src/assets/images/STEP/N_A_4.png,Client/xr-wmgh,other_text,binary,False,4147fb93e4baaddf442fcf7195619086e93829a40752d60849564fa96b886509
Client/xr-wmgh/src/assets/images/STEP/N_B_1.png,Client/xr-wmgh,other_text,binary,False,a4adab234d8458a1dd5e7308f0b17eb0c8862d9bdac6ed5f6f8019ab624a6e52
Client/xr-wmgh/src/assets/images/STEP/N_B_2.png,Client/xr-wmgh,other_text,binary,False,6daabf9fd1b3b9c466fb7377a078b2773798875b9797c4eed5b8c95dc93b013b
Client/xr-wmgh/src/assets/images/STEP/N_B_3.png,Client/xr-wmgh,other_text,binary,False,f065bbad3f7991e82a700119cfb43b5fda3aca1c0c359c39c0c2c3d5a7f8c0c2
Client/xr-wmgh/src/assets/images/STEP/N_B_4.png,Client/xr-wmgh,other_text,binary,False,f7400c8c5ed2849517ed7e0a592e5450a4a5ef5824b7fa52166326c88b95cb1d
Client/xr-wmgh/src/assets/images/STEP/N_C_1.png,Client/xr-wmgh,other_text,binary,False,cbf4b41cf813d42d84618509e2ded90697a404dfd753adc91a2027433958de2e
Client/xr-wmgh/src/assets/images/STEP/N_C_2.png,Client/xr-wmgh,other_text,binary,False,1ce8ef5f45d69a4339270d1f9c44affcab06274563b07090b9a9dc5206a1e5f3
Client/xr-wmgh/src/assets/images/STEP/N_C_3.png,Client/xr-wmgh,other_text,binary,False,209032c883c43dc52fdce26e94beceb28c51dc9f06c382e48cd8f149ca812576
Client/xr-wmgh/src/assets/images/STEP/N_C_4.png,Client/xr-wmgh,other_text,binary,False,751a925c3f3dcd65bb4b992b0dd0c1d3f909f8d424d4afa81e1c99b142b1dbf8
Client/xr-wmgh/src/assets/images/STEP/N_D_1.png,Client/xr-wmgh,other_text,binary,False,ee47c3dbfeb300add44239e883456fbb39ed1eef2639d98e3922219a5d7243b9
Client/xr-wmgh/src/assets/images/STEP/N_D_2.png,Client/xr-wmgh,other_text,binary,False,7d9132ff780c4a3cf8698edf00f63e3fd9bd1a48b1bfc9c65e012c2291f2b245
Client/xr-wmgh/src/assets/images/STEP/N_D_3.png,Client/xr-wmgh,other_text,binary,False,75e06e31f65a98ee209f5d963cba471436b6410611936e1e22845a96a10227a9
Client/xr-wmgh/src/assets/images/STEP/N_D_4.png,Client/xr-wmgh,other_text,binary,False,95cf42e9c008fb1d5c33f553ce6d780f49eb4e6fecaee376585d446b52bd9288
Client/xr-wmgh/src/assets/images/TS_BACKGROUND.jpg,Client/xr-wmgh,other_text,binary,False,c1b01bbb85cba7d0b21673015fac097dd3417eff46ce79c8955dde535b64bb00
Client/xr-wmgh/src/assets/images/TS_BORDER.png,Client/xr-wmgh,other_text,binary,False,dd93e8ecca59ac62fbd68bf26a05699d53c8eafe6d8b5f3a6570a3419014a66f
Client/xr-wmgh/src/assets/images/backGround.jpg,Client/xr-wmgh,other_text,binary,False,94bf48e3d2b6ed6e4b02174095408a11365d9446eea6f7cdd68f1b6c3885f460
Client/xr-wmgh/src/assets/images/headTitle.png,Client/xr-wmgh,other_text,binary,False,59eb75a239d9c3c79213e89442a01e5f32eb535ec4419332826d0598296b0e2a
Client/xr-wmgh/src/assets/images/head_bg.png,Client/xr-wmgh,other_text,binary,False,0e5deb14b9ccde495cb5217b76342b4f5716b20cad069ffa651944b971c6a6c8
Client/xr-wmgh/src/assets/images/screenBack.png,Client/xr-wmgh,other_text,binary,False,391ab14da839849a37b9a81467ff167f4de6ea4e1ccfcd2afad901ee56f9c217
Client/xr-wmgh/src/assets/images/元素1.png,Client/xr-wmgh,other_text,binary,False,add5609a193cc2ee635da33fd2789c865c153c36fd1469d664c4bc66a8c0b297
Client/xr-wmgh/src/assets/images/元素10.png,Client/xr-wmgh,other_text,binary,False,3e6aa901913f241d89f9b68d5b2e6d9bf1f07d896b36ee6585ddbb39f6740b46
Client/xr-wmgh/src/assets/images/元素2.png,Client/xr-wmgh,other_text,binary,False,31a3b3ba27cce7ba1996e3d40420f549b4c93eab80775bd32dbb1f71ba988d25
Client/xr-wmgh/src/assets/images/元素3.png,Client/xr-wmgh,other_text,binary,False,a458e3ef6cef01a6fa47bddef1151c4b81915ee54b45d3a53e573b9e8184e483
Client/xr-wmgh/src/assets/images/元素4.png,Client/xr-wmgh,other_text,binary,False,48a5e4bd28b3e323280349ecc60187ef0f3f7be2e3920eaae14ad3055e667f8f
Client/xr-wmgh/src/assets/images/元素5.png,Client/xr-wmgh,other_text,binary,False,a8ac72e8d20de28ac3061d52e634f2cbe0967a209f6c275261b55958664a8071
Client/xr-wmgh/src/assets/images/元素6.png,Client/xr-wmgh,other_text,binary,False,d1d9771d0d42bddd57c076d69d373bedf2089ff1e69ae15cbc8c2140f3133376
Client/xr-wmgh/src/assets/images/元素7.png,Client/xr-wmgh,other_text,binary,False,c0f813a14b778436beb8996f0d579c8f34c350bfb329dc9320bd273df718511d
Client/xr-wmgh/src/assets/images/元素8.png,Client/xr-wmgh,other_text,binary,False,40511f4f598263531f5e922e9099c7790ee2b8a0e9930cc9e9076477d44872d5
Client/xr-wmgh/src/assets/images/元素9.png,Client/xr-wmgh,other_text,binary,False,8eb538d91d2fa2000003ab7ca4801f54d6069195b1825da2972ae331fc982654
Client/xr-wmgh/src/assets/images/第一名.png,Client/xr-wmgh,other_text,binary,False,70411ccbdff98fec99c3b6873ce45803cf318e0b6269731f5cf6c6b559d18230
Client/xr-wmgh/src/assets/images/第三名.png,Client/xr-wmgh,other_text,binary,False,e85095e4c5306956eb667e0aae0a00daf6e88f25e9fd8aa0b772b70a0570a703
Client/xr-wmgh/src/assets/images/第二名.png,Client/xr-wmgh,other_text,binary,False,731b74b9d71b8c08e123a62f204c8afaae1744ab7e50dd7fccaba6618c4fe02a
Client/xr-wmgh/src/assets/images/第四名.png,Client/xr-wmgh,other_text,binary,False,08610f39caa186fdaa8d0fd70a18f96e355f86de5e80c6ba6cf42c0caaa8723a
Client/xr-wmgh/src/assets/images/边框1.png,Client/xr-wmgh,other_text,binary,False,0bd97c12183e8606a7314128772d92702ad8da4d22b3866e987b11d79ae7869d
Client/xr-wmgh/src/assets/images/边框2.png,Client/xr-wmgh,other_text,binary,False,f455c5b0712dab8914b424e721009e0582e1c32c5112b0270c5dba6d8ef76ff2
Client/xr-wmgh/src/assets/images/边框3.png,Client/xr-wmgh,other_text,binary,False,869acbabf5df30d0843145888bb086dfd1f755e699a45046c0334c492a897f3e
Client/xr-wmgh/src/assets/images/边框4.png,Client/xr-wmgh,other_text,binary,False,b25ed229f5c75e60c8d88298bbc4de6fd57f2684a389803df4b3091f3228e5c1
Client/xr-wmgh/src/assets/images/边框元素.png,Client/xr-wmgh,other_text,binary,False,a79444fb95bf09293e6d1a4ac9ccd3be17faad1534bb44294905e99e49dcd834
Client/xr-wmgh/src/assets/vue.svg,Client/xr-wmgh,other_text,scanned,False,5532db34f1c52841881bab8aeca6c3e8d092bd21a689a65f4d8f8cf8041eef9d
Client/xr-wmgh/src/components/Result/index.vue,Client/xr-wmgh,web_source,scanned,False,1cb5f91a34874660e11f441f8c76e92ca33bae4a30ff658a2779727858ef8109
Client/xr-wmgh/src/components/Result/svg/error.vue,Client/xr-wmgh,web_source,scanned,False,ca47a4d00cc74fe94f9394c2bd67f96ff32fadf4a46ceefe145e0ca4b70cf010
Client/xr-wmgh/src/components/Result/svg/info.vue,Client/xr-wmgh,web_source,scanned,False,8b12ef11b5ee93baf289e04b47c43e003bb8db8467eaa91d98e0a801c9f61fd0
Client/xr-wmgh/src/components/Result/svg/noFound.vue,Client/xr-wmgh,web_source,scanned,False,0ff712a43a004d8f47469e7024453b72c09b10ef3775571d89dbe65023f52bfb
Client/xr-wmgh/src/components/Result/svg/serverError.vue,Client/xr-wmgh,web_source,scanned,False,a9e1494601a29c04de5c1e5cb08eac2d480e097b98dcf237550c5f4c9aad2d86
Client/xr-wmgh/src/components/Result/svg/success.vue,Client/xr-wmgh,web_source,scanned,False,ea78e9a97a3dcaefb54fd18d225511c1ef9e66c4fcb09c72617e128c57b8697d
Client/xr-wmgh/src/components/Result/svg/unauthorized.vue,Client/xr-wmgh,web_source,scanned,True,4981c678833022a34a03992da44ee10358a54956447db8b5fbd1dfecb4800749
Client/xr-wmgh/src/components/Result/svg/warning.vue,Client/xr-wmgh,web_source,scanned,False,0f8ad54c3cd363bb4d7d8e4b25325872f1c13468030cd297c27d2a9ea1067783
Client/xr-wmgh/src/components/RichTextEditor.vue,Client/xr-wmgh,web_source,scanned,True,a4dc902e60cee9c359b112ad31cd8205eab4d235ce3c458f65813abf1ce5987f
Client/xr-wmgh/src/components/disPlayDiy/ChartCons.vue,Client/xr-wmgh,web_source,scanned,True,1ba4074810420d6d9276057e110e7434b705886b5cf11f92d7432828072bfe40
Client/xr-wmgh/src/components/disPlayDiy/DisFosm.vue,Client/xr-wmgh,web_source,scanned,True,9bf7ea3e38eac5a714f2c161b214921af882aa13b18b7063a957129d61b79277
Client/xr-wmgh/src/components/disPlayDiy/ListTabs.vue,Client/xr-wmgh,web_source,scanned,True,48d9aab73957886f01efd1ea62aeb6a28aca0f01f434effc422f8eaa935154aa
Client/xr-wmgh/src/components/disPlayDiy/SubPage.vue,Client/xr-wmgh,web_source,scanned,False,443cdea2b4550d51aa6bf4144f851a9b3c1704d6ac80b1b84d481f46fe541285
Client/xr-wmgh/src/components/disPlayDiy/chart-widget.vue,Client/xr-wmgh,web_source,scanned,False,9c36d14a161d485f3adfe5337155c864472ae9a2ed02a376ed0943e0fe86484e
Client/xr-wmgh/src/components/disPlayDiy/display-widget/bar-widget.vue,Client/xr-wmgh,web_source,scanned,False,1c0ab66479eb4909cc68b1191b225db596157f19e2b86c7c04d4e037490dd91d
Client/xr-wmgh/src/components/disPlayDiy/display-widget/barx-widget.vue,Client/xr-wmgh,web_source,scanned,False,aea86fbecbe600eb7a50c182d5d39f8c996c9bf09738f818f606a40ef9de780a
Client/xr-wmgh/src/components/disPlayDiy/display-widget/index.vue,Client/xr-wmgh,web_source,scanned,False,68827ec7b6bcc81fac5959388f6aa3fa5feae100e1b95404e412a875b31e1010
Client/xr-wmgh/src/components/disPlayDiy/display-widget/line-widget.vue,Client/xr-wmgh,web_source,scanned,False,6bb08defdbd0195af59fd83fc66b62dc9d94f83f346aed20b960939b4e467dca
Client/xr-wmgh/src/components/disPlayDiy/display-widget/list-widget.vue,Client/xr-wmgh,web_source,scanned,True,e428c1d3035f1abf1c2922c1ebdfe6bc9c0dfa47cda7ff0fdc415c1d98448752
Client/xr-wmgh/src/components/disPlayDiy/display-widget/progress-widget.vue,Client/xr-wmgh,web_source,scanned,False,b5cd754fba145bdf195e462873b365add04c337304428a3c5771ab8848f9ca0f
Client/xr-wmgh/src/components/disPlayDiy/display-widget/quarter-widget.vue,Client/xr-wmgh,web_source,scanned,True,c124b39405f158389dd99fdcae39181530ebb8e3587eedf934002e3e9ffe8675
Client/xr-wmgh/src/components/disPlayDiy/display-widget/single-widget.vue,Client/xr-wmgh,web_source,scanned,True,ef7bb72ac016ad1d8786989bafc8aa4de81ed567cd3d29c3e09cec8550a88af1
Client/xr-wmgh/src/components/disPlayDiy/display-widget/steps-widget.vue,Client/xr-wmgh,web_source,scanned,True,9ea9d1272f755b50e4a179deb59c35f903d841b060e84b6f268dafe0761d6dcc
Client/xr-wmgh/src/components/diyconfig.ts,Client/xr-wmgh,web_source,scanned,True,2ba05184565d4e7544e5238d2a3b0a6cf691eff218ac9af2ca91475525fb403d
Client/xr-wmgh/src/components/utils/util.ts,Client/xr-wmgh,web_source,scanned,True,4fd06733d52c64f08de93e3300cd11fb8da00f0b8d8940193450a08b7467da2b
Client/xr-wmgh/src/components/wanged.vue,Client/xr-wmgh,web_source,scanned,False,050cfc9c424ecfce0726d7c961c813913288ed88f99d8318d4b5f0828c3e6224
Client/xr-wmgh/src/main.ts,Client/xr-wmgh,web_source,scanned,True,a3b434f07657125ee0ab5934ef078e432e0873c0beb52884e3e612c6ccfe13cc
Client/xr-wmgh/src/model/data.d.ts,Client/xr-wmgh,web_source,scanned,True,efc794151d104e3be4b5799ce7b4fccc46709879a04c7f92467bfefd622d1868
Client/xr-wmgh/src/router/index.ts,Client/xr-wmgh,web_source,scanned,True,d72271f686b0fb6bd87a5018e1d3fb3d5c556d3253bad21e60bece460d4e4ec0
Client/xr-wmgh/src/shims-vue.d.ts,Client/xr-wmgh,web_source,scanned,False,f5db66418cabf6597a6745915c7d97dcd16fe91a15335e8fe9e81243420c7cf4
Client/xr-wmgh/src/styles/index.scss,Client/xr-wmgh,other_text,scanned,False,e5860729326019a9485b6a77a24b714d35120b6c4c01fbaeabf195ff09188be6
Client/xr-wmgh/src/utils/i18n/local.zh.ts,Client/xr-wmgh,web_source,scanned,True,4b62259a5c146a604f932b6178d0886f3cdc643ca37540ae8934cb4e91af03d5
Client/xr-wmgh/src/utils/theme.ts,Client/xr-wmgh,web_source,scanned,True,843178218de1a0166f29b5a621de1da600acc4e1e69c570423673deac8cdec32
Client/xr-wmgh/src/views/404/index.vue,Client/xr-wmgh,web_source,scanned,True,f77963c7ba0dd45a29f2c8164c7afb5dbabb7ecae4689e353f5d5add54755e65
Client/xr-wmgh/src/views/WMSMCZTSCPS2N/WMSMCZTSCPS2N.scss,Client/xr-wmgh,other_text,scanned,True,0fb4a70fa0da195166f105e059e04391386b41e699abdbcc494768e244466aa4
Client/xr-wmgh/src/views/WMSMCZTSCPS2N/WMSMCZTSCPS2N.ts,Client/xr-wmgh,web_source,scanned,True,a783923cbdc52fc409d604600b08bdb281c3ecdf51565916909cccf570d61d95
Client/xr-wmgh/src/views/WMSMCZTSCPS2N/WMSMCZTSCPS2N.vue,Client/xr-wmgh,web_source,scanned,True,2abfd2ea10b7cde54daefc89b130f3e008d47e287e33695b1202da190f52f105
Client/xr-wmgh/src/views/WMSMCZTSS2N/WMSMCZTSS2N.scss,Client/xr-wmgh,other_text,scanned,True,350617b65641f6daa198cd53e680fb75601344b0e42ab36b9dd8cad8d3cd72bf
Client/xr-wmgh/src/views/WMSMCZTSS2N/WMSMCZTSS2N.ts,Client/xr-wmgh,web_source,scanned,True,f86925876d0cc69436eb9dc4f3d17b1fe7c940838248ad903c437500899d38e8
Client/xr-wmgh/src/views/WMSMCZTSS2N/WMSMCZTSS2N.vue,Client/xr-wmgh,web_source,scanned,True,21e7b924c0a7bae491393313be971afe33df6674e58ab49ca955ce4bf8359395
Client/xr-wmgh/src/views/WMSMCZTSYLS2N/WMSMCZTSYLS2N.scss,Client/xr-wmgh,other_text,scanned,True,d54ec7a45c450e6cc02326089810c3e7bd8c834474608b6f7ae28fcabff64a4e
Client/xr-wmgh/src/views/WMSMCZTSYLS2N/WMSMCZTSYLS2N.ts,Client/xr-wmgh,web_source,scanned,True,ff1a6d6eecf542289c5528a481dfcfc0213479bead8f464ee97b15dd4c968f39
Client/xr-wmgh/src/views/WMSMCZTSYLS2N/WMSMCZTSYLS2N.vue,Client/xr-wmgh,web_source,scanned,True,778c3a5eff1045db90f45d0a142890975ad00051859b1af9bc091ba58321732f
Client/xr-wmgh/src/views/WMSMFORMS2N/WMSMFORMS2N.scss,Client/xr-wmgh,other_text,scanned,False,e3b0c44298fc1c149afbf4c8996fb92427ae41e4649b934ca495991b7852b855
Client/xr-wmgh/src/views/WMSMFORMS2N/WMSMFORMS2N.ts,Client/xr-wmgh,web_source,scanned,True,4c36c56ad618b0c30b51e383b2a94e6a5d3960d432336d54a74bb8d83f4a50eb
Client/xr-wmgh/src/views/WMSMFORMS2N/WMSMFORMS2N.vue,Client/xr-wmgh,web_source,scanned,True,e3b55c13c5e45925ef5fae97608dfb4223e7907d40ccfc403a8e2097018a7586
Client/xr-wmgh/src/views/WMSMFOSM/WMSMFOSM.scss,Client/xr-wmgh,other_text,scanned,True,2ab6a4311a2bceecffaf7ac442f3b553b54c830dc5b574decc7ccda3a6abe164
Client/xr-wmgh/src/views/WMSMFOSM/WMSMFOSM.ts,Client/xr-wmgh,web_source,scanned,False,a1f9ac00951f7335f5bf57c05110a9fd4268664466bfac05a444d060f5ed7e8e
Client/xr-wmgh/src/views/WMSMFOSM/WMSMFOSM.vue,Client/xr-wmgh,web_source,scanned,True,120c8e59af01da07b54d7480b77d386ead4adc8dc8c791608fb8b4affbec2414
Client/xr-wmgh/src/views/WMSMFOSMC/WMSMFOSMC.scss,Client/xr-wmgh,other_text,scanned,True,0303065ca979661e1e5a6b55e66bbcf53a2d5490989230ab0969ceb8aeb5922a
Client/xr-wmgh/src/views/WMSMFOSMC/WMSMFOSMC.ts,Client/xr-wmgh,web_source,scanned,True,383115e03b93271f83e0210ff15e726a7cc183649e6e4d1eefd7f3de7189bed8
Client/xr-wmgh/src/views/WMSMFOSMC/WMSMFOSMC.vue,Client/xr-wmgh,web_source,scanned,True,68b8cb789a77748ff67b57d48cbf2b3ed33c47a2ad185f99cceeaf920afe75a1
Client/xr-wmgh/src/views/WMSMFOSMQ/WMSMFOSMQ.scss,Client/xr-wmgh,other_text,scanned,True,6b33a44c9f1de6443fe2c39739831e1534c72ef8f1b50e7d9a0e3fc9da73da98
Client/xr-wmgh/src/views/WMSMFOSMQ/WMSMFOSMQ.ts,Client/xr-wmgh,web_source,scanned,True,80aa663c30a47028977bd6bedf3e54756e73ca83c5fa9012d8c5b618bf36364e
Client/xr-wmgh/src/views/WMSMFOSMQ/WMSMFOSMQ.vue,Client/xr-wmgh,web_source,scanned,True,ebd8aab65807546c1c5203d2f2d9c6e0881c03d9b4e2a62e6df03efbee8b09bb
Client/xr-wmgh/src/views/WMSMFOSMS/WMSMFOSMS.scss,Client/xr-wmgh,other_text,scanned,True,ce81f7e4a8515e4a69a90f34acaa4f14cf5b5b52e8f7539be59c82bec483db20
Client/xr-wmgh/src/views/WMSMFOSMS/WMSMFOSMS.ts,Client/xr-wmgh,web_source,scanned,True,cbdb6710213dd991ae17a0bc9f40f37dfddaf32f7750158713bc45fd785bc3d1
Client/xr-wmgh/src/views/WMSMFOSMS/WMSMFOSMS.vue,Client/xr-wmgh,web_source,scanned,True,a51a008d26f2f457ea62d1a3d8302033cef4136ef93a5ef7f52dff78f1a28d1b
Client/xr-wmgh/src/views/WMSMGCLRS2N/WMSMGCLRS2N.scss,Client/xr-wmgh,other_text,scanned,False,dceec3e953ae1464a2122ed73541c36fae3db53db11b07b2000e3ace1388d98b
Client/xr-wmgh/src/views/WMSMGCLRS2N/WMSMGCLRS2N.ts,Client/xr-wmgh,web_source,scanned,True,44404d23fd37f627bc4a3b62d3d2460e842ec58280a71f12485377a1b0673faf
Client/xr-wmgh/src/views/WMSMGCLRS2N/WMSMGCLRS2N.vue,Client/xr-wmgh,web_source,scanned,True,1e41f9b51df565822fbf9ab474a176a1b945c8720e1ab435584cbff99784b48a
Client/xr-wmgh/src/views/WMSMSHLCS2N/WMSMSHLCS2N.scss,Client/xr-wmgh,other_text,scanned,False,82779511a7a1fba8e977e00fa9e5990127fffb1ba64fd0634f53f3b79f9e3a3c
Client/xr-wmgh/src/views/WMSMSHLCS2N/WMSMSHLCS2N.ts,Client/xr-wmgh,web_source,scanned,False,d205d23f2b6699b88722daada257972f0653552be92edf26cdab9995025a8cc2
Client/xr-wmgh/src/views/WMSMSHLCS2N/WMSMSHLCS2N.vue,Client/xr-wmgh,web_source,scanned,True,df243a8f43ac8b9caf166f9d392398b5ba1374b51ea0b916644d8b9a4075045e
Client/xr-wmgh/src/views/WMSMSHOWS2N/WMSMSHOWS2N.scss,Client/xr-wmgh,other_text,scanned,True,963967b904df5903498ce37a5315910904d77c63eb0db5476f43028e8eb88d57
Client/xr-wmgh/src/views/WMSMSHOWS2N/WMSMSHOWS2N.ts,Client/xr-wmgh,web_source,scanned,True,d4e58b2ad19224ede38e75bdf85198624267b98af85bcbae301a6b8d84025566
Client/xr-wmgh/src/views/WMSMSHOWS2N/WMSMSHOWS2N.vue,Client/xr-wmgh,web_source,scanned,True,eaba511873285179d2278f27f4075a0a74a12027523c7a7d02e60a7f396ea5ad
Client/xr-wmgh/src/views/WMSMYRYS2N/WMSMYRYS2N.scss,Client/xr-wmgh,other_text,scanned,False,41a5064e6ce124a24b97d238cbce14ba92ce67f4940905f9d01d4820376b3579
Client/xr-wmgh/src/views/WMSMYRYS2N/WMSMYRYS2N.ts,Client/xr-wmgh,web_source,scanned,True,bf53bc8817012099bc2e126bfa9a1e65ff0044eadf835e6e1f05d6ecaf06d051
Client/xr-wmgh/src/views/WMSMYRYS2N/WMSMYRYS2N.vue,Client/xr-wmgh,web_source,scanned,True,b5ea9541f5d31016230f36d1085faa62675487128ee9ffc8e44803c5bdc93900
Client/xr-wmgh/src/views/WMSMYRYTSS2N/WMSMYRYTSS2N.ts,Client/xr-wmgh,web_source,scanned,True,a503e7e34cde337f88a2f4c9f0fa82d2b762dae1347e6cb075e88e276515b0af
Client/xr-wmgh/src/views/WMSMYRYTSS2N/WMSMYRYTSS2N.vue,Client/xr-wmgh,web_source,scanned,True,017a610cfa6a7c17760d9ee1236dcf20d32bac66fdef6722aba672ff2409a4c1
Client/xr-wmgh/src/vite-env.d.ts,Client/xr-wmgh,web_source,scanned,True,f5b6db25f8b082a6953cc963442079073db22f5108da8a79d9b50a19af1d1525
Client/xr-wmgh/tsconfig.json,Client/xr-wmgh,config_or_resource,scanned,True,b139294888379c2b1c73ae0b0d3012cb01e20d5f440bd20f466be5583553a447
Client/xr-wmgh/vite.config.ts,Client/xr-wmgh,web_source,scanned,True,85710641c159e94d050cecbec014ce5f959b8a89fd225429b99ae6073178d1ec
Client/xr-wmgh/vite.config.ts.timestamp-1709105753842-727bee032c9c9.mjs,Client/xr-wmgh,generated_or_build_support,scanned,True,f79061f0c18c84b4090b4018044d9add8dc9bb4b1b46c11fed3566384a34e649
Client/xr-wmgh/vite.config.ts.timestamp-1715593453963-899f200ddb353.mjs,Client/xr-wmgh,generated_or_build_support,scanned,True,19eff5b05894c9a944b800b44d8e4b4775f29dc5c546a01e0a86748735b44a8f
Client/xr-wmgh/vite.config.ts.timestamp-1715593465176-be488c49d42b.mjs,Client/xr-wmgh,generated_or_build_support,scanned,True,2ab0b3a02b3aa1504a12a0ee80cc91cf1a3ab5a3c72fef5d350db2b4743f2ba3
Client/xr-wmgh/vite.config.ts.timestamp-1720162567369-405d13e92e2f.mjs,Client/xr-wmgh,generated_or_build_support,scanned,True,2ab0b3a02b3aa1504a12a0ee80cc91cf1a3ab5a3c72fef5d350db2b4743f2ba3
Client/xr-wmsmx/.env.development,Client/xr-wmsmx,environment_config_values_not_exported,scanned,True,9d91cbb57a8f0698e202025094344ad1ff27289f613891d26546874a53baee21
Client/xr-wmsmx/.env.production,Client/xr-wmsmx,environment_config_values_not_exported,scanned,True,923051ab5be41bee42ce0574263e72f0c2ec08904eaec85aa5f01bdd302ad779
Client/xr-wmsmx/.gitignore,Client/xr-wmsmx,other_text,scanned,False,0eb0bba7b52bb7531c6fa582a6f99de22c273d5e9e0faab1c8831c09210db6bc
Client/xr-wmsmx/.vscode/extensions.json,Client/xr-wmsmx,config_or_resource,scanned,False,1e73d21c9de2df0dda46d9223325067047dd68d86311e2ccb7c52b302c35edaf
Client/xr-wmsmx/@mf-types/EBFR/index.d.ts,Client/xr-wmsmx,dependency_or_type_declaration,scanned,False,360245690ff4ca87671445dbc5ab36a1c393b152ff868551fcf76a42024a24f9
Client/xr-wmsmx/@mf-types/EBFR/package.json,Client/xr-wmsmx,dependency_or_type_declaration,scanned,True,9fa38f157e4db1c2ee4f47273d5fc003abb628dceeb9abb45f7e328385da46c8
Client/xr-wmsmx/@mf-types/EFX/index.d.ts,Client/xr-wmsmx,dependency_or_type_declaration,scanned,True,d554c0d57836205605ace91ef6f765dfba139d4c2a5250ec3034251b7f11c876
Client/xr-wmsmx/@mf-types/EFX/package.json,Client/xr-wmsmx,dependency_or_type_declaration,scanned,True,d4837aae4c071d94a39b585d349e339358cb16e92b71ad96f18c5297ede77b49
Client/xr-wmsmx/@mf-types/EIX/index.d.ts,Client/xr-wmsmx,dependency_or_type_declaration,scanned,True,1913661d2e78e6e34dfcaa44bfa5a5a9fe97064041235b60ef309668a1574e8a
Client/xr-wmsmx/@mf-types/EIX/package.json,Client/xr-wmsmx,dependency_or_type_declaration,scanned,True,ef19105d914a78129730e844aa11bb16a22f93ad1f4c1ade9df078e25704eb65
Client/xr-wmsmx/@mf-types/EIX/types/.gitkeep,Client/xr-wmsmx,dependency_or_type_declaration,scanned,False,e3b0c44298fc1c149afbf4c8996fb92427ae41e4649b934ca495991b7852b855
Client/xr-wmsmx/@mf-types/EIX/types/axios.d.ts,Client/xr-wmsmx,dependency_or_type_declaration,scanned,True,b7bf65c4c3072ac9c7d1544f060e2e8df35f80f8f15c325dd246eb489636d706
Client/xr-wmsmx/@mf-types/EIX/types/ei-manager.d.ts,Client/xr-wmsmx,dependency_or_type_declaration,scanned,True,ee4b5b2c71bb8928552006fa480c91b321a7dbf8dd87b732512b4197e72566f8
Client/xr-wmsmx/@mf-types/EIX/types/ei-tools.d.ts,Client/xr-wmsmx,dependency_or_type_declaration,scanned,False,ee1973c8df465844a52fcaa9cb24070c8f6b8d424b59870bb82a73f19635598e
Client/xr-wmsmx/@mf-types/EIX/types/ei.d.ts,Client/xr-wmsmx,dependency_or_type_declaration,scanned,True,bb5fa974ecb7ff9ccf91b391d509e755ebc99cf337a4d066e286e790b75aa17d
Client/xr-wmsmx/@mf-types/EIX/types/ep.d.ts,Client/xr-wmsmx,dependency_or_type_declaration,scanned,False,d75651b029f8c06c087830ed5d94dfa06ab193059d3a4f6254f01030bd15310f
Client/xr-wmsmx/@mf-types/EIX/types/index.d.ts,Client/xr-wmsmx,dependency_or_type_declaration,scanned,True,4fdee38c3d122adaf91f7de4dfabd9dd797c50136f06db973fecf8da91d22091
Client/xr-wmsmx/@mf-types/EIX/types/model.d.ts,Client/xr-wmsmx,dependency_or_type_declaration,scanned,False,29ce3ec2fd75eb819eb5ae3ce5a8b7115c53c2b3b02b7883c57e965cec2cd491
Client/xr-wmsmx/@mf-types/EIX/types/options.d.ts,Client/xr-wmsmx,dependency_or_type_declaration,scanned,True,e5681fae826e28668bb38170be88e659396865476d08fff0f3d2773f178d3604
Client/xr-wmsmx/@mf-types/EIX/types/type.d.ts,Client/xr-wmsmx,dependency_or_type_declaration,scanned,True,fdd52bcb81c8412649654fee0cb16c47ba8054bde55a433b85a4908beff1c9f1
Client/xr-wmsmx/@mf-types/EIX/types/utils.d.ts,Client/xr-wmsmx,dependency_or_type_declaration,scanned,True,5b4d8a9ae3e1a27722fd30ba32c1d2337ab08c5a5e451f0259fe771393b86826
Client/xr-wmsmx/@mf-types/EPTF/EPTF.d.ts,Client/xr-wmsmx,dependency_or_type_declaration,scanned,False,e081c66b7d8d3e322c9643508963c625799be57f6d81f7a3e4781ce6985cb460
Client/xr-wmsmx/@mf-types/EPTF/index.d.ts,Client/xr-wmsmx,dependency_or_type_declaration,scanned,False,1a9cc32df3c83759b19ee8a00f5fd881706302d39cfd15ef99ac7bc57cade1ac
Client/xr-wmsmx/@mf-types/EPTF/package.json,Client/xr-wmsmx,dependency_or_type_declaration,scanned,True,55f68a82372af2b2d97e0c78e24eafbd30d0723c1884cfb24bcea92cfd0a4a53
Client/xr-wmsmx/@mf-types/ERX/ERX.d.ts,Client/xr-wmsmx,dependency_or_type_declaration,scanned,True,858fc565933a8b982bc96419ba67e8c4793351962eba13c77b0760816cfbbda7
Client/xr-wmsmx/@mf-types/ERX/index.d.ts,Client/xr-wmsmx,dependency_or_type_declaration,scanned,True,caa158653bf5946a38e53decfae49fb2d5fa6b4555dfb25782dacf83a1065dbb
Client/xr-wmsmx/@mf-types/ERX/package.json,Client/xr-wmsmx,dependency_or_type_declaration,scanned,True,76e5320a9d89c027834e5c1fe07fb9a199dc57fe0de5266d6862ae1b08555f23
Client/xr-wmsmx/README.md,Client/xr-wmsmx,document_or_log,scanned,True,a44c45aedaaf49a5599e585198c6c228a0785c4111c6ab12a178f00350698277
Client/xr-wmsmx/build/utils.ts,Client/xr-wmsmx,generated_or_build_support,scanned,True,6d731fc2209f69b40b1a85c93a1c8748574e1adc615eb4d528352decf9522cb1
Client/xr-wmsmx/build/vite-plugin-federation-types.ts,Client/xr-wmsmx,generated_or_build_support,scanned,True,1abd5cab46ad172019b189c610aa31e913c4828b28eb62e5aa1cf88af4572ec6
Client/xr-wmsmx/index.html,Client/xr-wmsmx,web_source,scanned,True,7194a70442ee73fc58764f7d386f64c18db5b09b6daa57e25258be743b41c46d
Client/xr-wmsmx/package.json,Client/xr-wmsmx,config_or_resource,scanned,True,0a136fc9acf1f58257bd681e65ce704d508e07555a6593faf1f21d829fabf0a6
Client/xr-wmsmx/patches/dom-align+1.12.4.patch,Client/xr-wmsmx,other_text,scanned,True,4f2fd9f9701b4df62425ea925a82d6d18115a95e41811aaa45639fd2353a56d5
Client/xr-wmsmx/src/App.vue,Client/xr-wmsmx,web_source,scanned,True,2f631c0e4631868fcc393c57d0129cef10b58cf5a92274d28e1de7032a27806a
Client/xr-wmsmx/src/assets/vue.svg,Client/xr-wmsmx,other_text,scanned,False,5532db34f1c52841881bab8aeca6c3e8d092bd21a689a65f4d8f8cf8041eef9d
Client/xr-wmsmx/src/components/Result/index.vue,Client/xr-wmsmx,web_source,scanned,False,1cb5f91a34874660e11f441f8c76e92ca33bae4a30ff658a2779727858ef8109
Client/xr-wmsmx/src/components/Result/svg/error.vue,Client/xr-wmsmx,web_source,scanned,False,ca47a4d00cc74fe94f9394c2bd67f96ff32fadf4a46ceefe145e0ca4b70cf010
Client/xr-wmsmx/src/components/Result/svg/info.vue,Client/xr-wmsmx,web_source,scanned,False,8b12ef11b5ee93baf289e04b47c43e003bb8db8467eaa91d98e0a801c9f61fd0
Client/xr-wmsmx/src/components/Result/svg/noFound.vue,Client/xr-wmsmx,web_source,scanned,False,0ff712a43a004d8f47469e7024453b72c09b10ef3775571d89dbe65023f52bfb
Client/xr-wmsmx/src/components/Result/svg/serverError.vue,Client/xr-wmsmx,web_source,scanned,False,a9e1494601a29c04de5c1e5cb08eac2d480e097b98dcf237550c5f4c9aad2d86
Client/xr-wmsmx/src/components/Result/svg/success.vue,Client/xr-wmsmx,web_source,scanned,False,ea78e9a97a3dcaefb54fd18d225511c1ef9e66c4fcb09c72617e128c57b8697d
Client/xr-wmsmx/src/components/Result/svg/unauthorized.vue,Client/xr-wmsmx,web_source,scanned,True,4981c678833022a34a03992da44ee10358a54956447db8b5fbd1dfecb4800749
Client/xr-wmsmx/src/components/Result/svg/warning.vue,Client/xr-wmsmx,web_source,scanned,False,0f8ad54c3cd363bb4d7d8e4b25325872f1c13468030cd297c27d2a9ea1067783
Client/xr-wmsmx/src/components/WMSMDIALOG.vue,Client/xr-wmsmx,web_source,scanned,True,fb1bf1efd2f77afaeb25adeda35371fc0b7f302db844cb1fa67080c44dba7d2c
Client/xr-wmsmx/src/locales/ar.json,Client/xr-wmsmx,config_or_resource,scanned,False,705d03e530588af8d1c7c0ef76e90687121dd4a97237e09deb078a29bdc3c073
Client/xr-wmsmx/src/locales/en.json,Client/xr-wmsmx,config_or_resource,scanned,False,d376ca7507763d34ab485e293d5838e11a37629f79e2a4382202a0e51f48bfcc
Client/xr-wmsmx/src/locales/zh_Hans.json,Client/xr-wmsmx,config_or_resource,scanned,False,88e443ebc00fc254f73e9b57603a3f0e7a2f5dd2e259607594d687f0810e41e5
Client/xr-wmsmx/src/main.ts,Client/xr-wmsmx,web_source,scanned,True,1966df70f341e50c45e2540e7fc8afc32b48d52ef7a631d7c14ea17bb90e048c
Client/xr-wmsmx/src/model/data.d.ts,Client/xr-wmsmx,web_source,scanned,True,efc794151d104e3be4b5799ce7b4fccc46709879a04c7f92467bfefd622d1868
Client/xr-wmsmx/src/router/index.ts,Client/xr-wmsmx,web_source,scanned,True,d72271f686b0fb6bd87a5018e1d3fb3d5c556d3253bad21e60bece460d4e4ec0
Client/xr-wmsmx/src/styles/index.scss,Client/xr-wmsmx,other_text,scanned,False,e5860729326019a9485b6a77a24b714d35120b6c4c01fbaeabf195ff09188be6
Client/xr-wmsmx/src/utils/i18n.ts,Client/xr-wmsmx,web_source,scanned,True,3a9363b3b1dfb3532d3c3d357c2a9f4bc33077b5acc9112067cddcded9969ec0
Client/xr-wmsmx/src/utils/i18n/local.zh.ts,Client/xr-wmsmx,web_source,scanned,True,4b62259a5c146a604f932b6178d0886f3cdc643ca37540ae8934cb4e91af03d5
Client/xr-wmsmx/src/utils/theme.ts,Client/xr-wmsmx,web_source,scanned,True,843178218de1a0166f29b5a621de1da600acc4e1e69c570423673deac8cdec32
Client/xr-wmsmx/src/views/404/index.vue,Client/xr-wmsmx,web_source,scanned,True,f77963c7ba0dd45a29f2c8164c7afb5dbabb7ecae4689e353f5d5add54755e65
Client/xr-wmsmx/src/views/WM000EV/WM000EV.scss,Client/xr-wmsmx,other_text,scanned,False,e3b0c44298fc1c149afbf4c8996fb92427ae41e4649b934ca495991b7852b855
Client/xr-wmsmx/src/views/WM000EV/WM000EV.ts,Client/xr-wmsmx,web_source,scanned,False,381ba3744aa4c290f0c9c981e62d61364a2e921239568cca23e38cd27013b527
Client/xr-wmsmx/src/views/WM000EV/WM000EV.vue,Client/xr-wmsmx,web_source,scanned,True,c1875eebb242579d8664426444b70a5019dccf74f8016a0cd4bbb3e07d60dc27
Client/xr-wmsmx/src/views/WM01V/WM01V.scss,Client/xr-wmsmx,other_text,scanned,False,e3b0c44298fc1c149afbf4c8996fb92427ae41e4649b934ca495991b7852b855
Client/xr-wmsmx/src/views/WM01V/WM01V.ts,Client/xr-wmsmx,web_source,scanned,False,cbbd70c60c120c6f27ed034aa6c72ceb9c1ecfde9e40463af7989d7d01c6b63c
Client/xr-wmsmx/src/views/WM01V/WM01V.vue,Client/xr-wmsmx,web_source,scanned,True,6f71bee7018a41b5b848b86583ce7b938d39f594832f2a0b12d5ebe56773e75e
Client/xr-wmsmx/src/views/WM04V/WM04V.scss,Client/xr-wmsmx,other_text,scanned,False,e3b0c44298fc1c149afbf4c8996fb92427ae41e4649b934ca495991b7852b855
Client/xr-wmsmx/src/views/WM04V/WM04V.ts,Client/xr-wmsmx,web_source,scanned,False,6d3d15fd33efd80615fa135583b615ed791f66362d4d1301f724a7b41dd0b419
Client/xr-wmsmx/src/views/WM04V/WM04V.vue,Client/xr-wmsmx,web_source,scanned,True,1028572a96ce4be93fa8dac04e48a649a1930fd4bd01467017fe3faf77d4ae7a
Client/xr-wmsmx/src/views/WMSM01/WMSM01.scss,Client/xr-wmsmx,other_text,scanned,False,e3b0c44298fc1c149afbf4c8996fb92427ae41e4649b934ca495991b7852b855
Client/xr-wmsmx/src/views/WMSM01/WMSM01.ts,Client/xr-wmsmx,web_source,scanned,True,93bd128461d6dca3368d675f0010ac8bbb7abcc704712c589da65cbc7a8df25e
Client/xr-wmsmx/src/views/WMSM01/WMSM01.vue,Client/xr-wmsmx,web_source,scanned,True,cf716d8969e982bf9f5cf643354f5bb4753c0b3698c0001afe162b7575626bee
Client/xr-wmsmx/src/views/WMSM01GGS2N/WMSM01GGS2N.scss,Client/xr-wmsmx,other_text,scanned,False,e3b0c44298fc1c149afbf4c8996fb92427ae41e4649b934ca495991b7852b855
Client/xr-wmsmx/src/views/WMSM01GGS2N/WMSM01GGS2N.ts,Client/xr-wmsmx,web_source,scanned,True,cf2d7869b1085c1973143c601f95f14fb01675b419dd3e156fd64c6ab40abdb8
Client/xr-wmsmx/src/views/WMSM01GGS2N/WMSM01GGS2N.vue,Client/xr-wmsmx,web_source,scanned,True,12e75a81888a54d61323ecdd66a89a36306fca97e12f532610f5648115d8352a
Client/xr-wmsmx/src/views/WMSM01Q0QS2N/WMSM01Q0QS2N.scss,Client/xr-wmsmx,other_text,scanned,False,d7492cf34bf694348937846d5273aecc5d89a9cd293a71c3399adea34989a90b
Client/xr-wmsmx/src/views/WMSM01Q0QS2N/WMSM01Q0QS2N.ts,Client/xr-wmsmx,web_source,scanned,True,29807fc70031707ba00092dc0a5175d7889e262d6755b77a042aebc44e367aaa
Client/xr-wmsmx/src/views/WMSM01Q0QS2N/WMSM01Q0QS2N.vue,Client/xr-wmsmx,web_source,scanned,True,356962028a332af96b2565c53dd4cd507b8fe4b360a7825af766530a6241eee5
Client/xr-wmsmx/src/views/WMSM01Q0S2N/WMSM01Q0S2N.scss,Client/xr-wmsmx,other_text,scanned,False,630abed0f6043ffd108b941f210d7c4ee1b0fcc38d321b32a727c8780d15cb40
Client/xr-wmsmx/src/views/WMSM01Q0S2N/WMSM01Q0S2N.ts,Client/xr-wmsmx,web_source,scanned,True,3082a88241897773ed629a97e3d4fbc6af441f3f4ad156261c15e3a70ad466bd
Client/xr-wmsmx/src/views/WMSM01Q0S2N/WMSM01Q0S2N.vue,Client/xr-wmsmx,web_source,scanned,True,62db3a11ea3735ecbc1ca39e64c611bbc4851d7bf2f6783d73d2edddfbc16bb3
Client/xr-wmsmx/src/views/WMSM0RDRXYS2N/WMSM0RDRXYS2N.ts,Client/xr-wmsmx,web_source,scanned,True,70516f756ff3aa65289c8f5e2c4e7b46af0cbc78ea67a952d0e82c5f6eebf41c
Client/xr-wmsmx/src/views/WMSM0RDRXYS2N/WMSM0RDRXYS2N.vue,Client/xr-wmsmx,web_source,scanned,True,f60d7f23f9083badb3896dc3d4fcf2ecc39125ec0facdae8e95935e3a0483310
Client/xr-wmsmx/src/views/WMSM0RS2N/WMSM0RS2N.ts,Client/xr-wmsmx,web_source,scanned,True,08260a51bac1986e8a44e2f0fe449e112f950491c57b28b47fcf7aecde14d39d
Client/xr-wmsmx/src/views/WMSM0RS2N/WMSM0RS2N.vue,Client/xr-wmsmx,web_source,scanned,True,f3013e787bfc8b8ce8147e5291979009a6cb7afe4f550f9dec6cf7578406d12e
Client/xr-wmsmx/src/views/WMSM0RXYS2N/WMSM0RXYS2N.ts,Client/xr-wmsmx,web_source,scanned,True,5524769cf4baea40ce76362da84e91ce645ab9b864ae3233fb39717041adf053
Client/xr-wmsmx/src/views/WMSM0RXYS2N/WMSM0RXYS2N.vue,Client/xr-wmsmx,web_source,scanned,True,99b5ed94d0c5c09e06e7bbc83703fffe47d45e39d107ac48a08820f0592e7468
Client/xr-wmsmx/src/views/WMSM301/WMSM301.scss,Client/xr-wmsmx,other_text,scanned,False,e3b0c44298fc1c149afbf4c8996fb92427ae41e4649b934ca495991b7852b855
Client/xr-wmsmx/src/views/WMSM301/WMSM301.ts,Client/xr-wmsmx,web_source,scanned,True,1f1292cf2281c11a82d4bbcff5a18236a19464673a60115655da0a5f0093ba28
Client/xr-wmsmx/src/views/WMSM301/WMSM301.vue,Client/xr-wmsmx,web_source,scanned,True,61bb28f3c56ce736257298154ec37a61b7f1d13f6960e029b490f52f2932ef3f
Client/xr-wmsmx/src/views/WMSM33CPOP/WMSM33CPOP.ts,Client/xr-wmsmx,web_source,scanned,True,fad9b3fbe33198e285e71fea21868afb8b5e2050d0ae59753710e866e73b618a
Client/xr-wmsmx/src/views/WMSM33CPOP/WMSM33CPOP.vue,Client/xr-wmsmx,web_source,scanned,True,03bdf941d412920f1a445e2d4e82d6475973617c25f6de763d3b625072b5e2ab
Client/xr-wmsmx/src/views/WMSM33CS2N/WMSM33CS2N.ts,Client/xr-wmsmx,web_source,scanned,True,8142a2a4643c2949b049120cd14d5c3b51d533ada028921c675962b92f1a984a
Client/xr-wmsmx/src/views/WMSM33CS2N/WMSM33CS2N.vue,Client/xr-wmsmx,web_source,scanned,True,77a06f60e9e5efef6b27524dc42a85ae942444311887364510e0677c7f35a4bd
Client/xr-wmsmx/src/views/WMSMADD_GRID1/WMSMADD_GRID1.scss,Client/xr-wmsmx,other_text,scanned,False,e3b0c44298fc1c149afbf4c8996fb92427ae41e4649b934ca495991b7852b855
Client/xr-wmsmx/src/views/WMSMADD_GRID1/WMSMADD_GRID1.ts,Client/xr-wmsmx,web_source,scanned,False,ee24a423bedfdb6d4fb5e3aa9c5e73ab30c5e614b2fe53e4dbd1cf4c0587be1b
Client/xr-wmsmx/src/views/WMSMADD_GRID1/WMSMADD_GRID1.vue,Client/xr-wmsmx,web_source,scanned,True,0f475f6fa84996443fff55d6f5d1ac65300ba03cbb9184da5c73a5b6bef43cbf
Client/xr-wmsmx/src/views/WMSMADD_GRID2/WMSMADD_GRID2.scss,Client/xr-wmsmx,other_text,scanned,False,e3b0c44298fc1c149afbf4c8996fb92427ae41e4649b934ca495991b7852b855
Client/xr-wmsmx/src/views/WMSMADD_GRID2/WMSMADD_GRID2.ts,Client/xr-wmsmx,web_source,scanned,True,ccb7dbc65f7d9ce9ef654d3ee8b35a93f64e2e35f71dfdab813246e90f0dd3d5
Client/xr-wmsmx/src/views/WMSMADD_GRID2/WMSMADD_GRID2.vue,Client/xr-wmsmx,web_source,scanned,True,223e803c201b26d22282975326facb0e40fae43fa7ee24c9353391b7ea37c961
Client/xr-wmsmx/src/views/WMSMBBLJ/WMSMBBLJ.scss,Client/xr-wmsmx,other_text,scanned,False,e3b0c44298fc1c149afbf4c8996fb92427ae41e4649b934ca495991b7852b855
Client/xr-wmsmx/src/views/WMSMBBLJ/WMSMBBLJ.ts,Client/xr-wmsmx,web_source,scanned,True,2f22db79a676a7a2bb584bf7bca4a1a60655ca8be8df2394e740be4b9187fbc5
Client/xr-wmsmx/src/views/WMSMBBLJ/WMSMBBLJ.vue,Client/xr-wmsmx,web_source,scanned,True,611e819d25256c5d0b70d49d62e9f9e62a7c6e732495bdda86ce7d1fe20b1359
Client/xr-wmsmx/src/views/WMSMBBRY/WMSMBBRY.scss,Client/xr-wmsmx,other_text,scanned,False,e3b0c44298fc1c149afbf4c8996fb92427ae41e4649b934ca495991b7852b855
Client/xr-wmsmx/src/views/WMSMBBRY/WMSMBBRY.ts,Client/xr-wmsmx,web_source,scanned,True,79f4ec563ac2aab1d7a53c1eb6fea6c004928d208263ef11c51ae2f08c6b66a0
Client/xr-wmsmx/src/views/WMSMBBRY/WMSMBBRY.vue,Client/xr-wmsmx,web_source,scanned,True,93e43b0d81aa55ac85966ca5f222af53d349aef32d6e169e5fae7421577ff74b
Client/xr-wmsmx/src/views/WMSMDBSX/WMSMDBSX.scss,Client/xr-wmsmx,other_text,scanned,False,e3b0c44298fc1c149afbf4c8996fb92427ae41e4649b934ca495991b7852b855
Client/xr-wmsmx/src/views/WMSMDBSX/WMSMDBSX.ts,Client/xr-wmsmx,web_source,scanned,False,9e55be765176c5e8ac1593e274610619ffd7ffec8c7351cb4bbbac589f92ddb4
Client/xr-wmsmx/src/views/WMSMDBSX/WMSMDBSX.vue,Client/xr-wmsmx,web_source,scanned,True,7ea3796f6031178793f721f69a0aa8188d427951603831245b9b5a1732535d3e
Client/xr-wmsmx/src/views/WMSMJHKDS2N/WMSMJHKDS2N.ts,Client/xr-wmsmx,web_source,scanned,True,3dd82711daaa8c11ab104e8cc61561b78562862a6dd2a7496e98db6eddf2e31f
Client/xr-wmsmx/src/views/WMSMJHKDS2N/WMSMJHKDS2N.vue,Client/xr-wmsmx,web_source,scanned,True,f1256f80d7abe11b759470b9fe4108afee718240a282fdb3fc4ff1a4ac67b3b2
Client/xr-wmsmx/src/views/WMSMLGP/WMSMLGP.scss,Client/xr-wmsmx,other_text,scanned,False,e3b0c44298fc1c149afbf4c8996fb92427ae41e4649b934ca495991b7852b855
Client/xr-wmsmx/src/views/WMSMLGP/WMSMLGP.ts,Client/xr-wmsmx,web_source,scanned,True,ff142d362726068a9a84121fd43fdcfb90c19e64ff40b373b7213c6e98f03f1d
Client/xr-wmsmx/src/views/WMSMLGP/WMSMLGP.vue,Client/xr-wmsmx,web_source,scanned,True,de4f87f20e818ff815628f2c6ac1d230686d9a5dfcb1c74631b4a0fa36ae31c2
Client/xr-wmsmx/src/views/WMSMLGP_POPS2N/WMSMLGP_POPS2N.scss,Client/xr-wmsmx,other_text,scanned,False,e3b0c44298fc1c149afbf4c8996fb92427ae41e4649b934ca495991b7852b855
Client/xr-wmsmx/src/views/WMSMLGP_POPS2N/WMSMLGP_POPS2N.ts,Client/xr-wmsmx,web_source,scanned,True,c208022c99d9145fc17ab525ff2b584facf0cc6f0080381a9ba1556cfd001b2f
Client/xr-wmsmx/src/views/WMSMLGP_POPS2N/WMSMLGP_POPS2N.vue,Client/xr-wmsmx,web_source,scanned,True,2a9d1b9d013295f8c8f3ec40001924862cf1b3a101739723313bf4e022eb6315
Client/xr-wmsmx/src/views/WMSMQM11S2N/WMSMQM11S2N.ts,Client/xr-wmsmx,web_source,scanned,True,8722a3b12ffb29ab193d5503213f915a202f57082b75bc2f4b5834276b1caef0
Client/xr-wmsmx/src/views/WMSMQM11S2N/WMSMQM11S2N.vue,Client/xr-wmsmx,web_source,scanned,True,56536421d9c2da67e069ad91edc8fcea6964bafd4c878222e430fd23ecb68594
Client/xr-wmsmx/src/views/WMSMQUERY.zip,Client/xr-wmsmx,other_text,binary,False,057edc3cd6a401ed197c5d4168bb7c641a72c857fac803f438d42ec7bb8b968f
Client/xr-wmsmx/src/views/WMSMQUERY/WMSMQUERY.scss,Client/xr-wmsmx,other_text,scanned,False,e3b0c44298fc1c149afbf4c8996fb92427ae41e4649b934ca495991b7852b855
Client/xr-wmsmx/src/views/WMSMQUERY/WMSMQUERY.ts,Client/xr-wmsmx,web_source,scanned,True,7c0720744d9a3b859d8263f5f7505d850203f45003b3b8d7a9472ead636e1567
Client/xr-wmsmx/src/views/WMSMQUERY/WMSMQUERY.vue,Client/xr-wmsmx,web_source,scanned,True,ab72caf37fd3b54a49159c993dc5d10eaf01b6d195530793151bfd088837db9f
Client/xr-wmsmx/src/views/WMSMQUERY1/WMSMQUERY1.scss,Client/xr-wmsmx,other_text,scanned,False,e3b0c44298fc1c149afbf4c8996fb92427ae41e4649b934ca495991b7852b855
Client/xr-wmsmx/src/views/WMSMQUERY1/WMSMQUERY1.ts,Client/xr-wmsmx,web_source,scanned,True,84d0bf7235db447bcbb7c8943a97b0d2fa569b2e1a40f54356a5f50f5e544bec
Client/xr-wmsmx/src/views/WMSMQUERY1/WMSMQUERY1.vue,Client/xr-wmsmx,web_source,scanned,True,507c91029e0db9c7e789680aeee2fdf4864f6d5ed63c0f3a8daa46e4664b5c0f
Client/xr-wmsmx/src/views/WMSMQUERY2/WMSMQUERY2.scss,Client/xr-wmsmx,other_text,scanned,False,e3b0c44298fc1c149afbf4c8996fb92427ae41e4649b934ca495991b7852b855
Client/xr-wmsmx/src/views/WMSMQUERY2/WMSMQUERY2.ts,Client/xr-wmsmx,web_source,scanned,True,fbb9bde339cec1d361fd6bc853f690bb7d60831512ee6ad48771119bf59f8518
Client/xr-wmsmx/src/views/WMSMQUERY2/WMSMQUERY2.vue,Client/xr-wmsmx,web_source,scanned,True,01e91264d76511c2a9788343777bd883971564bce941cf255b68ee035c415fad
Client/xr-wmsmx/src/views/WMSMSM11/WMSMSM11.scss,Client/xr-wmsmx,other_text,scanned,False,e3b0c44298fc1c149afbf4c8996fb92427ae41e4649b934ca495991b7852b855
Client/xr-wmsmx/src/views/WMSMSM11/WMSMSM11.ts,Client/xr-wmsmx,web_source,scanned,True,efe5b1229c8a2dc493d02590085271daeec4917045b35dc73c74282fd498045f
Client/xr-wmsmx/src/views/WMSMSM11/WMSMSM11.vue,Client/xr-wmsmx,web_source,scanned,True,7216af2c41749dbcbafa1d5cfd43c58033d8b277ffc8da375e91ae4efb716887
Client/xr-wmsmx/src/views/WMSMSM12/WMSMSM12.scss,Client/xr-wmsmx,other_text,scanned,False,e3b0c44298fc1c149afbf4c8996fb92427ae41e4649b934ca495991b7852b855
Client/xr-wmsmx/src/views/WMSMSM12/WMSMSM12.ts,Client/xr-wmsmx,web_source,scanned,True,69d1f4399672a6cd088fac6a84acbe84a23e7209ab35adf3fc91be319f576309
Client/xr-wmsmx/src/views/WMSMSM12/WMSMSM12.vue,Client/xr-wmsmx,web_source,scanned,True,35533becfbbfa2beee3b12862d269c6a13d388735d83ffe8b714ef576e4df371
Client/xr-wmsmx/src/views/WMSMSM12PRE/WMSMSM12PRE.scss,Client/xr-wmsmx,other_text,scanned,False,e3b0c44298fc1c149afbf4c8996fb92427ae41e4649b934ca495991b7852b855
Client/xr-wmsmx/src/views/WMSMSM12PRE/WMSMSM12PRE.ts,Client/xr-wmsmx,web_source,scanned,True,57a37e3f5299a4556a0e6c8d23e147022c1fed344d293fcceb28ab9dd7b16470
Client/xr-wmsmx/src/views/WMSMSM12PRE/WMSMSM12PRE.vue,Client/xr-wmsmx,web_source,scanned,True,9c39f3e714b0ad6b15911b444f1d876c0dae3e8d974bd377b3433b6e3a875e07
Client/xr-wmsmx/src/views/WMSMSM13/WMSMSM13.scss,Client/xr-wmsmx,other_text,scanned,False,e3b0c44298fc1c149afbf4c8996fb92427ae41e4649b934ca495991b7852b855
Client/xr-wmsmx/src/views/WMSMSM13/WMSMSM13.ts,Client/xr-wmsmx,web_source,scanned,True,becb558715920e7c3302f3ffb81e185e1c7e42d8a05cc29cacadd0b35b2c6c84
Client/xr-wmsmx/src/views/WMSMSM13/WMSMSM13.vue,Client/xr-wmsmx,web_source,scanned,True,e46ed3f3ceac7c5f1d310f6514547884b97ca33d3e70e0ace6c3e5046b01352b
Client/xr-wmsmx/src/views/WMSMSM17/WMSMSM17.scss,Client/xr-wmsmx,other_text,scanned,False,e3b0c44298fc1c149afbf4c8996fb92427ae41e4649b934ca495991b7852b855
Client/xr-wmsmx/src/views/WMSMSM17/WMSMSM17.ts,Client/xr-wmsmx,web_source,scanned,True,5535851938b19627bcc0974492ed4905eb20862e3c7819370a551394fdadd410
Client/xr-wmsmx/src/views/WMSMSM17/WMSMSM17.vue,Client/xr-wmsmx,web_source,scanned,True,7c3ad73cfab3b969137f744735ee9a1e88cf7784cd3a0ac15ef99fe15fcab805
Client/xr-wmsmx/src/views/WMSMSMA2/WMSMSMA2.scss,Client/xr-wmsmx,other_text,scanned,False,e3b0c44298fc1c149afbf4c8996fb92427ae41e4649b934ca495991b7852b855
Client/xr-wmsmx/src/views/WMSMSMA2/WMSMSMA2.ts,Client/xr-wmsmx,web_source,scanned,True,a9e881f84a1f9dc6ca931faf30a600b0b672175a54b8dabec5c2a06e8fa2cdea
Client/xr-wmsmx/src/views/WMSMSMA2/WMSMSMA2.vue,Client/xr-wmsmx,web_source,scanned,True,80af71556f55f1bbc5042352599c53a15ad521141514b1ebf4480e1321e66dff
Client/xr-wmsmx/src/views/WMSMSMA4/WMSMSMA4.ts,Client/xr-wmsmx,web_source,scanned,True,4db43719b4b1e2f53bfe3a9697a6b0b43b14adb74151a8af0f8ca9faea8c4e8c
Client/xr-wmsmx/src/views/WMSMSMA4/WMSMSMA4.vue,Client/xr-wmsmx,web_source,scanned,True,92370f14a0a2986173db0174f5e97e44dede30a8f71de54bc5b093ead37ac6cc
Client/xr-wmsmx/src/views/WMSMTURN/WMSMTURN.scss,Client/xr-wmsmx,other_text,scanned,False,e3b0c44298fc1c149afbf4c8996fb92427ae41e4649b934ca495991b7852b855
Client/xr-wmsmx/src/views/WMSMTURN/WMSMTURN.ts,Client/xr-wmsmx,web_source,scanned,True,8454ac85a56547e2f6c646c7b5cd1388acbe12e8768c4131706c07fa0e04cb58
Client/xr-wmsmx/src/views/WMSMTURN/WMSMTURN.vue,Client/xr-wmsmx,web_source,scanned,True,ae03f3204691e66c6e1fc8b59c6f747907f66d8475fb7821a22c11e8ac448ed6
Client/xr-wmsmx/src/views/WMSMZD.rar,Client/xr-wmsmx,other_text,binary,False,65d18878b8651d78a86e9f61ac86ba08df5c068f0b93d0a17ea79aade9a04334
Client/xr-wmsmx/src/views/WMSMZD/WMSMZD.ts,Client/xr-wmsmx,web_source,scanned,True,220dbc29a66294816a78180881fd618938fb8e6241c5a2cb574b3d37a82283c0
Client/xr-wmsmx/src/views/WMSMZD/WMSMZD.vue,Client/xr-wmsmx,web_source,scanned,True,03b86ef967e3f5ae4938dedea5d637fe60df7507d4cef9ffc97475ea0e5ef91a
Client/xr-wmsmx/src/vite-env.d.ts,Client/xr-wmsmx,web_source,scanned,True,925ca618dec8ea195ca50183cc53909b7c9dc931855a6476e8a92469e164df43
Client/xr-wmsmx/tsconfig.json,Client/xr-wmsmx,config_or_resource,scanned,True,b139294888379c2b1c73ae0b0d3012cb01e20d5f440bd20f466be5583553a447
Client/xr-wmsmx/vite.config.ts,Client/xr-wmsmx,web_source,scanned,True,38b4d2effcec2802483cb3bece972f4542a04425aedc0b6ce390623ecd7e4066
Server/APBD/.env.production,Server/APBD,environment_config_values_not_exported,scanned,True,ad6d2764a249598e39a0f74b29a276c11ae11d739d793a320b60899b6850ffc1
Server/APBD/.gitignore,Server/APBD,backend_source,scanned,False,168b695ee2329648ea1a0cf0a25d2639c5459ae5f63eccf64302aaaef259e3a4
Server/APBD/.vscode/settings.json,Server/APBD,config_or_resource,scanned,False,83de1c525e74033f7864b25fa68815340f22366846ea5739a4769a0f860a52ad
Server/APBD/README.md,Server/APBD,document_or_log,scanned,False,de507031a254f8aac38c1a80314d13395e8088da5556edc5ac7f79edeeecea77
Server/APBD/libAPPP/f_apbd_FormOperationLogIns.cpp,Server/APBD,backend_source,scanned,True,3fec07b84fcc55f93bf2224a92e6f679261d04db37bf742933634fee82be4995
Server/APBD/libAPPP/f_epex_call_rest_tpsmodel.cpp,Server/APBD,backend_source,scanned,True,8774bd1f981a1c9ced6355d9370d0ea24aeaedd74a73f748c294058f2ac6e28f
Server/APBD/libAPPP/f_epex_call_rest_tpsmodel_lib.cpp,Server/APBD,backend_source,scanned,True,aac88cc4e28536778631786fcbad13bb61e48ffd0c0dd8d0b0173be548e2fb9c
Server/APBD/libAPPP/f_epex_call_rest_tpsmodel_z_lib.cpp,Server/APBD,backend_source,scanned,True,06e6d987262559c4d01fa0b7c0f9aee23ef8416cc98b673648c46db6621bd76f
Server/APBD/p_apbd_11020/apbd001s2n_inq.cpp,Server/APBD,backend_source,scanned,True,157f5a0bfed5dfc6608325ca90cb74654e286f16f9ec14e5ebc7abe3a07725f2
Server/APBD/p_apbd_11080/apbd001s2n_inq2.cpp,Server/APBD,backend_source,scanned,True,abf4886ddebc465d2562be8b424f58d9e992acca850e4da9ffa15adca644691e
Server/APBD/p_apbd_13300/addplan_col.cpp,Server/APBD,backend_source,scanned,True,09407c006de9e525bbeeeb2b6cd123ef710bcc1bdb777f149b8f0afc2a7baa6b
Server/APBD/p_apbd_13300/apbd001s2n_add.cpp,Server/APBD,backend_source,scanned,True,0a899d2b5e3f3e197024320bad8dec97c78387486b1fea30790937df5ec27910
Server/APBD/p_apbd_13300/apbd001s2n_del.cpp,Server/APBD,backend_source,scanned,True,7aedf595f9e0c402bc4a1c854e76ca42cb475f4f42ca230dc36f9b3ac4c11bb0
Server/APBD/p_apbd_13300/apbd001s2n_inq1.cpp,Server/APBD,backend_source,scanned,True,29ceb1fc817b0951a75205bfad5d12b55dc00d85e5e3773b3e48ab7bdb295e84
Server/APBD/p_apbd_13300/apbd001s2n_save.cpp,Server/APBD,backend_source,scanned,True,2a3b61e18c50f19b85bdda4d0ff752475a8fdd451e5620d3ca3e9ee095985751
Server/APBD/p_apbd_13300/apbd001s2n_upd.cpp,Server/APBD,backend_source,scanned,True,0698b55679fc1250e9277dd1dfdb1395c636622f58ff1ce4fc77339a4b17c737
Server/APBD/p_apbd_13300/apbd006s2n_del.cpp,Server/APBD,backend_source,scanned,True,82512bce18581cc56fe316ca51a23980dca6ae9f1624b3df5e01e078a0c473c6
Server/APBD/p_apbd_13300/apbd006s2n_inq.cpp,Server/APBD,backend_source,scanned,True,33d1318d66429b8c06ce2aded26a2783f69be35a90f9889a2cfad33ead0f5c2b
Server/APBD/p_apbd_13300/apbd006s2n_ins.cpp,Server/APBD,backend_source,scanned,True,6975ecbbd23577206e231e298e68e7240f8b01bc07726b4e6fec78db672ab28d
Server/APBD/p_apbd_13300/apbd006s2n_upd.cpp,Server/APBD,backend_source,scanned,True,beb38f50021be92c64b9f6bda9f4625be9ca708b8fd335291e6c57d75f219225
Server/APBD/p_apbd_13300/apbd008s2n_del.cpp,Server/APBD,backend_source,scanned,True,c3d259a267fe422afd97cebcad95c223ad5df1868d91958e25997cf7f545a7ea
Server/APBD/p_apbd_13300/apbd008s2n_inq.cpp,Server/APBD,backend_source,scanned,True,78b6f4f582407a81048e1e0d27af543685bf7f0eea400580a1d9a742b593a5e3
Server/APBD/p_apbd_13300/apbd008s2n_ins.cpp,Server/APBD,backend_source,scanned,True,b301a82fccdf2d914ab98483fc64cad485e8ee245e68f2b2b2f60b0379527218
Server/APBD/p_apbd_13300/apbd008s2n_upd.cpp,Server/APBD,backend_source,scanned,True,1ff2e3ecce02b8004f6dbf73159cdb3b16b2ea0d68a8e8426b361234192d1b21
Server/APBD/p_apbd_13300/apbd010_del.cpp,Server/APBD,backend_source,scanned,True,8f56c02e4151d78c2b5916ca90dbc1a32f7410b915b45ef2c6ec55b1c3087de1
Server/APBD/p_apbd_13300/apbd010_ins.cpp,Server/APBD,backend_source,scanned,True,3150ae135f724b033e72f4aec99ea0db01765a9abfbd1cfab4d6cc169576c7d0
Server/APBD/p_apbd_13300/apbd_from_get.cpp,Server/APBD,backend_source,scanned,True,6896ec8e8c4b28e29c40183f3db82c1dee4267ff46802975b46d71a2eba7f094
Server/APBD/p_apbd_13300/apbdl001_record.cpp,Server/APBD,backend_source,scanned,True,da40c0c7fcedb42e47bd1323b142f6758efaf72c622f9326ca86a91d5e2ce7d6
Server/APBD/p_apbd_13300/epex_call_rest_tpsmodel.cpp,Server/APBD,backend_source,scanned,True,235b71f71117447e0307dbf38f501e8cc9e165d0b87bd571c7afc01ddcde0d29
Server/APBD/p_apbd_13300/test.cpp,Server/APBD,backend_source,scanned,True,9df40cecc1b38a39240f300cd0058c5823ff3e53550c5439fd23ef2f6c44b1c5
Server/APBD/p_apbd_13310/apbd_iff_model.cpp,Server/APBD,backend_source,scanned,True,ce1599c0468a6a239676248308197a390573418c5abd22fd845f68ea66a8e2d0
Server/APBD/p_apbd_13310/apbd_tps_model.cpp,Server/APBD,backend_source,scanned,True,9711c255ec7c8c33268315ee0a9a65f786d9b888fe8e3316a334400c0cfa51b4
Server/CAAI/.env.production,Server/CAAI,environment_config_values_not_exported,scanned,True,4fbe75fa2f025e56638b752097f8ab6171ab5242d0907753be86b7f9e27642da
Server/CAAI/.gitignore,Server/CAAI,backend_source,scanned,False,168b695ee2329648ea1a0cf0a25d2639c5459ae5f63eccf64302aaaef259e3a4
Server/CAAI/.vscode/settings.json,Server/CAAI,config_or_resource,scanned,False,83de1c525e74033f7864b25fa68815340f22366846ea5739a4769a0f860a52ad
Server/CAAI/README.md,Server/CAAI,document_or_log,scanned,False,440c22065937c3def8ef979e8d692db887b81a971a596d77a67807db1d4cfdda
Server/CAAI/libCAAI/f_caai_00.cpp,Server/CAAI,backend_source,scanned,True,a5eee02730a3391309f97d8de3a7e073bebd46ea40e564aa873def969f421250
Server/CAAI/libCAAI/f_caai_allft.cpp,Server/CAAI,backend_source,scanned,True,575a89f7f8e1443b826ade6bb11640b061ce48875333d38b1bb47283af3a0364
Server/CAAI/libCAAI/f_caai_check1.cpp,Server/CAAI,backend_source,scanned,True,e109e16a0600e55cbd740adf077ce9509aa9cc6579a0930d8849cda2f30fd9d3
Server/CAAI/libCAAI/f_caai_check2.cpp,Server/CAAI,backend_source,scanned,True,bc073f8d992f2be41ab45e0d16cfd78bab5a32d17beace56f3c660f4c567089c
Server/CAAI/libCAAI/f_caai_cost.cpp,Server/CAAI,backend_source,scanned,True,984b568fbc1c07a243f0a3ef5107c8f6949f19f02b51bd325c86c0b7b8a6f149
Server/CAAI/libCAAI/f_caai_ft.cpp,Server/CAAI,backend_source,scanned,True,88bb43b2bd6e8d23465fd5e1c90dc99e412ba60f79aa20d82b1f197b52de425e
Server/CAAI/libCAAI/f_caai_gb.cpp,Server/CAAI,backend_source,scanned,True,a8bd2e2865de5de9a163f703d8a5cc91af1e828933bc288b882c30069182f7cd
Server/CAAI/libCAAI/f_caai_getcb.cpp,Server/CAAI,backend_source,scanned,True,f473d7ec6fbf2dca4df3dce58d9fe99bd93f76307a4f51d9d5e4f7e254ef5960
Server/CAAI/libCAAI/f_caai_getprice.cpp,Server/CAAI,backend_source,scanned,True,717b7cac2f26fe1238852810b813dbaaef7f0a94435567f21adc58df7dd4583c
Server/CAAI/libCAAI/f_caai_hs.cpp,Server/CAAI,backend_source,scanned,True,54b747b327a2c7e9eb22335144e922e67997792ad57b393a6e4d295d6435c994
Server/CAAI/libCAAI/f_caai_jg.cpp,Server/CAAI,backend_source,scanned,True,c9311f64e067170e827ae9c3738a296de8be5c39780ed2b72db1a93f06758086
Server/CAAI/libCAAI/f_caai_jg2.cpp,Server/CAAI,backend_source,scanned,True,ef0f6218ecb03df78a2a2db66a3a9e306b2d8b58886f15ef009b7dbcaf1ecf02
Server/CAAI/libCAAI/f_caai_jg3.cpp,Server/CAAI,backend_source,scanned,True,c7e8e2078360121b3e752a3d66dc0c63119fbb217a2ebe9b51602be929e23ff7
Server/CAAI/libCAAI/f_caai_jg4.cpp,Server/CAAI,backend_source,scanned,True,ca746f3a018c8a41e99e1aacf34591e2303b37f5992cdbc52c5c5798a51cca27
Server/CAAI/libCAAI/f_caai_matprice.cpp,Server/CAAI,backend_source,scanned,True,876bbde7067167855ebd3a224e975fa6fd4331e0f2e5c6cfe894ad5c1dbf9528
Server/CAAI/libCAAI/f_caai_ny.cpp,Server/CAAI,backend_source,scanned,True,a7fae70ca383f5bdba274414f6ea3025e81bf14e09c8ff9ba7b823afa28f8b15
Server/CAAI/libCAAI/f_caai_pcost.cpp,Server/CAAI,backend_source,scanned,True,ad8d01b23206ae98b262d93ee28aab87c124215e8378f12748ca789fcf66c238
Server/CAAI/libCAAI/f_caai_rate.cpp,Server/CAAI,backend_source,scanned,True,3565fbffec69f8d86f8a16b473ccbb938555bf11bfe9804605246c2a3714527d
Server/CAAI/libCAAI/f_caai_sj.cpp,Server/CAAI,backend_source,scanned,True,c8410bf54ab0a463a7ca37ccb13100cbd8c8b5447e1325851813231ebb3b1684
Server/CAAI/libCAAI/f_caai_start.cpp,Server/CAAI,backend_source,scanned,True,ff36b2b7a6f923b7f7e1d2e31a332f7abaac5918fdb9b65d026084f82c992204
Server/CAAI/libCAAI/f_caai_unit.cpp,Server/CAAI,backend_source,scanned,True,68f9b073322ca5e7d6e9b82527f833ce41c516a29131c978757e835edb70de9f
Server/CAAI/libCAAI/f_caai_updprice.cpp,Server/CAAI,backend_source,scanned,True,3acf013070a893de1c087f89a43542519f7ef351b74b4392f6f1fa350288ffe2
Server/CAAI/libCAAI/f_caai_xnmes.cpp,Server/CAAI,backend_source,scanned,True,ec702db04b9ecfa766e2e5df8f119b0f6a3e286448a7d180e27eed35149c7176
Server/CAAI/libCAAI/f_cm_mesac1_snd.cpp,Server/CAAI,backend_source,scanned,True,6a1a7abdf4a6e38943bb56c7616a1d0988ed1755ee95ee11b839153dc1df0082
Server/CAAI/libCAAI/f_cm_mesac2_snd.cpp,Server/CAAI,backend_source,scanned,True,59933ba8e10033f5207bf5de535f6345132534f8812863b1e968ca1ae6fbca8a
Server/CAAI/libCAAI/f_cm_mesac3_snd.cpp,Server/CAAI,backend_source,scanned,True,4126fa21d57f847be03e64669687472357f28a0967fdae45ed98adc437d165ba
Server/CAAI/p_caac_3820/caac01_del.cpp,Server/CAAI,backend_source,scanned,True,38b7b4714e634aefd8885e30619d0bc0dc0909534baaad7334fb23bc4c6da512
Server/CAAI/p_caac_3820/caac01_inq.cpp,Server/CAAI,backend_source,scanned,True,432cc37bea81d92dfc00640f42d823ba8883efe6ce4f78dbf69351ecbb229251
Server/CAAI/p_caac_3820/caac01_ins.cpp,Server/CAAI,backend_source,scanned,True,58efccda1112fb85d4de49c350b5b8feaec25f7e17054f894f39bab7e9533751
Server/CAAI/p_caac_3820/caac01_upd.cpp,Server/CAAI,backend_source,scanned,True,ef86400f34f0c1bfb90f9cfd91e9bd347ba8e8e21e3c4933d7a977bcb8312067
Server/CAAI/p_caac_3820/caac03_1_inq.cpp,Server/CAAI,backend_source,scanned,True,7ce39f8818629f4bb384d0f767970d006aff2c3dbcc8b5232c578878b8450c2b
Server/CAAI/p_caac_3820/caac03_del.cpp,Server/CAAI,backend_source,scanned,True,13c01a79d98a2f937c3e5947691cb0590e85ce1d4826998475ab374a8e6811e5
Server/CAAI/p_caac_3820/caac03_inq.cpp,Server/CAAI,backend_source,scanned,True,7242b43140f0fd79f439ec8ff0dcf58d1e96d13301d53446fafb57fefdb1524f
Server/CAAI/p_caac_3820/caac03_inq_a.cpp,Server/CAAI,backend_source,scanned,True,bf0efe8c88a0831e8a44b4f4626b832b9eea2edf3d725aa3345d9d80131649c3
Server/CAAI/p_caac_3820/caac03_ins.cpp,Server/CAAI,backend_source,scanned,True,a689e02dd0ec73c3e82612a4d781534de6f9768cdd547f1435ab91f12a369c6d
Server/CAAI/p_caac_3820/caac03_upd.cpp,Server/CAAI,backend_source,scanned,True,abc23afa28a67913f1b0c08cb25466717d7163b5da2d8eae6665304e0b1931c8
Server/CAAI/p_caac_3820/caac04_del.cpp,Server/CAAI,backend_source,scanned,True,dbde82a0ccab4f0eab4cbf78d686249c7bc1b4d221db86cdf4d83678c2b7c556
Server/CAAI/p_caac_3820/caac04_getcode.cpp,Server/CAAI,backend_source,scanned,True,782b8491f15d12e73b7ec5db32f628c77f624389ad30c0627f4e80b8b424cce6
Server/CAAI/p_caac_3820/caac04_inq.cpp,Server/CAAI,backend_source,scanned,True,03df65d48d5641a272329b04b44dc88f5ae8f3a60466cb9c1fc2b2d65db2c1cc
Server/CAAI/p_caac_3820/caac04_ins.cpp,Server/CAAI,backend_source,scanned,True,fce472f55180d32f80b8af100c6286abb00ca4d0ceff960f1b0bc13c96741405
Server/CAAI/p_caac_3820/caac04_upd.cpp,Server/CAAI,backend_source,scanned,True,b35852c07123499dfd448cfe068ae85efe7c3bb204bf1a7ff7a41ac01e54c747
Server/CAAI/p_caac_3820/caac05_1_inq.cpp,Server/CAAI,backend_source,scanned,True,5bff681bfdf770138be1c46c9dc5e8f71f3dae38fec0afefac2d0de5cd6e8d58
Server/CAAI/p_caac_3820/caac05_del.cpp,Server/CAAI,backend_source,scanned,True,01c20c60378e36f6ccc6e8bfeaeeada8fae9d6fbce2248e0242c64dcb481927b
Server/CAAI/p_caac_3820/caac05_inq.cpp,Server/CAAI,backend_source,scanned,True,cef1b97c8d491de60eaf2cd95f6641ecb37aafeb8c6440d920b8607579d49178
Server/CAAI/p_caac_3820/caac05_ins.cpp,Server/CAAI,backend_source,scanned,True,5f21f83d0d71028d22a8a5e9c47340323cdb2415b82ca45a93c91b9761dd33fd
Server/CAAI/p_caac_3820/caac05_sg_inq.cpp,Server/CAAI,backend_source,scanned,True,851238a99d6d8e2254c4b87e8d0fba41eba4f3c5cad9ed92836565461e1b1850
Server/CAAI/p_caac_3820/caac05_upd.cpp,Server/CAAI,backend_source,scanned,True,a02263a745ff26db454a6312cd2be7693df076f10e2deccaade029c12987a907
Server/CAAI/p_caac_3820/caac06_del.cpp,Server/CAAI,backend_source,scanned,True,3c04e22ce279da9ae555f696753c371195cd9e67b35f8ddcc3d739005f0e041b
Server/CAAI/p_caac_3820/caac06_inq.cpp,Server/CAAI,backend_source,scanned,True,33462c9c231dafeed020bbe8c844fd7f6e1ffc5624fc3d7096ccab29a8cb3ef0
Server/CAAI/p_caac_3820/caac06_ins.cpp,Server/CAAI,backend_source,scanned,True,6d32140db7fdcfabb103fcd90111de12a212d4b019618c99a4995039315db22a
Server/CAAI/p_caac_3820/caac06_upd.cpp,Server/CAAI,backend_source,scanned,True,6d34035be9f430580ea0d28d7d13da7d4937ac15e2cb5f0b37384b7234ddc162
Server/CAAI/p_caac_3820/caac07_del.cpp,Server/CAAI,backend_source,scanned,True,314a47f640cecb72ba807ea1d380bf7aae03ae8af32f06479e85f606ce9d941c
Server/CAAI/p_caac_3820/caac07_inq.cpp,Server/CAAI,backend_source,scanned,True,0e52a05b4daac2d84e262320e5c6c0a27f3cc2ad96ba15d708f3f88bd16e19ad
Server/CAAI/p_caac_3820/caac07_inq_a.cpp,Server/CAAI,backend_source,scanned,True,cc551048f198e7962be3db1034eddaf35c6c8c3600694ade9c8dae5e96325c70
Server/CAAI/p_caac_3820/caac07_ins.cpp,Server/CAAI,backend_source,scanned,True,ff45a3ca499b7e76628e5fd730af6e773c389debfa15f756cc8476ddbc1ee908
Server/CAAI/p_caac_3820/caac07_upd.cpp,Server/CAAI,backend_source,scanned,True,b92bd02d847a089fa7be9485be2020897e740d000c167448dc83581004593c61
Server/CAAI/p_caac_3820/caac09_del.cpp,Server/CAAI,backend_source,scanned,True,396cf6f47d1fd7602ae4b03d83a4307f51adb72c2dde61a7763f4c1fbdfb4802
Server/CAAI/p_caac_3820/caac09_inq.cpp,Server/CAAI,backend_source,scanned,True,1b8fc63c9efdbf73c841df84b701735ed628e6d441c09ee1f291f9a2a8b5a710
Server/CAAI/p_caac_3820/caac09_inq_a.cpp,Server/CAAI,backend_source,scanned,True,b4428f1c2461c69e17571d47f00ae002660191b15641f88b4fdc363d616fd4a0
Server/CAAI/p_caac_3820/caac09_ins.cpp,Server/CAAI,backend_source,scanned,True,97925370b03764b991aa15049c8f7a059d2106f63d91b50ee955932000ee699f
Server/CAAI/p_caac_3820/caac09_upd.cpp,Server/CAAI,backend_source,scanned,True,0b6dfe8f3ea95e3df9edcf47c350e1b4316e82968119bff51629c3e5b0e9d93f
Server/CAAI/p_caac_3820/caac10_del.cpp,Server/CAAI,backend_source,scanned,True,fe656b23ee2d5c75dea2efba972ee934103772250d80f32e8007057aa2a8f710
Server/CAAI/p_caac_3820/caac10_inq.cpp,Server/CAAI,backend_source,scanned,True,f4453a6a8084a7827bea88d8b86e93ed3041845e8225d81e8d9e7d1dc1411c5c
Server/CAAI/p_caac_3820/caac10_ins.cpp,Server/CAAI,backend_source,scanned,True,b9170308710b93f3f13a8de7669bcfa74e096a8ef1d88c34faa379466b870ce5
Server/CAAI/p_caac_3820/caac10_upd.cpp,Server/CAAI,backend_source,scanned,True,c42a1570c9b2de6e85781f23bae2a207ab72c32f5c7cedf1c5a755d72375a484
Server/CAAI/p_caac_3820/caac12_del.cpp,Server/CAAI,backend_source,scanned,True,7e0d127b53f6a640998837a73a4c27d45769db19f75f862656e331fdb919df85
Server/CAAI/p_caac_3820/caac12_getcw.cpp,Server/CAAI,backend_source,scanned,True,06e44930dc5b675a8d98d28d8014bf5682479f23323ea291e05d66310a75b15a
Server/CAAI/p_caac_3820/caac12_inq.cpp,Server/CAAI,backend_source,scanned,True,4b9e6036ff13b275247ffc1341f93ccbb93f68150b056aa654c9cf5131cb0123
Server/CAAI/p_caac_3820/caac12_inq_a.cpp,Server/CAAI,backend_source,scanned,True,9b3dea2951ce948a02224e584b8a935eb587ff1e4dd781d8d439d99cb0acd94c
Server/CAAI/p_caac_3820/caac12_ins.cpp,Server/CAAI,backend_source,scanned,True,8118377e3f2e9d42782daafb03d33e588d1ba1b39967d4366476e39c093e966c
Server/CAAI/p_caac_3820/caac12_upd.cpp,Server/CAAI,backend_source,scanned,True,d9f6e30f623b61874fb3b6603d699235bd92eb3cff1c8d311acc0c46779d9bb6
Server/CAAI/p_caac_3820/caac13_inq.cpp,Server/CAAI,backend_source,scanned,True,cd229528819f5ed88bbe627e30855b70a9035fcd442ea2f4e7302745c783b700
Server/CAAI/p_caac_3820/caac14_del.cpp,Server/CAAI,backend_source,scanned,True,38bd30fc99960223f5938c375bde67cc96e0f3622f09cb81df1dbdfeeca6566a
Server/CAAI/p_caac_3820/caac14_inq.cpp,Server/CAAI,backend_source,scanned,True,7fbc3a82cd3f2bcf5c898546ebd6cda772318e04efa4f7433807d05019cfe786
Server/CAAI/p_caac_3820/caac14_ins.cpp,Server/CAAI,backend_source,scanned,True,487441d9de125a9f773ff02cd53b271e235822f19040358957aad0cc02f1ab0b
Server/CAAI/p_caac_3820/caac14_upd.cpp,Server/CAAI,backend_source,scanned,True,a85bea37b6e3d0cc5193c6ef8d1a08d833759c1eb87309f78c5fa5e08c18a64e
Server/CAAI/p_caac_3820/caac15_del.cpp,Server/CAAI,backend_source,scanned,True,274512205a14945ab61996242ec54bfb4df900c2be5c82c5d7660f545fda2c18
Server/CAAI/p_caac_3820/caac15_inq.cpp,Server/CAAI,backend_source,scanned,True,db7a1b1112012612131bc008f2fc52363bacfb357e6e2b8dc3cb1b3686c64a75
Server/CAAI/p_caac_3820/caac15_ins.cpp,Server/CAAI,backend_source,scanned,True,a86cf000e7d6223f83202f8aa108d21a5c5ea63e173375d205b30a6fb4e3aca0
Server/CAAI/p_caac_3820/caac15_upd.cpp,Server/CAAI,backend_source,scanned,True,fb89ff912ec816858e6df17caea90f4f53c632cdaa1d04d7fde6a93190999d88
Server/CAAI/p_caac_3820/caac16_del.cpp,Server/CAAI,backend_source,scanned,True,77db8ea1aaf9d6cbdc1e899c6f588c6241750feeaceb986307faf342464428d7
Server/CAAI/p_caac_3820/caac16_inq.cpp,Server/CAAI,backend_source,scanned,True,79ab8e1f65f9848048972718d3e94eab571d976cc8ec4d81e11f2171cb721115
Server/CAAI/p_caac_3820/caac16_ins.cpp,Server/CAAI,backend_source,scanned,True,3604e33535dc454164eb86861d1d22128509e764e10635c6476f8a607b06e60d
Server/CAAI/p_caac_3820/caac16_upd.cpp,Server/CAAI,backend_source,scanned,True,4cc9faa620eb39057fe012c3e111e3295ba250d881d2cfe463e1fa840386c773
Server/CAAI/p_caac_3820/caac20_inq.cpp,Server/CAAI,backend_source,scanned,True,c25bf1736e20c30147e3a3cd241f7166244bd44d1dc46c148633b448eee9bdde
Server/CAAI/p_caac_3820/caac20r_inq.cpp,Server/CAAI,backend_source,scanned,True,e716958730e2d8fd38dcb0b80ec27acbc7c1a774e2d908d94ed8181dbab990c8
Server/CAAI/p_caac_3820/caac_inq.cpp,Server/CAAI,backend_source,scanned,True,df6e54ba723afb171e7f6535b960e1b7cd55b863c3e03085f72355d9e9a90f41
Server/CAAI/p_caac_3820/caacjl_del.cpp,Server/CAAI,backend_source,scanned,True,52341db7d28f199bcff7b4a8b1787eaf01434657e78e21b672f5359b4aba2fa8
Server/CAAI/p_caac_3820/caacjl_inq.cpp,Server/CAAI,backend_source,scanned,True,992004349bf27479b23a367bea3c2dfac78504b30a3650687fdce2af6c3d97c2
Server/CAAI/p_caac_3820/caacjl_ins.cpp,Server/CAAI,backend_source,scanned,True,57cb24e033035d8b52445e2f83385ae25330cd51fb754e075b278be6309353d2
Server/CAAI/p_caac_3820/caacjl_upd.cpp,Server/CAAI,backend_source,scanned,True,81991da71233b45a86e0fb266410b5000450e3580975f0d4d7105fd304ba30dd
Server/CAAI/p_caac_3820/caaib1_del.cpp,Server/CAAI,backend_source,scanned,True,e14bf304d5250ac12c993b22f5106c3ad6cdf4fd6c3ffe02f17d8a110a6c7094
Server/CAAI/p_caac_3820/caaib1_inq.cpp,Server/CAAI,backend_source,scanned,True,9d010b0681d4155f588ab835845d9c151741f2b10c04e332b6183e985994f415
Server/CAAI/p_caac_3820/caaib1_ins.cpp,Server/CAAI,backend_source,scanned,True,9739c10b65e7d43f8ca3681603bc46c7f266e4ca0c799c9d0533a21637d7a4c9
Server/CAAI/p_caac_3820/caaib1_upd.cpp,Server/CAAI,backend_source,scanned,True,ae89a3a2ca29f306468599340304e27d6b46a1e7727a75f0b7d8324fb5ff295b
Server/CAAI/p_caai_3840/caai01_inq.cpp,Server/CAAI,backend_source,scanned,True,52a9868e455e5c916872edde31be420fb5ee199fc539df16228f2e54eb9337d1
Server/CAAI/p_caai_3840/caai01_upd.cpp,Server/CAAI,backend_source,scanned,True,5ae74359a065f9e8072f526fcebf08b5e38dd7e912511a1d63a5d9cfa3e50c1c
Server/CAAI/p_caai_3840/caai10_inq_m.cpp,Server/CAAI,backend_source,scanned,True,ca760efbd14b956e45433dee4e769533d85f1f2f5312ff2a27491f5794977eb2
Server/CAAI/p_caai_3840/caai12_1_inq.cpp,Server/CAAI,backend_source,scanned,True,6072d6218eb4b3725b6ebb94684a44e8dc6c8d4ff5a82b6ed4e82e9df491ba12
Server/CAAI/p_caai_3840/caai12_del.cpp,Server/CAAI,backend_source,scanned,True,961ea98ad720827a8d81366552f1184df75e481a482ceb051fb5bf5fa62a7e01
Server/CAAI/p_caai_3840/caai12_inq.cpp,Server/CAAI,backend_source,scanned,True,cc6af1ce8eb9c86c39c96e73fadd4fc7920fdde7001ec54a0a95e4a8d6913fac
Server/CAAI/p_caai_3840/caai12_ins.cpp,Server/CAAI,backend_source,scanned,True,8e9234d92b4310a510a291403c98db3c4e1b9226f894e96f380d131677f36f9d
Server/CAAI/p_caai_3840/caai12_upd.cpp,Server/CAAI,backend_source,scanned,True,5289c22f421178c756d85b0f3648fda802b43c38e576895be1badbbb80db1958
Server/CAAI/p_caai_3840/caai12s_inq.cpp,Server/CAAI,backend_source,scanned,True,f5d0de8cd01f9c3ca28669abee4bf45b41da5dd03db0a9dfe258f43e114da3d5
Server/CAAI/p_caai_3840/caai13_upd.cpp,Server/CAAI,backend_source,scanned,True,6e632060d5a9a8cece828ee6ef9ff39e04585bdcc069a769560da4cf6dd61fab
Server/CAAI/p_caai_3840/caai14_inq.cpp,Server/CAAI,backend_source,scanned,True,6b0e9b93ca9689f914292fda1810267c8180e3829ae7c1955d043bb9ec5e0480
Server/CAAI/p_caai_3840/caaicx11_del.cpp,Server/CAAI,backend_source,scanned,True,531f642e55a4ac58bf21e1f603f5201c170e05786bc7f3b9591aaa2c57343425
Server/CAAI/p_caai_3840/caaicx11_inq.cpp,Server/CAAI,backend_source,scanned,True,549da5d168edff72778e90e0a56bdecca14240efdab64730ef8019d7f8321183
Server/CAAI/p_caai_3840/caaicx11_ins.cpp,Server/CAAI,backend_source,scanned,True,f32d3cf38d935835368f56de53fa2664a83996236ddd3da1ea8119dd21b2bdb3
Server/CAAI/p_caai_3840/caaicx11_upd.cpp,Server/CAAI,backend_source,scanned,True,8fd1e2b43595997a4a2adb6c86df81a9f6da0d14da5279f48c403187544d581a
Server/CAAI/p_caai_3840/caaicx32_inq.cpp,Server/CAAI,backend_source,scanned,True,18626c9e083319e630def379ac3ab46be38c9f0a48cdb259f38b2ca3b52f4dd0
Server/CAAI/p_caai_3840/caaicx32_inq2.cpp,Server/CAAI,backend_source,scanned,True,19e983cab8320040babaf8d1426f19fe6d9b0325a39cf8ef012ebbbaaa378898
Server/CAAI/p_caai_3840/caaicx33_inq.cpp,Server/CAAI,backend_source,scanned,True,150816a375c7404454ab0bea13b56ffc5ae304010b234a70a3499bdc2eaeb057
Server/CAAI/p_caai_3840/caaicx35_inq.cpp,Server/CAAI,backend_source,scanned,True,d3f365fa95c5cb0613e64ea6a8f7d5157d43a4d5e01d3fd59ff8e322bc0e0d57
Server/CAAI/p_caai_3840/caaicx36_inq.cpp,Server/CAAI,backend_source,scanned,True,c454b0c09531416ace3917ad601045743573b9c21e138b32d2377272f15c4a18
Server/CAAI/p_caai_3840/caaicx36_inq2.cpp,Server/CAAI,backend_source,scanned,True,c6c7f5fec138bbdb2b7f682f87f5fb2b80868edd98112f07c79d08c0418ba7fe
Server/CAAI/p_caai_3840/caaicx37_inq.cpp,Server/CAAI,backend_source,scanned,True,17952da37d0b681273967d19f07fc07a3226def692f544ff3226bb6cb9e1bde7
Server/CAAI/p_caai_3840/caaicx37_inq2.cpp,Server/CAAI,backend_source,scanned,True,cdba90bc5d129be7caee49ac8880825eae374bbcf2b4849e28d16386bcaa2204
Server/CAAI/p_caai_3840/caaicx38_inq.cpp,Server/CAAI,backend_source,scanned,True,3bf36717aa288bca621c704b87e14569c869aa528cea6034e584ca469d65d331
Server/CAAI/p_caai_3840/caaicx38_inq2.cpp,Server/CAAI,backend_source,scanned,True,2d8c8d41a3fdad9cb088492aee96d5a8ba6dc811870db934b5d8e5417f5a1de9
Server/CAAI/p_caai_3840/caaicx39_inq.cpp,Server/CAAI,backend_source,scanned,True,6e485742891375b282e61d62b9c1df73d4fe2c79c485907ab67aa42e9a621efb
Server/CAAI/p_caai_3840/caaicx41_inq.cpp,Server/CAAI,backend_source,scanned,True,3a4a72a9c0415e9bb9242d3e4a5081278ed69e328e329ab8a3f4bfe269f44051
Server/CAAI/p_caai_3840/caaicx42_inq.cpp,Server/CAAI,backend_source,scanned,True,69e3a73a1d553360833ac29545426090528e1860cea9bd5539c5fd2801b4255f
Server/CAAI/p_caai_3840/caaicx43_inq.cpp,Server/CAAI,backend_source,scanned,True,ad613e73854c4ec652c2f96737a2b99c7c5ab582ccc4c4159a43698f98bda546
Server/CAAI/p_caai_3840/caaijh_del.cpp,Server/CAAI,backend_source,scanned,True,6e1a4537f099e8cfa364b18b2f1a54641078499a7623193bf6d1ad93d23db60b
Server/CAAI/p_caai_3840/caaijh_inq.cpp,Server/CAAI,backend_source,scanned,True,12814c38110fc8229b6d80e93d3cac4c9e1c79bb1307bc5828747f10b5f40b0f
Server/CAAI/p_caai_3840/caaijh_ins.cpp,Server/CAAI,backend_source,scanned,True,b209fb29bec32b96b30845d658f7868de788c8d06777b878d49cc2333787236e
Server/CAAI/p_caai_3840/caaijh_upd.cpp,Server/CAAI,backend_source,scanned,True,fd1ef5fe6506a5cd0e25d2b5d41b082bdafbf91f0e4532fb16e133d52a205b6a
Server/CAAI/p_caai_3840/caaijl_inq.cpp,Server/CAAI,backend_source,scanned,True,8ae5d1b3d232002090d509198e8ae0e63fbdd996d6857a3803ab6e35212a6500
Server/CAAI/p_caai_3840/caaimm_inq.cpp,Server/CAAI,backend_source,scanned,True,6ac5bfca551f4349f87130a0be824b35bf560c8e4f305b9ed7ac6a107c233779
Server/CAAI/p_caai_3840/caais1_del.cpp,Server/CAAI,backend_source,scanned,True,8d8df55d770ca1fa84505f297253305f45be114afe5a7304ff6b3b7353dfeeb8
Server/CAAI/p_caai_3840/caais1_ins.cpp,Server/CAAI,backend_source,scanned,True,4074cf75cb985fc959ad7c3eec85858096614a1adce69e853ca4dbaf08543c31
Server/CAAI/p_caai_3840/caais1_upd.cpp,Server/CAAI,backend_source,scanned,True,18e54d216814dc1dc943c4ffbb40ed16cd882c6013b6f15fe5b05778cf5392b8
Server/CAAI/p_caai_3840/caais2_del.cpp,Server/CAAI,backend_source,scanned,True,d3dd0e71a8afd83fdfc76f3971012f455bbfe11c3c7234028a8bbc157cfda2b1
Server/CAAI/p_caai_3840/caais2_get.cpp,Server/CAAI,backend_source,scanned,True,905fa03ad16ec904ca0b8a630415052b1cd17af3ee27b458998fc31ba0789fdf
Server/CAAI/p_caai_3840/caais2_inq.cpp,Server/CAAI,backend_source,scanned,True,347e763ea2cdc05da9305b09ce8e505f1fd4893eb2d2952ba1444a731a697ca5
Server/CAAI/p_caai_3840/caais2_ins.cpp,Server/CAAI,backend_source,scanned,True,5b8e3dc7b9d0d840e0e6820e689323fea91064b453107f29ec0501db68852670
Server/CAAI/p_caai_3840/caais2_upd.cpp,Server/CAAI,backend_source,scanned,True,01c9a7a133e3ee2485de4bf5c02e5b3589b053173b677e64b745cccfae01ac74
Server/CAAI/p_caai_3840/caais3_inq.cpp,Server/CAAI,backend_source,scanned,True,554518f7dd7e61f9eb211757e4a05a5c9c522dc2cfa934acfa6ff51e75394347
Server/CAAI/p_caai_3850/caac05c_inq.cpp,Server/CAAI,backend_source,scanned,True,a9aeaa21fc6ff9da7bee86da8f46e732f2bd6ab3567898338f3b0fc829ea5cc7
Server/CAAI/p_caai_3850/caai08_del.cpp,Server/CAAI,backend_source,scanned,True,d62c68dbfa6556211c0a7af80c53ef9770abb2b445e2ef3104c6c0755800f668
Server/CAAI/p_caai_3850/caai08_inq.cpp,Server/CAAI,backend_source,scanned,True,fa828766d5084a223e2ed3b7ee1ed4f1caf2f70e575fe245936827e41965eb88
Server/CAAI/p_caai_3850/caai08_ins.cpp,Server/CAAI,backend_source,scanned,True,f67f81d2aaf8fd815f81a755e9132643fd4ae8b02233e443dab178a51c28bd34
Server/CAAI/p_caai_3850/caai08_upd.cpp,Server/CAAI,backend_source,scanned,True,8e167c0c313a2d9c39cbf1c90e784c3835eeb061bc281c48eb5e9ab805e372b0
Server/CAAI/p_caai_3850/caai11_ft.cpp,Server/CAAI,backend_source,scanned,True,5509778669479665325f09dbb208424b22371374a4ed1d6926e52008bfbacf6c
Server/CAAI/p_caai_3850/caai11_inq.cpp,Server/CAAI,backend_source,scanned,True,1d39d7cdae06ac4af08e41064db978f0f763afcde6df914c6f1b48346f37d159
Server/CAAI/p_caai_3850/caai11_ins.cpp,Server/CAAI,backend_source,scanned,True,786d018626bfd3503b692c623064caaeaef627ad605ea2604be4e21c6b1892f2
Server/CAAI/p_caai_3850/caai11a_inq.cpp,Server/CAAI,backend_source,scanned,True,67214afac03226a75c80564e48924f370c0d09209bd35dcd2e939b933976d071
Server/CAAI/p_caai_3850/caai13s_del.cpp,Server/CAAI,backend_source,scanned,True,8eb43349abdc9b459f4b93f9edceeb9d38439e33383838ccb2a323856591a133
Server/CAAI/p_caai_3850/caai13s_inq.cpp,Server/CAAI,backend_source,scanned,True,974eb67a672686c9d161f827cc0100c20bc1a579b2c112fed8c573a42866ed15
Server/CAAI/p_caai_3850/caai13s_ins.cpp,Server/CAAI,backend_source,scanned,True,47092089cf8b7b30e1aca5ea4b2284f8b6b0a123ea00f2415c323d7c84aadba0
Server/CAAI/p_caai_3850/caai13s_upd.cpp,Server/CAAI,backend_source,scanned,True,296ef85e05d4d1975c5376f9385d92b169ee78efd68f932d92392834769ae852
Server/CAAI/p_caai_3850/caai20_inq.cpp,Server/CAAI,backend_source,scanned,True,c2376a91059d461fcc285808fdff0f295fe6e67ade238b0da2e2320a6aef14e7
Server/CAAI/p_caai_3850/caai20_snd.cpp,Server/CAAI,backend_source,scanned,True,93febc6a0dab6c9234ff76732ee7821472451b6939a63b89dc34d035cbd171fb
Server/CAAI/p_caai_3850/caaicx31_inq.cpp,Server/CAAI,backend_source,scanned,True,1dae9d3f1749ec1dc3fe413bc3217e03b5e40830b786bb2a3a18c88cce71a8cd
Server/CAAI/p_caai_3850/caaicx31_inq2.cpp,Server/CAAI,backend_source,scanned,True,45eeb4f3c682db4afabeb01b1e527ff53d6c79aa7f53aef94a26570399ba3385
Server/CAAI/p_caai_3850/caaicx34_inq.cpp,Server/CAAI,backend_source,scanned,True,22ee75f8c4a592bd4bdda4aaec20c792967b0c526ea9e0f4ffe7390722d2cce1
Server/CAAI/p_caai_3850/caaicx34_inq2.cpp,Server/CAAI,backend_source,scanned,True,863abad1fe54d2797cdebe6d5d0620c6d09a4356a1426acc11fa81150e144350
Server/CAAI/p_caai_3850/caaicx40_getcb.cpp,Server/CAAI,backend_source,scanned,True,32e784cf3e9930a568f7a19a24afce90d7ff92da250733c1b2abcdd1ef7e3ba5
Server/CAAI/p_caai_3850/caaicx40_getcb_batch.cpp,Server/CAAI,backend_source,scanned,True,2993004b93bbf79bc371b45f324cb894c950c17a9415e6b62be8450383d59f3f
Server/CAAI/p_caai_3850/caaicx40_inq.cpp,Server/CAAI,backend_source,scanned,True,419a9d5928eeedb10197506a74062e2a4563a51e74941fef530ea14ff64712aa
Server/CAAI/p_caai_3850/caais7_inq.cpp,Server/CAAI,backend_source,scanned,True,e7e5f22ba08eb9d6f8cd57a12790ca5aa0d984a6ba64843b02686ed0f44d4e03
Server/CAAI/p_caai_3850/caais7_snd.cpp,Server/CAAI,backend_source,scanned,True,14ea4a62dabca14f1a291ec161ca1df364569c1dbddd711a4392a02241534e60
Server/CAAI/p_caai_3850/caais7_snd2.cpp,Server/CAAI,backend_source,scanned,True,f0c4fc55b4de96d73154f5f65a56e764b6a004177870196c282e0686e13b9ba0
Server/CAAI/p_caai_3850/caais7_upd.cpp,Server/CAAI,backend_source,scanned,True,4d703063a831e366c5db0ccae99ff1e242af1f6ea5ec247a2e9c7dc1585f9080
Server/CAAI/p_caai_3850/caais7_upd2.cpp,Server/CAAI,backend_source,scanned,True,047bd638ed57dcfc1c6079510acc0dc67f8fec3103c7e08df76b1d5c8ded1d37
Server/CAAI/p_caai_3850/caaitx1_inq.cpp,Server/CAAI,backend_source,scanned,True,c178e461a9383151995f872d3cad68d56bace6de47284a7d5dec7c905b5c1473
Server/CAAI/p_caai_3860/caai01_col.cpp,Server/CAAI,backend_source,scanned,True,4227cffd3a826624b93a1e950df808a5daf60b543de8856a35f99e1c78a14879
Server/CAAI/p_caai_3860/caai_ins.cpp,Server/CAAI,backend_source,scanned,True,e452cdbeea36a125d8f06643546dba1c09fcb755eba37b900735a614ccfb33ca
Server/CAAI/p_caai_3860/caai_ins_start.cpp,Server/CAAI,backend_source,scanned,True,031ab4a2ce07e3b156ab217b4d2a14a7c8e4e1e3dc2b82f0d1c69265f71f9c02
Server/CAAI/p_caai_3860/caai_start.cpp,Server/CAAI,backend_source,scanned,True,278e93333f7f5ba9132d9a8f7bc68c98b4fcca87bbd66632e0d05ecc8b24bc28
Server/CAAI/p_caai_3870/cm_nyme01_rcv.cpp,Server/CAAI,backend_source,scanned,True,385d72054567d4c016d0019e716e352effaf10225d243ecdf34f67f2d976ed9e
Server/CAAI/p_caai_3870/cm_nyme02_rcv.cpp,Server/CAAI,backend_source,scanned,True,bb3dce8611075873706f5ab0378d7b72518602fc4ccd9fceba975b2f2fb0fff0
Server/CAAI/p_caai_3870/cm_samec1_rcv.cpp,Server/CAAI,backend_source,scanned,True,7e4c4912133606c3b3c8d78848e9478612e27c4674ed3b67786e19f1fada8241
Server/CAAI/p_caai_3870/cm_samec2_rcv.cpp,Server/CAAI,backend_source,scanned,True,d5556f047d2689c4d8d92d73515ef9b02b47a73b8d5866f1c38ccb7999ac4398
Server/CAAI/p_caai_3870/cm_samec3_rcv.cpp,Server/CAAI,backend_source,scanned,True,9d9d5252a4b0e65416bf0173621b150130527f452e35abe2a2a05e0c8bcb85f4
Server/CAAI/p_caai_3870/cm_samec4_rcv.cpp,Server/CAAI,backend_source,scanned,True,80df90c2e504b0bc8d40fefc1f9dfc57864bc13c777358081a0644d6e76dd790
Server/CAAI/p_caai_3870/cm_samec5_rcv.cpp,Server/CAAI,backend_source,scanned,True,b3ce1dfc3eb3910d75268df82c056b36d68e26832aab5b6aabbeb32348b661ca
Server/CAAI/p_caai_3880/caai_prt201.cpp,Server/CAAI,backend_source,scanned,True,3eb117714d557cde806f6edf0cb13792422daf2047fac956089ecd9744464d0a
Server/CAAI/p_caai_3880/caai_prt202.cpp,Server/CAAI,backend_source,scanned,True,86c594d98188d0f807c398cfe76e466434a15ef481ce6f77326c678ff4793e16
Server/CAAI/p_caai_3880/caai_prt20201.cpp,Server/CAAI,backend_source,scanned,True,051a4f4367291561d65e4f4b75e56bba9c72f375cbb29347060bf0c2a40f4457
Server/CAAI/p_caai_3880/caai_prt204.cpp,Server/CAAI,backend_source,scanned,True,ba5db9cf3e71fe025cd5f66ece8e21bc29371dc5493f58478e75c31db0bc6b9f
Server/CAAI/p_caai_3880/caai_prt20401.cpp,Server/CAAI,backend_source,scanned,True,57b59240ed91c87b05ce7af70c75aa64e1158d1d6f4c0a11e5441b6852b4461c
Server/CAAI/p_caai_3880/caai_prt302.cpp,Server/CAAI,backend_source,scanned,True,4010af57397105536c929d1fdb8f00478384dbb3aaa3aa7e0ad7bb8c1158eea4
Server/CAAI/p_caai_3880/caai_prt303.cpp,Server/CAAI,backend_source,scanned,True,840816cfe8c159810710f586fafce96389b989b3b39442c8e546df2cfce13bcd
Server/CAAI/p_caai_3880/caai_prt304.cpp,Server/CAAI,backend_source,scanned,True,0af8b77e53b371462543fd3950fa36f6e50f5afe008d3bc8d0716f9a3d916968
Server/CAAI/p_caai_3880/caai_prt305.cpp,Server/CAAI,backend_source,scanned,True,0b28c82d83719220d84f7515ee04d743f252c153f5fc8d2d0965334a1ad20a24
Server/CAAI/p_caai_3880/caai_prt402.cpp,Server/CAAI,backend_source,scanned,True,17566f89d01f472d431d12fe8a1f66adf3b8144f3be3add9343f3a75eeef6970
Server/CAAI/p_caai_3880/caai_prt403.cpp,Server/CAAI,backend_source,scanned,True,eec95b0db10163637c7160cad23e120b827b7dd469de71d58c4c59b32ae637d2
Server/CAAI/p_caai_3880/caai_prt404.cpp,Server/CAAI,backend_source,scanned,True,e242c67cb61c9877cc4450d639755145d5ce613d1854abb209c01d018c130db6
Server/CAAI/p_caai_3880/caai_prt405.cpp,Server/CAAI,backend_source,scanned,True,f624877781c17e908e9d7d95bd75e5ed58158600aed5cf428af7fb6033154506
Server/FBSM/.env.production,Server/FBSM,environment_config_values_not_exported,scanned,True,2cf1c78749a839b8ea316100d86ffbff1ae2943f962568690b3e6ad50a5d25df
Server/FBSM/.gitignore,Server/FBSM,backend_source,scanned,False,168b695ee2329648ea1a0cf0a25d2639c5459ae5f63eccf64302aaaef259e3a4
Server/FBSM/.vscode/settings.json,Server/FBSM,config_or_resource,scanned,False,83de1c525e74033f7864b25fa68815340f22366846ea5739a4769a0f860a52ad
Server/FBSM/README.md,Server/FBSM,document_or_log,scanned,False,58eaba1571024836a10b53a4264606b75e0b49e2a94e27996b94ae97ad7f9d10
Server/FBSM/libFBSM/f_fbsm01_copy.cpp,Server/FBSM,backend_source,scanned,True,35fbde5feb05e2202335224bf5abd8764bb091bbab8783482670c0f80c0eb524
Server/FBSM/libFBSM/f_fbsm01_save.cpp,Server/FBSM,backend_source,scanned,True,a9f68386b33062956b99688ffe71eb0abb8eba4e2723faa662fddd8afc5f68a9
Server/FBSM/libFBSM/f_fbsm10_copy.cpp,Server/FBSM,backend_source,scanned,True,6629abed44b71b2c0dc83bde02a294007cea4a80fe7eb8e141457a0b8c19f3a0
Server/FBSM/libFBSM/f_fbsm11_save.cpp,Server/FBSM,backend_source,scanned,True,67c1e86b3ed60dc18fb94d05422430bd8d27603fd551d1fb2a13722aa0e026e7
Server/FBSM/libFBSM/f_fbsm12_save.cpp,Server/FBSM,backend_source,scanned,True,5411bacdbca6d630d06db944ce9d565625e8562e4ec509c86dfbc1bb25f18269
Server/FBSM/libFBSM/f_fbsm41_mx_ins.cpp,Server/FBSM,backend_source,scanned,True,8591608ba48d533693f01f70acf09272e9d1330c2b0a41f6fbc25b2ea1c9b20f
Server/FBSM/libFBSM/f_fbsm_save.cpp,Server/FBSM,backend_source,scanned,True,19ad56cf8fa8d5d020272db5fcc4dc8de81f9c279683fb44624a565ae9b0576f
Server/FBSM/p_fbsm_13400/fbsm00_inq.cpp,Server/FBSM,backend_source,scanned,True,19215a486475b73f199968eaa76a7f65acf094d6206155acb3d3ace362de4120
Server/FBSM/p_fbsm_13400/fbsm01_inq.cpp,Server/FBSM,backend_source,scanned,True,e7bd788a931de6429ade9edabbb38fa609f9814a1185eaef6c1b7b82d9689057
Server/FBSM/p_fbsm_13400/fbsm12_inq.cpp,Server/FBSM,backend_source,scanned,True,b84c22f573500424a06c49b347c268bb745899c323aff4536af3ba0cba9f57d5
Server/FBSM/p_fbsm_13400/fbsm13_inq.cpp,Server/FBSM,backend_source,scanned,True,bcfad7e19e5309645a57cbd0bd3904f0a18d8203595bde61df794ab840459c37
Server/FBSM/p_fbsm_13400/fbsm13a_save.cpp,Server/FBSM,backend_source,scanned,True,1123d2e6547047e2f38934ef316950f29a8583ed3f864c684836d1ee2f0c95cc
Server/FBSM/p_fbsm_13400/fbsm19_inq.cpp,Server/FBSM,backend_source,scanned,True,b373ac83018c708d898a12ed7d1db1e679a6f6b08499237a34cfc1a18e39432b
Server/FBSM/p_fbsm_13400/fbsm21_inq.cpp,Server/FBSM,backend_source,scanned,True,f10d07907ed60d748d3c9596c61e8b47a8f26b4d289671503f0ca0999cd23002
Server/FBSM/p_fbsm_13400/fbsm23_elm_inq.cpp,Server/FBSM,backend_source,scanned,True,aa22a45ecc83c1d1e8d137f8961680046efe11e7d0a22a663e3c33b084172957
Server/FBSM/p_fbsm_13400/fbsm23_inq.cpp,Server/FBSM,backend_source,scanned,True,f413a602dcb6a489a21b524425a878c9cc903336aee1a98394831c04378e119b
Server/FBSM/p_fbsm_13400/fbsm23_save.cpp,Server/FBSM,backend_source,scanned,True,f8aabc51e42fc994878503c453e5159cdab9acf448fb5e065988ada7cc4843b3
Server/FBSM/p_fbsm_13400/fbsm_form_get.cpp,Server/FBSM,backend_source,scanned,True,6fa5001c9ac18be3c21a50c8238a68e1b00e10c3cd8f950d89e5e0f89e040ad8
Server/FBSM/p_fbsm_13400/fbsm_inq.cpp,Server/FBSM,backend_source,scanned,True,b1916a696acab4df40351ef8dc1e5a2bc84608bb1e1a502fe916a6f4d0396a2f
Server/FBSM/p_fbsm_13400/fbsm_stock_name_inq.cpp,Server/FBSM,backend_source,scanned,True,867f9f3c73a574c68c593885af75c11fa2f9c49a9b4910acd1efcb7fc9ed7831
Server/FBSM/p_fbsm_13400/fbsma01_copy.cpp,Server/FBSM,backend_source,scanned,True,12db363085d6bb1e9105d798452f62385ff3909b607f2b610cd4c06033284255
Server/FBSM/p_fbsm_13400/fbsma01_save.cpp,Server/FBSM,backend_source,scanned,True,e0c2475c7671374d831afcfc0ba042dc91faff4c07f30230d7d65a5c900384b2
Server/FBSM/p_fbsm_13400/fbsma10_copy.cpp,Server/FBSM,backend_source,scanned,True,2394c404b35d07c90b8f125d2dcc267d923df8285586c7270661e59cb1ba8e74
Server/FBSM/p_fbsm_13400/fbsma12_inq.cpp,Server/FBSM,backend_source,scanned,True,7d313c3456520240e7728f5420748b62af62ddc496288497aaff3bcd71325c65
Server/FBSM/p_fbsm_13400/fbsma12_save.cpp,Server/FBSM,backend_source,scanned,True,7455d7f0c5bebc0c8c197c75c51a3c6a4e509bc6fd53bc172c487e15b5f47385
Server/FBSM/p_fbsm_13400/fbsma_inq.cpp,Server/FBSM,backend_source,scanned,True,a22801c6e68d1f783a2fa47d906a02fabcc10acaaa1693d8caa3d5e763c8c678
Server/FBSM/p_fbsm_13400/fbsma_save.cpp,Server/FBSM,backend_source,scanned,True,6cdf91c57ae1b0dfd9daf46535ccaf94258904ad1bcd07e2e09fef239ab53fb3
Server/FBSM/p_fbsm_13400/fbsmcs_inq.cpp,Server/FBSM,backend_source,scanned,True,871b78146c6e510181ab40884bc575010d05215f7a473e0edac7fb5e7eb11622
Server/FBSM/p_fbsm_13400/fbsmpl_inq.cpp,Server/FBSM,backend_source,scanned,True,68811e1513ee953d69c2f33fddbce0a3cf86e7c9421dda74b5dbbb3f9a6e63be
Server/FBSM/p_fbsm_13400/fbsmplt_inq.cpp,Server/FBSM,backend_source,scanned,True,25367b53c057433c97587afd6164e4f9e3439a26bad6ced7614e3e870d325a15
Server/FBSM/p_fbsm_13400/fbsmxx_elm_inq.cpp,Server/FBSM,backend_source,scanned,True,3f2bf221430820c228f630ea2681a13881278ba381e665f39d3b1ad2ea10ea20
Server/FBSM/p_fbsm_13400/fbsmxx_inq.cpp,Server/FBSM,backend_source,scanned,True,d543b3c0e10d60fbb200ec5fb44ffffe1e76af8d695f116760c557ce73e25f79
Server/FBSM/p_fbsm_13400/fbsmxx_save.cpp,Server/FBSM,backend_source,scanned,True,470bceb76b1e43d4b26f5cc697675a0631378f633bd66c395bdd83bce03c1e39
Server/FBSM/p_fbsm_13410/fbsm15_elm_inq.cpp,Server/FBSM,backend_source,scanned,True,0251e056b4348ab3a3230d4f1715bb1054010e3fd136e9ce2701e9b3f30b1b47
Server/FBSM/p_fbsm_13410/fbsm15_elm_inq_1.cpp,Server/FBSM,backend_source,scanned,True,4f5263a16b71fe8342b4360da6dff377331be185ee9d5730e1809e1ba504f5c6
Server/FBSM/p_fbsm_13410/fbsm15_elm_inq_2.cpp,Server/FBSM,backend_source,scanned,True,056a594fd41c60affba6983322b30116097b1a1b0dc2c954e73839c318f1857d
Server/FBSM/p_fbsm_13410/fbsm15_elm_inq_3.cpp,Server/FBSM,backend_source,scanned,True,479f9ee09966cb7f1812c47f9b95a631a9f2a715f73816765f42d20eb2e22766
Server/FBSM/p_fbsm_13410/fbsm15_elm_inq_4.cpp,Server/FBSM,backend_source,scanned,True,4d0ea4592be43e8a4a64d67e516391bb725e3db570d5d7463dbb0d2d21ecd4f9
Server/FBSM/p_fbsm_13410/fbsm15_excel_inq.cpp,Server/FBSM,backend_source,scanned,True,71aaa279035018ad880a6a8e6b7ed61c6060b10b650208150367273489226298
Server/FBSM/p_fbsm_13410/fbsm15_inq.cpp,Server/FBSM,backend_source,scanned,True,87957b661365b30ef2db397b4916b3ced49547add1704f4adaa11052c80080f1
Server/FBSM/p_fbsm_13410/fbsm15_mb_del.cpp,Server/FBSM,backend_source,scanned,True,acead8902223a0f0d3fd795f2e0017dee85c59edc6bf2e4142c34f8688b195cc
Server/FBSM/p_fbsm_13410/fbsm15_mb_upd.cpp,Server/FBSM,backend_source,scanned,True,bfc8a6be21810caab4a599873e2f944a5b27b0197c80f5e33e54b59642553dd8
Server/FBSM/p_fbsm_13410/fbsm15_mx_ins.cpp,Server/FBSM,backend_source,scanned,True,de8890f8e0e1b73901c1a96b11223a7368a9f8b37f83b502a3be58e4f1fc48f2
Server/FBSM/p_fbsm_13410/fbsm15_save.cpp,Server/FBSM,backend_source,scanned,True,2357ea0a8d5acdd73301debbac152facb1b782d5408125ca7f338f9d012c54e7
Server/FBSM/p_fbsm_13410/fbsm15_sg_save.cpp,Server/FBSM,backend_source,scanned,True,7783bbedb88dab636718058074f19d537613c312a1b871e39143873e3ad57953
Server/FBSM/p_fbsm_13410/fbsm15_sh_del.cpp,Server/FBSM,backend_source,scanned,True,f9ddb9f6fb943f2da803b464873edd12153469070d73f58291ef60c3ab0c9166
Server/FBSM/p_fbsm_13410/fbsm15_sh_upd.cpp,Server/FBSM,backend_source,scanned,True,5f89b816e1e32b3a776b74f061bea2ebf0ac49bb1232c769b8691341db8b9d5e
Server/FBSM/p_fbsm_13410/fbsm15c_inq.cpp,Server/FBSM,backend_source,scanned,True,61632778f7c7e3888d384fb3dd8a7cd4e3166ca645e71011e13b0da31a124b4f
Server/FBSM/p_fbsm_13410/fbsm15d_elm_inq.cpp,Server/FBSM,backend_source,scanned,True,40181f1a58d39a14d1f76239d33050f454bf1b2b188801a270f093b8ef5c0fe9
Server/FBSM/p_fbsm_13410/fbsm15d_inq.cpp,Server/FBSM,backend_source,scanned,True,8fdbfc6f232b9f0675440f4a94fdaf34db0a43571e8df123c83822772c467f52
Server/FBSM/p_fbsm_13410/fbsm15g_inq.cpp,Server/FBSM,backend_source,scanned,True,bc53cfa8ad1f2ec1a98d505e30675337c152519773f508e61340241050b03574
Server/FBSM/p_fbsm_13410/fbsm15h_inq.cpp,Server/FBSM,backend_source,scanned,True,5ce99d6ec978bdf4e133d616d33336da5007af39f3b6bd0749335902364a4347
Server/FBSM/p_fbsm_13410/fbsm15m_inq.cpp,Server/FBSM,backend_source,scanned,True,a370c6514177e61413f3b9d88e0330bd3d17b60987157c2c9234b495a4360511
Server/FBSM/p_fbsm_13410/fbsm15r_inq.cpp,Server/FBSM,backend_source,scanned,True,703a6a6222dcd7447f227561006115a441afc05d2ee231862779abd0a2712636
Server/FBSM/p_fbsm_13410/fbsm15y_inq.cpp,Server/FBSM,backend_source,scanned,True,d239e060d6d76924c95e7a47d68d0f817c409acd966bfe16f0f1bb0374376d01
Server/FBSM/p_fbsm_13410/fbsm15z_inq.cpp,Server/FBSM,backend_source,scanned,True,3de7926020c17d46bc3e09d329f0eafe1bac097e1d5cc58af989b59f655acdad
Server/FBSM/p_fbsm_13410/fbsm15z_inq2.cpp,Server/FBSM,backend_source,scanned,True,f0f04d4ce8ffc41468006f385102810c05a3ffe70c3f1771b8c40bb96804f6f2
Server/FBSM/p_fbsm_13410/fbsm15z_material_inq.cpp,Server/FBSM,backend_source,scanned,True,91129189561466f9e0c07c00a507a73e1dc1d8469236ad1489cb874ae699421e
Server/FBSM/p_fbsm_13410/fbsm15z_save.cpp,Server/FBSM,backend_source,scanned,True,d8f788afa339792464ff966574fac68b36b8434ebc14cb9210a475d565bd31db
Server/FBSM/p_fbsm_13410/fbsm17_inq.cpp,Server/FBSM,backend_source,scanned,True,8015785f014f51e1a208ffce8dff9d5615cbab014caa83a1747a6942ea730c41
Server/FBSM/p_fbsm_13410/fbsm17_mb.cpp,Server/FBSM,backend_source,scanned,True,caa66e726096128cf0e6d23e72ca0166363699339acf6694b6778886e478a9a1
Server/FBSM/p_fbsm_13410/fbsm17_pp.cpp,Server/FBSM,backend_source,scanned,True,4101ecc403605f6a3e0548e2d46d3cfbef799388b53edfe6edafe9d517348a53
Server/FBSM/p_fbsm_13410/fbsm17_sh.cpp,Server/FBSM,backend_source,scanned,True,d0441d2d6b65ca81ca4781b3d0bdf54810d5694dd1776cfc5d27b2d9c24f3d82
Server/FBSM/p_fbsm_13410/fbsm31_inq.cpp,Server/FBSM,backend_source,scanned,True,68cce79315551bc378964fd74bb948c3f804f6f0bb5e13a0ee93727e0bf9c659
Server/FBSM/p_fbsm_13410/fbsm31_mb_upd.cpp,Server/FBSM,backend_source,scanned,True,e2f1960a707bb88cd77d7bb62e3c17154f9a9a37d468833fedc2884c75a05cd1
Server/FBSM/p_fbsm_13410/fbsm31_sh_del.cpp,Server/FBSM,backend_source,scanned,True,1eb825a36b5c3469de01c611934b52e5dde25c4aa8547db73936251639d94259
Server/FBSM/p_fbsm_13410/fbsm31_sh_upd.cpp,Server/FBSM,backend_source,scanned,True,5e5e3e55fb14d724bbe7502116c77f5eacaf112b4f99d2c1023914bdfd398f6e
Server/FBSM/p_fbsm_13410/fbsm31c_inq.cpp,Server/FBSM,backend_source,scanned,True,83b23b95fb01be22bd6fe69ae3a73f9fa042e589e07e6d5ba280bc576c1899a4
Server/FBSM/p_fbsm_13410/fbsm31g_inq.cpp,Server/FBSM,backend_source,scanned,True,8c7e7443586bb393d862509270093f2a147d97cc65ea69d26cd4a01fffecfe80
Server/FBSM/p_fbsm_13410/fbsm31r_inq.cpp,Server/FBSM,backend_source,scanned,True,72c3687196417ff7f2872619aa689cfeb4406f885bccb67df48e901dffedb441
Server/FBSM/p_fbsm_13410/fbsm31y_inq.cpp,Server/FBSM,backend_source,scanned,True,6fc9fef91395d21428d17a415ca56c10f9b62172d60149cc65ae617ba7af3088
Server/FBSM/p_fbsm_13410/fbsm31z_inq.cpp,Server/FBSM,backend_source,scanned,True,749dfd428ee079a85b6c6f3f1dda089dfa979de251c1be38952366521f20204b
Server/FBSM/p_fbsm_13410/fbsm31z_material_inq.cpp,Server/FBSM,backend_source,scanned,True,8ffd42bf9c0a70ecd9cf063b1e2673f12ccab8e444c3f28f47dea13b6d0231d6
Server/FBSM/p_fbsm_13410/fbsm31z_plan_map.cpp,Server/FBSM,backend_source,scanned,True,e04256c0de52daf64d718389249a75992cb70ae00883686bf2466cde3cbfdba5
Server/FBSM/p_fbsm_13410/fbsm31z_print.cpp,Server/FBSM,backend_source,scanned,True,66a77cc1902b548a9c43d7f71412b16b3358fe54373b6e8fbb38f549232dca31
Server/FBSM/p_fbsm_13410/fbsm31z_print_1.cpp,Server/FBSM,backend_source,scanned,True,cc6470192511b0c1c8783b3e290ef24b1d5ddb4f7839b87f40459f2c589ef9ad
Server/FBSM/p_fbsm_13410/fbsm31z_save.cpp,Server/FBSM,backend_source,scanned,True,a36c2cf12b9b3eefeab663dd7862dccc558c6979d2030859f51fbca1c18dbb00
Server/FBSM/p_fbsm_13410/fbsm41_detail_save.cpp,Server/FBSM,backend_source,scanned,True,c338c6c70177b4bcaf97b199c63af56857092ac296b0a77c5d151056b2a88298
Server/FBSM/p_fbsm_13410/fbsm41_inq.cpp,Server/FBSM,backend_source,scanned,True,92060db5726c4a192898a651d018d3af0e63b3b0d1ee6fc9ebfa25f890e7d7f4
Server/FBSM/p_fbsm_13410/fbsm41_inq_dtl.cpp,Server/FBSM,backend_source,scanned,True,8f7bb55c78c4d6f49fcd0b68b47b0fec1521d2bf4f5527223af47cfcf106b4f4
Server/FBSM/p_fbsm_13410/fbsm41_material_inq.cpp,Server/FBSM,backend_source,scanned,True,310d48f49191a52f17fdadd4b2f69f4d3b79055229e1ae72466366847394c6cf
Server/FBSM/p_fbsm_13410/fbsm41_plan_map.cpp,Server/FBSM,backend_source,scanned,True,9c97a7acb75fe62e9aea28f25bb6ccdd5a998f6edc1334f624d44f7ed1e1ddd9
Server/FBSM/p_fbsm_13410/fbsm41_print_1.cpp,Server/FBSM,backend_source,scanned,True,939ac2f536f171054cdd8f9af6b972a323867a27b7e120c8d404815b2ccc45a6
Server/FBSM/p_fbsm_13410/fbsm41_print_2.cpp,Server/FBSM,backend_source,scanned,True,d47b118f7fb6409b26ef69b3317f79b265a88d5d8c3e58182d5396ce56148572
Server/FBSM/p_fbsm_13410/fbsm41_print_3.cpp,Server/FBSM,backend_source,scanned,True,02cfb0f96c2449b284712d2ad05ebc7ef62f78cb479e468bbfd41a9d292d3496
Server/FBSM/p_fbsm_13410/fbsm41_print_4.cpp,Server/FBSM,backend_source,scanned,True,fbafaaf7092f362b82137a1d162c2fc25c0cf28d00ea77a02e7bc1b8bd8cfbcd
Server/FBSM/p_fbsm_13410/fbsm41_sh_upd.cpp,Server/FBSM,backend_source,scanned,True,dc3a64ed615cd18c4fa3f0d367e7ca876d9512458c7eb63fa43b93292a3c638e
Server/FBSM/p_fbsm_13410/fbsm41m_dtl_inq.cpp,Server/FBSM,backend_source,scanned,True,b53eb58273548492d87e3d26e7d487b5982f7065d54f81de29719b1fab2b5e19
Server/FBSM/p_fbsm_13410/fbsm41m_inq.cpp,Server/FBSM,backend_source,scanned,True,eee0fa27ab041ca7c268747596fb5166f82e04a307e352fd909fef40b52aa3cb
Server/FBSM/p_fbsm_13420/fbsm_cost_rcv.cpp,Server/FBSM,backend_source,scanned,True,10fe3129c40c62ba74806255dcff50c081eceb52a849a62dcce0e66ce121c432
Server/FBSM/p_fbsm_13420/fbsm_price_rcv.cpp,Server/FBSM,backend_source,scanned,True,f14c25b497628a5be23f9c098e85d08de865eda2f640409723f17d739491ea6b
Server/FBSM/p_fbsm_13420/fbsm_scrap_rcv.cpp,Server/FBSM,backend_source,scanned,True,745d564b6a0b51c0cbaedd42d4c08843fa558dc647e73eff3b3ee5f547732c9b
Server/FBSM/p_fbsm_13430/fbsm15_mx_ins.cpp,Server/FBSM,backend_source,scanned,True,001218f44450545bcc2826051f4aa3c982354fad4b369c3a5c07df3ccbafbc31
Server/FBSM/p_fbsm_13430/fbsm15z_col.cpp,Server/FBSM,backend_source,scanned,True,71bd4fcf9acb50ac04be3a2b00f0ac4ad0bc038fe777cbf975613e767db0af3b
Server/FBSM/p_fbsm_13430/fbsm17_col.cpp,Server/FBSM,backend_source,scanned,True,5563f192fe5a9693281ee1a3c8539aa3340788854c94d7d1e6e07bd04c7357ed
Server/FBSM/p_fbsm_13440/fbsm15tg_mx_ins.cpp,Server/FBSM,backend_source,scanned,True,db50a153089b99aed5f86e3a1e1d16ef69e7a306b2c590990db87b5b9b766c34
Server/FBSM/p_fbsm_13440/fbsm41_mx.cpp,Server/FBSM,backend_source,scanned,True,c775804e4b89468051d91ed9bdd7a42b094537865cb42490e2255e2050f38a9b
Server/FBSM/p_fbsm_13440/fbsm41_mx_ins.cpp,Server/FBSM,backend_source,scanned,True,3edf8c0908941d625b3ab8752392ed9222bdcca860bc38549af19d1d6d65d8cf
Server/FOSMT/.env.production,Server/FOSMT,environment_config_values_not_exported,scanned,True,773acc16bd0ef0b1a9deee0b4b72f36bc0825feaa0aa232ffec99d0dbc62ecfc
Server/FOSMT/.gitignore,Server/FOSMT,backend_source,scanned,False,168b695ee2329648ea1a0cf0a25d2639c5459ae5f63eccf64302aaaef259e3a4
Server/FOSMT/.vscode/settings.json,Server/FOSMT,config_or_resource,scanned,False,83de1c525e74033f7864b25fa68815340f22366846ea5739a4769a0f860a52ad
Server/FOSMT/README.md,Server/FOSMT,document_or_log,scanned,False,2b35c7d6fca45ed495bf7b1e42d700b30832b406d10c25057f3d15e338575e72
Server/FOSMT/p_fosmt_28180/fosm02_inq.cpp,Server/FOSMT,backend_source,scanned,True,4edbe45555d92f468743d7c677df76a561e297fc26616318f2999195079b9673
Server/FOSMT/p_fosmt_28180/fosm03_inq.cpp,Server/FOSMT,backend_source,scanned,True,589878dc20853898c7540b3587854c7bfb81793ac74a99f23ae5a4229a5b5506
Server/FOSMT/p_fosmt_28180/fosmt00_inq.cpp,Server/FOSMT,backend_source,scanned,True,7dbe956c855c8b055a6d50fc6ad2ad5ebf30d434e31fe6e12a848fc21fc91d6a
Server/FOSMT/p_fosmt_28180/fosmt97_list_inq.cpp,Server/FOSMT,backend_source,scanned,True,0b1b8fb8f55b672b4315a00f0ff9708f14912c3bd713943faa56bd7abc87e8f7
Server/FOSMT/p_fosmt_28180/fosmt_data_collect.cpp,Server/FOSMT,backend_source,scanned,True,c82b35e1c5e398b063e14cdbf7e598a05226c5e05a323ce17a69ed4db4ed5646
Server/FOSMT/p_fosmt_28190/fosmt90_inq.cpp,Server/FOSMT,backend_source,scanned,True,71aaf429fdc6ee5a7cd6b8aded8bec2b143a731365b1f1619e7705fdb8519b36
Server/FOSMT/p_fosmt_28190/fosmt90_pro.cpp,Server/FOSMT,backend_source,scanned,True,0ab6542fa874cbfcecc9e5ddfcee6a9f098bf6721f054d3f40bb211f6adf3e64
Server/GC00/.env.production,Server/GC00,environment_config_values_not_exported,scanned,True,8886fea98262825c07008bffe0531cfc16b8705d72517c4a37b6cf5ce289e2a5
Server/GC00/.gitignore,Server/GC00,backend_source,scanned,False,168b695ee2329648ea1a0cf0a25d2639c5459ae5f63eccf64302aaaef259e3a4
Server/GC00/.vscode/settings.json,Server/GC00,config_or_resource,scanned,False,83de1c525e74033f7864b25fa68815340f22366846ea5739a4769a0f860a52ad
Server/GC00/README.md,Server/GC00,document_or_log,scanned,False,a79998b927790fe048f71e36b433aea300d8c109b15716bd29898e0a19a1f25e
Server/GC00/gc00_ExcQrySql.cpp,Server/GC00,backend_source,scanned,True,a2b874f7dc68502c802970e55dee1415198ab9d01e81bef94b6fa5fdf72086d1
Server/GC00/gc00_GetTs.cpp,Server/GC00,backend_source,scanned,True,17227475859236ce2548c817ca5168521202ec8b6314d321e0d90af29c084d61
Server/GC00/gc00_GetTsCol.cpp,Server/GC00,backend_source,scanned,True,07513535d3da289ccacbd34f9e31707cfcd411d3a5fb0ce8b49152e72bec252b
Server/GCPM/.env.production,Server/GCPM,environment_config_values_not_exported,scanned,True,2817cdcb3982eaf4a5a6bd7c0ac824fe62162c35c3796777b3729213029965f3
Server/GCPM/.gitignore,Server/GCPM,backend_source,scanned,False,168b695ee2329648ea1a0cf0a25d2639c5459ae5f63eccf64302aaaef259e3a4
Server/GCPM/.vscode/settings.json,Server/GCPM,config_or_resource,scanned,False,83de1c525e74033f7864b25fa68815340f22366846ea5739a4769a0f860a52ad
Server/GCPM/README.md,Server/GCPM,document_or_log,scanned,False,b7dcb11721eacb52c1ed854527670c20177a4e9221d1d762cb651c4afdb957ab
Server/GCPM/libGCPM/f_GetNextSeq_pm.cpp,Server/GCPM,backend_source,scanned,True,0d52e3f4fa0a26525591a5a89765fc2e1ffe729041774c6e7cd9a7ffcd0c5fe5
Server/GCPM/libGCPM/f_edsetcustominfo_mm.cpp,Server/GCPM,backend_source,scanned,True,a4ae26d4af121c7819bef6ba9734325e92bceb5341e15349bfcf89d4b2a8848d
Server/GCPM/libGCPM/f_get_multi_value.cpp,Server/GCPM,backend_source,scanned,True,77b96a4e22ab07fe1fc85a9d1cca0a8e02d191dc1d7782e4a31304867b9a23bc
Server/GCPM/libGCPM/f_get_multi_value2.cpp,Server/GCPM,backend_source,scanned,True,c69de095960ab5b6e62e9cdbe7f7017cf2bfe2fada4f0a91cb590cd594bef68e
Server/GCPM/p_gcpm_1300/gcpmz1_del.cpp,Server/GCPM,backend_source,scanned,True,5188b5c89b2bd9b473ec4932b119e6d2cac80c6dbe1ae00603b57cfe60db4793
Server/GCPM/p_gcpm_1300/gcpmz1_get.cpp,Server/GCPM,backend_source,scanned,True,86869f452b9961d409dc657510e5b3030c113330cc000f534a08cb6ca25435a3
Server/GCPM/p_gcpm_1300/gcpmz1_init.cpp,Server/GCPM,backend_source,scanned,True,5d9b7b8c878459c7d151140590776e913eb3d6c0a7b02d9709d41d92881e4214
Server/GCPM/p_gcpm_1300/gcpmz1_inq.cpp,Server/GCPM,backend_source,scanned,True,21165565f3388b3dd873f6f6dccff525974f6383c04a57c00ef3d00b5146aefe
Server/GCPM/p_gcpm_1300/gcpmz1_ins.cpp,Server/GCPM,backend_source,scanned,True,8649910d6132c8fa57987474cd73e1c829b683b803d518790fe06287f27fd325
Server/GCPM/p_gcpm_1300/gcpmz1_ins2.cpp,Server/GCPM,backend_source,scanned,True,c7d673bbbacdf5a868af0e0a7374b7a2b1a641c0b7f5ccef6d9ca8d48e22dac3
Server/GCPM/p_gcpm_1300/gcpmz1_sx.cpp,Server/GCPM,backend_source,scanned,True,dde9a20c13c89cd53b7d0abf7d1513849b03d9f10f72b59727c47dd2efe66f05
Server/GCPM/p_gcpm_1300/gcpmz1_upd.cpp,Server/GCPM,backend_source,scanned,True,6e2001777360bf6c55f90be25a5f96deff63a4dec205fcb8bf60dc4617e2018b
Server/GCPM/p_gcpm_1300/gcpmz1_upd2.cpp,Server/GCPM,backend_source,scanned,True,2a0cd331f11654932e1076a4812d878d3514317e5884a340c663e9f6e04002aa
Server/GCPM/p_gcpm_1300/gcpmz2_dels.cpp,Server/GCPM,backend_source,scanned,True,b5b40c629b017d644fbbcb73199ed00bf40d733ec43042d8348544dd8bc14ad1
Server/GCPM/p_gcpm_1300/gcpmz2_dels2.cpp,Server/GCPM,backend_source,scanned,True,ad135f9f367a7f6c591b8ca6e2d637c6f01f91510620f9e7838430cf130ac2e2
Server/GCPM/p_gcpm_1300/gcpmz2_form_word.cpp,Server/GCPM,backend_source,scanned,True,4630c1cebbe7a42f25e306d7e3307e0f1d977ddbdbc19c94b1aa49597722a04d
Server/GCPM/p_gcpm_1300/gcpmz2_from_ea08.cpp,Server/GCPM,backend_source,scanned,True,fca7af46170c1cb01389b06da6d2a65c3e80fb0f298d240239ae7f8127839536
Server/GCPM/p_gcpm_1300/gcpmz2_fun_upd.cpp,Server/GCPM,backend_source,scanned,True,154c16cdb8a60667123598ef039b0d3866dd2b27da07dd9d1a2bfcfe28ed97ae
Server/GCPM/p_gcpm_1300/gcpmz2_gnx.cpp,Server/GCPM,backend_source,scanned,True,670a8b2f5268ac01fe12b26faa07b5e71ee89f5dc39a26afcc6cd9716d6f134c
Server/GCPM/p_gcpm_1300/gcpmz2_inq.cpp,Server/GCPM,backend_source,scanned,True,c6f4b53ff713a039d3e46c313af12f55da619785b4638c8d2bfcef2bccc3e602
Server/GCPM/p_gcpm_1300/gcpmz2_inq_db.cpp,Server/GCPM,backend_source,scanned,True,dc4a0d2cafb542921868c45d104fb28112d143090123d848eaecc958f026ad8c
Server/GCPM/p_gcpm_1300/gcpmz2_inqdll.cpp,Server/GCPM,backend_source,scanned,True,33f4d4ccdda53b974fd66696f4bf6b03eaa524a424e4673742772b8be5c63499
Server/GCPM/p_gcpm_1300/gcpmz2_inqf.cpp,Server/GCPM,backend_source,scanned,True,d4b6edd29880e90485aca2e3bd1ec587034f241e97f1b9a0403905e7775555c9
Server/GCPM/p_gcpm_1300/gcpmz2_inqs.cpp,Server/GCPM,backend_source,scanned,True,606f5f0495bb28f2a42c90c5c7331686c37ef1ec15b1cc1d024178a14c21817c
Server/GCPM/p_gcpm_1300/gcpmz2_inqs_id.cpp,Server/GCPM,backend_source,scanned,True,67a088d26d384f01ce9334aacf0086ad2f0eb92dbec127cb362ee2ef36de9cab
Server/GCPM/p_gcpm_1300/gcpmz2_moid_upd.cpp,Server/GCPM,backend_source,scanned,True,c2f0b3a53771c4141b15aebf85d2b3ad7e4a4029d3769409d2fb9df63a2cf5fa
Server/GCPM/p_gcpm_1300/gcpmz2_toea08.cpp,Server/GCPM,backend_source,scanned,True,262497f63d1c6a095e2a8b5f53188963f3bab450e199d5165a5bb94dd9fb3965
Server/GCPM/p_gcpm_1300/gcpmz2_updf.cpp,Server/GCPM,backend_source,scanned,True,5e02c4fe6071e68b7635814049fd613fce3b23f925877fbeab325a08d706077f
Server/GCPM/p_gcpm_1300/gcpmz2_upds.cpp,Server/GCPM,backend_source,scanned,True,7050ce713e86551b1475d5bf3b1119398ac259ed297be167ce8f34665fb8ddf1
Server/GCPM/p_gcpm_1300/gcpmz2epg_inq.cpp,Server/GCPM,backend_source,scanned,True,9d744dcd815694e2dc218141aa86372dd06bcaaa750b38276ef069b163dfc97a
Server/GCPM/p_gcpm_29620/gcpmsi01_del.cpp,Server/GCPM,backend_source,scanned,True,18f52eead79272085ed43f0800750d22620ed66b10be2ca15325c1bfefd2f17d
Server/GCPM/p_gcpm_29620/gcpmsi01_inq.cpp,Server/GCPM,backend_source,scanned,True,5afb2375f69b2679970c8573924ad91b4ad2a0484e773f03f7b7859b4d4590bc
Server/GCPM/p_gcpm_29620/gcpmsi01_ins.cpp,Server/GCPM,backend_source,scanned,True,40548493d62d33856786b4453859ce2398c5cdb7b2c8ebec9ed3f9cc0dcff338
Server/GCPM/p_gcpm_29620/gcpmsi01_upd.cpp,Server/GCPM,backend_source,scanned,True,5e2147de0fe5a1786e19604639258296b17a2f84cd124e9d50e101c3cc27f85d
Server/GCPM/p_gcpm_29620/gcpmsi02_chk.cpp,Server/GCPM,backend_source,scanned,True,e5d0fcc1cc388abab26a157d428025d9a53da1c571b07c00969fbde108c1beb8
Server/GCPM/p_gcpm_29620/gcpmsi02_cmt.cpp,Server/GCPM,backend_source,scanned,True,845929c640ffc6cb0189c8b1fb2a785131b94d24d61931a718bc28699b9c4c25
Server/GCPM/p_gcpm_29620/gcpmsi02_del.cpp,Server/GCPM,backend_source,scanned,True,c54ac4494ae92d65674b39f7b0d080721f0e6a29ceb4ac8fca857cd68a894a30
Server/GCPM/p_gcpm_29620/gcpmsi02_import.cpp,Server/GCPM,backend_source,scanned,True,3a0f951929bd90caa5db4f3fb80bf61be382993ac6160b4188140805d1ee7b43
Server/GCPM/p_gcpm_29620/gcpmsi02_init.cpp,Server/GCPM,backend_source,scanned,True,7493685ecb37ad23a1611b7e0d39071955b226812f52fe67868e1b024e6286b9
Server/GCPM/p_gcpm_29620/gcpmsi02_inq.cpp,Server/GCPM,backend_source,scanned,True,b98d2fbb32795c61d8b54c420e22efb44e6ea30c22f79ad35df023a06b947fad
Server/GCPM/p_gcpm_29620/gcpmsi02_ins.cpp,Server/GCPM,backend_source,scanned,True,8b51f3714ebe4bca6da2b558406d95e407bc7bc8f6e066500e110e8870d37712
Server/GCPM/p_gcpm_29620/gcpmsi02_main_chk.cpp,Server/GCPM,backend_source,scanned,True,8c2f964b966aae2f9bf0a3f3a786ead0ae5b034e459468b9722ef29a03e205b9
Server/GCPM/p_gcpm_29620/gcpmsi02_upd.cpp,Server/GCPM,backend_source,scanned,True,edb698cfb154c05a23666b561141b25b2434b67e37364987a2c2384674703061
Server/GCPM/p_gcpm_29620/gcpmsi99_del.cpp,Server/GCPM,backend_source,scanned,True,ad91288086aff05192b6bf38d546b08fa732b38e901b3875c9cccc8259ad9e87
Server/GCPM/p_gcpm_29620/gcpmsi_chk.cpp,Server/GCPM,backend_source,scanned,True,736d7623a91292952ada6e6f165e8787950206e37eb183500b08a3801a7313c1
Server/GCPM/p_gcpm_29620/gcpmsi_inq.cpp,Server/GCPM,backend_source,scanned,True,702e4112ff73206c908ad45f435ed30190f99a2410a76b9442d86363bf8f8756
Server/GCPM/p_gcpm_29620/gcpmsi_inq2.cpp,Server/GCPM,backend_source,scanned,True,352159d83d14145e33a16b40dd0909e59189cc4b0677158eb9047b1000e681a1
Server/GCPM/p_gcpm_29620/gcpmsi_sql.cpp,Server/GCPM,backend_source,scanned,True,ee661f63bd76b9c2bb3005d91f68b9988ff9b8db8700e300e9ef2cb3ec3d5672
Server/GCPM/p_gcpm_29620/gcpmsied54_del.cpp,Server/GCPM,backend_source,scanned,True,8be50407c7673b25a4fd609d2f666759473897fde1b9e0957113ab657f154eec
Server/GCPM/p_gcpm_29620/gcpmsied54_inq.cpp,Server/GCPM,backend_source,scanned,True,7c0a44076fe502626bca7c0e24365d6dd6be15730b4105d37dc8b5c6c14c759c
Server/GCPM/p_gcpm_29620/gcpmsied54_inq2.cpp,Server/GCPM,backend_source,scanned,True,3d3f7e0be48bfc366e3085b963f88504c70a4c58636389a68065f6488ad9350f
Server/GCPM/p_gcpm_29620/gcpmsied54_ins.cpp,Server/GCPM,backend_source,scanned,True,437457dc54d2cf542a460c54fa6d82d6aa4a9c8c0d671a9b26fdf8373f3f3d90
Server/GCPM/p_gcpm_29620/gcpmsied54_qt.cpp,Server/GCPM,backend_source,scanned,True,cfd6fec34092b90f645fd9d6bf130456caf151da5a6b7206bf2258d66bfab15c
Server/GCPM/p_gcpm_29620/gcpmsied54_tj.cpp,Server/GCPM,backend_source,scanned,True,be219f9d4ee96f56c199aa4d822ed7fe5316451466b319ddcc733bdffbed46e7
Server/GCPM/p_gcpm_29620/gcpmsied54_upd.cpp,Server/GCPM,backend_source,scanned,True,84d7763211df3cd9a28d2af1788aaeca78000b16d16aae9640ee57f5b6d16229
Server/GCPM/p_gcpm_29640/gcpm21_ins.cpp,Server/GCPM,backend_source,scanned,True,e6f02f44a69b3c62a123dbbcf136f77bc268e5780a8a4f23a4e30e2ae3496f29
Server/GCPM/p_gcpm_29640/gcpm21_upd.cpp,Server/GCPM,backend_source,scanned,True,64b9aa7fdd3427240664992702f665e25acceb72c79e9b7ad685ec02b1ba9f84
Server/GCPM/p_gcpm_29640/gcpma2_ins.cpp,Server/GCPM,backend_source,scanned,True,35a3eea3b05d1b69e5c50f7de637750aaf55585dfafd383907aca1e169c15628
Server/GCPM/p_gcpm_29640/gcpma2_upd.cpp,Server/GCPM,backend_source,scanned,True,c7e5a3023de73068e1a355013aefa7fe56694e02204c4a8ed18f52dc0da6cd17
Server/GCPM/p_gcpm_29640/gcpma4_chk.cpp,Server/GCPM,backend_source,scanned,True,71a0a0d134858f4864154f4b2d02d97b0784220f80e11e579c14999a662b0c08
Server/GCPM/p_gcpm_29640/gcpma4_ins.cpp,Server/GCPM,backend_source,scanned,True,755e7b4a96e5084dad60ee8cbdb7caa67f58bf84c41cec42b9edd5e6f5a9e74a
Server/GCPM/p_gcpm_29640/gcpmea03_upd.cpp,Server/GCPM,backend_source,scanned,True,64fd16fb9e1cb8dcde73e430415e89c4de6a8b69b40382e14dc6ebd758b5ab82
Server/GCPM/p_gcpm_29640/gcpmep01_2gcpm.cpp,Server/GCPM,backend_source,scanned,True,51d6c96d6acc2b790670511354ffa53cf43ae7c439f76eaca8819fe8f9b0385b
Server/GCPM/p_gcpm_29640/gcpmep01_do.cpp,Server/GCPM,backend_source,scanned,True,ee09c0c1a70cbf365df484b61323557a0d52ce0109803dabc88a3562bbdb132d
Server/GCPM/p_gcpm_29640/gcpmep01_inq.cpp,Server/GCPM,backend_source,scanned,True,5278b1472c11ae82355192c7985f1f0d7d70c2be97263857116f174d6fe1ba87
Server/GCPM/p_gcpm_29640/gcpmep01mx_do.cpp,Server/GCPM,backend_source,scanned,True,70769c216129411e97af2ba743d53ffbd2986f4e6d8adf4f15ee7d8bb997771f
Server/GCPM/p_gcpm_29640/gcpmep01mx_inq.cpp,Server/GCPM,backend_source,scanned,True,6e652172b08dc7f130969613a131ae983188a8c21607f6dc4b14b45ae005b5ed
Server/GCPM/p_gcpm_29640/gcpmrpt_chk.cpp,Server/GCPM,backend_source,scanned,True,0e9816dd9c4feab1887cb42b73df30d47aeb391d1ea459a36b681b078f8c2007
Server/GCPM/p_gcpm_29640/gcpmz54_inq.cpp,Server/GCPM,backend_source,scanned,True,a75751138d8a5d3f3e2fc9ed36b39822800c04bd98c7ec186377fb80306200cc
Server/GCPM/p_gcpm_29640/gcpmz5_del.cpp,Server/GCPM,backend_source,scanned,True,2c7ca909df938201227a30545a1e3619307c1e0a8f32adc23cf7a796d4168733
Server/GCPM/p_gcpm_29640/gcpmz5_inq.cpp,Server/GCPM,backend_source,scanned,True,ec3e8b123a65cb74c8eeff83404312a6ceadfad0d088ff13ac913bb9ce1a9f53
Server/GCPM/p_gcpm_29640/gcpmz5_upd.cpp,Server/GCPM,backend_source,scanned,True,d3be933fcd4f87af1e30c79208ade711dabf04c1fcdadca1160347cf140edad3
Server/GCPM/p_gcpm_29640/gcpmz6_del.cpp,Server/GCPM,backend_source,scanned,True,2a4a6c375eee910d396ae4317c0d33f32a924a05c1216be3e8b91bfa6e5d4ac5
Server/GCPM/p_gcpm_29640/gcpmz6_del_not.cpp,Server/GCPM,backend_source,scanned,True,6619109f7b6c86ec2b9e1759fe2db15d5cad7556555abea07d75cc3b6c66d023
Server/GCPM/p_gcpm_29640/gcpmz6_del_sql.cpp,Server/GCPM,backend_source,scanned,True,cf9d49887fff48943e6c79660b13f0ed9a7851fb6cfb31bcdbab599ab7b71672
Server/GCPM/p_gcpm_29640/gcpmz6_inq.cpp,Server/GCPM,backend_source,scanned,True,77ea55b8e5db44c39a1e9f0018ecaf10601a58f0b9a1ecafc9b2d2ebaa9cb0e2
Server/GCPM/p_gcpm_29640/gcpmz6_inqmx.cpp,Server/GCPM,backend_source,scanned,True,636363e8fb5d307df3166ce4a862f9cd28265088da9f1199857a78bf2e7a4087
Server/GCPM/p_gcpm_29660/gcpm0096_inq.cpp,Server/GCPM,backend_source,scanned,True,0586183303fd8fe69581876a55b28bf8485ec3381e7755a51736aec9f8715b1f
Server/GCPM/p_gcpm_29660/gcpm21_ins.cpp,Server/GCPM,backend_source,scanned,True,cd995cf691f08d7d72cfe4f6ae05b2fc3ed67a53635410b8854c38d228b3bc65
Server/GCPM/p_gcpm_29660/gcpm21_upd.cpp,Server/GCPM,backend_source,scanned,True,d754946249a06719bfa4bfd366eb2b42ce715b93174bc9ce578eee864d6c4a59
Server/GCPM/p_gcpm_29660/gcpma2_ins.cpp,Server/GCPM,backend_source,scanned,True,daa7aa0138201d3d19bb0465f9a986f59160d1208978ee009f0357893eb90c72
Server/GCPM/p_gcpm_29660/gcpma2_upd.cpp,Server/GCPM,backend_source,scanned,True,23a44c74889a36b430179755544223c9c0b02e491d4930052dbd622170f4798a
Server/GCPM/p_gcpm_29660/gcpma4_chk.cpp,Server/GCPM,backend_source,scanned,True,5a374d6b67a89d44ebb15e1621faf30b7fbc39ee877a624f42a44e4acb57846d
Server/GCPM/p_gcpm_29660/gcpma4_ins.cpp,Server/GCPM,backend_source,scanned,True,89bfec0faca09ac00576e66c1e98fd4838c3dd62cb4503d80f818f1c40333f93
Server/GCPM/p_gcpm_29660/gcpmea03_upd.cpp,Server/GCPM,backend_source,scanned,True,c7367a9e514f3cc6532ba6bf743360766ec839490c22526bbcca4be92b9c2fd3
Server/GCPM/p_gcpm_29660/gcpmrpt_chk.cpp,Server/GCPM,backend_source,scanned,True,a7d8d04c21285275547ccf3c4fe319d64f122889a3a79457dc4a566777ad1e2b
Server/GCPM/p_gcpm_29680/gcpmdm01_cpy.cpp,Server/GCPM,backend_source,scanned,True,63e8931773c939bf0df7ed0ab0fc24bf240fc400e6f75c062663e26c01ea4859
Server/GCPM/p_gcpm_29680/gcpmdm01_do.cpp,Server/GCPM,backend_source,scanned,True,6188964be6f8a00af0e41b6502360706028ecef388f0d8f8cf6372388a27e320
Server/GCPM/p_gcpm_29680/gcpmdm01_inq.cpp,Server/GCPM,backend_source,scanned,True,c62263c9bc23a45899dbf34b1bc0839e6430c924f83fe9c025444ed14c371d9d
Server/GCPM/p_gcpm_29680/gcpmdm02_do.cpp,Server/GCPM,backend_source,scanned,True,eb9fbb3f50d8ef5ad442e55a303d584ace1ba3da6601f3ddad2b0f872f95a6c8
Server/GCPM/p_gcpm_29680/gcpmdm02_inq.cpp,Server/GCPM,backend_source,scanned,True,9abe5ad1547cbca27636e84378017aadb7534fefea55161f86cdcd1caf25eae8
Server/GCPM/p_gcpm_29680/gcpmdm03_do.cpp,Server/GCPM,backend_source,scanned,True,b68635f624a62439ed72f61f6f2d7666f7856abe24ab85d67a83d01ccb47fe3e
Server/GCPM/p_gcpm_29680/gcpmdm03_inq.cpp,Server/GCPM,backend_source,scanned,True,9a7897ff71dec4746bc1981d2877172b8f28638b77ce1466e0d31cc9c2e225ac
Server/GCPM/p_gcpm_29680/gcpmdm03_tj.cpp,Server/GCPM,backend_source,scanned,True,599e480272839e2c70d5d0540cfa7b48c6ed0b29424c46acf8c110baef05e683
Server/GCPM/p_gcpm_9320/gcpm_dataSet_inq.cpp,Server/GCPM,backend_source,scanned,True,d28f24007abf2e43c64e4955fafc1bd568ecb937ce1a047fe82e338e8e8dad74
Server/GCPM/p_gcpm_9320/gcpm_initForm.cpp,Server/GCPM,backend_source,scanned,True,924ec8daab3a9991a2b567f758b53449601c1f312e5be830f944d78f4566ff50
Server/GCPM/p_gcpm_9320/gcpm_tele.cpp,Server/GCPM,backend_source,scanned,True,5bbb734a756de1873cc0f2e6b6cb1e32a723254949df9801d6d13934adcb1a06
Server/GCPM/p_gcpm_9320/gcpmsi00_del.cpp,Server/GCPM,backend_source,scanned,True,bea41363aa7c19ab8f803bc761ac07bfebc4e413df456df0af12bb188f595f36
Server/GCPM/p_gcpm_9320/gcpmsi00_inq.cpp,Server/GCPM,backend_source,scanned,True,d16657836f5d72cd08c9a0eb3f2c27f953b92a07109dbfed396a4a152285729f
Server/GCPM/p_gcpm_9320/gcpmsi00_inq2.cpp,Server/GCPM,backend_source,scanned,True,074cf894f2133e9e0e7326bbe9306b1f00a3c978f6faa54bdea572b7aa27fa85
Server/GCPM/p_gcpm_9320/gcpmsi00_ins.cpp,Server/GCPM,backend_source,scanned,True,141fe2e9718728015198bd8358d5c8683cc2d8d821a4b69b27b8a06756497a21
Server/GCPM/p_gcpm_9320/gcpmsi00_upd.cpp,Server/GCPM,backend_source,scanned,True,e720957fb8a8adabc5637600800ec0da164eb88f8208a80b4403e8ed062feb4f
Server/GCPM/p_gcpm_9320/gcpmsiUi_inq.cpp,Server/GCPM,backend_source,scanned,True,17c703b08cd6b75085b0637e64d0048d10b4cbef29576a69611255f33b52cc61
Server/GCPM/p_gcpm_9320/gcpmsiUi_inq2.cpp,Server/GCPM,backend_source,scanned,True,18ed3105d7fce4ac57980777e789a3a0486f656cdd2152d70e2765139356844d
Server/GCPM/p_gcpm_9320/gcpmsiUi_save.cpp,Server/GCPM,backend_source,scanned,True,f1a4191bc29544b793f779a5e4c8a9570a5f2c67098ad254b27a3548fd002484
Server/GCTP/.env.production,Server/GCTP,environment_config_values_not_exported,scanned,True,f13690b461d9102fea777c0b3045d3871ffcdaf4a1db562e209dc60656b21295
Server/GCTP/.gitignore,Server/GCTP,backend_source,scanned,False,168b695ee2329648ea1a0cf0a25d2639c5459ae5f63eccf64302aaaef259e3a4
Server/GCTP/.vscode/settings.json,Server/GCTP,config_or_resource,scanned,False,83de1c525e74033f7864b25fa68815340f22366846ea5739a4769a0f860a52ad
Server/GCTP/README.md,Server/GCTP,document_or_log,scanned,False,5eb520cbe9b1aa1bce22413137126cde163b09f9813bc7e2741a631a0e884fb4
Server/GCTP/libGCTP/f_gctp_buttonConfig.cpp,Server/GCTP,backend_source,scanned,True,5bf53c11658a6d504b194beae00bfd20244a456a5306c5d1a39db71aeb8f0668
Server/GCTP/libGCTP/f_gctp_configDataNew.cpp,Server/GCTP,backend_source,scanned,True,f7d67811e9bad4bc613613661bdce9f858bbc484c4796c65d5dfdf43904c33c0
Server/GCTP/libGCTP/f_gctp_configDataSave.cpp,Server/GCTP,backend_source,scanned,True,ad17a9f3a80712f538a97ad0c16c82b2a69bf5a17e67c7f1192dbdab797edd1c
Server/GCTP/libGCTP/f_gctp_configLoad.cpp,Server/GCTP,backend_source,scanned,True,d28eea0600f4503323c28b581374fa29b2f8ba7339f4411c96b41dd883bbc3a7
Server/GCTP/libGCTP/f_gctp_dataDelete.cpp,Server/GCTP,backend_source,scanned,True,a83539ee90a43b921b9b45bb172f3fe118e103dcd73d66eaf03f32ce3067af10
Server/GCTP/libGCTP/f_gctp_dataInsert.cpp,Server/GCTP,backend_source,scanned,True,903496466c64393992a720d6e880cd0266d53def86bbff531bc18a8fe56a8eee
Server/GCTP/libGCTP/f_gctp_dataQuery.cpp,Server/GCTP,backend_source,scanned,True,8ff21cc7cb90a7c5c9b5ede4fdb75c80762370896d9e0bbbbdc10ab25b8f4063
Server/GCTP/libGCTP/f_gctp_dataUpdate.cpp,Server/GCTP,backend_source,scanned,True,7a6cb742e064195afb4e7e1242ff49d3c727f52824012745c18ec43076ca1c1a
Server/GCTP/libGCTP/f_gctp_dsItemNew.cpp,Server/GCTP,backend_source,scanned,True,220ff256cdd70d4e431a77109d97d1143faac5dd04570fdbab09ccda6e964a13
Server/GCTP/libGCTP/f_gctp_dyna_table.cpp,Server/GCTP,backend_source,scanned,True,4aa97dc929fa4d908dc9e6abe2d7513c6ab715bdc80f8550404db8ca1fdde288
Server/GCTP/libGCTP/f_gctp_formBtnInsert.cpp,Server/GCTP,backend_source,scanned,True,1912f6fe7979dc57ffac620f4ee8e169429222e4d402a309763763e938d90177
Server/GCTP/libGCTP/f_gctp_formInfoInsert.cpp,Server/GCTP,backend_source,scanned,True,9283e932b10d9beb24f8efdf90109e946372c2580c24f7ccc135d2f3c4a9f278
Server/GCTP/libGCTP/f_gctp_getCfgDataVt.cpp,Server/GCTP,backend_source,scanned,True,acc2191c0566868bb5ebfcbf055f3372f1edbc6bf45491663d3ad29cf3bc4179
Server/GCTP/libGCTP/f_gctp_getConfigData.cpp,Server/GCTP,backend_source,scanned,True,ef231a8124f85e71d123133e09db4f7fd6abe5abf367c106da4555e357e9f6c8
Server/GCTP/libGCTP/f_gctp_getConfigItem.cpp,Server/GCTP,backend_source,scanned,True,0ebd11bd2ed607a9ef18f7778fe307e8e26fd6ffac45664578d7c143a19784d5
Server/GCTP/libGCTP/f_gctp_getDsConfig.cpp,Server/GCTP,backend_source,scanned,True,7b4747badfa24dd38ab2d8e12b25b5c050048a3cf38772a39c9e46769b4e9f92
Server/GCTP/libGCTP/f_gctp_getTableItem.cpp,Server/GCTP,backend_source,scanned,True,5c922bdbbe4f576cf63c411cc8acdb3be79d61143f2e9fb6e0cf2ef0036b6c3e
Server/GCTP/libGCTP/f_gctp_httpTcSend.cpp,Server/GCTP,backend_source,scanned,True,3282ca8054afefe383e18023c43f77b7b5f11c81fd11e6a91bf9ab81f2ce52d7
Server/GCTP/libGCTP/f_gctp_setCfgDataVt.cpp,Server/GCTP,backend_source,scanned,True,fff4001ba6ef14f8f0857b8639a21e7ec7b629e47cd215fc1f10a5c7f749365a
Server/GCTP/libGCTP/f_gctp_setFormCfg.cpp,Server/GCTP,backend_source,scanned,True,c7cb2140c47d5cca99e92b36e45835e0c5d220b3b7417380f894224f6dd0e0c7
Server/MM00/.env.production,Server/MM00,environment_config_values_not_exported,scanned,True,d1740f18920b30b3d402c6471d9ef678ec6b00d7fe723fbbf57d4f3b1486f967
Server/MM00/.gitignore,Server/MM00,backend_source,scanned,False,168b695ee2329648ea1a0cf0a25d2639c5459ae5f63eccf64302aaaef259e3a4
Server/MM00/.vscode/settings.json,Server/MM00,config_or_resource,scanned,False,83de1c525e74033f7864b25fa68815340f22366846ea5739a4769a0f860a52ad
Server/MM00/README.md,Server/MM00,document_or_log,scanned,False,134050679920fba25b11b2e457dacb6a21af24a01bfa07c41373b587ea69cc49
Server/MM00/libMM00/f_mm000501_proc.cpp,Server/MM00,backend_source,scanned,True,bf759ac8c2b48f07aabbc9a6127e9dbb4e67c9f07f72a36ffa65258c8a0f06de
Server/MM00/libMM00/f_mm0011.cpp,Server/MM00,backend_source,scanned,True,92c0fc21a70c20b6f229843a4dd5bde444ca78cc4e851fb76aae3ecf081aca3e
Server/MM00/libMM00/f_mm0012.cpp,Server/MM00,backend_source,scanned,True,7e0c2a4f4ed25286a3f2f0f05d9ca2919a232baa1db4f71b592dce84d392f36e
Server/MM00/libMM00/f_mm0013.cpp,Server/MM00,backend_source,scanned,True,d4835aa7b799f41d5d6498e28c4ff88208e9e59e9005e3e36748a402c90b5ae9
Server/MM00/libMM00/f_mm0014.cpp,Server/MM00,backend_source,scanned,True,1dcdb5384ef5852b590d515108dc7e4a17413d6cf1d76e522a7ef8b66cf54a44
Server/MM00/libMM00/f_mm0015.cpp,Server/MM00,backend_source,scanned,True,7fccd6ed1289e4b7fdd58f9554cfde802a963c886f4d1dbe5a7c1cdb229c2ef2
Server/MM00/libMM00/f_mm0016.cpp,Server/MM00,backend_source,scanned,True,100fd49d9f0322d8709d3b2324babbbcc365d4ee31591b1363e1b14edb295750
Server/MM00/libMM00/f_mm0017.cpp,Server/MM00,backend_source,scanned,True,9d61044e2a2bad633f61d02eba5719a5eecb3a92eeec834d7701c36225b5e949
Server/MM00/libMM00/f_mm0099.cpp,Server/MM00,backend_source,scanned,True,5b967da3877b43e5258d6fdcec2ae3f4afc19a6b1a2af25553f09e6d89799d23
Server/MM00/libMM00/f_mm0099_00.cpp,Server/MM00,backend_source,scanned,True,6ee9dcb14db6ad2333ec4b7b0ef9736764cabebf1179bda191e3f3df4a7020ba
Server/MM00/libMM00/f_mm0099_04.cpp,Server/MM00,backend_source,scanned,True,8a054783c1adbc71e91e533e1b990ecd8e50912e087503abb6b2f779121e8236
Server/MM00/libMM00/f_mm0099_08.cpp,Server/MM00,backend_source,scanned,True,a538d7adf6e9772b3c8d19ef3d2555c0a5038ba8f4551faa9f0d96b8a1e5fb16
Server/MM00/libMM00/f_mm0099_ac.cpp,Server/MM00,backend_source,scanned,True,4a5356248310f822855b5bb015a4f2737444f433e991ed4adc0de62f7d67e90c
Server/MM00/libMM00/f_mm0099_ac_bw1.cpp,Server/MM00,backend_source,scanned,True,5eb79ae31607fdd183dd8bd1c8102d164a94b58a97ffcfc8922b8387281c61f7
Server/MM00/libMM00/f_mm0099_ac_bw2.cpp,Server/MM00,backend_source,scanned,True,c8d4c4c684f575d836f273a2e622a8bddaecf5981369baa6156b9073d6954bab
Server/MM00/libMM00/f_mm0099_ac_sm.cpp,Server/MM00,backend_source,scanned,True,46fa31300e6022274ceb47a4792c4ac43a0c3247d01f6949b27aa5833066a5ce
Server/MM00/libMM00/f_mm0099_ym.cpp,Server/MM00,backend_source,scanned,True,d757ff4142565a0c701501a0f898d02da922cad2451de2a25044e3611e3d4b98
Server/MM00/libMM00/f_mm009b.cpp,Server/MM00,backend_source,scanned,True,702bbbbb3885240fdaeaf5e9c4ad68f66154548c0daed72867fce18f89e6e486
Server/MM00/libMM00/f_mm009c.cpp,Server/MM00,backend_source,scanned,True,a6c3bee0c27a29b3fe834eca98202a7dbc1606d01c0ff7dd2876a94c2faa9fdf
Server/MM00/libMM00/f_mm009w_01.cpp,Server/MM00,backend_source,scanned,True,f6a652997eb607edbc040155ac2f186c4795844e1af0127b4f775d82d8586ee8
Server/MM00/p_mm00_18010/mm0000b1f2_inq.cpp,Server/MM00,backend_source,scanned,True,7fba4017234860993e5f5b94f531c54a64aa2df8e6e25824c578ccd6a50cc1cb
Server/MM00/p_mm00_18010/mm0000b1f2_pes_inq.cpp,Server/MM00,backend_source,scanned,True,e0da11c94e89dd4e60d60f0f3ec781e37d8e38069b597e4cc7b52292c3da9dc5
Server/MM00/p_mm00_18010/mm0001d1a1_inq.cpp,Server/MM00,backend_source,scanned,True,addc0911b3625ec0c623741672fad99f1995773529ed507952a01f9b39913d35
Server/MM00/p_mm00_18010/mm0001d1f10_pro.cpp,Server/MM00,backend_source,scanned,True,c0dff31234793802cc8316a8ce4111d0d74fe65231b9fc46fd89e2bc6b4cc5dd
Server/MM00/p_mm00_18010/mm0001d1f11_pro.cpp,Server/MM00,backend_source,scanned,True,b58b42ff458df618826e24662ba01bc0b4f36b1487a4974ab3803e3b5893da7e
Server/MM00/p_mm00_18010/mm0001d1f12_pro.cpp,Server/MM00,backend_source,scanned,True,30644efda1fec52d8fda63d52d60b730ad9b868ad1d02f36b26d9ada12290f86
Server/MM00/p_mm00_18010/mm0001d1f2_inq.cpp,Server/MM00,backend_source,scanned,True,dced3ec4203fda65ddeb707ca51ea80c84d5f86757bd4c97e2b25b8024a42338
Server/MM00/p_mm00_18010/mm0001d1f8_pro.cpp,Server/MM00,backend_source,scanned,True,f2e4ecd8ed17cd32d7e9cff9ca98078b57f04b13a40e9bc23a714783f3837228
Server/MM00/p_mm00_18010/mm0001d1f9_pro.cpp,Server/MM00,backend_source,scanned,True,6f5b6f386f1adb3826e6973c89cd0433c55ec4c893699b832d9008a3314de83c
Server/MM00/p_mm00_18010/mm0005a1a1_inq.cpp,Server/MM00,backend_source,scanned,True,065e06f13747de056df8fc9f1f9b9fa0f6e94ba5c8d6c29dc28d3d58759fb5d0
Server/MM00/p_mm00_18010/mm0005a1b1_inq.cpp,Server/MM00,backend_source,scanned,True,8215e442bf12ae074dafb6c838785f63a9e1354445b1d69e7bcf467ddacd8adc
Server/MM00/p_mm00_18010/mm0005a1f2_inq.cpp,Server/MM00,backend_source,scanned,True,dd99862a9bf0948e28113a831f061df34122ca588f898256ae0b1ba13fd3a3c4
Server/MM00/p_mm00_18010/mm0010a1f2_inq.cpp,Server/MM00,backend_source,scanned,True,44fe326e00c755fe634e2491e4f30e5fc5fb78dc430067b8d5d0aba2ec47acd3
Server/MM00/p_mm00_18010/mm0010a1f3_ins.cpp,Server/MM00,backend_source,scanned,True,1ff89127473db35150ac43c51fc49c35cc671aef9218f2c5aa1c12006f0752aa
Server/MM00/p_mm00_18010/mm0010a1f4_pro.cpp,Server/MM00,backend_source,scanned,True,992b3800f3f24439266568052c70a6351d872294622512d224a62e093677d0df
Server/MM00/p_mm00_18010/mm0010a1f5_del.cpp,Server/MM00,backend_source,scanned,True,05163dfb7d1c9bf9158a6e89ab615ef7b68921c00e37d1e8ca9db63f97f51ecb
Server/MM00/p_mm00_18010/mm0010a1f6_pro.cpp,Server/MM00,backend_source,scanned,True,b2f11b67bea5564ab3fdd159966e40602e34cb22eb038ec04756b118de40a82f
Server/MM00/p_mm00_18010/mm0010b1a1_inq.cpp,Server/MM00,backend_source,scanned,True,dcb981f9cfe92dd08105e47dba5170a4bc732c47944c255c72b7e1088d7fec59
Server/MM00/p_mm00_18010/mm0010b1f2_inq.cpp,Server/MM00,backend_source,scanned,True,393d7ac96dcecbac93a5c4126917f6c9a2645ea4afff45d3321de38f46fc95ca
Server/MM00/p_mm00_18010/mm0010b1f4_del.cpp,Server/MM00,backend_source,scanned,True,6dad1710131d6383e0309e796e542faf28bd38bfaaf3cd74ee4ae490e0dd7b83
Server/MM00/p_mm00_18010/mm0010b1f5_del.cpp,Server/MM00,backend_source,scanned,True,d62142d3cb634988912f3e08ba68e328f66cad33cd07acd0249f88d96cd89e2d
Server/MM00/p_mm00_18010/mm0010b1f6_pro.cpp,Server/MM00,backend_source,scanned,True,b70b33dc4214062cb67f96a45a2c016c4cff3aa2f8e76daae947dfdeed56c820
Server/MM00/p_mm00_18010/mm0097a1a1_inq.cpp,Server/MM00,backend_source,scanned,True,322f38736337292781bc772aba16e40debc3409d38bf80a934d520b477635ded
Server/MM00/p_mm00_18010/mm0097a1f2_inq.cpp,Server/MM00,backend_source,scanned,True,b190e0a0b0b4a6e8eb09ab62b42eb4fe044b2f14b4b1829fd85f11a4a6b23e5b
Server/MM00/p_mm00_18010/mm0097a1f6_pro.cpp,Server/MM00,backend_source,scanned,True,f70b641673b8679802d31366605b5916b6dfda391a700d24c13d0b4af9328490
Server/MM00/p_mm00_18010/mm0097a1f7_pro.cpp,Server/MM00,backend_source,scanned,True,cb56b79082eec2220f4d0a6ff8f2307a7fc429f8342eb47e70110a6dc4263e0b
Server/MM00/p_mm00_18010/mm0097a1f8_pro.cpp,Server/MM00,backend_source,scanned,True,68e2bb56f9dfbee0db49c0685f16c8d867016b8ce519e0360afa13aade875ff5
Server/MM00/p_mm00_18010/mm0097a1f9_pro.cpp,Server/MM00,backend_source,scanned,True,822f16b77543b8ee22660f5b3316c810da04eb7d8c158ba8a96a79cd7580071b
Server/MM00/p_mm00_18010/mm0097code_inq.cpp,Server/MM00,backend_source,scanned,True,66c5cd2d8c676157fdfe8ad20b1cd9da96b14ac49cdfd093e378b853a09a1060
Server/MM00/p_mm00_18010/mm0097d1a1_inq.cpp,Server/MM00,backend_source,scanned,True,5ceeba2b6c03e02fc1b5298157274ddbf28e9b97a9f11cd6926ec81699d788e1
Server/MM00/p_mm00_18010/mm0097d1f2_inq.cpp,Server/MM00,backend_source,scanned,True,35299d260f19b14eade19884d78f6d919bff4e5ad36aa53495c80d671d937563
Server/MM00/p_mm00_18010/mm0097d1f3_pro.cpp,Server/MM00,backend_source,scanned,True,076af205d53b35352c3615107042f70bea7424f3d1cb9ec660d5d72f57605e96
Server/MM00/p_mm00_18010/mm00_getFormConfig.cpp,Server/MM00,backend_source,scanned,True,85e0041db5b8435baf5d147e6d1fe6905221a16cb6a4d237ace522102c25dda2
Server/MM00/p_mm00_18010/mm00crqc_inq.cpp,Server/MM00,backend_source,scanned,True,1644c10a14509c51ecfcadba02d9838bba30d1785b21062bdb2110d9070c6f33
Server/MM00/p_mm00_18010/mm00datalz1_inq.cpp,Server/MM00,backend_source,scanned,True,e94a33ef26d113286ccb79f189ff24f27cb09d6c86d8fb068abf4c3c16c842e3
Server/MM00/p_mm00_18010/mm00datarz1_inq.cpp,Server/MM00,backend_source,scanned,True,b1febd50a5092869478035d8ba7562c3a78eb90a23492852f1de2c69747ba872
Server/MM00/p_mm00_18010/mm00hrqc_inq.cpp,Server/MM00,backend_source,scanned,True,039dfcccefa23ecaa1cc11600f729218136748fdc09a1fecbee1adfd138ec218
Server/MM00/p_mm00_18010/mm00si02f2_inq.cpp,Server/MM00,backend_source,scanned,True,98a2a431af2b860ba2593387710a4af000c134f3129f8562d6ac7e70bd2d5d8c
Server/MM00/p_mm00_18010/mm00si02f6_pro.cpp,Server/MM00,backend_source,scanned,True,344b4964c10d70f183f1e7755191db873fb83e5d42b518944797100cd427b8c9
Server/MM00/p_mm00_18010/mm00si16f1_pro.cpp,Server/MM00,backend_source,scanned,True,d0ad794f84b31a8b4da543095aa63cefbc44374d715514bc88aaf89739735ee2
Server/MM00/p_mm00_18010/mm00si16f2_inq.cpp,Server/MM00,backend_source,scanned,True,70ff66262f8f498989eebdfff68044324c437e12d37207c956fc8f9a3382f372
Server/MM00/p_mm00_18010/mm00si16f3_ins.cpp,Server/MM00,backend_source,scanned,True,a665d0e9276483412237e048980d079ac722aeb7894879e4dd0a0e6c1495405b
Server/MM00/p_mm00_18010/mm00si16f4_upd.cpp,Server/MM00,backend_source,scanned,True,633a80d1e3877b5deccc5e0ebba97b29cb0ef81e594fe3cc3a120e6acbe72714
Server/MM00/p_mm00_18010/mm00si16f5_del.cpp,Server/MM00,backend_source,scanned,True,6eb3cad2d28f0a384be7a38348f7fc00438aa3bce983d15cca64f752dcb776bf
Server/MM00/p_mm00_18010/mm00su47a1_m.cpp,Server/MM00,backend_source,scanned,True,9595488025728dd58ad73df0d8882e0b27799a7aa801358bec40734952a33561
Server/MM00/p_mm00_18010/mm00su47a1_q.cpp,Server/MM00,backend_source,scanned,True,8bd6d3228a171c53e7dffebd8f98c8eda66593596d4966c281d8120ab02fdabf
Server/MM00/p_mm00_18010/mm00sud1f1_inq.cpp,Server/MM00,backend_source,scanned,True,73be999bdd233f6a52e3b6c4ce648ff59e3153d2568a3736bbe464f33ef01b6b
Server/MM00/p_mm00_18010/mm00sud1f2_inq.cpp,Server/MM00,backend_source,scanned,True,edbf9cfe87ad0f54cb3284d0da7290833a126c90ac63d11bdbb121177d739ed8
Server/MM00/p_mm00_18010/mm00sud2f1_inq.cpp,Server/MM00,backend_source,scanned,True,f9c0849646c9dbddb6bbca22d2b8591718c91c3283d5f173088e0bc7d089d2ce
Server/MM00/p_mm00_18010/mm00sud2f2_inq.cpp,Server/MM00,backend_source,scanned,True,716d369c09d12384ddcb105e1fe69185ac58caa796314c23ca88bb4846a0f476
Server/MM00/p_mm00_18010/mm00sud4f1_inq.cpp,Server/MM00,backend_source,scanned,True,d64b0d8f9262421aa420646f2273d201a67a1bdb1386b263f370cdd3a0e20170
Server/MM00/p_mm00_18010/mm00sud4f2_inq.cpp,Server/MM00,backend_source,scanned,True,6908db9b40a46e42ed68a3d79f93288882a78743e11b27a2341c5bc6ec9b9464
Server/MM00/p_mm00_18010/mm00sud5f2_inq.cpp,Server/MM00,backend_source,scanned,True,9b4253ae75836f79410179162446f8500bd7ebb3b3d3c5525cd5e38832405c92
Server/MM00/p_mm00_18010/mm00sue5f2_inq.cpp,Server/MM00,backend_source,scanned,True,f6a25a269d76dafaaa74faf84811359c72c52ad9f0b171d251e70e50ee780514
Server/MM00/p_mm00_18010/mm00suy1a3_m.cpp,Server/MM00,backend_source,scanned,True,1b2ac141ff7bf843111ce92e82ea3f127d892665e9c0f2a4102f0e838363deb2
Server/MM00/p_mm00_18010/mm00suy1a3_q.cpp,Server/MM00,backend_source,scanned,True,184a7a99be639813641fbe509df9dda0989983c17aeed175ff1cda2b4f39cbc3
Server/MM00/p_mm00_18020/mm0000a1_cfm.cpp,Server/MM00,backend_source,scanned,True,39f6d89d99279da89caeaa94241cfd838cf4016580878fad68a0469fcc4c0aea
Server/MM00/p_mm00_18020/mm0089a1a1_inq.cpp,Server/MM00,backend_source,scanned,True,0426b2f43295cc4e8ff3fbde49efc45171497f0ff6df8e34c395713513447448
Server/MM00/p_mm00_18020/mm0089a1b1_pro.cpp,Server/MM00,backend_source,scanned,True,cca1017ea09b236fbd6aec66c3e46c9f883f8e7401833f9d9e7ab22f1d6ef941
Server/MM00/p_mm00_18020/mm0089a1f2_inq.cpp,Server/MM00,backend_source,scanned,True,88b1398493b6a8e68f34e0feda388dc63287f91a4dc4a64e0bded570b5f9f195
Server/MM00/p_mm00_18020/mm0089a1f3_pro.cpp,Server/MM00,backend_source,scanned,True,cadec746ded5d5539199f75ae48ff9f600cc13447b740cbf33f21648188ea6d9
Server/MM00/p_mm00_18020/mm0089a1f6_pro.cpp,Server/MM00,backend_source,scanned,True,85862ef95b383e467677408f63f2d634c17b407d7e593a746e8f73a235a2cc19
Server/MM00/p_mm00_18020/mm0097c1a2_inq.cpp,Server/MM00,backend_source,scanned,True,5b13d44cbbe7f85b469ab6ea20467c8f40cdb7fd133d019a32e5b96b2dcd08d3
Server/MM00/p_mm00_18020/mm0097c1f2_inq.cpp,Server/MM00,backend_source,scanned,True,cb7252755566776b4ebf71d38e8aa294c0dd9bb2a3dea52382bbb2f40b9ca5fc
Server/MM00/p_mm00_18020/mm0097c1f3_ins.cpp,Server/MM00,backend_source,scanned,True,808ed05dc185ed6af23ede17af4d3f02d9d030b33feda89248a93ef1fd61db3e
Server/MM00/p_mm00_18020/mm0097c1f4_upd.cpp,Server/MM00,backend_source,scanned,True,680256c591fcbba445d8234f294dd1f9ae1bd4853b05d4908a5373ef6fb68720
Server/MM00/p_mm00_18020/mm0097c1f6_upd.cpp,Server/MM00,backend_source,scanned,True,618775a7a30a75b3a823f4e85d6701a14b788a69865d48dbb758531ab635ad06
Server/MM00/p_mm00_18020/mm0097c1f7_del.cpp,Server/MM00,backend_source,scanned,True,de0e38cfbc8f3699b8d5879f7d562950cb78019a2d87a8eb8fc2a2fb94023891
Server/MM00/p_mm00_18020/mm0097c1f8_seq.cpp,Server/MM00,backend_source,scanned,True,2e1085e014ceb82efa2be9a99a7c3d6b2fc89b10c4875ba3b6ddb44235ed06c7
Server/MM00/p_mm00_18020/mm0097c1f9_cpy.cpp,Server/MM00,backend_source,scanned,True,a84973c14b346160c03b7041d0fe553958bf7402eee79431ecd68dd632efcfc1
Server/MM00/p_mm00_18040/cm_sm0008_rcv.cpp,Server/MM00,backend_source,scanned,True,f7b9fd4b115fa864c28c28cb301933e165b576e449ac2d119e00208bed801347
Server/MM00/p_mm00_18040/cm_sm0009_rcv.cpp,Server/MM00,backend_source,scanned,True,4415e8201ab35af740749a500be90504326e86acbb6dd90a15891623d83dc09e
Server/MM00/p_mm00_18040/cm_sm0010_rcv.cpp,Server/MM00,backend_source,scanned,True,0875e1d5dc7d1d1bd9a2c8b91a95c4b218d38dc1dc10b9801ce10870c6397e3d
Server/MM00/p_mm00_18040/mm0097c1a2_inq.cpp,Server/MM00,backend_source,scanned,True,5b13d44cbbe7f85b469ab6ea20467c8f40cdb7fd133d019a32e5b96b2dcd08d3
Server/MM00/p_mm00_18040/mm0097c1f2_inq.cpp,Server/MM00,backend_source,scanned,True,cb7252755566776b4ebf71d38e8aa294c0dd9bb2a3dea52382bbb2f40b9ca5fc
Server/MM00/p_mm00_18040/mm0097c1f3_ins.cpp,Server/MM00,backend_source,scanned,True,808ed05dc185ed6af23ede17af4d3f02d9d030b33feda89248a93ef1fd61db3e
Server/MM00/p_mm00_18040/mm0097c1f4_upd.cpp,Server/MM00,backend_source,scanned,True,680256c591fcbba445d8234f294dd1f9ae1bd4853b05d4908a5373ef6fb68720
Server/MM00/p_mm00_18040/mm0097c1f6_upd.cpp,Server/MM00,backend_source,scanned,True,618775a7a30a75b3a823f4e85d6701a14b788a69865d48dbb758531ab635ad06
Server/MM00/p_mm00_18040/mm0097c1f7_del.cpp,Server/MM00,backend_source,scanned,True,de0e38cfbc8f3699b8d5879f7d562950cb78019a2d87a8eb8fc2a2fb94023891
Server/MM00/p_mm00_18040/mm0097c1f8_seq.cpp,Server/MM00,backend_source,scanned,True,2e1085e014ceb82efa2be9a99a7c3d6b2fc89b10c4875ba3b6ddb44235ed06c7
Server/MM00/p_mm00_18040/mm0097c1f9_cpy.cpp,Server/MM00,backend_source,scanned,True,a84973c14b346160c03b7041d0fe553958bf7402eee79431ecd68dd632efcfc1
Server/MMSM/.env.production,Server/MMSM,environment_config_values_not_exported,scanned,True,e3e568992e5158a8883b15706a2f7bf182491400cb1c4dae38815e474ba4c671
Server/MMSM/.gitignore,Server/MMSM,backend_source,scanned,False,168b695ee2329648ea1a0cf0a25d2639c5459ae5f63eccf64302aaaef259e3a4
Server/MMSM/.vscode/settings.json,Server/MMSM,config_or_resource,scanned,False,83de1c525e74033f7864b25fa68815340f22366846ea5739a4769a0f860a52ad
Server/MMSM/README.md,Server/MMSM,document_or_log,scanned,False,9337be3a6a8a2467b515987c383f846a6d44daeb3cd4b562a274a97b86aac50c
Server/MMSM/libMMSM/f_21b003_snd.cpp,Server/MMSM,backend_source,scanned,True,a23cbfabffbf1a927458e59fa594454af117115cb22de6becb773eba1cae54d9
Server/MMSM/libMMSM/f_21b004_snd.cpp,Server/MMSM,backend_source,scanned,True,83fee1ee4d73dda673abf9231a8e93306768d6131145e0da12464920dc8b3599
Server/MMSM/libMMSM/f_e2t8m1_proc.cpp,Server/MMSM,backend_source,scanned,True,7308f4e3246c83ea9cb4bdbbc2e24ed0f6e56165e7ff7e598bebde90fd8968e3
Server/MMSM/libMMSM/f_getSeqNextValue.cpp,Server/MMSM,backend_source,scanned,True,a3745c83e118d505cff0e1500b4cbbd76d864ff76bb83500f8134eb51dc15b00
Server/MMSM/libMMSM/f_mmsm0001_proc.cpp,Server/MMSM,backend_source,scanned,True,3e71f316beaf4d556b027f07ff12fb606f062af8edd6543a7a1df08bc1869fe4
Server/MMSM/libMMSM/f_mmsm0003_proc.cpp,Server/MMSM,backend_source,scanned,True,763d2be45e7c759cdc5dce223657b96d73b5bf2d3a80551e396f52c286397c0a
Server/MMSM/libMMSM/f_mmsm0004_proc.cpp,Server/MMSM,backend_source,scanned,True,f0900e415f477af9283038ef85a9df503d9be4995cd0f49382a7cd866f994883
Server/MMSM/libMMSM/f_mmsm0005_proc.cpp,Server/MMSM,backend_source,scanned,True,4908681742aba4fcfcca46a8c0b7f1568015b8ba659e6586530b909ed17d7d69
Server/MMSM/libMMSM/f_mmsm0007_subBklgIns.cpp,Server/MMSM,backend_source,scanned,True,81547344ea4dce5eb6c0f92f2d17e1368e5a9ab5078e826788e000472af4fbcb
Server/MMSM/libMMSM/f_mmsm0008_proc.cpp,Server/MMSM,backend_source,scanned,True,50b1611c4ae159924052a86998ec44fde93bbe7c1766d3442fc468cc37e5c25f
Server/MMSM/libMMSM/f_mmsm0055_proc.cpp,Server/MMSM,backend_source,scanned,True,b662abb08fc5888d9ac12ffcdd3e06e4813cd3a2f9f753101e5e4f72d3d8d071
Server/MMSM/libMMSM/f_mmsm009a_snd.cpp,Server/MMSM,backend_source,scanned,True,1f312c5f6aa4fa2d4e1da4603336ee7d871b50c2bcd194b9d909b8f692f341fe
Server/MMSM/libMMSM/f_mmsm009b_snd.cpp,Server/MMSM,backend_source,scanned,True,9962c796d62518192039ca443ffcff666b64c83fcb28e5dbea265cd2eb407145
Server/MMSM/libMMSM/f_mmsm009c_snd.cpp,Server/MMSM,backend_source,scanned,True,65bde1fccd5c4ad67481dd3b2670969d49b31b08d9d03a01a628932670707d7a
Server/MMSM/libMMSM/f_mmsm009d_snd.cpp,Server/MMSM,backend_source,scanned,True,f84432aff163d649360d3fdb9a85fed31e381b5523cdfd8e36a371bfffb0d495
Server/MMSM/libMMSM/f_mmsm009e_snd.cpp,Server/MMSM,backend_source,scanned,True,c9e08e43be73333ea3f0e00f9fba54f5c38278fcb1daafd521567e1b48651a0f
Server/MMSM/libMMSM/f_mmsm01_ins.cpp,Server/MMSM,backend_source,scanned,True,62f2e8a78ca4d1e41542dbe6bf4cd89205c9a653c4f82aeb237d90c0302c3a22
Server/MMSM/libMMSM/f_mmsm01_st_no_update.cpp,Server/MMSM,backend_source,scanned,True,7b89101aef4051dc42a121ea1cd37c218d9ac8121fa8344cfc9fc0027f690eea
Server/MMSM/libMMSM/f_mmsm0603_proc.cpp,Server/MMSM,backend_source,scanned,True,15c71d1ee73eab8070483285b3fc6ff0fd5faf365690ddb42ef1984b97538cf3
Server/MMSM/libMMSM/f_mmsm0604_proc.cpp,Server/MMSM,backend_source,scanned,True,8d6ba73164131ae153c227227266de40f676d87969f23d0cc7be18b057b24554
Server/MMSM/libMMSM/f_mmsm0605_proc.cpp,Server/MMSM,backend_source,scanned,True,a08606d24845ef25e6c1eeb0bd3600f504ae154a5778ad921e05809dce4e1bd5
Server/MMSM/libMMSM/f_mmsm10_proc.cpp,Server/MMSM,backend_source,scanned,True,4c8d24c5b1cbb164f2f94d888334efb78b41ad60e19499c3249c085e1a283c5f
Server/MMSM/libMMSM/f_mmsm10_trace.cpp,Server/MMSM,backend_source,scanned,True,4d09b22e71fca3db407f5bfdc856643b16a3978dfa151d6a411643c8cb46926b
Server/MMSM/libMMSM/f_mmsm11_proc.cpp,Server/MMSM,backend_source,scanned,True,b6f0455dad419c8ebfb8161e80b45b024660d589248a3f6dc27c5d00653bca80
Server/MMSM/libMMSM/f_mmsm11g_proc.cpp,Server/MMSM,backend_source,scanned,True,f4a8bd21489d2a725d5dc06dca143be70cfe30eef71aa5800d96e0970a421882
Server/MMSM/libMMSM/f_mmsm12_proc.cpp,Server/MMSM,backend_source,scanned,True,d57f74f23e98e9ba8d174f69700199886b11a969fa839a1d9a423f5bd7a15c17
Server/MMSM/libMMSM/f_mmsm12a_proc.cpp,Server/MMSM,backend_source,scanned,True,4e4b78c78ee77915f6de2538bce4df94354f4d2af91bc99c9396e8ab3a244141
Server/MMSM/libMMSM/f_mmsm13_proc.cpp,Server/MMSM,backend_source,scanned,True,0e3b015f7e006ed0e5fdd391ada41877ab33135945353ef34cd890d430417b55
Server/MMSM/libMMSM/f_mmsm14_proc.cpp,Server/MMSM,backend_source,scanned,True,d7f9a69a8f7ecf00156bc83b519f9e306520932417f9523c2652ff9c8df5a6a6
Server/MMSM/libMMSM/f_mmsm18_proc.cpp,Server/MMSM,backend_source,scanned,True,fb44da34204c3282dc5e0a4ffe44e91bbdfa637ce50d9e0d23a8e859ba511541
Server/MMSM/libMMSM/f_mmsm191c13_snd.cpp,Server/MMSM,backend_source,scanned,True,a590ed95619c9fc8ba3cf5423c7b481ce212778eec7a08c1d563daa6c4f0872c
Server/MMSM/libMMSM/f_mmsm19_proc.cpp,Server/MMSM,backend_source,scanned,True,a7b1b105de352f8d7898f0376d60248ff07b073311202135a6cbdfc1ae9643ad
Server/MMSM/libMMSM/f_mmsm20_proc.cpp,Server/MMSM,backend_source,scanned,True,c02a07fcbfab32c0200c3289c2e1f2dd5c3cc09a7c86f40e5a967708c6941a95
Server/MMSM/libMMSM/f_mmsm21_proc.cpp,Server/MMSM,backend_source,scanned,True,685c67ab6fe5e4ab39c718d69303865e77aea4041becc5475771c754b4156bb6
Server/MMSM/libMMSM/f_mmsm22_proc.cpp,Server/MMSM,backend_source,scanned,True,3332b9205ff4aa6763647b161a63a7c75c23e42e23d2c2f3bd10c14ddae7e28c
Server/MMSM/libMMSM/f_mmsm23_proc.cpp,Server/MMSM,backend_source,scanned,True,1f1261424729cf277809b62cc898aaf750a5615996e2e50028c0d07a0b8934da
Server/MMSM/libMMSM/f_mmsm24_proc.cpp,Server/MMSM,backend_source,scanned,True,95edfe49fa2c27f5ebceb00e97cb73958f16c3b17ce8e41c12d5261d8becc2a1
Server/MMSM/libMMSM/f_mmsm25_proc.cpp,Server/MMSM,backend_source,scanned,True,5e266e15bcf1df101de19381aa9481f45bb30103e21984f4d6f9ee5b39d288c0
Server/MMSM/libMMSM/f_mmsm26_proc.cpp,Server/MMSM,backend_source,scanned,True,03ed84d4917270984be5c17d3c99dafeed98e5aff1f94f6c583543c7a0399e56
Server/MMSM/libMMSM/f_mmsm27_proc.cpp,Server/MMSM,backend_source,scanned,True,414175af4f2a7e80e2c80258623561670b9d3756735df08ec558a58686cab7b1
Server/MMSM/libMMSM/f_mmsm2a_proc.cpp,Server/MMSM,backend_source,scanned,True,e336b19e421c67a709055ba56f3a5b79c28d68193a382519ecb4680d9654d71a
Server/MMSM/libMMSM/f_mmsm2a_save.cpp,Server/MMSM,backend_source,scanned,True,f275f9ff7ce6468890775c014c150f430e2ebb1611bbe36ab2045b78677ae53e
Server/MMSM/libMMSM/f_mmsm2a_trace.cpp,Server/MMSM,backend_source,scanned,True,3048f6d85ffcc8a2f6b4dd4aad0b61f828c17656ae2c41923096eb365c733bec
Server/MMSM/libMMSM/f_mmsm2ahj_proc.cpp,Server/MMSM,backend_source,scanned,True,f442d1eb98b1b31d5a91f6043f7f2a842e3b3425ffb8c45bfdad003007274198
Server/MMSM/libMMSM/f_mmsm2b_proc.cpp,Server/MMSM,backend_source,scanned,True,14337e8a94f62ac16021cc20e4fc4dbae5826abd6b770848fc418b8ec3551e87
Server/MMSM/libMMSM/f_mmsm2d_proc.cpp,Server/MMSM,backend_source,scanned,True,7d744b66482f00046546cbf3e39d21e5ab82345a8f9d958f205d5e1ff134c419
Server/MMSM/libMMSM/f_mmsm31_proc.cpp,Server/MMSM,backend_source,scanned,True,a428dd7edc20e7678a4cafef1d93a5aa621b545d1f38a68751feb170f0f94e25
Server/MMSM/libMMSM/f_mmsm3301_rcv.cpp,Server/MMSM,backend_source,scanned,True,899d8cd0f5ee1fd9f3cd12f75a3b2de0e2c2667603ac6a507a66daf1ef19f407
Server/MMSM/libMMSM/f_mmsm3301d_proc.cpp,Server/MMSM,backend_source,scanned,True,6c73c583984be2c14030cd8af26cede60988d991a77082663bf776931904412a
Server/MMSM/libMMSM/f_mmsm3301n_proc.cpp,Server/MMSM,backend_source,scanned,True,a434f16d40306a4b44d5f2ae53379b5db66fe0c0645c4fdea7f2325bff7e2aaa
Server/MMSM/libMMSM/f_mmsm3301u_proc.cpp,Server/MMSM,backend_source,scanned,True,fadc213b16e6b70ef3554ba5f261ebb5ff79b3f0a9798cb3cb4aa76c8346d267
Server/MMSM/libMMSM/f_mmsm3331_proc.cpp,Server/MMSM,backend_source,scanned,True,7a081a8cbdc333e224f102996ba22ee1fdeeadac39e5092db83946669b8bf992
Server/MMSM/libMMSM/f_mmsm33_check.cpp,Server/MMSM,backend_source,scanned,True,644309519fa552083046bd65f5142a01cb92b27cb7ee75fcd3c7d8b6da2bd2b4
Server/MMSM/libMMSM/f_mmsm33_check_ponoslab.cpp,Server/MMSM,backend_source,scanned,True,71322b3adfa2155840862ef24016f8b5faf66dfec8d38fac8e67dd4ea9b20a33
Server/MMSM/libMMSM/f_mmsm33_delete.cpp,Server/MMSM,backend_source,scanned,True,9145d95117131f2c392c977e56f1bd1785f899098d175b5a435858c3674f8fe1
Server/MMSM/libMMSM/f_mmsm33_get_stno.cpp,Server/MMSM,backend_source,scanned,True,33e35128f078c2cef0dd94d4108465762daa34e0953d6e6d3e7d97410dcc651a
Server/MMSM/libMMSM/f_mmsm33_insert.cpp,Server/MMSM,backend_source,scanned,True,0a4fc79e2aeaa2ed1947f155de5e0cd0209702d0c0806307d8246716da528390
Server/MMSM/libMMSM/f_mmsm33_pickslab.cpp,Server/MMSM,backend_source,scanned,True,38dfeca3edf4dc39349c4f2e2be90228c62e4b9d14287063e70e0676ab309627
Server/MMSM/libMMSM/f_mmsm33_pmof.cpp,Server/MMSM,backend_source,scanned,True,0a7b893b88418e0de7d7f572770e543e5065b919db51985bc766221774ecdce0
Server/MMSM/libMMSM/f_mmsm33_update.cpp,Server/MMSM,backend_source,scanned,True,2844ee6c60a2e766457e018e9331d8055f04680ea34cbab0e37a8f086f4b6e49
Server/MMSM/libMMSM/f_mmsm33czxs_proc.cpp,Server/MMSM,backend_source,scanned,True,e37163a7d9ee2085c32328fd83fdb3be110dc11c4b92288b21a2c0954da91b94
Server/MMSM/libMMSM/f_mmsm33dbsx_proc.cpp,Server/MMSM,backend_source,scanned,True,aa045aa7f553e53c9373ee5a6ed2dfcef91105d137498a32e8cae80472de367f
Server/MMSM/libMMSM/f_mmsm3401_proc.cpp,Server/MMSM,backend_source,scanned,True,d8c0203bfb7620421ee10eaa52b9b705f0db461b9857d6a7c2d566bbdf6a28ca
Server/MMSM/libMMSM/f_mmsm3601_proc.cpp,Server/MMSM,backend_source,scanned,True,a459aabad78dcf38c2d2c45eb358e32b8c894bc6c1b13bcbc8bbcf11bc9d0d3d
Server/MMSM/libMMSM/f_mmsm3901_proc.cpp,Server/MMSM,backend_source,scanned,True,89122ade7068dfbc94cae5bd9cd9d6cbcf004df89a212b6dbce66837b2a98228
Server/MMSM/libMMSM/f_mmsm39_proc.cpp,Server/MMSM,backend_source,scanned,True,3ad5d1225abfcdeda932b0436cd4bda4054571d41039a315f9dc603daa002af3
Server/MMSM/libMMSM/f_mmsm41_proc.cpp,Server/MMSM,backend_source,scanned,True,36e1f668bebabfd5ab781119e58ec90a8ae39e26d8993057c5c9c24268eaab37
Server/MMSM/libMMSM/f_mmsm41a_proc.cpp,Server/MMSM,backend_source,scanned,True,a539a767da6a42b0cd156ebd6d63595948a22297b6f412289e8537380675a2f5
Server/MMSM/libMMSM/f_mmsm4501_proc.cpp,Server/MMSM,backend_source,scanned,True,505e24233d38048eb775209188bd0de345e1e648a368c2efb7803ef2209e433f
Server/MMSM/libMMSM/f_mmsm50_proc.cpp,Server/MMSM,backend_source,scanned,True,486355ff378a55958b6dd9b9a5d0392aaf32404b0c74347fb491252534372274
Server/MMSM/libMMSM/f_mmsm50a_proc.cpp,Server/MMSM,backend_source,scanned,True,589486c745a8e1d9bb2f29d67eccf2e7bc86f938bce30b8de988bca6fe5472b0
Server/MMSM/libMMSM/f_mmsm53_proc.cpp,Server/MMSM,backend_source,scanned,True,9b4af84e97aedcbb540dc2008c5150e9edc45be0883f235ba2659f9c7df183cf
Server/MMSM/libMMSM/f_mmsm54_proc.cpp,Server/MMSM,backend_source,scanned,True,f10fd7bee8171e8f0275143dd87b338cbd24b46527cc8136de44903c6d4932a1
Server/MMSM/libMMSM/f_mmsm54a_proc.cpp,Server/MMSM,backend_source,scanned,True,df0ad07fe1136ed3cdde06a0ba883241aa3e60931dd6b8869ce829311b6bda5e
Server/MMSM/libMMSM/f_mmsm55_proc.cpp,Server/MMSM,backend_source,scanned,True,6b923db2e7ad87a91b3e757f816d1341813924b789158626f18224738466b98a
Server/MMSM/libMMSM/f_mmsm56_proc.cpp,Server/MMSM,backend_source,scanned,True,f7b17b0ccdde557a17daea78846e6ddb7dd500e8957284a6af443b01d11ee067
Server/MMSM/libMMSM/f_mmsm57_proc.cpp,Server/MMSM,backend_source,scanned,True,24ce8e44e1f8454f0feb95379ac195e931d765550fc818b7954cfda388872514
Server/MMSM/libMMSM/f_mmsm61.cpp,Server/MMSM,backend_source,scanned,True,feb29eeebdd68ea34b70c907c2207efe00bcb5215965e2b0dac31a8219411905
Server/MMSM/libMMSM/f_mmsm62.cpp,Server/MMSM,backend_source,scanned,True,86493d365d30686258012217e5dbbdc7c6f99af4a3339e0bf95d2e27dec9bb04
Server/MMSM/libMMSM/f_mmsm63.cpp,Server/MMSM,backend_source,scanned,True,77e751284d98c987e276c6e25c551b18e220adbabcdfa91f87582e65f6289848
Server/MMSM/libMMSM/f_mmsm7001_proc.cpp,Server/MMSM,backend_source,scanned,True,d6b0cd0326179bb46ed97a30bbff51633a14f0c8c1ffc6e2c4a770bdb2833b46
Server/MMSM/libMMSM/f_mmsm7002_proc.cpp,Server/MMSM,backend_source,scanned,True,4c739c275e16af80418446aa4ec140f4b2b16ac9211b3e2d8774b8c6f6681fe0
Server/MMSM/libMMSM/f_mmsm7003_proc.cpp,Server/MMSM,backend_source,scanned,True,78cb6b3c5d46e4dfb3927e4492caf112b2807ddc2c596180f0f8e194628d593c
Server/MMSM/libMMSM/f_mmsm7101_proc.cpp,Server/MMSM,backend_source,scanned,True,5ab51f7b03821b814dc30db29afab83bd5a0eae10d07632342372fc72ed21af2
Server/MMSM/libMMSM/f_mmsm80.cpp,Server/MMSM,backend_source,scanned,True,1c9e20eee55251bd8611a6bd4bcbaa01adb0b546ce220da30e35f4c397bf375c
Server/MMSM/libMMSM/f_mmsm80a.cpp,Server/MMSM,backend_source,scanned,True,c617a53b94b55dd88b9f575f4654fdcd33299805573da64f10c34237b57ac866
Server/MMSM/libMMSM/f_mmsm81.cpp,Server/MMSM,backend_source,scanned,True,6d61bf18f5c7ee7296743daac8c5b68ff879b692721c75c5f2a4aa08ae2f829d
Server/MMSM/libMMSM/f_mmsm81_d021_handle_rcv.cpp,Server/MMSM,backend_source,scanned,True,c8fa5f263491bdc1a839e69f04b88fc150e2411b4bdcb26c9be4d21a64a485fc
Server/MMSM/libMMSM/f_mmsm81_ins_h.cpp,Server/MMSM,backend_source,scanned,True,148708f8744d9c2e3e92ada2f56cc8b0f144610d92fe13898e3fb179c4426ce6
Server/MMSM/libMMSM/f_mmsm831_upd_mmlc83.cpp,Server/MMSM,backend_source,scanned,True,c94243f7412120460a9f330e267b2ab50fd37434cacff3d73163b9aca737d9bd
Server/MMSM/libMMSM/f_mmsm83z_bacth_proc.cpp,Server/MMSM,backend_source,scanned,True,512483203fcad9380f6696c1c3cd82f2e78f9da3f4bbffedbabb56cc3bc5c48b
Server/MMSM/libMMSM/f_mmsm89.cpp,Server/MMSM,backend_source,scanned,True,a0dcee709e05b20681fa36d1382cd25aa68cc80362ea40285cdf4996a46f32b7
Server/MMSM/libMMSM/f_mmsm99.cpp,Server/MMSM,backend_source,scanned,True,7df49325915bf659eec5ab8283e17c5d70af62885a729505a9e858144e07ed2b
Server/MMSM/libMMSM/f_mmsm_210034_snd.cpp,Server/MMSM,backend_source,scanned,True,dc4701b9801fd02222ccb4a55c479f4b408dfcd09e5366a30921a6db5e2465dd
Server/MMSM/libMMSM/f_mmsm_210036_snd.cpp,Server/MMSM,backend_source,scanned,True,55f9e62551dd3b6c270664bf8d0b6676a30d79d8b7fba8f899c313ef82c2901d
Server/MMSM/libMMSM/f_mmsm_210038_snd.cpp,Server/MMSM,backend_source,scanned,True,045d15cb284366a8a70c3ad2223966fa57400df412302dbf5cc721b3b5c63856
Server/MMSM/libMMSM/f_mmsm_210044_snd.cpp,Server/MMSM,backend_source,scanned,True,e3231575ef3caffc79df8b564d37ddef2690a10cf9bede8f22d8fa38be3955cc
Server/MMSM/libMMSM/f_mmsm_210045_snd.cpp,Server/MMSM,backend_source,scanned,True,6e87f80d17427134e80020c2eba0308e360063efb68f553a947cf96b3d966f27
Server/MMSM/libMMSM/f_mmsm_210046_snd.cpp,Server/MMSM,backend_source,scanned,True,0ef21389a5a920633e9ebf5e5465280e36197c6f9d22f17dfcba005b81363aff
Server/MMSM/libMMSM/f_mmsm_210047_snd.cpp,Server/MMSM,backend_source,scanned,True,4ce29b070208659a7b2ec3e63770a629f85798da5672d58f36e5d2c3a761de1a
Server/MMSM/libMMSM/f_mmsm_210048_snd.cpp,Server/MMSM,backend_source,scanned,True,24b86f928cc45dcf581fc3b3d7c3d11528a037749a92688a9053f2fe3586d3a5
Server/MMSM/libMMSM/f_mmsm_210049_snd.cpp,Server/MMSM,backend_source,scanned,True,03f6ca5c969b2ca9910fe4c8c688bdbd7f45e8d796949bc5577e3e90782d2c31
Server/MMSM/libMMSM/f_mmsm_210050_snd.cpp,Server/MMSM,backend_source,scanned,True,9a7acca718af0326d796f1a9dbf95676ebd7d0d4e01bcc2a089ce8ab6614e44a
Server/MMSM/libMMSM/f_mmsm_21a001_snd.cpp,Server/MMSM,backend_source,scanned,True,76476f7ecc12feb648512905db4842b9cc0c571e5b38c125e481caaba53eaf0d
Server/MMSM/libMMSM/f_mmsm_21a002_snd.cpp,Server/MMSM,backend_source,scanned,True,69b6c91e66d8a58687476ec49785dbe646f5a9cf20686019954302bb9107afa8
Server/MMSM/libMMSM/f_mmsm_21a003_snd.cpp,Server/MMSM,backend_source,scanned,True,44ac4f01f7523cdb6f57e8bb9392d8b447feade39b76757ba31e125f4409e5d6
Server/MMSM/libMMSM/f_mmsm_21a004_snd.cpp,Server/MMSM,backend_source,scanned,True,4765cfacebfba7b54b8406a8904b49412bf42b7a59691169aaefd9bf1c2c8371
Server/MMSM/libMMSM/f_mmsm_21a008_snd.cpp,Server/MMSM,backend_source,scanned,True,e228d51b7189e3870c725f4e319f26217c7e0735961d82415cf8b587268d7b1a
Server/MMSM/libMMSM/f_mmsm_21a009_snd.cpp,Server/MMSM,backend_source,scanned,True,5b0dccff5efe00f1562b6ef5401041f19d5add3c37ea5f9ed3434103d5573c00
Server/MMSM/libMMSM/f_mmsm_21a010_snd.cpp,Server/MMSM,backend_source,scanned,True,a08457bc0672f308ad2fcaac5646491e77fb1fe621d62ae320fe76404a3b5890
Server/MMSM/libMMSM/f_mmsm_21a018_snd.cpp,Server/MMSM,backend_source,scanned,True,5a72012c65e6401ea1ce1d16ab1c0ecca0401aa73e77b31a13d006c764a89624
Server/MMSM/libMMSM/f_mmsm_21b001_snd.cpp,Server/MMSM,backend_source,scanned,True,61140436524a89df5e2e6517dacc8c852683c7147eb7bc60225b6c577b2ba097
Server/MMSM/libMMSM/f_mmsm_21b002_snd.cpp,Server/MMSM,backend_source,scanned,True,277938fc6ba6f4b2467232a4bc131106c1246b8223ae83994b369c0c646a283c
Server/MMSM/libMMSM/f_mmsm_21b003_snd.cpp,Server/MMSM,backend_source,scanned,True,3baf676146818b8bc82f28fab7abf9728d89dcd98fb7fc16a7314704449b23b1
Server/MMSM/libMMSM/f_mmsm_21b004_snd.cpp,Server/MMSM,backend_source,scanned,True,fb64ea8b57be76c120094780b131acf5a1cf6f8729728c3699df4e375d34aad2
Server/MMSM/libMMSM/f_mmsm_21b005_snd.cpp,Server/MMSM,backend_source,scanned,True,190eaa3bc3b414aa72d768ae8ab388211df1674daf23f6d7458afb8b96b9c554
Server/MMSM/libMMSM/f_mmsm_21b006_snd.cpp,Server/MMSM,backend_source,scanned,True,d19ed9a6985f4c3d197fa7738a581456f3a36ba347892dfed3f6053977f3f8ec
Server/MMSM/libMMSM/f_mmsm_21c001_snd.cpp,Server/MMSM,backend_source,scanned,True,25ec2db4bbe12244ce833c9e7bedaba066b4e3de761997218c4e0b1fb1526a0f
Server/MMSM/libMMSM/f_mmsm_21c002_snd.cpp,Server/MMSM,backend_source,scanned,True,7ded8137dbe147e6617cd93cbdce677445620304b6483e12350d32c398541ea6
Server/MMSM/libMMSM/f_mmsm_21c004_snd.cpp,Server/MMSM,backend_source,scanned,True,e5538dfb991904f60c6152c5d4cbc1e01d5df523b1893d637cd066bf839e3dce
Server/MMSM/libMMSM/f_mmsm_21c005_snd.cpp,Server/MMSM,backend_source,scanned,True,5fd19468542dd0e482d1e0419658a84f514da589834da603806d9fa36aa9d8a1
Server/MMSM/libMMSM/f_mmsm_21c006_snd.cpp,Server/MMSM,backend_source,scanned,True,3b7433a9f775a4ebe7d91e438e437cff93a90b9b1552bf43af62aa866059f0d7
Server/MMSM/libMMSM/f_mmsm_21c007_snd.cpp,Server/MMSM,backend_source,scanned,True,dae8fc8742977eee5b18cf1c7840ae47dd59479341c4ddc6324bd6bc7451453b
Server/MMSM/libMMSM/f_mmsm_21c011_snd.cpp,Server/MMSM,backend_source,scanned,True,09e46080b8b5b9ea277fb56c7f86f943866480f34d9039d60ad6e0c0762f0d6b
Server/MMSM/libMMSM/f_mmsm_acyfl.cpp,Server/MMSM,backend_source,scanned,True,6930cf88299b084e662769b893f1f8a17a62e3d208392fe74f56479d47a5e097
Server/MMSM/libMMSM/f_mmsm_acyfl_cnzy.cpp,Server/MMSM,backend_source,scanned,True,bdb2647ba7a9a657452f5047a0096381e98d9d9908db2002c29f644cc4d33c43
Server/MMSM/libMMSM/f_mmsm_acyfl_seq.cpp,Server/MMSM,backend_source,scanned,True,511801a39606d8aa0e3ed5c02b41c24cc4cbbed5ff7d0cc47211ba65d7066943
Server/MMSM/libMMSM/f_mmsm_acyfl_tlcc.cpp,Server/MMSM,backend_source,scanned,True,9c2ea298f68b43cd760dd8ecd4fa519dde351f9727686fd44b5134b1203674a1
Server/MMSM/libMMSM/f_mmsm_applemat_init.cpp,Server/MMSM,backend_source,scanned,False,e3b0c44298fc1c149afbf4c8996fb92427ae41e4649b934ca495991b7852b855
Server/MMSM/libMMSM/f_mmsm_confirm_flag.cpp,Server/MMSM,backend_source,scanned,True,b8d2d98daa6146c16d72ea51673c9366f89f8689a0b55309c88ecb4bd6792671
Server/MMSM/libMMSM/f_mmsm_count.cpp,Server/MMSM,backend_source,scanned,True,0e742c6219df19523f58b74d3b3fd3520e00edf5a36d9209fac95a456a95b4f7
Server/MMSM/libMMSM/f_mmsm_e2t8m1_miss.cpp,Server/MMSM,backend_source,scanned,False,e3b0c44298fc1c149afbf4c8996fb92427ae41e4649b934ca495991b7852b855
Server/MMSM/libMMSM/f_mmsm_e2t8m1_snd.cpp,Server/MMSM,backend_source,scanned,True,39e3f453ee2fd4c74e8794f16aabd330c0091409979d1799355c475100676836
Server/MMSM/libMMSM/f_mmsm_get_dens.cpp,Server/MMSM,backend_source,scanned,True,c294a5e3acd79b122e023b214183788e84401da39875e8d47f78d400f0692692
Server/MMSM/libMMSM/f_mmsm_get_density.cpp,Server/MMSM,backend_source,scanned,True,a4d075079eaba282c118792d04f1e4f5699af833e7e6c2793c818d899d298b81
Server/MMSM/libMMSM/f_mmsm_get_matno.cpp,Server/MMSM,backend_source,scanned,True,59127fe42b4289c6193b77cf30e2e3926a149861374946df69eb42384ef2df11
Server/MMSM/libMMSM/f_mmsm_get_matwt.cpp,Server/MMSM,backend_source,scanned,True,598d6deaf977e7c4e275e1621a031beb1917f224434747234d9ffe911372b0df
Server/MMSM/libMMSM/f_mmsm_get_multi_value.cpp,Server/MMSM,backend_source,scanned,True,dfaf7285b9145f64dff38eff586fe3b3d591f7b2b362ae110c4e2b88d91118e8
Server/MMSM/libMMSM/f_mmsm_get_multi_value2.cpp,Server/MMSM,backend_source,scanned,True,6347eec64292f520dc81647c3a1c8b315966124b9641e63aef731730427ffbdd
Server/MMSM/libMMSM/f_mmsm_get_pono.cpp,Server/MMSM,backend_source,scanned,True,c2ef3ca65b3dd25d3406080442ff4caeb0242bd5c242bf35872ab163a1a1cad2
Server/MMSM/libMMSM/f_mmsm_get_seq_no.cpp,Server/MMSM,backend_source,scanned,True,3c04f743965b42570da3b056a1f48e73d628eb4114d06918ce61c3c0649a89eb
Server/MMSM/libMMSM/f_mmsm_get_theorywt.cpp,Server/MMSM,backend_source,scanned,True,6df3e2757cbf127d2a3a4da4879f58c3f157249d60b6a3d8293e3c1c003566a2
Server/MMSM/libMMSM/f_mmsm_getdata.cpp,Server/MMSM,backend_source,scanned,True,fc06a0c876040424146f93de16bb07d656b4b77987205112ddf3618bdd5055bc
Server/MMSM/libMMSM/f_mmsm_getprice.cpp,Server/MMSM,backend_source,scanned,True,599622c51fea656bcd0aaaee0533fc455d093e7cbc773611a2525e9fedb71e22
Server/MMSM/libMMSM/f_mmsm_gycast.cpp,Server/MMSM,backend_source,scanned,True,4395892e3aae2989d80e477c90cee06043766ffa2804a3c6c8b710ddca8c9924
Server/MMSM/libMMSM/f_mmsm_gyft.cpp,Server/MMSM,backend_source,scanned,True,75d5762e3e3c18aeef8c20e4b55d227a4a89ff22443f2b9d6bb3ac2201323e52
Server/MMSM/libMMSM/f_mmsm_gyhl.cpp,Server/MMSM,backend_source,scanned,True,6ae0b061b947f0c9e54294453a316df2e91a435250ea9be4cb2ae79153816d43
Server/MMSM/libMMSM/f_mmsm_gyins.cpp,Server/MMSM,backend_source,scanned,True,533f646a01fa2a9a2284fec51e1078067c7063df1ebc71354d3353c8693849a7
Server/MMSM/libMMSM/f_mmsm_gyins2.cpp,Server/MMSM,backend_source,scanned,True,ee85628ca01eea486f18cc810aa649d24080a72160f0b608617d4165612c18fb
Server/MMSM/libMMSM/f_mmsm_gyupd.cpp,Server/MMSM,backend_source,scanned,True,f8c25623159d9bd9736b5605f5d4f937bd4df0d29e66613f4c239855afa18817
Server/MMSM/libMMSM/f_mmsm_heat_confirm.cpp,Server/MMSM,backend_source,scanned,True,b2c0117fe6f2b5c2d858ce61f47166b796e62a46b9f73fe0e721b39b5e8fd148
Server/MMSM/libMMSM/f_mmsm_heat_confirm_lot.cpp,Server/MMSM,backend_source,scanned,True,aa38385be146493b299b16213b7ea6e6b0f5d6b44adb94e7ebdd18c1a6ea7449
Server/MMSM/libMMSM/f_mmsm_hlgy.cpp,Server/MMSM,backend_source,scanned,True,3fecf3c220d63cec7eef0cda4488a873e08a0ec19a08c60ef32c658c7203538d
Server/MMSM/libMMSM/f_mmsm_manage_flag.cpp,Server/MMSM,backend_source,scanned,True,74726fd0d808e09407976a65b845eb6548147822e386866e1e4100b2d344c764
Server/MMSM/libMMSM/f_mmsm_mat_no_ins.cpp,Server/MMSM,backend_source,scanned,True,3fc90c78b564f293ab06e022b5beb48ed60516871882e22a7810398dc9a1e5f8
Server/MMSM/libMMSM/f_mmsm_matno_catch.cpp,Server/MMSM,backend_source,scanned,True,668b1f708bd08f60a256fc4ad8122fc77da347542af24ff925eed8a0e89df575
Server/MMSM/libMMSM/f_mmsm_matno_catch_sm.cpp,Server/MMSM,backend_source,scanned,True,d259bb7b5c94ad3006949ab67aafcab789a202b071dbe71c09fe5723cdafa9fd
Server/MMSM/libMMSM/f_mmsm_sample_lot_no.cpp,Server/MMSM,backend_source,scanned,True,2a105b8504cf7031b480b3a0b80be58681118933f4014af06fcfc2e3240756fa
Server/MMSM/libMMSM/f_mmsm_sj.cpp,Server/MMSM,backend_source,scanned,True,fe369a410be435031c35200964db344b23219a6b97b5ee49db0c8e03f8b13915
Server/MMSM/libMMSM/f_mmsm_sj_proc.cpp,Server/MMSM,backend_source,scanned,True,3bbbafdee5c216ae6e981a056be59ecf55da098326c6419317dc526da12dd6ff
Server/MMSM/libMMSM/f_mmsm_slab_dest.cpp,Server/MMSM,backend_source,scanned,True,63182f459e08eee64f6d0665bfab70c485e5b396231062a761c8e85ff7f7e6eb
Server/MMSM/libMMSM/f_mmsm_t80r91_snd.cpp,Server/MMSM,backend_source,scanned,True,e3e55f3113f6478226cc8ffc906de0b0fd2a12586c233d45616020465f07919e
Server/MMSM/libMMSM/f_mmsm_t80rs0_snd.cpp,Server/MMSM,backend_source,scanned,True,9bf1b1138b847948a838d8cd74d9bc98724805e2bd4a2b31dd5ae31937e979bf
Server/MMSM/libMMSM/f_mmsm_t80rya_snd.cpp,Server/MMSM,backend_source,scanned,True,78376096da70ce3df2ed0bf9a86e4f4f3f53894a7ba7e6aaf59b8c5cb73ff97c
Server/MMSM/libMMSM/f_mmsm_t80ryb_snd.cpp,Server/MMSM,backend_source,scanned,True,576f24403e794b478c5dd25ac6271f2798f8bd20e8525bcc0d35e51a594f0d34
Server/MMSM/libMMSM/f_mmsm_t80ryc_snd.cpp,Server/MMSM,backend_source,scanned,True,23ec8f16e303fa03c9f3c3a4a4651ef442eb49421d345cef9166962a08f8e47b
Server/MMSM/libMMSM/f_mmsm_t82303_snd.cpp,Server/MMSM,backend_source,scanned,True,f0c0e08ebff541550d2fbbe77e71fa5bc1caee5ba967982c7bf9eb1a3132a9b1
Server/MMSM/libMMSM/f_mmsm_t823sb_snd.cpp,Server/MMSM,backend_source,scanned,True,35e8391cfb0e188a999adb22f8016df7507b378e4e08c0c4f5db411d9e0d0c0a
Server/MMSM/libMMSM/f_mmsm_t83313_snd.cpp,Server/MMSM,backend_source,scanned,True,04d72fcfbd4d068a4a18f25cecec1c46e8808546780bdca63a208100505f4aaf
Server/MMSM/libMMSM/f_mmsm_t8e2m1_snd.cpp,Server/MMSM,backend_source,scanned,True,d187d2f56bdec3844d0244b2d432558a07be012cf49170e3222d0535a4e37792
Server/MMSM/libMMSM/f_mmsm_t8e2yb_snd.cpp,Server/MMSM,backend_source,scanned,True,ad9271c03fcb31201d5b240202526754b5502cb630f3ca43ca438a6b5724c6de
Server/MMSM/libMMSM/f_mmsm_t8e2yc_snd.cpp,Server/MMSM,backend_source,scanned,True,fde4c47c6f1939a9c5e9f9d22efcdcf34d882ab2129dfee358294a77bc582bc9
Server/MMSM/libMMSM/f_mmsm_t8e2yx_snd.cpp,Server/MMSM,backend_source,scanned,True,675c96c3d67aa8346122708eddbea6a6ef98de56f0fb992bdbbce0bf34347210
Server/MMSM/libMMSM/f_mmsm_t8e2yy_snd.cpp,Server/MMSM,backend_source,scanned,True,31af48cb88a2ced9748819ec49e6a304f367d09c12eee7db3a84e1039d1503f8
Server/MMSM/libMMSM/f_mmsm_t8t701_snd.cpp,Server/MMSM,backend_source,scanned,True,f489a5cecb811a5af80fc2e903c602510eed28b402fd7091163560ecf2b2fda7
Server/MMSM/libMMSM/f_mmsm_unitwt.cpp,Server/MMSM,backend_source,scanned,True,3f43d9d027d83ca773a45419d4f919eb4d0bdeda04a7f8af3d89f36760749073
Server/MMSM/libMMSM/f_mmsm_updcf.cpp,Server/MMSM,backend_source,scanned,True,ce130c96c84d0ae359b54a058f40e39a50e25e5f90c90f63693ad0bea0bf8c63
Server/MMSM/libMMSM/f_mmsm_updlc.cpp,Server/MMSM,backend_source,scanned,True,41ef1657f8ef82cd56942aaea96944a02dd25ec107ad59068a63bd2568be2831
Server/MMSM/libMMSM/f_mmsm_yry.cpp,Server/MMSM,backend_source,scanned,True,16e5fd13d727ffb1ae8665437751dfcc4e39b5150556320e19e254b51502a167
Server/MMSM/libMMSM/f_mmsm_zxh01.cpp,Server/MMSM,backend_source,scanned,True,ec26cdbb204db04f9cc1d0a6a28bb492a986ebe2d367acbe4c3b0770d680af6b
Server/MMSM/libMMSM/f_mmsm_zxh02.cpp,Server/MMSM,backend_source,scanned,True,36d9c05953666524e2a5bc25d937222ebb7d9f4cf59e8cfb176c33b070c1ed2b
Server/MMSM/libMMSM/f_mmsm_zxh03.cpp,Server/MMSM,backend_source,scanned,True,c8f3472b47e6f752c446c4ebe9265c27adbaa01a699462dfa5d1bec530d06b05
Server/MMSM/libMMSM/f_mmsmacsh_snd.cpp,Server/MMSM,backend_source,scanned,True,367fdef4293c559373d5e28dc0108878ef75976e33b7558bdb37d7cd89c9c308
Server/MMSM/libMMSM/f_mmsmggl_proc.cpp,Server/MMSM,backend_source,scanned,True,5bb508c8deb3652515068117485dbcbc3c759fac5862e59603de2c8d8b3b8c04
Server/MMSM/libMMSM/f_mmsmgglwt_proc.cpp,Server/MMSM,backend_source,scanned,True,b889a11b6252a89e46aa7e444a4489b56a79dce5ada4160d25e8f3abf761fb02
Server/MMSM/libMMSM/f_mmsmlcjk_snd.cpp,Server/MMSM,backend_source,scanned,True,449ce039137bcac49afe240bf3431b959425846020d94e1acd2bbf50d4261463
Server/MMSM/libMMSM/f_mmsmlcnb01_snd.cpp,Server/MMSM,backend_source,scanned,True,1e64ff9ac18cd94224a833564124cb7c05781a35e028d253878183935f46f340
Server/MMSM/libMMSM/f_mmsmnb01_proc.cpp,Server/MMSM,backend_source,scanned,True,be211e44834f98dcf1e47cbb6a1b0ca83cd2efeb2034ce39b886d9e7ad31a597
Server/MMSM/libMMSM/f_mmsms1_proc.cpp,Server/MMSM,backend_source,scanned,True,c8d26df01d3773acc939f40c2705704f026e421c81efbc442b7390c56721da32
Server/MMSM/libMMSM/f_mmsmwq_ll.cpp,Server/MMSM,backend_source,scanned,True,8d70ce2714e87bb6110486b33302249e3f0ccbafcbed69880e13286fb063b8de
Server/MMSM/libMMSM/f_mmsmwt_proc.cpp,Server/MMSM,backend_source,scanned,True,ec045a8b17810e2ebaf043df09ce21a72956271a567d4ab15cc462a508c7b89f
Server/MMSM/libMMSM/f_mmsmwt_proc_ins.cpp,Server/MMSM,backend_source,scanned,True,524119c750079afb226d3cf04449d06618ea4adaa7a76b24f1e7a057b57e9569
Server/MMSM/libMMSM/f_mmsmzdsh_proc.cpp,Server/MMSM,backend_source,scanned,True,c92b3bfd5b82b6b6cb27974d14fa5c15dfe0a561785f4b5f45ec1b0ac7d7c7d3
Server/MMSM/libMMSM/f_t82304_snd.cpp,Server/MMSM,backend_source,scanned,True,8b32aa0b3293eaa552f412c0e31eec060d7f0e775bfb71888a4e0a181a46fb01
Server/MMSM/libMMSM/f_t823_snd.cpp,Server/MMSM,backend_source,scanned,True,ad18860b9c560d1664ae475b83bd12dccf0cbc1f8c12c8a840f7b24e5e793848
Server/MMSM/libMMSM/f_t8ed01_snd.cpp,Server/MMSM,backend_source,scanned,True,f5927a59da9b04c02656c7874f4cb6f508ce15d162e79890f732048a4dc4373f
Server/MMSM/libMMSM/f_t8ed02_snd.cpp,Server/MMSM,backend_source,scanned,True,6635e1566f1beb7f8a4106e743d623e0f1ea2e29c7164316e0b1fe4b46bf9433
Server/MMSM/libMMSM/f_t8f001_snd.cpp,Server/MMSM,backend_source,scanned,True,f42a77b1fb8243e124c66d8a2bea7482dc21a928eff566fe31004189cfebd1c1
Server/MMSM/libMMSM/f_t8f002_snd.cpp,Server/MMSM,backend_source,scanned,True,6cd3947ba0d9459f5797b73bbbe69cf20adf5d01a484658c6e4d0effd64e739e
Server/MMSM/libMMSM/f_t8f003_snd.cpp,Server/MMSM,backend_source,scanned,True,a0a5f94eb352d17d0fa0dbafa45233e8c7d7048422b875a1bfb37f8ec5736fbd
Server/MMSM/libMMSM/f_t8f004_snd.cpp,Server/MMSM,backend_source,scanned,True,2725a7ff21cd4d6f889c6cd9d557879cbefa77389740c3ad348543f8c2ab5af4
Server/MMSM/libMMSM/f_t8f005_snd.cpp,Server/MMSM,backend_source,scanned,True,877294a91619d9e7cac6a0c289832d030335cabb895567bb97e8413fd8dbc8e3
Server/MMSM/libMMSM/f_t8f006_snd.cpp,Server/MMSM,backend_source,scanned,True,613a4635c1da5a63d145c6cd802dbe810d21ee576a089f72544073364af4a3ac
Server/MMSM/libMMSM/f_t8f007_snd.cpp,Server/MMSM,backend_source,scanned,True,896a15c54d2704557157b4ba1817792c043b4e40e0c45208e0c3b6af7a71e14d
Server/MMSM/libMMSM/f_t8f008_snd.cpp,Server/MMSM,backend_source,scanned,True,3f26eadb355a54fa59da8651e8593b9e88de4dfc3536a59f142d6ea045dc78b0
Server/MMSM/libMMSM/f_t8f009_snd.cpp,Server/MMSM,backend_source,scanned,True,8640298238608c6380819873db1d3cf5878f7723580a0666485f437c9a79ce94
Server/MMSM/libMMSM/f_t8f010_snd.cpp,Server/MMSM,backend_source,scanned,True,6bbed5b7fc70c37a924d9347331e7ee2d90fae8a8bae3c271ac9de4c944217ba
Server/MMSM/libMMSM/f_t8f011_snd.cpp,Server/MMSM,backend_source,scanned,True,41224f7aac92910098c426f38754b83892400a4a174c509296e7afb73ac9fdcf
Server/MMSM/libMMSM/f_t8f012_snd.cpp,Server/MMSM,backend_source,scanned,True,5ffbe3a797f3462e28fbcf2424f09e12b6a74c052f9259772ab84aec8fd3e7cb
Server/MMSM/libMMSM/f_t8f0s1_snd.cpp,Server/MMSM,backend_source,scanned,True,6a649c267dc1264b95ba8a05a422105dfdd6bd9a9ed9f1229593add1b1aa023c
Server/MMSM/libMMSM/f_t8f0sa_snd.cpp,Server/MMSM,backend_source,scanned,True,e894f01bf3ee2dd58ecd328dc19003267221de9666bf73cff5c8c79d51599b8b
Server/MMSM/libMMSM/f_t8fsb_snd.cpp,Server/MMSM,backend_source,scanned,True,883dfce7024f825db629681d7fa531ec9e503aa0d39bea59bf2843d12e0f74b2
Server/MMSM/libMMSM/f_t8fse_snd.cpp,Server/MMSM,backend_source,scanned,True,dab31a8e004464012a06b2affabcd11cbe112753424f90b6d9357b0f750d5db0
Server/MMSM/libMMSM/f_tableObjectCheck9999.cpp,Server/MMSM,backend_source,scanned,True,1a57d3c290fe3cbf6b0bf4c994cddcfa3acc34d723948f590c5368077b7c1900
Server/MMSM/p_mmsm_17510/mmsm11_cfbf.cpp,Server/MMSM,backend_source,scanned,True,2ff9041a73efee0dd53b37e00629c59eff8c93eccbeadf84615717da27717e8b
Server/MMSM/p_mmsm_17510/mmsmform_inq.cpp,Server/MMSM,backend_source,scanned,True,25994076f98c6de6981992e807ff88d9667aa017223f9941c00b9e49e4b63459
Server/MMSM/p_mmsm_17510/mmsmpara_ed54.cpp,Server/MMSM,backend_source,scanned,True,8e6196e64f6f59a19dffa403b63b909215321a91fc7ad1cc535116688c84aea7
Server/MMSM/p_mmsm_17510/mmsmpara_inq.cpp,Server/MMSM,backend_source,scanned,True,3ba7eb61bc32d76762cfa21c9ec286b436135a6d998eeee9349be5a709123f3a
Server/MMSM/p_mmsm_17510/mmsmpara_iud.cpp,Server/MMSM,backend_source,scanned,True,ff96ce24c2fdbf95ed90f2e9202d35a6294a7d61fb00b86de58308e317b75d49
Server/MMSM/p_mmsm_17510/mmsmpara_pro.cpp,Server/MMSM,backend_source,scanned,True,57788601833dcb3a001db6d4070259bbe63eee0af1109814e1a512261dba6d96
Server/MMSM/p_mmsm_17510/mmsmqc_ins_b.cpp,Server/MMSM,backend_source,scanned,True,41e736c760ace020f12e52ee087dd8534b2d070d7fba46a31e28bbac02e09243
Server/MMSM/p_mmsm_17510/mmsmqc_ins_b2.cpp,Server/MMSM,backend_source,scanned,True,b1bd3e87308747dcc49bf1ba0597e11ee7cc29371579c1714da0c4eb36bfc24a
Server/MMSM/p_mmsm_17510/mmsmqc_ins_f.cpp,Server/MMSM,backend_source,scanned,True,7d961070b4e943a447b7a8bd0b349c36b2635ea9310ddfc961ae3a6b90fa6185
Server/MMSM/p_mmsm_17510/mmsmqc_ins_f2.cpp,Server/MMSM,backend_source,scanned,True,7c496ab2f330bed47616fe7728460acf7a7786f39406f62ba3834c7b4880f296
Server/MMSM/p_mmsm_17510/mmsmqcsma1_inq.cpp,Server/MMSM,backend_source,scanned,True,bc4f5761605459e18e9f770335a97b390e3b5e57fe0d7a5d434a97f584468cda
Server/MMSM/p_mmsm_17510/mmsmqcsma1_ins.cpp,Server/MMSM,backend_source,scanned,True,f8973fdc414366cad3d5d29d046287af9ab50c6541038f6b07e12fa07c97c581
Server/MMSM/p_mmsm_17510/mmsmqcsma2_inq.cpp,Server/MMSM,backend_source,scanned,True,2c1a0d5f75552ec947829fafa88c05721093fe6d6188784bca4e60a28b452eda
Server/MMSM/p_mmsm_17510/mmsmqcsma2_ins.cpp,Server/MMSM,backend_source,scanned,True,0f48e86a9002edefc2ea8defd1c7ca83779126e1f7a5242999a470a38fb57d60
Server/MMSM/p_mmsm_17520/mmsm01g1_inq.cpp,Server/MMSM,backend_source,scanned,True,d7488d82144689fd0b786809005bfa173c1ce6b6f994eb4434458a3ba61fe5c6
Server/MMSM/p_mmsm_17520/mmsm01g1_inq1.cpp,Server/MMSM,backend_source,scanned,True,454d09f3f251aa21fe6105d13df870501946f4a9585cccdbea35def1cc7c8358
Server/MMSM/p_mmsm_17520/mmsm01g2_code.cpp,Server/MMSM,backend_source,scanned,True,531e77039d2b8339963b345679786ce7c705ea5bbf60e1350663ab661b4b120c
Server/MMSM/p_mmsm_17520/mmsm01g2_inq.cpp,Server/MMSM,backend_source,scanned,True,35daf2a55c5c025d4066f6af45f7ac115ade7151eb996d872b25305d52b37fff
Server/MMSM/p_mmsm_17520/mmsm01g41_inq.cpp,Server/MMSM,backend_source,scanned,True,4f4150e51bedb46c39dfe98d9876b5ab941003030bc9060d81f2aa616429814a
Server/MMSM/p_mmsm_17520/mmsm01g5_inq.cpp,Server/MMSM,backend_source,scanned,True,8a50ad65358131bef0cac34dffbf827547372fc833025bcb039f0e325877bda1
Server/MMSM/p_mmsm_17520/mmsm01g6_inq.cpp,Server/MMSM,backend_source,scanned,True,7f730ef9679cf5a1d4eb1f93dd4171a08838e107d90f44f5775e9d93e8747551
Server/MMSM/p_mmsm_17520/mmsm01g8_inq.cpp,Server/MMSM,backend_source,scanned,True,bacef1603aa0ac11075e72d4bd5435626d40a36dc5087addd25f669202cce05a
Server/MMSM/p_mmsm_17520/mmsm01ga_inq.cpp,Server/MMSM,backend_source,scanned,True,86dc2d71568ad8ae3cfd97d548aefe9a835c10c9513f5ddbf7747efa901be7da
Server/MMSM/p_mmsm_17520/mmsm01ga_inq2.cpp,Server/MMSM,backend_source,scanned,True,29c3cf2cfa8eb54786444199e09acb430583551fbd25dad741a32214b38272c0
Server/MMSM/p_mmsm_17520/mmsm_form_get.cpp,Server/MMSM,backend_source,scanned,True,0929010b66635347b37fb75581236b8a1c44d41b4459529f6e9ccb5418dc1181
Server/MMSM/p_mmsm_17520/mmsm_inq.cpp,Server/MMSM,backend_source,scanned,True,3066998370585b548def1dde05bac7a312b5a47a579d4e33ca0d39d6bf7eaade
Server/MMSM/p_mmsm_17520/mmsm_save.cpp,Server/MMSM,backend_source,scanned,True,24efdceb92ac93048c0f6bd65d027f56ce8db16de78bab256cf3463186e43acf
Server/MMSM/p_mmsm_17520/mmsmis02_inq.cpp,Server/MMSM,backend_source,scanned,True,6667f6c9cfd3374cd04bc61fef9dac6fed268ddf367e7a6079d02964d8e27bec
Server/MMSM/p_mmsm_17520/mmsmis02_inq_p.cpp,Server/MMSM,backend_source,scanned,True,04483090418c8673234261455124fb152644ea4f285329121ada30512dcfdfcf
Server/MMSM/p_mmsm_17520/mmsmis02_inqa.cpp,Server/MMSM,backend_source,scanned,True,c00530e499cf467ed2724562f94e3939c181c16a047bdbfc52924eb40ac3460b
Server/MMSM/p_mmsm_17520/mmsmis02a1_code.cpp,Server/MMSM,backend_source,scanned,True,d423d9076d3f3971447379bb640cc286b0e901b233c8432b9881fb09df23f842
Server/MMSM/p_mmsm_17520/mmsmis02a1_inq.cpp,Server/MMSM,backend_source,scanned,True,0a6f086f4437b77a5a898157b28674bdc5959374bb799e73e09b2f58d92c9586
Server/MMSM/p_mmsm_17520/mmsmis02a1_inqa.cpp,Server/MMSM,backend_source,scanned,True,05a018b31cfd19a819768122b744a5a0de6a2ba6f3246fd4e85491399a41f3d3
Server/MMSM/p_mmsm_17520/mmsmisng_inq.cpp,Server/MMSM,backend_source,scanned,True,068630d2d450a34658423e64713cd2b3ea87d6b257ca3ac91fed8281ce1cebd5
Server/MMSM/p_mmsm_17530/mmsm112cf2_inq.cpp,Server/MMSM,backend_source,scanned,True,8dd737c1ffc37bd74bdcdc2277ac0d330cfdeaaee299d3b9cfcb7092fc73d6ee
Server/MMSM/p_mmsm_17530/mmsm112df2_inq.cpp,Server/MMSM,backend_source,scanned,True,d28e02c3a70915ea2a0fbf62d9ddd4450132fedbca07126910cff2d28ced83dd
Server/MMSM/p_mmsm_17530/mmsm11_save.cpp,Server/MMSM,backend_source,scanned,True,be87b784d39d6936405ffba21ea5a7094984b6fc97faa9f4526a0a31ddea2913
Server/MMSM/p_mmsm_17530/mmsm11dw_ins.cpp,Server/MMSM,backend_source,scanned,True,16ef1e1adeaceae26dee2e206ad776a3e52a2f520b3d3ae4d3f13c31cf038082
Server/MMSM/p_mmsm_17530/mmsm11q_inq.cpp,Server/MMSM,backend_source,scanned,True,c961591fb50bb1ad43c8bd71d3867527e2eb3a42980cb27f1961381eaf6556af
Server/MMSM/p_mmsm_17530/mmsm12_save.cpp,Server/MMSM,backend_source,scanned,True,4c53939e3b73265c8b539695e7fcf5180acbccc8c0bc336795886374c135fd2a
Server/MMSM/p_mmsm_17530/mmsm41_pro.cpp,Server/MMSM,backend_source,scanned,True,9c75516c2dc2a4897ded4e486ba5565f4e3b5016001137528eefdfc0c57e6c8c
Server/MMSM/p_mmsm_17530/mmsm41a_pro.cpp,Server/MMSM,backend_source,scanned,True,d3f700919f250f2756badb4dce8fefb42f02770762c4747e4d1691f950d9a345
Server/MMSM/p_mmsm_17530/mmsm45_pro.cpp,Server/MMSM,backend_source,scanned,True,f66c71290f3b60ad96cfce971c817bbc3a8c570750791ad5f4eeedb6535b3612
Server/MMSM/p_mmsm_17530/mmsm835d_inq029.cpp,Server/MMSM,backend_source,scanned,True,47bebb7b5a9bfab2161d8010c8e8aa66154dc84501e5faf3304a60b7b4639704
Server/MMSM/p_mmsm_17530/mmsmmzsjf2_inq.cpp,Server/MMSM,backend_source,scanned,True,c09909ce24579f199c7dfddace475ddf0a6e396859f8004cf0407ebba3c8ac67
Server/MMSM/p_mmsm_17540/mmsm01g3_inq.cpp,Server/MMSM,backend_source,scanned,True,987f9cc45b249dee8e63992cb730287a9d8cdf5c6365a977712648eb119482da
Server/MMSM/p_mmsm_17540/mmsm01g4_inq.cpp,Server/MMSM,backend_source,scanned,True,dbf34a094bdec12f48cad0b7cbb8593e6c2a61122655794401878873d028d558
Server/MMSM/p_mmsm_17540/mmsm01zlf_inq.cpp,Server/MMSM,backend_source,scanned,True,5820a8ec31bd4dc2464f6fefcb7ac04ffd92678a59c3211d1f67bd9707045901
Server/MMSM/p_mmsm_17540/mmsm2a19_pro.cpp,Server/MMSM,backend_source,scanned,True,36f9f63493e24c64c3259061bb0c804f809595696a07931f46a6cfc5dcf1af23
Server/MMSM/p_mmsm_17540/mmsm_sixx1.cpp,Server/MMSM,backend_source,scanned,True,503b22aa2e82d7be1b71030caf2cd6ab04bec0b763e1e05a7e645780fe0a16f1
Server/MMSM/p_mmsm_17540/mmsmcs_sg_inq.cpp,Server/MMSM,backend_source,scanned,True,6a2feed170b9a2b5336b51a9b7e19416e835227a7b24894c2cdd22b3fcf78a29
Server/MMSM/p_mmsm_17540/mmsmwljy_pro.cpp,Server/MMSM,backend_source,scanned,True,ffae86849feef5912b6d966af8fe573c429e7fb347c7e6f17b821fa121d1d4d6
Server/MMSM/p_mmsm_17550/mmsm10_inq.cpp,Server/MMSM,backend_source,scanned,True,b31b1c9ad78d8470e0a759ff12f290014bac3b34453aca98c8c04edbb12b5eaa
Server/MMSM/p_mmsm_17550/mmsm10_pro.cpp,Server/MMSM,backend_source,scanned,True,96fd881de9aedbf5e2b63420809577f70fa682e328d834a7918b5b9a262319f0
Server/MMSM/p_mmsm_17550/mmsm11_dk_snd.cpp,Server/MMSM,backend_source,scanned,True,43bcce3783947c102f9f76f110caa37bafe7da357386561adae4d2ed98dd28ef
Server/MMSM/p_mmsm_17550/mmsm11_inq.cpp,Server/MMSM,backend_source,scanned,True,eb2c9051ff2b286f7ca306df5cb3d44102f60f6573d2fcd4f26404c3a88ec555
Server/MMSM/p_mmsm_17550/mmsm11_pro.cpp,Server/MMSM,backend_source,scanned,True,6e9e0697211819ee2544e0f885ea508a9010deb55e4b30e4df806aea540888d6
Server/MMSM/p_mmsm_17550/mmsm11_tpd_wt_inq.cpp,Server/MMSM,backend_source,scanned,True,054583a9af283d751c6d7a62778ab751e292c4c77581bb5a5dc2db53febf7d45
Server/MMSM/p_mmsm_17550/mmsm11a_inq.cpp,Server/MMSM,backend_source,scanned,True,0e427115adf4207f93874f865546f5de98fc11c3a4ab6adf8b3a335e77d1ccc0
Server/MMSM/p_mmsm_17550/mmsm11b_inq.cpp,Server/MMSM,backend_source,scanned,True,344b8ba415c333a262d676f6af484a3e534247472f6ece038b2d964a2e70c081
Server/MMSM/p_mmsm_17550/mmsm11c_inq.cpp,Server/MMSM,backend_source,scanned,True,56f97a02bff4f04573e2d89f6781b2f12731ceef29527c402ed5ba7625c70d48
Server/MMSM/p_mmsm_17550/mmsm11cv_inq.cpp,Server/MMSM,backend_source,scanned,True,106b7d80bce4d73c2ef2abcb8ca2b1f3b7db0fb9b278ab017f6e034a58a513e1
Server/MMSM/p_mmsm_17550/mmsm11cv_iud.cpp,Server/MMSM,backend_source,scanned,True,5b35695cdda6caf5be59e3eed51937cd402c827f197a6277c1927036cf0d69b0
Server/MMSM/p_mmsm_17550/mmsm11cv_snd.cpp,Server/MMSM,backend_source,scanned,True,d3fbb1123906f4197798e819a463c8ec57a09dd6b5f1051aaf0223ab2df61bb9
Server/MMSM/p_mmsm_17550/mmsm11d_inq.cpp,Server/MMSM,backend_source,scanned,True,50f26d64de7b47b68db8c002aa1f7673c983955ae2ffb23792781813d86c502f
Server/MMSM/p_mmsm_17550/mmsm11dcs2nf2_inq.cpp,Server/MMSM,backend_source,scanned,True,40a34311a4ab32a567c90baf0f55d75a299a9b257f7800781db464ae304a6ec8
Server/MMSM/p_mmsm_17550/mmsm11e_inq.cpp,Server/MMSM,backend_source,scanned,True,02b63a505dd3b374f6ea410506fa5ef3bdc8637a592de0289c61f88c4c954eea
Server/MMSM/p_mmsm_17550/mmsm11f_inq.cpp,Server/MMSM,backend_source,scanned,True,b5d5d649c49f3c6b024e4b80ccf69cae233a8514a1a676d40a9454a86ab62d78
Server/MMSM/p_mmsm_17550/mmsm11g_inq.cpp,Server/MMSM,backend_source,scanned,True,c339c80fe5c3cf79ec53dca64b0e80df4b14a9191f03a34e821b73ec6a281368
Server/MMSM/p_mmsm_17550/mmsm11g_pro.cpp,Server/MMSM,backend_source,scanned,True,10ae1c5bdbb35cee9c33adad693cbb45e70346f22b4a228654f2aadd3ddb7e0d
Server/MMSM/p_mmsm_17550/mmsm11h2_inq.cpp,Server/MMSM,backend_source,scanned,True,01697404a0f6c4821928a2ef7d8acb0c32855f952d6f0319318bb3c4d761197c
Server/MMSM/p_mmsm_17550/mmsm11h_inq.cpp,Server/MMSM,backend_source,scanned,True,441b7b9b68c4227f2fe89b09447aed26f5fcdc0c005a093a300e38611cb07cb5
Server/MMSM/p_mmsm_17550/mmsm11j_upd.cpp,Server/MMSM,backend_source,scanned,True,3eb1bcbefce9f81e6eb23816299b3b6b3c34afa03677e549cc6a109718c04871
Server/MMSM/p_mmsm_17550/mmsm11k_inq.cpp,Server/MMSM,backend_source,scanned,True,25e5422eb0fab325b15d046a870dfd185a00cb4d9f37e9ebbbfe7311432e9f87
Server/MMSM/p_mmsm_17550/mmsm11k_inq2.cpp,Server/MMSM,backend_source,scanned,True,c4a641b93025d50114b6e280fed01ebf3a1b4e25de56bb2d311ac3f2359f3b04
Server/MMSM/p_mmsm_17550/mmsm11k_pro.cpp,Server/MMSM,backend_source,scanned,True,c1d4a9ccae97d98e3809546238f4102ce6526788a5325143abc48a07dcd96364
Server/MMSM/p_mmsm_17550/mmsm11k_upd.cpp,Server/MMSM,backend_source,scanned,True,62f9eda3efdc2ccef081571210738e733ac19450e3f023380e08126d2abfb22f
Server/MMSM/p_mmsm_17550/mmsm12_inq.cpp,Server/MMSM,backend_source,scanned,True,3f6dd083b120bfcc8cc84d9c05d8628229c9b6caefddd64a5bc6c3ebadbffaf2
Server/MMSM/p_mmsm_17550/mmsm12_pro.cpp,Server/MMSM,backend_source,scanned,True,1725b140b9d2b274e27dc7539d7387f24f173314ed3d278ed3b1572ab9b52ce2
Server/MMSM/p_mmsm_17550/mmsm12a_inq.cpp,Server/MMSM,backend_source,scanned,True,26a40dd1c71791469dec3259c92cc9c8e36afaa696060bc30930481f67050d14
Server/MMSM/p_mmsm_17550/mmsm12a_pro.cpp,Server/MMSM,backend_source,scanned,True,3648930a98c257a21ed1aa5dd4c537fbc5e8333fdfdc2d7a45387e9a751b0caf
Server/MMSM/p_mmsm_17550/mmsm12b_inq.cpp,Server/MMSM,backend_source,scanned,True,ea91052a0a66241d4ceebf3b41b489748362ee00238fff796633c9b5cf705f19
Server/MMSM/p_mmsm_17550/mmsm12c_inq.cpp,Server/MMSM,backend_source,scanned,True,f7ba029c2f4100f9a808c07296944d2e73e493c17f624d09471555f91c59b737
Server/MMSM/p_mmsm_17550/mmsm12d_inq.cpp,Server/MMSM,backend_source,scanned,True,75000a235ea3f17db0625b68abd6f16ae893544ceef65f04b0ca509aec607997
Server/MMSM/p_mmsm_17550/mmsm12dcs2nf2_inq.cpp,Server/MMSM,backend_source,scanned,True,4fa3f412be28ca15a4cbe6a6068c8e066321194f132ad5f6e38e1a9e6775a444
Server/MMSM/p_mmsm_17550/mmsm12e_inq.cpp,Server/MMSM,backend_source,scanned,True,d1e1866266e4311956b6277fb94572d40b5c2665ca6a5bb556dbfd8e4e3b3354
Server/MMSM/p_mmsm_17550/mmsm12qys2nf2_inq.cpp,Server/MMSM,backend_source,scanned,True,9e02830cc03fa932541fa164b4280f07e1cea606f1270f3465c18eff8ab2dd0d
Server/MMSM/p_mmsm_17550/mmsm12qys2nf7_upd.cpp,Server/MMSM,backend_source,scanned,True,6d91559730795ec67c8d747be93bd870c955cee99517bf4338e130365f34d45b
Server/MMSM/p_mmsm_17550/mmsm12qys2nf8_upd.cpp,Server/MMSM,backend_source,scanned,True,f49bede653e502ce59864576994f69a14f3bdf69f587caf53d7ec36e05b164be
Server/MMSM/p_mmsm_17550/mmsm13_inq.cpp,Server/MMSM,backend_source,scanned,True,9655822aa45b31e6cfd6a33e433231b7fe2c1f70fc8da81ec749420eb012dfb2
Server/MMSM/p_mmsm_17550/mmsm13_pro.cpp,Server/MMSM,backend_source,scanned,True,6eda62ce441fe5ca65a2e4371775a1853e63f31bfe7cd644c5594ebe9c6c96cc
Server/MMSM/p_mmsm_17550/mmsm14_inq.cpp,Server/MMSM,backend_source,scanned,True,2eb3fda814dec8d2459f0ad3730e9f958c3f07c3528370e148568b55b0225c1b
Server/MMSM/p_mmsm_17550/mmsm14_pro.cpp,Server/MMSM,backend_source,scanned,True,18a9515070a221e6f6457c61f9c80d9abe4d9c3f4eb5051b4267aa002a36b2fd
Server/MMSM/p_mmsm_17550/mmsm15a_inq.cpp,Server/MMSM,backend_source,scanned,True,1f6b93228e9703f9e29ed73c56051bbe2a2dc6693d90e5909da8e9a9b51faac3
Server/MMSM/p_mmsm_17550/mmsm18_inq.cpp,Server/MMSM,backend_source,scanned,True,dfe40bbee21252897eefe06532523b52e09728ee55531ca80e04eba937e20f29
Server/MMSM/p_mmsm_17550/mmsm18_pro.cpp,Server/MMSM,backend_source,scanned,True,0ad9dc934512f06cc7d9865e539e8a485f5470787e722bdb7bd7acadbd01e1de
Server/MMSM/p_mmsm_17550/mmsm19_pro.cpp,Server/MMSM,backend_source,scanned,True,b01b3563cdb976620508be0c7bb97588b7a1e1750c75985c64caf896250c2350
Server/MMSM/p_mmsm_17550/mmsm20_pro.cpp,Server/MMSM,backend_source,scanned,True,dab08a6d501b0322476afe3b11fd4eb1d89a352bc624d46fbdbcbf3a828be42f
Server/MMSM/p_mmsm_17550/mmsm21_pro.cpp,Server/MMSM,backend_source,scanned,True,4238dfe98146a5bd97f8a2aa319a7622ae4d5f093dcd157fce87de0a0f7000bb
Server/MMSM/p_mmsm_17550/mmsm21a_inq.cpp,Server/MMSM,backend_source,scanned,True,12275c2837276819ef53ced4487522261a9fb68f9caf37d20fbb441893e9c649
Server/MMSM/p_mmsm_17550/mmsm21a_phn.cpp,Server/MMSM,backend_source,scanned,True,781f64d0c2becff06e35bac756842362343fe724c2163c8f298a9b9fbccd1c91
Server/MMSM/p_mmsm_17550/mmsm21a_pro.cpp,Server/MMSM,backend_source,scanned,True,7187e02b54518592a091683e012938af9c41bd90dc27b6e4ca4bb3ae1af7feb2
Server/MMSM/p_mmsm_17550/mmsm21b_inq.cpp,Server/MMSM,backend_source,scanned,True,9bbada11e6ed7dcc6e9afa927aabdf15a4cbc24e58584f753f76218f8a6dd1cb
Server/MMSM/p_mmsm_17550/mmsm21b_pro.cpp,Server/MMSM,backend_source,scanned,True,cfb24d022a1b05e470901d38ffd524fbb82101580b2e083f0e5a90b8d223416d
Server/MMSM/p_mmsm_17550/mmsm21c_inq.cpp,Server/MMSM,backend_source,scanned,True,979f27af263af9de71d73a20738f6abb5788fda3fe8a83b825df49869dbcb32b
Server/MMSM/p_mmsm_17550/mmsm21c_pro.cpp,Server/MMSM,backend_source,scanned,True,f31e5ac563ef87264f02ac3528a7a3acb2bc9ac501f6b1c5bb68fe54cc68fdfc
Server/MMSM/p_mmsm_17550/mmsm21d_inq.cpp,Server/MMSM,backend_source,scanned,True,000a86cb120bbe025332eb79a586f5efc9f5f3937b1d4e92c2930fc994582710
Server/MMSM/p_mmsm_17550/mmsm21d_pro.cpp,Server/MMSM,backend_source,scanned,True,789b3d0dde5587f2204832b757cc246102b624952073d28cd29c2000d89c727e
Server/MMSM/p_mmsm_17550/mmsm22_bar.cpp,Server/MMSM,backend_source,scanned,True,3ba815f3507687a9b9b6d761b48e2f9f281b48adc8ddbed67c072b8a8560f768
Server/MMSM/p_mmsm_17550/mmsm22_pro.cpp,Server/MMSM,backend_source,scanned,True,080df1e2ebb7ff4a607782ddc6bcd4a9e0599851aca998337e51f7e22dc78acb
Server/MMSM/p_mmsm_17550/mmsm23_pro.cpp,Server/MMSM,backend_source,scanned,True,3155a4d5867016c0a6bc6c09cc830646b3fbdc5f21b77d59df5be2b570e61340
Server/MMSM/p_mmsm_17550/mmsm24_pro.cpp,Server/MMSM,backend_source,scanned,True,e71cb892ab8121ab0be0b524f0922e36df1fe22dbc6f21e5c9bb01a114c723f4
Server/MMSM/p_mmsm_17550/mmsm25_pro.cpp,Server/MMSM,backend_source,scanned,True,82883bec919fd649e368c8d1f97f80ed8a128ad5f5d6161a60ceb9f3c641300e
Server/MMSM/p_mmsm_17550/mmsm26_pro.cpp,Server/MMSM,backend_source,scanned,True,485b9d49d8c8462372397b91bc8c727b8e5ac36ea675fbfe25e1a3d7c1fe38e3
Server/MMSM/p_mmsm_17550/mmsm27_pro.cpp,Server/MMSM,backend_source,scanned,True,de9cc0fe5333ac5fb31effc65525ce8c17e78b0ed5f1b8da0363fa20a27a9c1b
Server/MMSM/p_mmsm_17550/mmsm27cf_pro.cpp,Server/MMSM,backend_source,scanned,True,aa0c4290cec6a5349381b67c655f55928c85c4b27dde5d299de33e5adc07a39d
Server/MMSM/p_mmsm_17550/mmsm2a_del.cpp,Server/MMSM,backend_source,scanned,True,8b9429a99c10b7692cfb048ad9845fdcfffed94e71906d391e1644b617d9b468
Server/MMSM/p_mmsm_17550/mmsm2a_inq.cpp,Server/MMSM,backend_source,scanned,True,ba23e9abf4def7a7d3f5d74b7cec2f1b3f235a7b478c66058dd71ebad444f446
Server/MMSM/p_mmsm_17550/mmsm2a_inq1.cpp,Server/MMSM,backend_source,scanned,True,3c69c81805b083c994956350d5510338f0f9af5d9e167db1211c873f4f6ec803
Server/MMSM/p_mmsm_17550/mmsm2a_pro.cpp,Server/MMSM,backend_source,scanned,True,0b63795e06a153343440229a9770eecab151fed5480a02bc68d4acae19c33be4
Server/MMSM/p_mmsm_17550/mmsm2a_pro1.cpp,Server/MMSM,backend_source,scanned,True,8c2fec1a337479c47861db7b21950d9c02b817cae0044ccfda9575ca2506f788
Server/MMSM/p_mmsm_17550/mmsm2a_save.cpp,Server/MMSM,backend_source,scanned,False,c7766f976c98b0a4a2e37a95084cc9a53cf34449f336d951e0ddc726aeabe89e
Server/MMSM/p_mmsm_17550/mmsm2b_pro.cpp,Server/MMSM,backend_source,scanned,True,f60b17dd6d512b7542fb69e2af9a1ce3092a7df5f66c193b8e1c66246d0ab2bb
Server/MMSM/p_mmsm_17550/mmsm2d_pro.cpp,Server/MMSM,backend_source,scanned,True,9ad397414c7f5c19b9fbf6ed1b127c0fa150cc49dec2e6d46119e722b66eef9d
Server/MMSM/p_mmsm_17550/mmsm2e_inq.cpp,Server/MMSM,backend_source,scanned,True,06fe2eab7b2792cf522d097489e04a7ca1955a951e52774f948872f96d4af610
Server/MMSM/p_mmsm_17550/mmsm2e_pro.cpp,Server/MMSM,backend_source,scanned,True,db1fece6f3d0b44dbed99c8d304405372f774e318dfbbe99909fe2ac12b18bea
Server/MMSM/p_mmsm_17550/mmsm31_pro.cpp,Server/MMSM,backend_source,scanned,True,e8368e3d645bda0cb307ee94c4e4ef560c61678f11dbcd9f43c4aaf0fc89fc2e
Server/MMSM/p_mmsm_17550/mmsm31b_upd.cpp,Server/MMSM,backend_source,scanned,True,7158863d0bae1c261fbd743d35ae5c8d027a3b2fe6e2d9fb2f9af1bedb9299c9
Server/MMSM/p_mmsm_17550/mmsm33batch_inq.cpp,Server/MMSM,backend_source,scanned,True,de8cea32a2c1f4128ca15a8d725c129f5957ffd937214a0f3e3966e6b3096f43
Server/MMSM/p_mmsm_17550/mmsm33bpgg_inq.cpp,Server/MMSM,backend_source,scanned,True,1137b120fe861f321ccd5251edaf31f886f6cd316926b18289d461116f53630f
Server/MMSM/p_mmsm_17550/mmsm33bpgg_pro.cpp,Server/MMSM,backend_source,scanned,True,9aea4ca9f1677eb5746097104327bdb789789283832c94d52a225fcec886ad9a
Server/MMSM/p_mmsm_17550/mmsm33czxs_inq.cpp,Server/MMSM,backend_source,scanned,True,ed88a9548280683075e0524f8acb9abc84f2d9cdf8cbd7c289c27cff40e3cb95
Server/MMSM/p_mmsm_17550/mmsm33czxs_upd.cpp,Server/MMSM,backend_source,scanned,True,78978986f00b108d52aa7c2c76447e5e4f4dcb3ee73bcc4b00436781dcc58472
Server/MMSM/p_mmsm_17550/mmsm33tgjy_inq.cpp,Server/MMSM,backend_source,scanned,True,ef2f42e499c6d216d5a64288ebffa26b37538e50f0e75d0444109435f5109712
Server/MMSM/p_mmsm_17550/mmsm33tgjy_pro.cpp,Server/MMSM,backend_source,scanned,True,6b7eab38993a332a27f7ee17d3218a4b16101f157a9a1699b784a54602ba0dc0
Server/MMSM/p_mmsm_17550/mmsm33xcjl_inq.cpp,Server/MMSM,backend_source,scanned,True,81e4b0361eab082c24210386911ee010de7f1cb0379d80edbdf999337a657c14
Server/MMSM/p_mmsm_17550/mmsm33xcjl_pro.cpp,Server/MMSM,backend_source,scanned,True,0d395d78d96c313d3f4ab9dcadbdfe5aff888ab03c9ebf4b05bfe28ce62606dd
Server/MMSM/p_mmsm_17550/mmsm33xsdm_inq.cpp,Server/MMSM,backend_source,scanned,True,be5e402f8dced5b0f8c30ca8851ef5a16c4dbcc37c897caa4af83fc1e038e4c3
Server/MMSM/p_mmsm_17550/mmsm33xsdm_upd.cpp,Server/MMSM,backend_source,scanned,True,4ec8bb4f99cf8c4e4973a770f2585da5301bba4affe24579c1c3d60e5af5334e
Server/MMSM/p_mmsm_17550/mmsm391_inq.cpp,Server/MMSM,backend_source,scanned,True,6a7a917de781debff52e6ded6d0977d1b8aba1e083f0d5da41d036c70f5bee8e
Server/MMSM/p_mmsm_17550/mmsm39_inq.cpp,Server/MMSM,backend_source,scanned,True,37337d1a0442d69c683099e01b44d2daf593c113bc5f4ec64a158dd6f601e354
Server/MMSM/p_mmsm_17550/mmsm3af2_inq.cpp,Server/MMSM,backend_source,scanned,True,f44ae7140f70f9283a8064e99f1a329bf46628bbeed199865c68c3fa68de1252
Server/MMSM/p_mmsm_17550/mmsm50af2_inq.cpp,Server/MMSM,backend_source,scanned,True,ebb3e2e7d064a9f56eb7880e8900fe38c1d267c79908676e28104772501b93a3
Server/MMSM/p_mmsm_17550/mmsm50af2_inq1.cpp,Server/MMSM,backend_source,scanned,True,70d0dda68e5895e6cc2e854c2548a3541a12b094a3b6506351d7349633a18142
Server/MMSM/p_mmsm_17550/mmsm50af3_ins.cpp,Server/MMSM,backend_source,scanned,True,d89de0aa9642c8fdacdcf13f82bc9e43ffdfb105ff3cc09818a7541d423f3d8a
Server/MMSM/p_mmsm_17550/mmsm50af4_upd.cpp,Server/MMSM,backend_source,scanned,True,afd14138d7f3474991ee8803e6babb283bf5aeb8f3dd7c4ab621aff56b04d2d6
Server/MMSM/p_mmsm_17550/mmsm50af5_del.cpp,Server/MMSM,backend_source,scanned,True,b1d024c5037b3098e99ff986bb7dd0b5e4ddcddc90d6929b9a705127be024717
Server/MMSM/p_mmsm_17550/mmsm50af8_snd.cpp,Server/MMSM,backend_source,scanned,True,d3b7cbf122663625eb6b8fdc50e3441220acd5a6b9de9bac4e18c8a940fda717
Server/MMSM/p_mmsm_17550/mmsm50af9_snd.cpp,Server/MMSM,backend_source,scanned,True,1f313ba7f07085fd4db90339f117a52f362811764c26dbe48cfe4d5ffcd9de25
Server/MMSM/p_mmsm_17550/mmsmaod_inq.cpp,Server/MMSM,backend_source,scanned,True,e3d062b503e70691b7277a1076fa6fdf0e52982dc2b0bbb5bc30c365aa2834ec
Server/MMSM/p_mmsm_17550/mmsmcf_inq.cpp,Server/MMSM,backend_source,scanned,True,0d8556824c4233ed7460c782c55a9cde654bd12eb5a5f02c5c3b8a54fdcc88c7
Server/MMSM/p_mmsm_17550/mmsmdr_add.cpp,Server/MMSM,backend_source,scanned,True,8eda9db7574dee65b4d6d54a6fae16ba729bd9c3f75ce077c5c071743f8e8a1f
Server/MMSM/p_mmsm_17550/mmsmdr_inq.cpp,Server/MMSM,backend_source,scanned,True,5812a6d396c07a58a0a6cff39ef69246ecec5012e032555deaf57383b0ce6583
Server/MMSM/p_mmsm_17550/mmsmdr_ins.cpp,Server/MMSM,backend_source,scanned,True,eaf8d28b8527b5367f5fe113df8dfba3165d28ea81f700755edcd9fbc995b57f
Server/MMSM/p_mmsm_17550/mmsmele_inq.cpp,Server/MMSM,backend_source,scanned,True,fc85b53452fee79ce727620ba6de2b493a57350386328413c26076a0a42798bd
Server/MMSM/p_mmsm_17550/mmsmg2a_inq.cpp,Server/MMSM,backend_source,scanned,True,87a2d4ad6f6f983ab73bc8f6ecfeee3cd5bf782fec12062e2c6d44406109e5c4
Server/MMSM/p_mmsm_17550/mmsmggl_inq.cpp,Server/MMSM,backend_source,scanned,True,3146199f8e6ea79161373f93323944de8a6ac49b340780f7c04fcfdff2b07c2e
Server/MMSM/p_mmsm_17550/mmsmggl_xf.cpp,Server/MMSM,backend_source,scanned,True,02951a3b385d52f252aa478b9e267f784f5e94fb7ec2c8be77a2f5763161bf51
Server/MMSM/p_mmsm_17550/mmsmgp_inq.cpp,Server/MMSM,backend_source,scanned,True,6779ef6f81096c4cab9f57ea6457400fbe06f32c672fd08633a550bb0fdec552
Server/MMSM/p_mmsm_17550/mmsmgy2a_inq.cpp,Server/MMSM,backend_source,scanned,True,ac624f64c484bd577365ef5ed87275f813cdba4dae660a51a7d18259d9e7fa12
Server/MMSM/p_mmsm_17550/mmsmgycs_inq.cpp,Server/MMSM,backend_source,scanned,True,a73d4f55f40634cfc771e04fec65f8fdde0b6aeb2b08878ac514cddc382a5df7
Server/MMSM/p_mmsm_17550/mmsmgycs_inq1.cpp,Server/MMSM,backend_source,scanned,True,a77d8c2a5655250077f84976e9cb377e6cfb1a65b201d02a7c51321fcbc7a5fb
Server/MMSM/p_mmsm_17550/mmsmgylx_ins.cpp,Server/MMSM,backend_source,scanned,True,561ace45b5db8290d2512f33223d06c1acfb45deccf5dc686eeae0a5554d43df
Server/MMSM/p_mmsm_17550/mmsmgylx_pro.cpp,Server/MMSM,backend_source,scanned,True,76dda298d5a3bb88da0d39270f80dd76fef1b9b5f2c3f7ec78a0efd0169abec5
Server/MMSM/p_mmsm_17550/mmsmgylx_upd.cpp,Server/MMSM,backend_source,scanned,True,5e9c0bb0e6989326f4b4946fdf386b315e2314677b6e8aa01761f74eaa1dc311
Server/MMSM/p_mmsm_17550/mmsmhtno_inq.cpp,Server/MMSM,backend_source,scanned,True,97ab3ea24539cde04d55a6347c5988b43db408d176b07e95ed840a7c70628778
Server/MMSM/p_mmsm_17550/mmsmkr14_inq.cpp,Server/MMSM,backend_source,scanned,True,c8a0bde334f555aafee094d342b1d0211d38d14f0b84eb0eaba7b6be7f09f5c9
Server/MMSM/p_mmsm_17550/mmsmkr14_pro.cpp,Server/MMSM,backend_source,scanned,True,86568bd56c50e919c61426bc20ae81f33217b6e5954ad15539a151253214efd5
Server/MMSM/p_mmsm_17550/mmsmlcl_inq.cpp,Server/MMSM,backend_source,scanned,True,ed3f7e37338c29c535779985c4da7669206cca8a6771a347297688af32ee04b7
Server/MMSM/p_mmsm_17550/mmsmplanno_inq.cpp,Server/MMSM,backend_source,scanned,True,71f7dc066a45ebd269af5b8d1c2756af540d5a0d7856932d57d8a91e8276f90d
Server/MMSM/p_mmsm_17550/mmsmproc_count.cpp,Server/MMSM,backend_source,scanned,True,bd8448a1fa3abfb857c08138aa5bb89e69f4ae70cb0a5e258950b558be1ba434
Server/MMSM/p_mmsm_17550/mmsmsjdc_inq.cpp,Server/MMSM,backend_source,scanned,True,a2acd6c228bcaf8873f8197adbd2a1d0cec8b90a75bfd148d884c2ca5dc1dcff
Server/MMSM/p_mmsm_17550/mmsmsjf2_inq.cpp,Server/MMSM,backend_source,scanned,True,8d2b1cf1b90c70c3a1d554bd5b58b71d3626c470cd8e1d6c11c637c5dcf070be
Server/MMSM/p_mmsm_17550/mmsmsjf2_inq1.cpp,Server/MMSM,backend_source,scanned,True,bbe0065ee2a42259e6505481e4e4b471985aacccd970e2a8a92df733c6b24d21
Server/MMSM/p_mmsm_17550/mmsmsjf2_inqm.cpp,Server/MMSM,backend_source,scanned,True,b8c0168228eeb83f6af4f3ccd8d4501ad9e8805b8aeb63da199500a66237fa3b
Server/MMSM/p_mmsm_17550/mmsmt82306_inq.cpp,Server/MMSM,backend_source,scanned,True,e734fc16c35e8e4d7c769787fb896317a5fc460cd616cec61af4dddaa6946c14
Server/MMSM/p_mmsm_17550/mmsmt823sj_inq.cpp,Server/MMSM,backend_source,scanned,True,490455151ebfdf0908074a300ef95ba4609b3cecd8050a7abf63d5730a76bc58
Server/MMSM/p_mmsm_17550/mmsmtf08_inq.cpp,Server/MMSM,backend_source,scanned,True,4b949c375a03aaac15d9131842591a3717cb47609613d031e5e55be348e2285d
Server/MMSM/p_mmsm_17550/mmsmtf08_xf.cpp,Server/MMSM,backend_source,scanned,True,3bc749fa135714b2cc61237f6c7609e34935ab8063fcf6d2b37aa345e4db79f0
Server/MMSM/p_mmsm_17550/mmsmtl_inq.cpp,Server/MMSM,backend_source,scanned,True,2cf9f32f7266a07101dcc7dd43141632ff2652b39660c83978584046b331736c
Server/MMSM/p_mmsm_17550/mmsmtl_pro.cpp,Server/MMSM,backend_source,scanned,True,66e387d7fca5ffb7a432e25b6e81e41aeba0bc0a0171f496f9ed86201e188357
Server/MMSM/p_mmsm_17550/mmsmts01_del.cpp,Server/MMSM,backend_source,scanned,True,765e629b0a0c9a3d7502fff870bc0a08a4c0dbf971f0eb33552b90fbd5e32cd4
Server/MMSM/p_mmsm_17550/mmsmts01_inq.cpp,Server/MMSM,backend_source,scanned,True,21ef4aa11b804b01662c591e324c2b35236d029f422e2255dd82fd35572e83f9
Server/MMSM/p_mmsm_17550/mmsmts01_ins.cpp,Server/MMSM,backend_source,scanned,True,197c9feb504a5e60c8ab411331a8cd48a34c40b1d43b461216a61d0879453826
Server/MMSM/p_mmsm_17550/mmsmts01_upd.cpp,Server/MMSM,backend_source,scanned,True,b3ae4a527e0a58b5aebbc0e1428c8f276c89cc3bfc8890fcc586cd82fda14bc1
Server/MMSM/p_mmsm_17550/mmsmxm01_del.cpp,Server/MMSM,backend_source,scanned,True,4f327faf48acd3144d2fa78b00fd97695260ce0113f9c84595de3fe3cf88e365
Server/MMSM/p_mmsm_17550/mmsmxm01_inq.cpp,Server/MMSM,backend_source,scanned,True,166a7c771e9f5f026984c742eb62303a309edda167bf4d276260d4db8f65a555
Server/MMSM/p_mmsm_17550/mmsmxm01_ins.cpp,Server/MMSM,backend_source,scanned,True,a3842659466ac363ec4aa9d462cc080b3f85d17a741818ddadf691437f0717aa
Server/MMSM/p_mmsm_17550/mmsmxm01_upd.cpp,Server/MMSM,backend_source,scanned,True,3e1bda240e23e8bd0dbc7a2cb3c8df3862e7306b1ac6426e4c8db61205e7a432
Server/MMSM/p_mmsm_17550/源.cpp,Server/MMSM,backend_source,scanned,True,53c831b0cc908912dc8ad415e32aa1fe815376ec16cdc5acf36fc66ce884e526
Server/MMSM/p_mmsm_17560/mmsm34_1_inq.cpp,Server/MMSM,backend_source,scanned,True,e5473cd8989b5811ddfce4da5a6d425d629c46b873b2f4f9bba9f038c90a7fed
Server/MMSM/p_mmsm_17560/mmsm34f10_send.cpp,Server/MMSM,backend_source,scanned,True,ea9d840dad8c06ba3db270c07aa3817308fb7b842b4bdf6ebb95b5b4ec778c47
Server/MMSM/p_mmsm_17560/mmsm34f2_inq.cpp,Server/MMSM,backend_source,scanned,True,5721798509c8ec10f5054149cda60e4eb365fe93ccc611da922cb45c911d12cf
Server/MMSM/p_mmsm_17560/mmsm34f3_ins.cpp,Server/MMSM,backend_source,scanned,True,285be50ccc5cff3f7e8daf6b6e3e3dbe419168a57da553c7833162c1ff9cf18a
Server/MMSM/p_mmsm_17560/mmsm34f4_upd.cpp,Server/MMSM,backend_source,scanned,True,099a79c5bee4ad2b9876a44caefef9d724c9b51565209ada6019412735515937
Server/MMSM/p_mmsm_17560/mmsm34f5_del.cpp,Server/MMSM,backend_source,scanned,True,1ff3a3b8364aa4bf971abdf5bc0706a1703c0e0117b301c636a1330d29f244e9
Server/MMSM/p_mmsm_17560/mmsm34f5_del_record.cpp,Server/MMSM,backend_source,scanned,True,d6d7d0b02e75fb6e1bb75911a3dc704ac1537ab156d5dc5128b3bfa5414e6791
Server/MMSM/p_mmsm_17560/mmsm34f6_cut.cpp,Server/MMSM,backend_source,scanned,True,7ed639ea78083c9917e08864041c85caf87ca6d5c94f1fa65a750ccac5bcf5fc
Server/MMSM/p_mmsm_17560/mmsm34f8_confirm.cpp,Server/MMSM,backend_source,scanned,True,8a4d8a4d48047e2d1879335cfc89828778b956b1bbf3676bfc94145aa812e37b
Server/MMSM/p_mmsm_17560/mmsm34f9_cancel.cpp,Server/MMSM,backend_source,scanned,True,e0865d3e565e5b66acb6029fed3e15c6af5987e6299a3456c353e7c4a20bcc28
Server/MMSM/p_mmsm_17560/mmsm35f2_inq.cpp,Server/MMSM,backend_source,scanned,True,dffb2f42a73180e3b614328ce0b887bb6e90f67ce4e5fee10ac86c13780af9d4
Server/MMSM/p_mmsm_17560/mmsm35f6_cut.cpp,Server/MMSM,backend_source,scanned,True,b30d991a047953bef5bd6e9d4d5aec16d02bae37821124f45de77705402725ee
Server/MMSM/p_mmsm_17560/mmsm35f7_cut.cpp,Server/MMSM,backend_source,scanned,True,008a4dbb9a6856bace592bde025267d808e64f354a08eed08861c6ca18afeb78
Server/MMSM/p_mmsm_17560/mmsm35f9_del.cpp,Server/MMSM,backend_source,scanned,True,6458d7be3e248232c501a2c7c0b791ae9b588f1e2c07efd189b78f01d8e83c02
Server/MMSM/p_mmsm_17560/mmsm35popf2_inq.cpp,Server/MMSM,backend_source,scanned,True,fe2a0f3476d59416ca342867255d639f223b4c9a9b9ef50a208417ee6a55f7a8
Server/MMSM/p_mmsm_17560/mmsm391_pro.cpp,Server/MMSM,backend_source,scanned,True,988d7f778831985cc8b314f6d64f8a8ea806a48fbcffd438b3a8322ccf3e8d67
Server/MMSM/p_mmsm_17560/mmsm39_jl_f6.cpp,Server/MMSM,backend_source,scanned,True,d02405663551a56a000a378fa69395bbe5827ee349d5488863e838734feeb380
Server/MMSM/p_mmsm_17560/mmsm39f3_pro.cpp,Server/MMSM,backend_source,scanned,True,c2a61f279335d5229c13fdd093cbef2a3bd965be0bcd49115d366b9e69d71e64
Server/MMSM/p_mmsm_17560/mmsm39f6_pro.cpp,Server/MMSM,backend_source,scanned,True,41b221a9e843ef3ff73b6425b9fe3476fdbc8945ac0c143a1eb4ace7812907af
Server/MMSM/p_mmsm_17570/mmsm33_wt_change.cpp,Server/MMSM,backend_source,scanned,True,75ffb33529fac6733b7cb9df8b32b789b2cd1f35f4f70238b0eb69881932806a
Server/MMSM/p_mmsm_17570/mmsm33c_pro.cpp,Server/MMSM,backend_source,scanned,True,e27526d38227016755cd10d6a98efd9ad6bec1625219689efdeff4351bb8d57b
Server/MMSM/p_mmsm_17570/mmsm33cf2_inq.cpp,Server/MMSM,backend_source,scanned,True,614a4ba71ab508ba62da111cdb4a3015beab4a49d350c5ec9f855ef4d3da42b3
Server/MMSM/p_mmsm_17570/mmsm33cut_batch.cpp,Server/MMSM,backend_source,scanned,True,062075dac54105d4f0d6b569073c7ab31f6ab6ace4541942082a751d7e6d4089
Server/MMSM/p_mmsm_17570/mmsm33f2_inq.cpp,Server/MMSM,backend_source,scanned,True,b1d16b4e275ad1327e6f7d242e944126720d1fbd2c27acd2cbf431cffa7741c3
Server/MMSM/p_mmsm_17570/mmsm33f2_inq1.cpp,Server/MMSM,backend_source,scanned,True,d71412b4aafb3dd3cbe27c783bd5011cfab0b92fd77d88b894d3633b4e87f071
Server/MMSM/p_mmsm_17570/mmsm33f2new_inq.cpp,Server/MMSM,backend_source,scanned,True,f87047a44d5975e6b81cb1278c4755bbc8806aaf61fb5a8b2319458bfc0570fa
Server/MMSM/p_mmsm_17570/mmsm33f2new_inq1.cpp,Server/MMSM,backend_source,scanned,True,3a4ee417e577b4bf7ddb3546da0ecfa53ae5b55bcb24f63f20fbd20ea5e9e44b
Server/MMSM/p_mmsm_17570/mmsm33f3_ins.cpp,Server/MMSM,backend_source,scanned,True,ec1ae1255a4aa062058be8ba03bedfccc21a3e0d5b0d016b5366f8cb373cdea0
Server/MMSM/p_mmsm_17570/mmsm33f3new_ins.cpp,Server/MMSM,backend_source,scanned,True,ad94b38c4c6b6bd59fea574ef80e34b8eed2d97c63390026e2774ac22fadde5a
Server/MMSM/p_mmsm_17570/mmsm33f4_upd.cpp,Server/MMSM,backend_source,scanned,True,2e4eb83636f1d49d99da4a85bd939351779a75d8328b9c73aaf1c9595e4e9fc8
Server/MMSM/p_mmsm_17570/mmsm33f4new_upd.cpp,Server/MMSM,backend_source,scanned,True,12b634aeef8e538dadf8999fdd1a2e1d819abbb6e2aa999a5a9b70e5042a6057
Server/MMSM/p_mmsm_17570/mmsm33f5_del.cpp,Server/MMSM,backend_source,scanned,True,9aa090e17cda462b2f7140aabac66a272a626104483861728cef45a307736d04
Server/MMSM/p_mmsm_17570/mmsm33f6_cut.cpp,Server/MMSM,backend_source,scanned,True,8c9be378c8285703a270ba344fa6d56e4ffcc441702cc7d33c6228df9548e1a4
Server/MMSM/p_mmsm_17570/mmsm33matno_inq.cpp,Server/MMSM,backend_source,scanned,True,e471ffcbe0365ad7e10980a9aa43f662288e78f1801b2c73e9e4ad9647dadba6
Server/MMSM/p_mmsm_17570/mmsm33mf2_inq.cpp,Server/MMSM,backend_source,scanned,True,6cfda45422a6235724dfeb6990afb4d417e52b0c141c98244ef79ddcf52edba7
Server/MMSM/p_mmsm_17570/mmsm33tgjypop_inq.cpp,Server/MMSM,backend_source,scanned,True,3135b58600df664d3fa5f3a1ee79495521f5a4be3d7e16e8457b8feee15c1245
Server/MMSM/p_mmsm_17570/mmsm34_1_inq.cpp,Server/MMSM,backend_source,scanned,True,e5473cd8989b5811ddfce4da5a6d425d629c46b873b2f4f9bba9f038c90a7fed
Server/MMSM/p_mmsm_17570/mmsm34f10_send.cpp,Server/MMSM,backend_source,scanned,True,ea9d840dad8c06ba3db270c07aa3817308fb7b842b4bdf6ebb95b5b4ec778c47
Server/MMSM/p_mmsm_17570/mmsm34f2_inq.cpp,Server/MMSM,backend_source,scanned,True,5721798509c8ec10f5054149cda60e4eb365fe93ccc611da922cb45c911d12cf
Server/MMSM/p_mmsm_17570/mmsm34f3_ins.cpp,Server/MMSM,backend_source,scanned,True,285be50ccc5cff3f7e8daf6b6e3e3dbe419168a57da553c7833162c1ff9cf18a
Server/MMSM/p_mmsm_17570/mmsm34f4_upd.cpp,Server/MMSM,backend_source,scanned,True,099a79c5bee4ad2b9876a44caefef9d724c9b51565209ada6019412735515937
Server/MMSM/p_mmsm_17570/mmsm34f5_del.cpp,Server/MMSM,backend_source,scanned,True,1ff3a3b8364aa4bf971abdf5bc0706a1703c0e0117b301c636a1330d29f244e9
Server/MMSM/p_mmsm_17570/mmsm34f5_del_record.cpp,Server/MMSM,backend_source,scanned,True,d6d7d0b02e75fb6e1bb75911a3dc704ac1537ab156d5dc5128b3bfa5414e6791
Server/MMSM/p_mmsm_17570/mmsm34f6_cut.cpp,Server/MMSM,backend_source,scanned,True,7ed639ea78083c9917e08864041c85caf87ca6d5c94f1fa65a750ccac5bcf5fc
Server/MMSM/p_mmsm_17570/mmsm34f8_confirm.cpp,Server/MMSM,backend_source,scanned,True,41954794a50f3dec31c3b71018a9930babb853b91938d8016f12a8dd9a2b3d88
Server/MMSM/p_mmsm_17570/mmsm34f9_cancel.cpp,Server/MMSM,backend_source,scanned,True,e0865d3e565e5b66acb6029fed3e15c6af5987e6299a3456c353e7c4a20bcc28
Server/MMSM/p_mmsm_17570/mmsm35f2_inq.cpp,Server/MMSM,backend_source,scanned,True,dffb2f42a73180e3b614328ce0b887bb6e90f67ce4e5fee10ac86c13780af9d4
Server/MMSM/p_mmsm_17570/mmsm35f6_cut.cpp,Server/MMSM,backend_source,scanned,True,b30d991a047953bef5bd6e9d4d5aec16d02bae37821124f45de77705402725ee
Server/MMSM/p_mmsm_17570/mmsm35f7_cut.cpp,Server/MMSM,backend_source,scanned,True,008a4dbb9a6856bace592bde025267d808e64f354a08eed08861c6ca18afeb78
Server/MMSM/p_mmsm_17570/mmsm35f9_del.cpp,Server/MMSM,backend_source,scanned,True,6458d7be3e248232c501a2c7c0b791ae9b588f1e2c07efd189b78f01d8e83c02
Server/MMSM/p_mmsm_17570/mmsm35popf2_inq.cpp,Server/MMSM,backend_source,scanned,True,fe2a0f3476d59416ca342867255d639f223b4c9a9b9ef50a208417ee6a55f7a8
Server/MMSM/p_mmsm_17570/mmsm36_pro.cpp,Server/MMSM,backend_source,scanned,True,5fe0d44764e2aad194b106223aebf81940030de27b3370635701e96ddc888b59
Server/MMSM/p_mmsm_17570/mmsm36f2_inq.cpp,Server/MMSM,backend_source,scanned,True,bb3cbafe6c256d49531b8d9f4b54e22f7441d3e7adad0dc3fb80f22f9a6f9e9d
Server/MMSM/p_mmsm_17570/mmsm37f7_pro.cpp,Server/MMSM,backend_source,scanned,True,6cc7a2949b35603478faee38a8323105ef855b311e4cdb1d36c2df9328046a13
Server/MMSM/p_mmsm_17570/mmsm391_pro.cpp,Server/MMSM,backend_source,scanned,True,988d7f778831985cc8b314f6d64f8a8ea806a48fbcffd438b3a8322ccf3e8d67
Server/MMSM/p_mmsm_17570/mmsm39f3_pro.cpp,Server/MMSM,backend_source,scanned,True,bd5bfcadde0b56997714a5d2464a76e4b46c8a017920bc0059f2ddd4d1bac38e
Server/MMSM/p_mmsm_17570/mmsm_upload_pro.cpp,Server/MMSM,backend_source,scanned,True,91695df21a6a353bc1adb09ecfe0fa5c2695fc0cf51f19aa56a8519d16851933
Server/MMSM/p_mmsm_17570/mmsmacshf2_inq.cpp,Server/MMSM,backend_source,scanned,True,9b79e26bf71d988fc661501a8b008a0f194ddc2cf76e13695849f0d4c6311611
Server/MMSM/p_mmsm_17570/mmsmacshf2_inq1.cpp,Server/MMSM,backend_source,scanned,True,268489d2367dd27f98213269c63bc7d6a128c39c7bd975ea5f992c0ce31fb490
Server/MMSM/p_mmsm_17570/mmsmacshf2_inq2.cpp,Server/MMSM,backend_source,scanned,True,18dee48b7dba8982a5364d61f9276a397c8896f6988b09f57b706a08a3e183d5
Server/MMSM/p_mmsm_17570/mmsmacshf3_pro.cpp,Server/MMSM,backend_source,scanned,True,0f9d8559dc640d4c1d995af13e6c0dceddd6fd22fca412c95b2a9c8c0f3f87e2
Server/MMSM/p_mmsm_17570/mmsmacshf4_pro.cpp,Server/MMSM,backend_source,scanned,True,0dccee92d11e8a261c7f6337afb1fbe1a21d62fbb488805a973b5c6937e427e9
Server/MMSM/p_mmsm_17570/mmsmacshf5_pro.cpp,Server/MMSM,backend_source,scanned,True,e862ab5e760b9803050c7192b18d78eb073592e9f5dcf660d5b8016760cd0e91
Server/MMSM/p_mmsm_17570/mmsmacshf6_pro.cpp,Server/MMSM,backend_source,scanned,True,3548357d54f16f3964cf2bbfbe016fea5b151b18b3184e1b903b153525e7e041
Server/MMSM/p_mmsm_17570/mmsmacshf7_pro.cpp,Server/MMSM,backend_source,scanned,True,3f0339a771f5e6529f14ef33608a1955b798b410df912080114adf6b4166d478
Server/MMSM/p_mmsm_17570/mmsmacshf8_pro.cpp,Server/MMSM,backend_source,scanned,True,04e276f6996f61a4ffe5ad7c49f1dcb10146d613f69071caafb6bf2d7ea7ac71
Server/MMSM/p_mmsm_17570/mmsmcode_query.cpp,Server/MMSM,backend_source,scanned,True,155939e5dd03926e455ee9946d1c4d1b58ff3e1a6f4d9e72288a96ba880acfb6
Server/MMSM/p_mmsm_17570/mmsmfetch_shift_group.cpp,Server/MMSM,backend_source,scanned,True,8a4f5d12299fafe215ba17fb7edde73b157bd93feeb8c738b66d776f1e4230be
Server/MMSM/p_mmsm_17570/mmsmfply_inq.cpp,Server/MMSM,backend_source,scanned,True,672db539ccc270b537ac241dbde991686c490d98a668c6234098c3bac439be45
Server/MMSM/p_mmsm_17570/mmsmfply_pro.cpp,Server/MMSM,backend_source,scanned,True,8b6ed0ef05dd5991336b3f982bbf761b2f70a29173974de8e86c664f653beaa5
Server/MMSM/p_mmsm_17570/mmsmfpmx_inq.cpp,Server/MMSM,backend_source,scanned,True,ced2d893e5070b4c138acd6e1d0d7a510eb231cb5baa8f04b44e0bb332c5fb5a
Server/MMSM/p_mmsm_17570/mmsmfpmx_inq1.cpp,Server/MMSM,backend_source,scanned,True,8820fbf33423d61ed5540799fdcbc1755ddb3d5b3565e7bcbd73030c5304b7fd
Server/MMSM/p_mmsm_17570/mmsmfpmx_inq2.cpp,Server/MMSM,backend_source,scanned,True,71554018ea9a3ea89990ff7c206417a81ab9a1693fb77eabbdf289d843c06eb9
Server/MMSM/p_mmsm_17570/mmsmfpmx_inq3.cpp,Server/MMSM,backend_source,scanned,True,f4535e723b0c77396fa480217d2d63e0236b6998433652822baf1f4507b211d8
Server/MMSM/p_mmsm_17570/mmsmfpmx_inq4.cpp,Server/MMSM,backend_source,scanned,True,398c4ca46bf4be1ebe35d8afca5fcf5a6c13abd7e0a130bd9c3309632134b82e
Server/MMSM/p_mmsm_17570/mmsmfpmx_pro.cpp,Server/MMSM,backend_source,scanned,True,21d2236d7ac0331bcfced7c767378f1981b885157187d8b026b8f26216150467
Server/MMSM/p_mmsm_17570/mmsmgetdata_inq.cpp,Server/MMSM,backend_source,scanned,True,5c89ddcc416a2d430934d1dfdee13f5bba4d63d8a2fe7631541055eea3177d97
Server/MMSM/p_mmsm_17570/mmsmingotcode_inq.cpp,Server/MMSM,backend_source,scanned,True,1e6e739da02e29ec06012099b559145acfa2c86c85493febc3a00337e4d9a8bf
Server/MMSM/p_mmsm_17570/mmsmwt_del.cpp,Server/MMSM,backend_source,scanned,True,539b5024bcc97f5d6ce127d8335195627715155353ddc29e3ee02142d34fe52a
Server/MMSM/p_mmsm_17570/mmsmwt_inq.cpp,Server/MMSM,backend_source,scanned,True,952dcd32f0c25b4fe9bf4d8b8a56fe4640085f995c37de1a1e6357a8944a35d6
Server/MMSM/p_mmsm_17570/mmsmwt_ins.cpp,Server/MMSM,backend_source,scanned,True,a09c9326a1ab0efc3b9d8c05be8eba3c2542efbf12fe255c1c6cf95caecfff80
Server/MMSM/p_mmsm_17570/mmsmwt_upd.cpp,Server/MMSM,backend_source,scanned,True,388bbf44388055a9fb799eb24c81bc429f69d9a2fb0c1d820feeed83798a33fe
Server/MMSM/p_mmsm_17570/mmsmwtb_inq.cpp,Server/MMSM,backend_source,scanned,True,d64616e848fd8b7b0bb537a2848bb717af968f9e095780bdcf13a8769002d6f7
Server/MMSM/p_mmsm_17570/mmsmzdsh_pro.cpp,Server/MMSM,backend_source,scanned,True,01c0f444bfb3fd22011a19b1a6131ef55b7b0f84b250c1f9650edb984b504bff
Server/MMSM/p_mmsm_17570/tpssm81f2_inq.cpp,Server/MMSM,backend_source,scanned,True,37b6c2cfb21e3fe4efc9ccac403ef7292a54b362a907231c1dba9eee690b42d7
Server/MMSM/p_mmsm_17580/cm_002108_rcv.cpp,Server/MMSM,backend_source,scanned,True,3a282ab848e3b3e6e46d9a437ba1c03ddcc2eca7980252c52d4e2fe661fe72a3
Server/MMSM/p_mmsm_17580/cm_002109_rcv.cpp,Server/MMSM,backend_source,scanned,True,6190883370f9e36526437a43e4997a9f5715708b1370d960b512e2423f9e5e9d
Server/MMSM/p_mmsm_17580/cm_002131_rcv.cpp,Server/MMSM,backend_source,scanned,True,478f2bbca60af4004175cc946b46ee58dbc68f1cdd93911d23ca735de70f5e97
Server/MMSM/p_mmsm_17580/cm_002132_rcv.cpp,Server/MMSM,backend_source,scanned,True,b305cbd04eeed21dde67756739aa316036d661b0f498338d6f2678167df60b0a
Server/MMSM/p_mmsm_17580/cm_002151_rcv.cpp,Server/MMSM,backend_source,scanned,True,0ca44521a81d803df8a4d09eb15827d2b3bc9dbeab6026792c1fda046d1c36e6
Server/MMSM/p_mmsm_17580/cm_0rt8m0_rcv.cpp,Server/MMSM,backend_source,scanned,True,8204dc0ea0eabc54400e55a8c321223dd2b7308f8f9d0ed5b7d71ab7f0371496
Server/MMSM/p_mmsm_17580/cm_0rt8s0_rcv.cpp,Server/MMSM,backend_source,scanned,True,7a4f2bdf90f8d9c992ccb6d1cd00f7445cd8fcb77c6046770f245f5549fa0930
Server/MMSM/p_mmsm_17580/mmsm57a_get.cpp,Server/MMSM,backend_source,scanned,True,1fa0e6e7e033e487dfc4fa30fd899e84fe814439a10e3396c400071fb1e84094
Server/MMSM/p_mmsm_17580/mmsm57a_inq.cpp,Server/MMSM,backend_source,scanned,True,164c9741eb3f5316eec98af2e3178e64d2e0b6c43636d863eba7620beddf6056
Server/MMSM/p_mmsm_17580/mmsm57a_save.cpp,Server/MMSM,backend_source,scanned,True,a1637aee930938c14eda076c10c88976bc14cf47e36d46d9cb18b9edf50e330f
Server/MMSM/p_mmsm_17580/mmsm82a_inq.cpp,Server/MMSM,backend_source,scanned,True,a30d8203acc520b9117e8a2304eac5afe871e65d8400c93041a4c86b89cb7227
Server/MMSM/p_mmsm_17580/mmsm82a_inq2.cpp,Server/MMSM,backend_source,scanned,True,a18970176d02e9012f782488c8d1dcfaa4a852f8709dc59713e2d56be2369081
Server/MMSM/p_mmsm_17580/mmsm82a_snd.cpp,Server/MMSM,backend_source,scanned,True,14b7505b0a4f6669506c7d7da05ea651b5d802f6083a224993152f18e578a665
Server/MMSM/p_mmsm_17580/mmsm82a_snd2_batch.cpp,Server/MMSM,backend_source,scanned,True,f90013c4169481b597f1d6fea389c9fd773d5cc4f45a410f1de48d35cc3d77c1
Server/MMSM/p_mmsm_17580/mmsm82a_snd_batch.cpp,Server/MMSM,backend_source,scanned,True,ab69daae500b0724f70c580f6e701da6195f05d79e2f3debc05f4218cd313f0a
Server/MMSM/p_mmsm_17580/mmsm82a_snd_force.cpp,Server/MMSM,backend_source,scanned,True,eecd5f35ab2cea1698af8d0939bd9166672a11fd1b2c11aa5fdfacefcab5b7de
Server/MMSM/p_mmsm_17580/mmsm82c1_inq.cpp,Server/MMSM,backend_source,scanned,True,c83ac5230c4de9d8cac0e9c3eb3cfe9da6569c1204be6490bb58cd8827afc53d
Server/MMSM/p_mmsm_17580/mmsm82c1_pro.cpp,Server/MMSM,backend_source,scanned,True,e3247eaaa9909d1ac22835d89f765668f4308921150a35fa7090d9df49654f91
Server/MMSM/p_mmsm_17580/mmsm82c1_ret.cpp,Server/MMSM,backend_source,scanned,True,ef372bb2b63244152e4c2156b0fbeec06420577d95699cfe2be980825bbbc9de
Server/MMSM/p_mmsm_17580/mmsm82c1_upd_bat.cpp,Server/MMSM,backend_source,scanned,True,91a9677aa4c9bd45e385a7afc16e2c704261895cac1a1a3d41a7d0521b1168ff
Server/MMSM/p_mmsm_17580/mmsm82c2_upd_bat.cpp,Server/MMSM,backend_source,scanned,True,715d788bfc5dd2c2a723db0dc0772450a0650e8be62a02ef045e4f3acf3d194e
Server/MMSM/p_mmsm_17580/mmsm82c3_upd_bat.cpp,Server/MMSM,backend_source,scanned,True,c7fb891ca97a93a04c3d148cceea0fe36b05ee7beedb9b77b96ef1b4ed6b24f3
Server/MMSM/p_mmsm_17580/mmsm82c_batch.cpp,Server/MMSM,backend_source,scanned,True,0622554c14017927a3092bbd222c50e412b959593a1b5ed7e12810dfb237afb1
Server/MMSM/p_mmsm_17580/mmsm82c_comm.cpp,Server/MMSM,backend_source,scanned,True,a9af8237fe8f5eec4ce0d8a944361a0bf95c074dd4480e58d7f6cf747c2b38eb
Server/MMSM/p_mmsm_17580/mmsm82c_gy.cpp,Server/MMSM,backend_source,scanned,True,a01621e87cb1e10d516f8e8247fcd86afbda3dfd28f973b214c9934a48b841e4
Server/MMSM/p_mmsm_17580/mmsm82c_inq.cpp,Server/MMSM,backend_source,scanned,True,dba83938e6f8a84fe049c2c88176a39aa1b552b4564790632654df0c07ccb7d5
Server/MMSM/p_mmsm_17580/mmsm82c_save.cpp,Server/MMSM,backend_source,scanned,True,27e570e023c5c01b4a7f7b3761a8ec9bced51f820ab77745ad8834a75c8ddab3
Server/MMSM/p_mmsm_17580/mmsm82c_upd.cpp,Server/MMSM,backend_source,scanned,True,63cff189a3d97df90cf834c6e7b2ac1d97c76eece871e6b0054dd6d9925a9b0e
Server/MMSM/p_mmsm_17580/mmsm82c_yry.cpp,Server/MMSM,backend_source,scanned,True,ac8d840c06fd4e4ff70d04a123ea38454a1459296689ed67fe76089aa08fc8c2
Server/MMSM/p_mmsm_17580/mmsm82d_ft.cpp,Server/MMSM,backend_source,scanned,True,24f03d5e6a03d2e450d14f967c5834ae0e70bdd85462b3db6f15271ff7ab4e35
Server/MMSM/p_mmsm_17580/mmsm82d_inq.cpp,Server/MMSM,backend_source,scanned,True,ec2ac461917ba09854c9933e57b3c1a37074531e5823860992e2b6f086830ea0
Server/MMSM/p_mmsm_17580/mmsm82d_save.cpp,Server/MMSM,backend_source,scanned,True,d7b4b04cac203e5d42bd734410b8ea3e4ff1ca3a0553c529174a5b7d7e96667e
Server/MMSM/p_mmsm_17580/mmsm82d_snd.cpp,Server/MMSM,backend_source,scanned,True,51f6e51f0c8a58ed9cd57816a4e546f89602d88b3e97148996ba512af9d783fb
Server/MMSM/p_mmsm_17580/mmsm82e_inq.cpp,Server/MMSM,backend_source,scanned,True,b59b18f0dc2f7b1367063fbb462815b9f116feabaa688d75a02ab68306971b12
Server/MMSM/p_mmsm_17580/mmsm82h_inq.cpp,Server/MMSM,backend_source,scanned,True,75c715bcbb404dd454c61c23cde13f09b702e394279df7c8ac48ffd9d2d5a101
Server/MMSM/p_mmsm_17580/mmsm82h_inq2.cpp,Server/MMSM,backend_source,scanned,True,17b3f809cf742ed8e90db8a8c2352ac360ac5da498136601898280b996f91d7c
Server/MMSM/p_mmsm_17580/mmsm82h_snd.cpp,Server/MMSM,backend_source,scanned,True,1eb486bdb1fdbea28f18ee291acf07342e1741ed390a137a6f384d1e0b3e61eb
Server/MMSM/p_mmsm_17580/mmsm82i_inq.cpp,Server/MMSM,backend_source,scanned,True,badf93fb3ffb3e6a3a044fd199ef59b30b594ec7dbfce21342b99b203986e58e
Server/MMSM/p_mmsm_17580/mmsm82k_inq.cpp,Server/MMSM,backend_source,scanned,True,52e79b4de6a72da1ffc35b80a3c080e5e26237904a892f86958eda94eb2d6fa2
Server/MMSM/p_mmsm_17580/mmsm82m_inq.cpp,Server/MMSM,backend_source,scanned,True,fa59e1f597969f6109e6f361c1a58c53f9dffb06cbf344532bfe0f24ee860a0f
Server/MMSM/p_mmsm_17580/mmsm83e_inq.cpp,Server/MMSM,backend_source,scanned,True,9d3e37c1152f5478172a298d264bb2ce5f3d1e343ae95a8e3123dbd4a17b70d1
Server/MMSM/p_mmsm_17580/mmsm83z_batch.cpp,Server/MMSM,backend_source,scanned,True,7efd5923cb69e567baed1479dee0278bcea20b9c52b282625087fcf289196422
Server/MMSM/p_mmsm_17580/mmsm_t80r91.cpp,Server/MMSM,backend_source,scanned,True,32bd809ac45183ee6563b893afca218aef10cd5d5106df8c9d4e8ecc7c35ebb4
Server/MMSM/p_mmsm_17580/mmsmbof_inq.cpp,Server/MMSM,backend_source,scanned,True,7f57702567364c509a746f68559255ae838ef45544e34f6ec39f98aebe1a1d68
Server/MMSM/p_mmsm_17580/mmsmcpkcmx_inq.cpp,Server/MMSM,backend_source,scanned,True,0b92f0bd83ba20cdc7b340fd9fee8101f47918238f7c7edb6760e136919467fb
Server/MMSM/p_mmsm_17580/mmsmgqjl_inq.cpp,Server/MMSM,backend_source,scanned,True,d4cee96e0d6c085bcd7eb7c2c4e5be4959266b04efb11c2b834b0c7bb585bb03
Server/MMSM/p_mmsm_17580/mmsmhsljl_inq.cpp,Server/MMSM,backend_source,scanned,True,8afa85b3901022922d6f9b4975494934dd4baec59782537511515ca6f6cc9bd4
Server/MMSM/p_mmsm_17580/mmsmq1_inq.cpp,Server/MMSM,backend_source,scanned,True,e030cf34fdb22c6fb4f2fc638da5e570a97c14d0dca1a09f0941ef1a083a05c7
Server/MMSM/p_mmsm_17580/mmsmq1_save.cpp,Server/MMSM,backend_source,scanned,True,5b67b24abd74a8259393526e887916f08abff2c3d618c4bd8eeb6232f807374f
Server/MMSM/p_mmsm_17580/mmsmtgjyjl_inq.cpp,Server/MMSM,backend_source,scanned,True,bdf1df0a8953d9afee1e3611e6c52f0f8c725c7b03308a85e2b45b7e38b776a5
Server/MMSM/p_mmsm_17580/mmsmtk_inq.cpp,Server/MMSM,backend_source,scanned,True,81a2f87bf24d66fb35005307fd0b6f99590c69a6c08eb138ac8e3c0004ee082b
Server/MMSM/p_mmsm_17580/mmsmwxmjyjl_inq.cpp,Server/MMSM,backend_source,scanned,True,78a236bd06259dc6ab150c7780831426ac3fe7c7aa8566d5faa2e31ffe179a49
Server/MMSM/p_mmsm_17580/mmsmxmjl_inq.cpp,Server/MMSM,backend_source,scanned,True,da8e01c0c80c69db6ac995afdf77417dad33d11d584b3238bb2251b2cad535aa
Server/MMSM/p_mmsm_17580/mmsmxmtjjl_inq.cpp,Server/MMSM,backend_source,scanned,True,8b47a95ff0a6b0c18fcb7dba9e6113e7333b6a19eee723c5e8e93851930b1fe8
Server/MMSM/p_mmsm_17580/mmsmzpdfjl_inq.cpp,Server/MMSM,backend_source,scanned,True,381d17ca6dfa1fa5bd204c4e9b67106c2245671cff5f4df80200a0b7e781d84b
Server/MMSM/p_mmsm_17590/cm_ewt801_rcv.cpp,Server/MMSM,backend_source,scanned,True,9093cec85e598b25556e89ce4124d48e31ae63c3f836f024b029c3057b1d177d
Server/MMSM/p_mmsm_17590/mmsm2a_snd.cpp,Server/MMSM,backend_source,scanned,True,f7a8bcb4f9a9dfa533ac9000d864fc751610096bb6af78ece7cd4b95d6b4b977
Server/MMSM/p_mmsm_17590/mmsm2a_sndn.cpp,Server/MMSM,backend_source,scanned,True,487b06844bc2a5078d9623e02af54e802da6a82230e7e2b05ac171d1b4a2fff6
Server/MMSM/p_mmsm_17590/mmsm2axh_inq.cpp,Server/MMSM,backend_source,scanned,True,4b95795daef7cdd8967e8274cc51d9fd375111c9570cb325b617eb0d41d5c5f6
Server/MMSM/p_mmsm_17590/mmsm31a_inq.cpp,Server/MMSM,backend_source,scanned,True,e25e7d00a913efa5f131d3049340843fc9df208f98ad0eaf9e99f46dab487ecc
Server/MMSM/p_mmsm_17590/mmsm31b_inq.cpp,Server/MMSM,backend_source,scanned,True,70f153e578aae85e226a45460994e9a116a4c119f5c980d7b1bacd146d47663d
Server/MMSM/p_mmsm_17590/mmsm31b_pro.cpp,Server/MMSM,backend_source,scanned,True,ebc7c7f030787dafdec46d3c94b0d2db23125025c0a7b1667d7f1ad166b0520d
Server/MMSM/p_mmsm_17590/mmsm31c_inq.cpp,Server/MMSM,backend_source,scanned,True,46feda7ef6b3e4b46180ece0c3422d5af80e4a844e2c963f2dd763a51bd659cd
Server/MMSM/p_mmsm_17590/mmsm408n_inq.cpp,Server/MMSM,backend_source,scanned,True,294310ce6ea21366bb68aedd0199936a3a3f94d1f2924cacb19e6698af8439cb
Server/MMSM/p_mmsm_17590/mmsm42_inq.cpp,Server/MMSM,backend_source,scanned,True,19911e88ea4413d27f7a422a5766643b8f5a64b88e58f7c7e2c8aca720f602b4
Server/MMSM/p_mmsm_17590/mmsm45a_pro.cpp,Server/MMSM,backend_source,scanned,True,d13ed6fa7d913d59d9d2b1ff52db95cf01da715931bc69a7c07c87501eb22fec
Server/MMSM/p_mmsm_17590/mmsm50_inq.cpp,Server/MMSM,backend_source,scanned,True,c9ee74280bb8e2955b0b025d7465a05e8f48d89537a6fc6163daadebfd5dd6a4
Server/MMSM/p_mmsm_17590/mmsm50_pro.cpp,Server/MMSM,backend_source,scanned,True,2e5359c3411d8c6e17240687dfc39f6a54a5fefc6697cc5472b4885eb879264b
Server/MMSM/p_mmsm_17590/mmsm50_pro1.cpp,Server/MMSM,backend_source,scanned,True,9a6161536c07c70bdbd7288bd2691cbaa606c8a86a42a58be6a12502bc706495
Server/MMSM/p_mmsm_17590/mmsm50a_inq.cpp,Server/MMSM,backend_source,scanned,True,1057b5d2bedc2a82de20639a4135749e3887aa0f355d83c8e7796e0de8af0bf6
Server/MMSM/p_mmsm_17590/mmsm50a_pro.cpp,Server/MMSM,backend_source,scanned,True,b024d84a4aebb3e0f1ce8bf9bbc2d4ae6913f50da7300c60949f1390c8d4ead4
Server/MMSM/p_mmsm_17590/mmsm51_inq.cpp,Server/MMSM,backend_source,scanned,True,ff670efd07cf1262393d28654134dfecb11c5bafbd4e0d8c47e09ae4f0bc3ff6
Server/MMSM/p_mmsm_17590/mmsm51_inq2.cpp,Server/MMSM,backend_source,scanned,True,45e6f9456c6100f0b5b09bd9530dfbef31fdba5b73c9bf3d1c9f4cc6b3bd6d75
Server/MMSM/p_mmsm_17590/mmsm520_del.cpp,Server/MMSM,backend_source,scanned,True,9fac7cddf9cdb71fca740ae6454002e104d86aed9121f128842423dfaad0d531
Server/MMSM/p_mmsm_17590/mmsm520s2n_inq.cpp,Server/MMSM,backend_source,scanned,True,ac950fa3fd3383eee1d99c4b886e5fc3b0419256ff143111ffae95b11defc156
Server/MMSM/p_mmsm_17590/mmsm52_inq.cpp,Server/MMSM,backend_source,scanned,True,e2ba9abd1361d2679227f19b6755b7714ee7ce2749bcad779a2aa616032c1cc8
Server/MMSM/p_mmsm_17590/mmsm533bv_inq.cpp,Server/MMSM,backend_source,scanned,True,72fc38a0708297bd091f137e9df2773f6431c02d07e09d7585769b35294bc5fe
Server/MMSM/p_mmsm_17590/mmsm533bvf3_pro.cpp,Server/MMSM,backend_source,scanned,True,55c945bd7536040642996836b36d3b2a9416bb1b3932c9dabc7ce029ca7a34c7
Server/MMSM/p_mmsm_17590/mmsm533cv2_inq.cpp,Server/MMSM,backend_source,scanned,True,463b76d09fc1c15806bfaff2ef53346ac09cb0db1f1c17570051c5303cd33fc3
Server/MMSM/p_mmsm_17590/mmsm533cv_inq.cpp,Server/MMSM,backend_source,scanned,True,281a67f66d42bb594d294cc95a366f9e4a7f33f1fe60770e4b6c6dc0d5ea4ea7
Server/MMSM/p_mmsm_17590/mmsm533cvf3_pro.cpp,Server/MMSM,backend_source,scanned,True,9801080733d52e13bd465b6d69db1603cdc2ece09df580f9d1b80304063701f6
Server/MMSM/p_mmsm_17590/mmsm53_inq.cpp,Server/MMSM,backend_source,scanned,True,0bb6e3d6bfe7510f70392a94fbbaf79da3e38705a71c3620d81363452fd5fd14
Server/MMSM/p_mmsm_17590/mmsm54_inq.cpp,Server/MMSM,backend_source,scanned,True,8654e689f864398233e0a62324cf3f3d44a4b3240c9601696380070858c0b768
Server/MMSM/p_mmsm_17590/mmsm54_pro.cpp,Server/MMSM,backend_source,scanned,True,07a9779246b98afb437f977d7cbbb1eeee3274fc58d40d4890db8386ca419955
Server/MMSM/p_mmsm_17590/mmsm54plv_inq.cpp,Server/MMSM,backend_source,scanned,True,9d28a8e8bdccd9a7fd177b899da864e868b9068b2bfc3cbc788fe0a264d27873
Server/MMSM/p_mmsm_17590/mmsm54plv_inq2.cpp,Server/MMSM,backend_source,scanned,True,d4a88d3072e0f082c63a95a895a5f0c6fd31414f32aaec4b7c74d9f548fb038c
Server/MMSM/p_mmsm_17590/mmsm55_inq.cpp,Server/MMSM,backend_source,scanned,True,a905dec5582b72ebe7cb13a1b144bb922fc430affbb4fb907b63e00a6b5ed850
Server/MMSM/p_mmsm_17590/mmsm55_pro.cpp,Server/MMSM,backend_source,scanned,True,bb336987c43acbb64f78490dd342b104b25f7afb70c9e88a10aed1b4025e7167
Server/MMSM/p_mmsm_17590/mmsm55a_inq.cpp,Server/MMSM,backend_source,scanned,True,68f88bae4052c1c0a52e305654e757eee8753b627fe09b93d7650f8ce2369717
Server/MMSM/p_mmsm_17590/mmsm55a_upd.cpp,Server/MMSM,backend_source,scanned,True,4ef33264614714ef6172d49f836f1dd3c50855905b93662cc08442297a6dc121
Server/MMSM/p_mmsm_17590/mmsm55b_inq.cpp,Server/MMSM,backend_source,scanned,True,632509c3eefa870cdb5b8ab90a5811d0f9e5d20f6fe00994c5a8e4b5cdfaee94
Server/MMSM/p_mmsm_17590/mmsm56_inq.cpp,Server/MMSM,backend_source,scanned,True,e22788e5e4097213a4143fb1c41315ec1147db9c1d26abb184fd91f4074f7572
Server/MMSM/p_mmsm_17590/mmsm56_pro.cpp,Server/MMSM,backend_source,scanned,True,771535fe37c2a3f6c98c9e4899e18cde3819f6f63a6755431280d25ffadea702
Server/MMSM/p_mmsm_17590/mmsm57_inq.cpp,Server/MMSM,backend_source,scanned,True,67e9cfe9e1ce45a41a07315bad44b90941c0288e37cfac30d110f1846536d46d
Server/MMSM/p_mmsm_17590/mmsm57_pro.cpp,Server/MMSM,backend_source,scanned,True,de303bb5201a9f7453f302e8488f83a21e7a7d1874885675cec85426e802e256
Server/MMSM/p_mmsm_17590/mmsm58_inq.cpp,Server/MMSM,backend_source,scanned,True,9c7462987278e8fb2edd13eae2b3faeae3acecf9a0601e1b12397404850335d6
Server/MMSM/p_mmsm_17590/mmsm58_pro.cpp,Server/MMSM,backend_source,scanned,True,6bc3f6183b6753c0385ede72d7657635281a14a80d5894adb7d8ce4e3384bdc5
Server/MMSM/p_mmsm_17590/mmsm59_ed54.cpp,Server/MMSM,backend_source,scanned,True,e1df2c155e9ec8f48f71909d66bb4abb2bdcc684ad83bdc425f36ce4623299ee
Server/MMSM/p_mmsm_17590/mmsm59_inq.cpp,Server/MMSM,backend_source,scanned,True,10869144f320417ccc28dcf6c7af4c359684c82e3e0c5a382ce1e83256c6d2fc
Server/MMSM/p_mmsm_17590/mmsm60518_inq.cpp,Server/MMSM,backend_source,scanned,True,0ea13104f0ddf6de5145abbb9a2d5b0c292549a0e294365405ee75c78d76041d
Server/MMSM/p_mmsm_17590/mmsm60_inq.cpp,Server/MMSM,backend_source,scanned,True,42d5309a17907c9a18631195dfb018ea1a6fa040b8961d0ee567c964820ac033
Server/MMSM/p_mmsm_17590/mmsm60_pro.cpp,Server/MMSM,backend_source,scanned,True,995a4b42f8a06dcc580ca6380c308175b1491d1a4f6778674814d9a368ddcd1a
Server/MMSM/p_mmsm_17590/mmsm60_upd.cpp,Server/MMSM,backend_source,scanned,True,c65223a2f579ed31c1cfeffdf062fff67ea26f5a6ac5062bea1b2a155b7f92a0
Server/MMSM/p_mmsm_17590/mmsm60lc_inq.cpp,Server/MMSM,backend_source,scanned,True,8ebc7699a5cfa5d68a36fa5bf6d0025c68d5a8b789790fd2c31d5745ffe1246e
Server/MMSM/p_mmsm_17590/mmsm65_inq.cpp,Server/MMSM,backend_source,scanned,True,7f9808ec485a02982f4c93a9452f4d117c4420fb7e2a2cd311243304569017ae
Server/MMSM/p_mmsm_17590/mmsm65_pro.cpp,Server/MMSM,backend_source,scanned,True,62c20fa40408addada99851823f851c09ae9b49da16e77494e6fff25313d4449
Server/MMSM/p_mmsm_17590/mmsm65_snd.cpp,Server/MMSM,backend_source,scanned,True,135ec935dbef97f0da64bc8ee978856f501e18f1b3b05b6cc03c6d7c6abf5baf
Server/MMSM/p_mmsm_17590/mmsm67_inq.cpp,Server/MMSM,backend_source,scanned,True,aa84a2ef051bfb853499a5584c78f39daf45d587495c7095eb43a20693780b12
Server/MMSM/p_mmsm_17590/mmsm67_pro.cpp,Server/MMSM,backend_source,scanned,True,102bdda7c4d7ef970986799f0bad8460be924a32126df9d6bbac5a4d7e4ab42b
Server/MMSM/p_mmsm_17590/mmsm67_snd.cpp,Server/MMSM,backend_source,scanned,True,084a3d0bff7ae2c1d4a63af9c2e1bb405bdecd3df8bc7382ec96ca4129fecf1c
Server/MMSM/p_mmsm_17590/mmsm67car_cancel.cpp,Server/MMSM,backend_source,scanned,True,c39460c7cba73ce7e902a34890e87eb15a14235836ed5bf62e1323ad01d01b91
Server/MMSM/p_mmsm_17590/mmsm67car_inq.cpp,Server/MMSM,backend_source,scanned,True,6f4024fa16e895e4029fdea6609ca7a56ed8c072357fc48706d0529c8f6c3139
Server/MMSM/p_mmsm_17590/mmsm67car_snd.cpp,Server/MMSM,backend_source,scanned,True,8ddad912b17bdafd655cf3adfe8406d02c3456487f202cfedc14598015b89cca
Server/MMSM/p_mmsm_17590/mmsm67carpop_inq.cpp,Server/MMSM,backend_source,scanned,True,c3505163d15dbdb1e48e59fdbc11f024f37a8e659f8146b442fdb620ddf0deec
Server/MMSM/p_mmsm_17590/mmsm67loadcar.cpp,Server/MMSM,backend_source,scanned,True,2a27a1b5f05ce5d9b68726030689a5fd1429a6639cd50fb0bddc7a2de0b03a2f
Server/MMSM/p_mmsm_17590/mmsm67loadcar_inq.cpp,Server/MMSM,backend_source,scanned,True,e71ced811bd7683a66142896703e284738e01fdbc48b16ebb92cb2153746cd2a
Server/MMSM/p_mmsm_17590/mmsm67loadcar_pro.cpp,Server/MMSM,backend_source,scanned,True,a7a100b1525186063223f3703db6c296ae1d56be7b7f570425ecff076bde87ee
Server/MMSM/p_mmsm_17590/mmsm68_inq.cpp,Server/MMSM,backend_source,scanned,True,0a3dce10acb9a18a415da95617a3fdaaaf8aa3b7f1697c54067f41e9bd520045
Server/MMSM/p_mmsm_17590/mmsm68_pro.cpp,Server/MMSM,backend_source,scanned,True,b50e0b3caa4bc2a015cd0cf2e32ad0742ca811feebe5682c1fa6c986157a8bfb
Server/MMSM/p_mmsm_17590/mmsm81_d021_rcv.cpp,Server/MMSM,backend_source,scanned,True,531a6b0080bdc75ebfb285440583ca4d9baa932dc217f6beb24f037f1f19f8bb
Server/MMSM/p_mmsm_17590/mmsm81_inq.cpp,Server/MMSM,backend_source,scanned,True,2cc60df8e9f92c4f7274d04c2c562334552b7c63ff558832941b6d7705f5e2c6
Server/MMSM/p_mmsm_17590/mmsm81_ins.cpp,Server/MMSM,backend_source,scanned,True,c622baebacee7557aef7391eff3dd874a46b276c8a4093b5c75fdc2056674ba8
Server/MMSM/p_mmsm_17590/mmsm81_rcv_inq.cpp,Server/MMSM,backend_source,scanned,True,ade16bf16aeaad400f084838cb9eb2bcc037807e56990a397caf4ffdd1ece6a9
Server/MMSM/p_mmsm_17590/mmsm81_upd.cpp,Server/MMSM,backend_source,scanned,True,ff04184cbf53d08aef4e473a33828f0749edac6c70b6fce0bfdfb91b6bb64564
Server/MMSM/p_mmsm_17590/mmsm81ad_inq.cpp,Server/MMSM,backend_source,scanned,True,457ea19e8544da4758853376df982f7467e9ab8e362170d46a99f9f04ad9f0de
Server/MMSM/p_mmsm_17590/mmsm81ah_inq.cpp,Server/MMSM,backend_source,scanned,True,238544f6167532c75722925efdf5157a117918cdac32a9aa299d08c4fb519130
Server/MMSM/p_mmsm_17590/mmsm81ah_upd.cpp,Server/MMSM,backend_source,scanned,True,1119f03c94c5a6d9007aa9ee1afb99e91306ac5ac8e2ce03290549a208911975
Server/MMSM/p_mmsm_17590/mmsm81ah_upd1.cpp,Server/MMSM,backend_source,scanned,True,6718d6482d7d81b72b4c715fb974c12df6ad7258a9a10fc9957dd93769ade93a
Server/MMSM/p_mmsm_17590/mmsm81al_inq.cpp,Server/MMSM,backend_source,scanned,True,0ae335728dbb3a5d1d35dcffa5f4f5c031c8f50b3ba6ab5576512cb591ae5883
Server/MMSM/p_mmsm_17590/mmsm81al_upd.cpp,Server/MMSM,backend_source,scanned,True,b9b60a80d5d2f5b78d4f596ce830c3494a487c47a621dd436319317a821a8bf8
Server/MMSM/p_mmsm_17590/mmsm81alqc_inq.cpp,Server/MMSM,backend_source,scanned,True,bb7456a38dfe88c4e4b0d1473c21f264f06a0b88f6425b52ee3d9884f99d029a
Server/MMSM/p_mmsm_17590/mmsm81alqc_save.cpp,Server/MMSM,backend_source,scanned,True,656a8da26f57fc84b611d4f821f710f39b4b017d199b21a20f0bbf07ef963426
Server/MMSM/p_mmsm_17590/mmsm81bath_upd.cpp,Server/MMSM,backend_source,scanned,True,da8449c682d999ba87a2b23a54c190c22c8aa1748085992c4f5ad83ea0094476
Server/MMSM/p_mmsm_17590/mmsm81f3_ins.cpp,Server/MMSM,backend_source,scanned,True,4613bfbe2bf60f2d814e665b41371aa195584f3066955096a72dcd1a21ddc81d
Server/MMSM/p_mmsm_17590/mmsm81f3_nb_ins.cpp,Server/MMSM,backend_source,scanned,True,e3a9071b521f474561de4a171d752b65e470322ff97e6bb994bcde3efa122e58
Server/MMSM/p_mmsm_17590/mmsm81f3_s_ins.cpp,Server/MMSM,backend_source,scanned,True,efa16ff06924ea95c36363bca55da93213f09dc87b43dd3e40cc74ef53a9afa5
Server/MMSM/p_mmsm_17590/mmsm81f3_zxhfg_inq.cpp,Server/MMSM,backend_source,scanned,True,1eb368ac84a70f9627af7ce779d515b313bc48e2c9a213a26e0d4a1dd11b6b7a
Server/MMSM/p_mmsm_17590/mmsm81f3_zxhfg_ins.cpp,Server/MMSM,backend_source,scanned,True,ef9e87b7611d56f80f00f396764e3628b1e93a03beac5964f2af506a9f5413b2
Server/MMSM/p_mmsm_17590/mmsm81fg_inq.cpp,Server/MMSM,backend_source,scanned,True,99a3c36241fdc0eab6df75f360b4c0668b094d380cfc71e471bc2d0ac797cad2
Server/MMSM/p_mmsm_17590/mmsm81lot_upd.cpp,Server/MMSM,backend_source,scanned,True,49597c9ca57aac84c05507a0ccb1556f83bb637e40a5a10b61e0fdbe621e9231
Server/MMSM/p_mmsm_17590/mmsm81s_del.cpp,Server/MMSM,backend_source,scanned,True,72eb1583d26dc9c8dd7dd60527fa98f71a78e382fcff3c97833f410beb9f6ae3
Server/MMSM/p_mmsm_17590/mmsm81s_del_q.cpp,Server/MMSM,backend_source,scanned,True,47524ba28216f80d04e58002e2f70911f76a853a000c426ff1e46dd77873d8db
Server/MMSM/p_mmsm_17590/mmsm81s_inq.cpp,Server/MMSM,backend_source,scanned,True,50f84fe7901e977c841b0dbdb228f3bb521b1a677d1efa5ad76cf16105d0fdd3
Server/MMSM/p_mmsm_17590/mmsm81s_ins.cpp,Server/MMSM,backend_source,scanned,True,fec0c30b9d751aff283461efca0daadb2505a341fb00a43ee584818cccd5f353
Server/MMSM/p_mmsm_17590/mmsm81s_zxh_inq.cpp,Server/MMSM,backend_source,scanned,True,4dff57421a32a0068a7a29776fd4427a8c445d575e67a9129b78a3befaea2363
Server/MMSM/p_mmsm_17590/mmsm81sf3_ins.cpp,Server/MMSM,backend_source,scanned,True,a835d6a6540a67c10cd52eda41dede4d0c75ed511eba3290066da1591519c77a
Server/MMSM/p_mmsm_17590/mmsm831_upd.cpp,Server/MMSM,backend_source,scanned,True,90f8591572b40048a21b005d0b46936116b70faffc2d733ac2e72091ca74bb94
Server/MMSM/p_mmsm_17590/mmsm831_upd1.cpp,Server/MMSM,backend_source,scanned,True,76c70b374a17589c4c56146b2572c875a0a4ecada67cdcfa330e7249af0b75fc
Server/MMSM/p_mmsm_17590/mmsm831_upd_zd.cpp,Server/MMSM,backend_source,scanned,True,f8229865a29c77d834febb6dfa2fd2a83bc6e3672a46d5e7f829f18b449b85ef
Server/MMSM/p_mmsm_17590/mmsm84v_inq.cpp,Server/MMSM,backend_source,scanned,True,9a829534f053e3b4dff578b496099a7676587e591db5c0ed487e6df21c1b9419
Server/MMSM/p_mmsm_17590/mmsm85_bunker_inq.cpp,Server/MMSM,backend_source,scanned,True,1f44e1aeaa6153bddf78627eac566eef8bed95cca470f704e9f909394e8fc177
Server/MMSM/p_mmsm_17590/mmsm85_bunker_inq1.cpp,Server/MMSM,backend_source,scanned,True,4d598153a72a8d8fb631e9b3ef26630619866ddcbb21486da651b4bdc0ebe905
Server/MMSM/p_mmsm_17590/mmsm85_bunker_inqg.cpp,Server/MMSM,backend_source,scanned,True,3971d1e0e0215a2589eeff3f4d0a7c4323509476d23e2373cb7de7472b99358f
Server/MMSM/p_mmsm_17590/mmsm85_bunker_sh1_inq.cpp,Server/MMSM,backend_source,scanned,True,f3fc136c92467d84eb01173013e68d2c258a117f5e91f61624a5960f944e8e45
Server/MMSM/p_mmsm_17590/mmsm85_bunker_sh2_inq.cpp,Server/MMSM,backend_source,scanned,True,1ed93ec6b5d566b487b63049a3f45b878f577b5fde2d79b911abb8bb0c67e270
Server/MMSM/p_mmsm_17590/mmsm85_bunker_sh3_inq.cpp,Server/MMSM,backend_source,scanned,True,ab23bb7553c1eb5369cd0337556d1c1d1d66f8e9f97af9fbe99f804be3c12256
Server/MMSM/p_mmsm_17590/mmsm85_bunker_sh4_inq.cpp,Server/MMSM,backend_source,scanned,True,6bd345e4e55e69628affd20d979ac8ab13d35a6ae12312da126c7fcdbf23747d
Server/MMSM/p_mmsm_17590/mmsm85_bunker_sh_inq.cpp,Server/MMSM,backend_source,scanned,True,f585483b7f82c008d756396ae7ced55db95917b2ca0a7d4bea1b1149a02a3946
Server/MMSM/p_mmsm_17590/mmsm85_inq.cpp,Server/MMSM,backend_source,scanned,True,51ca12a017592584c6882d2898a3f6696558141e6e1fa0cd9c75a2f6711128f9
Server/MMSM/p_mmsm_17590/mmsm85_inq1.cpp,Server/MMSM,backend_source,scanned,True,4cd0917d63641ce9c5f255eb24b1412eac257988ab7e0fa054a0fc279091fa66
Server/MMSM/p_mmsm_17590/mmsm85_inqg.cpp,Server/MMSM,backend_source,scanned,True,e77ac1155595d2065d6869e8fa4f1dfa859afb3226c1ffc9b957f73cce75d1cd
Server/MMSM/p_mmsm_17590/mmsm85_save.cpp,Server/MMSM,backend_source,scanned,True,3bb1e6423f43809beaa34bd6570a81585ae8fd7427d13fe58d36533f984d9ec6
Server/MMSM/p_mmsm_17590/mmsm85fg_bunker_inq.cpp,Server/MMSM,backend_source,scanned,True,adfaecef67a1001dc123783d31a6b20a1f042aca1b2e06d5617e17fee7a1efba
Server/MMSM/p_mmsm_17590/mmsm85fg_inq.cpp,Server/MMSM,backend_source,scanned,True,8d3085938264706d9efb2bfbbd86d88ff0e8a1716d2b7a2e9d455037fec61ac2
Server/MMSM/p_mmsm_17590/mmsm85fq_bunker_inq.cpp,Server/MMSM,backend_source,scanned,True,e372d05189a0b504fdb675676b2e2af8dc8dfc7cf71f0e7a67bd777e0c14c804
Server/MMSM/p_mmsm_17590/mmsm85sh_inq.cpp,Server/MMSM,backend_source,scanned,True,a2105175b98e19cd9995787802cd433ba2d72dbd0e07f122a5f4a4611d283add
Server/MMSM/p_mmsm_17590/mmsm861v_inq.cpp,Server/MMSM,backend_source,scanned,True,fb18ba5b08ee9af3784c52f7a2688cffc7e28d9d14545e331a592499bf0575db
Server/MMSM/p_mmsm_17590/mmsm861v_inq1.cpp,Server/MMSM,backend_source,scanned,True,d24c87938714d0546b6a6fa513bdd0205250c9dc4828f29c02e152279e1ec38a
Server/MMSM/p_mmsm_17590/mmsm861v_inq2.cpp,Server/MMSM,backend_source,scanned,True,7a0772224cf6819db6ba3d847daa9b5bceee280511a83191c2e6ad87121d7133
Server/MMSM/p_mmsm_17590/mmsm861v_pro.cpp,Server/MMSM,backend_source,scanned,True,cc6f4b0ed6e3b991dc18c3b0c427219f7d033f8378d31d32981aa20df3a95bc0
Server/MMSM/p_mmsm_17590/mmsm861v_upd.cpp,Server/MMSM,backend_source,scanned,True,49780409e0ed1ba5afd37a0087093ed4c5d6850fa04357bf5c6527bcd3b37bd3
Server/MMSM/p_mmsm_17590/mmsm862v_inq.cpp,Server/MMSM,backend_source,scanned,True,827e26e60cdabd21d7f8260a46f452989ea5165d918833a7db31093ed60482a2
Server/MMSM/p_mmsm_17590/mmsm862v_upd.cpp,Server/MMSM,backend_source,scanned,True,e5dcc2ae790b2c6ea005bd7791c752ccd95f6b13cb501744085dde7a261e96c4
Server/MMSM/p_mmsm_17590/mmsm863v_upd.cpp,Server/MMSM,backend_source,scanned,True,de7fa5306beee3092950b6c47e0e8173966eff84c27ae41ca9f3ef0b197af6bd
Server/MMSM/p_mmsm_17590/mmsm865s2n_upd.cpp,Server/MMSM,backend_source,scanned,True,8ab0e16ef95a5abbfdf7c3acd61ad4b2450a11fdbfc89c505ebb92551cec22ee
Server/MMSM/p_mmsm_17590/mmsm865v_inq.cpp,Server/MMSM,backend_source,scanned,True,2794de6c8dc94cb76ead1b6da44d5b53a1dd867bd04f32fa8f391ab101b20e1c
Server/MMSM/p_mmsm_17590/mmsm865v_inq1.cpp,Server/MMSM,backend_source,scanned,True,331f4c351064e9745a2e229fe8d4d003730e5504b3032ec67046284492d45c70
Server/MMSM/p_mmsm_17590/mmsm865v_upd.cpp,Server/MMSM,backend_source,scanned,True,1d0e314a86cad72f474aef9e19e1bd09a11daba3bb09fd072934608cc29dcf7d
Server/MMSM/p_mmsm_17590/mmsm867v_inq.cpp,Server/MMSM,backend_source,scanned,True,08a544d17c1d3dc1c9af59cba1763c633aa8867fe1a7e4d33b597c1a3120ad68
Server/MMSM/p_mmsm_17590/mmsm867v_inq1.cpp,Server/MMSM,backend_source,scanned,True,f1b50d359bade097cb9b7ecb1ae584ea587acb5977b6f15c57ea5e029f0ffc62
Server/MMSM/p_mmsm_17590/mmsm868s2n_inq.cpp,Server/MMSM,backend_source,scanned,True,a6455c51567c98aa72eff05cc2ee4acd154b0768fc7343a3bcafc9ae08bb0b98
Server/MMSM/p_mmsm_17590/mmsm868v_upd.cpp,Server/MMSM,backend_source,scanned,True,1814eaed48d9785f9b13ddc7efc106a0d390c3546242a135449deca01cc41822
Server/MMSM/p_mmsm_17590/mmsm86s2n_upd.cpp,Server/MMSM,backend_source,scanned,True,127bf5633d6006798ee5ee425697e34a335f893d1cd3340b742a35857bcf52f0
Server/MMSM/p_mmsm_17590/mmsm89_inq.cpp,Server/MMSM,backend_source,scanned,True,b6483d9c80e568b9556d7cebe774a0036e1426dfd0c937a84b5e83dc962e3876
Server/MMSM/p_mmsm_17590/mmsm89_rcv_inq.cpp,Server/MMSM,backend_source,scanned,True,70e7ded51981800012677dbe91ddcf703b37d472cfebd282c44701c975332cf4
Server/MMSM/p_mmsm_17590/mmsm89_rcv_inq1.cpp,Server/MMSM,backend_source,scanned,True,24ab46ebba7bddc7113e247b2f797d79c06e8e4ef2b453bf83feedec585ac7a2
Server/MMSM/p_mmsm_17590/mmsm89_rcv_inq2.cpp,Server/MMSM,backend_source,scanned,True,6432ab6f02c42512c00a1bcad078831361f753e62da98b164791509f46836e23
Server/MMSM/p_mmsm_17590/mmsm89_rcv_inq3.cpp,Server/MMSM,backend_source,scanned,True,f2ad6e8a8ea6825e5f40e34509797df6abc4034c1de756a813a13443be9d4be1
Server/MMSM/p_mmsm_17590/mmsm89_save.cpp,Server/MMSM,backend_source,scanned,True,7bcc97b30dcc65e2e05db7a7a3a04794a1c36105717aad1a7385f5dd9cfd152b
Server/MMSM/p_mmsm_17590/mmsm_jlbd_task.cpp,Server/MMSM,backend_source,scanned,True,8d9a66fe57bd5fdd57053e84dcd3ccd3df3fb3f35a7b2361a4621d853f9035c7
Server/MMSM/p_mmsm_17590/mmsm_send.cpp,Server/MMSM,backend_source,scanned,True,60b05e9eb8d7146118e2ca85c502440504ed72fcbaa8fad74e6b4fb130df5547
Server/MMSM/p_mmsm_17590/mmsmcf81_inq.cpp,Server/MMSM,backend_source,scanned,True,fc418d66c35688983e265f3879d5fabcdbba8723105450ada483b361d971763d
Server/MMSM/p_mmsm_17590/mmsmjy_inq.cpp,Server/MMSM,backend_source,scanned,True,d139f114250c3c2544394d8995a52bb6ba6c900d684acfaf76e588d26035f4f3
Server/MMSM/p_mmsm_17590/mmsmlc99_cf.cpp,Server/MMSM,backend_source,scanned,True,c8f488c971024f83cd0a4dbf5e97ab682cfca1561bcc0bb049f901c9bf5defef
Server/MMSM/p_mmsm_17590/mmsmlc99_inq.cpp,Server/MMSM,backend_source,scanned,True,063c760af6d8a091ea0242b4f7c3a4695debda216e308118b51582463a075edf
Server/MMSM/p_mmsm_17590/mmsmlc99_jl.cpp,Server/MMSM,backend_source,scanned,True,33a6989976e769cf2719245da7c3a0134d87ca9a7e3df25e2ff13626c1a2a86c
Server/MMSM/p_mmsm_17590/mmsmlc99_kc.cpp,Server/MMSM,backend_source,scanned,True,94a6905e652881144034d791df8211ecc8d6db8eb068277f9e8485816da2f36c
Server/MMSM/p_mmsm_17590/mmsmnx1_inexl.cpp,Server/MMSM,backend_source,scanned,True,f62f84ee7d67a73eb3adbd1ff91a5558f7df4cec2a8ec86080c168705fd87132
Server/MMSM/p_mmsm_17590/mmsmnx1_inq.cpp,Server/MMSM,backend_source,scanned,True,a105dc2aa7367b0984045a0a9d4bfcdf46c28b76e07d891acf9adf117565213c
Server/MMSM/p_mmsm_17590/mmsmnx1_pro.cpp,Server/MMSM,backend_source,scanned,True,40c53536bf71d2101e344914f9d3aa78e77651cffc61415cb804c8f013988901
Server/MMSM/p_mmsm_17590/mmsmnx2_inexl.cpp,Server/MMSM,backend_source,scanned,True,70355df2fb3c0cb7f80f1397fbdfda8c91d0ab48de4569fcc43972accdfbdcf2
Server/MMSM/p_mmsm_17590/mmsmnx2_inq.cpp,Server/MMSM,backend_source,scanned,True,94bd068515ba94b776dd624bcaf15c8237e6e242cf07d0f7b394d8b0be8cc68b
Server/MMSM/p_mmsm_17590/mmsmnx2_pro.cpp,Server/MMSM,backend_source,scanned,True,924815e46af608f5c26b68bfc8347e9c70fc8168d1e44852b4c1f2fdcb3a0579
Server/MMSM/p_mmsm_17590/mmsmnx3_inexl.cpp,Server/MMSM,backend_source,scanned,True,14b84dac39a13770e4800c90911a0f5818abd9bc59a6c9063eccc585f0e0eb1f
Server/MMSM/p_mmsm_17590/mmsmnx3_inq.cpp,Server/MMSM,backend_source,scanned,True,010ad5dbf26d8efb84602e2f0cc6b68e2feb282a3ab872729a55429d67995bbe
Server/MMSM/p_mmsm_17590/mmsmnx3_pro.cpp,Server/MMSM,backend_source,scanned,True,71fdf9a8208e045b76a0c16b7d4953ebadaf0884449b6ff837a2eebcf74ad380
Server/MMSM/p_mmsm_17590/mmsmnx4_inexl.cpp,Server/MMSM,backend_source,scanned,True,cf92c41111d7d472f221000346fa64bc6f5b308bbf3b65411990876e8e70f059
Server/MMSM/p_mmsm_17590/mmsmnx4_inq.cpp,Server/MMSM,backend_source,scanned,True,08e0d095e0f55fd27432722c047c5dc3775e7b0f6aeca53d52a0a00859a655b6
Server/MMSM/p_mmsm_17590/mmsmnx4_pro.cpp,Server/MMSM,backend_source,scanned,True,b7bd8485b3f1d069c3945796b9ffd426aaecf285e368a90900856339268c08bf
Server/MMSM/p_mmsm_17590/mmsmnx_inexl.cpp,Server/MMSM,backend_source,scanned,True,3fc5f6d65631da24d4970c8b3562dc3c5b5a9fd55046421cd018c58ee0d8e9cb
Server/MMSM/p_mmsm_17590/mmsmnx_inq.cpp,Server/MMSM,backend_source,scanned,True,70681624c7b416805ea1e96b5c510c900b371acd4b0cc1ddd607d5c075e383c5
Server/MMSM/p_mmsm_17590/mmsmnx_pro.cpp,Server/MMSM,backend_source,scanned,True,465ef03be246414dcb4c287dab52c7dc065db7d7c789e67cfefdaf571ca3da14
Server/MMSM/p_mmsm_17590/mmsmqx_inq.cpp,Server/MMSM,backend_source,scanned,True,36586224939941b98b7021567a40222e3a20b1c31dde6a3541f78ab663743814
Server/MMSM/p_mmsm_17590/mmsms1_inq.cpp,Server/MMSM,backend_source,scanned,True,bafdb9d3e85970c1248ee020272d3eab5674786da2bae6a76ffb43b5961b7492
Server/MMSM/p_mmsm_17590/mmsms1_pro.cpp,Server/MMSM,backend_source,scanned,True,6ebc2fe4b9bc78ba962491ee948230d5ba6505bed728383a2d6bb234d386cd6c
Server/MMSM/p_mmsm_17610/mmsm0021a1_inq.cpp,Server/MMSM,backend_source,scanned,True,ed630f81392fc429a536c60bdd71c77d1694ef6e364176e4bab4a6c73f54a6d2
Server/MMSM/p_mmsm_17610/mmsm0021f2_inq.cpp,Server/MMSM,backend_source,scanned,True,7b075c6671d4b70f5f30db64da3be4ab03befc76ab17dbecb0db7d3a866fb555
Server/MMSM/p_mmsm_17610/mmsm01a1a1_inq.cpp,Server/MMSM,backend_source,scanned,True,c4fb2309578afa9feba89a5fe66cfc4f1195330e86187901d403a597bdaf3cc6
Server/MMSM/p_mmsm_17610/mmsm01a1f10_pro.cpp,Server/MMSM,backend_source,scanned,True,5914ecf692db147c57ec8a19a3c6ea01632fddcc509a363153fc4273f7828e16
Server/MMSM/p_mmsm_17610/mmsm01a1f11_pro.cpp,Server/MMSM,backend_source,scanned,True,3df0dc3cb60789c0b2f59df62160131b5698139d259a37557daa7e13b9345f4f
Server/MMSM/p_mmsm_17610/mmsm01a1f2_inq.cpp,Server/MMSM,backend_source,scanned,True,3ec52dbaefa97609dd98a68b922134dad4189bf5851670edaaec22bcd705f014
Server/MMSM/p_mmsm_17610/mmsm01a1f3_ins.cpp,Server/MMSM,backend_source,scanned,True,c5fa247034f3f9cb618dd906b9b5242bb5fb265025a9dc6eb574101c60f543cc
Server/MMSM/p_mmsm_17610/mmsm01a1f4_upd.cpp,Server/MMSM,backend_source,scanned,True,ad3702c209d9212a88cd7bd821de16e46085d543670fb773a90843db0ef9701c
Server/MMSM/p_mmsm_17610/mmsm01a1f5_del.cpp,Server/MMSM,backend_source,scanned,True,3796d64dab45e54b77c304873fcf61c917c055716aec8e6c394f4cd997cf7504
Server/MMSM/p_mmsm_17610/mmsm01a1f6_pro.cpp,Server/MMSM,backend_source,scanned,True,7eaacdc832582409998f1d1f9ce1cc0b70ec2a9c2929a687cb68fa3127b03da3
Server/MMSM/p_mmsm_17610/mmsm01a1f6_pro_new.cpp,Server/MMSM,backend_source,scanned,True,471bf22e4272f7775b1a8d1112ea3dcdbd641a715b3f5ed5ed8b7394f78817c3
Server/MMSM/p_mmsm_17610/mmsm01a1f7_pro.cpp,Server/MMSM,backend_source,scanned,True,2cc434e2389415be0e648271e4d005eab51e31d4e6794a2d7c066876f1060b7b
Server/MMSM/p_mmsm_17610/mmsm01a1f8_pro.cpp,Server/MMSM,backend_source,scanned,True,f49098580b4aeee679ad8bf34ebfb048afce9e607dd79c6eef6342acf14bb679
Server/MMSM/p_mmsm_17610/mmsm01a1f9_pro.cpp,Server/MMSM,backend_source,scanned,True,b4c8142778f026a019077c223f5242117514b82fd9dbca01fc19c81fa3d523b2
Server/MMSM/p_mmsm_17610/mmsm01d3smf6_pro.cpp,Server/MMSM,backend_source,scanned,True,baa0281236db07048b701e61e72b30e3d2766c0bb91f2285e04636602c1aa6b4
Server/MMSM/p_mmsm_17610/mmsm01pf2_inq.cpp,Server/MMSM,backend_source,scanned,True,089e2a46ff40f4177edd0bf6498ef7d2a562c1857b14d0fa0c0779f6885b02c5
Server/MMSM/p_mmsm_17610/mmsm01pf2_inq1.cpp,Server/MMSM,backend_source,scanned,True,ebf6cbffde41895d0bcc71578b57c58ce3465d070e15882cdcd9bf93f5a12028
Server/MMSM/p_mmsm_17610/mmsm06a1a1_inq.cpp,Server/MMSM,backend_source,scanned,True,794d68493f0d5135b19829db8e45f3e419959edce9d7da2d5128ea6a869e4b2c
Server/MMSM/p_mmsm_17610/mmsm06a1f2_inq.cpp,Server/MMSM,backend_source,scanned,True,200636612c6f350c331dfcc75178f969eb89142cfb97e8f0c342e62f24867dc3
Server/MMSM/p_mmsm_17610/mmsm06a1f6_pro.cpp,Server/MMSM,backend_source,scanned,True,ad71ba1f402c290afd3d0ae466f483db25880d4d77d08cb69200e1bc09b61e4d
Server/MMSM/p_mmsm_17610/mmsm38cf_inq.cpp,Server/MMSM,backend_source,scanned,True,a2993fcb4e0dcb3cb2c5436d644d8c0d22487f0da6be48fb1c057d0e34138777
Server/MMSM/p_mmsm_17610/mmsm38f2_inq.cpp,Server/MMSM,backend_source,scanned,True,8d054323dd40c599edf17803285c72bed6c6465e80e5b257f7372f0bb74160d1
Server/MMSM/p_mmsm_17610/mmsm38f3_merge.cpp,Server/MMSM,backend_source,scanned,True,1fcd8d11ac4dea7aa9c7a78f0133500604b66b92637fad886bfa8beb2ef8b26b
Server/MMSM/p_mmsm_17610/mmsm38f4_unmerge.cpp,Server/MMSM,backend_source,scanned,True,05370bdc66170f9a20f99640d0be9e765aaecc5ec5b61445891178ec999335bd
Server/MMSM/p_mmsm_17610/mmsm96a1f2_inq.cpp,Server/MMSM,backend_source,scanned,True,8d8ccf0158de3aec8abdece4359c3d60557a3cab83779f4aed58f63546a1a70c
Server/MMSM/p_mmsm_17610/mmsm96a1f3_pro.cpp,Server/MMSM,backend_source,scanned,True,a4a49a6ff896eba7130ed22ab9f329bc587d392b1d83d15dda96ce8d6fe7ee83
Server/MMSM/p_mmsm_17610/mmsmbg_import.cpp,Server/MMSM,backend_source,scanned,True,fd59937e3f0705673569a70d3ad32f46cc6e109f29b8149a9851c066794ae703
Server/MMSM/p_mmsm_17610/mmsmbg_import_ele.cpp,Server/MMSM,backend_source,scanned,True,6126102b5dc8a2fcae0668546106fe3bf35147e0fc7bf4891d8c14a9bba827d7
Server/MMSM/p_mmsm_17610/mmsmbg_ing.cpp,Server/MMSM,backend_source,scanned,True,826036084fff660b37d415353ec40e74023efbaa5658ad4f27bb8ad85a2cb9dc
Server/MMSM/p_mmsm_17610/mmsmbg_mat_code.cpp,Server/MMSM,backend_source,scanned,True,4da296af93bebd1454992238bb2706dff7b13fd439662fdf0abf02bbdbfe463f
Server/MMSM/p_mmsm_17610/mmsmbg_vali.cpp,Server/MMSM,backend_source,scanned,True,e5e6bbf8ce8795f69a1d583c7fcbdee5c9b3001eab7cd6ad88bed937b608b995
Server/MMSM/p_mmsm_17620/cm_e2t8a1_rcv.cpp,Server/MMSM,backend_source,scanned,True,968ddfc9674f37a09efd423c1c132654bba373c21a6877976a4fa99e4a5f5c98
Server/MMSM/p_mmsm_17620/cm_e2t8t1_rcv.cpp,Server/MMSM,backend_source,scanned,True,979e650a1cd1fefdcd5a9de5ef6688e4319166f336b493b54da21ae627e745e7
Server/MMSM/p_mmsm_17620/cm_e2t8t2_rcv.cpp,Server/MMSM,backend_source,scanned,True,2218a478a046aef3f1ccc1c368e32f6f6bb9f8993daded741e63fab2329eff80
Server/MMSM/p_mmsm_17620/mmsm33xcjlfm_inq.cpp,Server/MMSM,backend_source,scanned,True,411ad81de3751eedf297d904348ba808b06f08b02d3fc0b0ffb053d320b7cb99
Server/MMSM/p_mmsm_17620/mmsmxcjl_zdsc.cpp,Server/MMSM,backend_source,scanned,True,562928c86945a35043c45630133e8cf99e341da470308d5af80fe39840ed7d8c
Server/MMSM/p_mmsm_17630/cm_edt801_rcv.cpp,Server/MMSM,backend_source,scanned,True,23a04d06cde19f9e37e69a0d702abfd85f78e388865b8bf812a7ea01d21e2cd8
Server/MMSM/p_mmsm_17630/cm_edt802_rcv.cpp,Server/MMSM,backend_source,scanned,True,1189e1c5815cef120f167e9acd79909cffe644890b2fd0affedc9ae5c5173eeb
Server/MMSM/p_mmsm_17630/cm_edt803_rcv.cpp,Server/MMSM,backend_source,scanned,True,84a9cf6b052cf05bd82630149abc23ec2afd37a817cba059fde8e31c1ea8c6cb
Server/MMSM/p_mmsm_17630/cm_edt804_rcv.cpp,Server/MMSM,backend_source,scanned,True,d4e3717af279a6ef9af34fb151d66a3367ba1fad0f07fb346811b9d7cca06230
Server/MMSM/p_mmsm_17630/cm_edt805_rcv.cpp,Server/MMSM,backend_source,scanned,True,2d8e884a8b21b8e7db07ba4d09f943c9db0501e5c8ff21087e1c80b68b3db76f
Server/MMSM/p_mmsm_17630/cm_edt806_rcv.cpp,Server/MMSM,backend_source,scanned,True,37e948ef792140004f21cc55a49ec4cd5271ab93d779bde8ceb454fe981867b3
Server/MMSM/p_mmsm_17630/cm_edt807_rcv.cpp,Server/MMSM,backend_source,scanned,True,ac7ae4b5463d4d3163604440c65ce358b070a9705416cb9d5bfb57b59aacad15
Server/MMSM/p_mmsm_17630/cm_edt808_rcv.cpp,Server/MMSM,backend_source,scanned,True,6ecda0815dd98dae7fde031e5611fa7efe4cd1f29c8940209198cccea0c9c7da
Server/MMSM/p_mmsm_17630/cm_edt809_rcv.cpp,Server/MMSM,backend_source,scanned,True,ae5d5dbf862e73b89a018692704aca22559240f6552f3207dec19142e67d0653
Server/MMSM/p_mmsm_17630/cm_edt810_rcv.cpp,Server/MMSM,backend_source,scanned,True,4de871a078fe3c79f437d7248a2999c91a0ea9b35f8d396da6b3aae4fb6b5175
Server/MMSM/p_mmsm_17630/cm_edt811_rcv.cpp,Server/MMSM,backend_source,scanned,True,8dc64582f4bd51f09f83d61872561e508c7c4d157931e77f4c6cd0aca86303a2
Server/MMSM/p_mmsm_17630/cm_edt812_rcv.cpp,Server/MMSM,backend_source,scanned,True,0f33a3b28a99b5af8cba2fc685db091cbfa4591cd85df435e51bf59a618b69fb
Server/MMSM/p_mmsm_17630/cm_edt813_rcv.cpp,Server/MMSM,backend_source,scanned,True,4f464d8c5146c7357aaef1a3230b9bc76cdebedd34500aad294e1d080f827630
Server/MMSM/p_mmsm_17630/mmsm1af2_inq.cpp,Server/MMSM,backend_source,scanned,True,1159e991317bb10c8aa658ceabb04abdf2145dc117cf5911d72aca6de6990126
Server/MMSM/p_mmsm_17630/mmsm2gf2_inq.cpp,Server/MMSM,backend_source,scanned,True,5e763a7daea2dd100f444517ffe59323617db715d4d1676bf5c9dbc1abe10ebb
Server/MMSM/p_mmsm_17630/mmsm2hf2_inq.cpp,Server/MMSM,backend_source,scanned,True,262b71a5a4c7d3f88cb8f438dc6eb91cb18c79b909ba127546648d0f6384064b
Server/MMSM/p_mmsm_17630/mmsm70f2_inq.cpp,Server/MMSM,backend_source,scanned,True,ba4648be8d936f1df2ba746324880ae4037caa0d9dba579486f3205de6226c4a
Server/MMSM/p_mmsm_17630/mmsm70f2_sj_inq.cpp,Server/MMSM,backend_source,scanned,True,bde32f626798175ead9bb39ce1ee77ca5e1c3e35621e06ff9638de699da5903c
Server/MMSM/p_mmsm_17630/mmsm70f3_ins.cpp,Server/MMSM,backend_source,scanned,True,9c80ec9b93acea9b7a0db001aa91a483cea3d3552eab5711a238eca77f0c2a77
Server/MMSM/p_mmsm_17630/mmsm70f4_upd.cpp,Server/MMSM,backend_source,scanned,True,5bca19efb5c22419de93f5ba31749e6d33a2c95c028b193b3de1e20b82c15c68
Server/MMSM/p_mmsm_17630/mmsm70matno_inq.cpp,Server/MMSM,backend_source,scanned,True,92b1bd1daa07ebf804460d12b3f9d81b388e0bf7681499464d98ff8228d384f3
Server/MMSM/p_mmsm_17630/mmsm71f2_inq.cpp,Server/MMSM,backend_source,scanned,True,7cc95f9fe93b7ef58ed3139e663618d42c6eeb305b51c98ec5a8551cde83d3f8
Server/MMSM/p_mmsm_17630/mmsm71f3_ins.cpp,Server/MMSM,backend_source,scanned,True,4a56be8faee4ae226b1ab2afc7cdf647ff9da51187dcb8b3d7651dd61a223245
Server/MMSM/p_mmsm_17630/mmsm71f4_upd.cpp,Server/MMSM,backend_source,scanned,True,cee7dbdaca4a4b487a55dd67a2413f91aa6ce4638f95bf3f1775e9bf8e673ac5
Server/MMSM/p_mmsm_17630/mmsm71f5_del.cpp,Server/MMSM,backend_source,scanned,True,2c57904b44f3f6b176f5aaf15a599a33ac7aca175adeb62bc201f7e80e65938a
Server/MMSM/p_mmsm_17630/mmsmdzplan_inq.cpp,Server/MMSM,backend_source,scanned,True,e13497aed9601853cbc652a8fec05abb13e6137f895a1ec1847c278966861ed2
Server/MMSM/p_mmsm_17640/cm_0020ma_rcv.cpp,Server/MMSM,backend_source,scanned,True,45c1472700d4d7c6f0461745c60b9791ffc916fe76f2ebc38b36514b3a46cbc0
Server/MMSM/p_mmsm_17640/cm_0020mz_rcv.cpp,Server/MMSM,backend_source,scanned,True,1976416e7d00380676cff907aa525dd8b078eeaafd6597a24e01af02084e8024
Server/MMSM/p_mmsm_17640/cm_002126_rcv.cpp,Server/MMSM,backend_source,scanned,True,a289bc79512585e95ad1b51a913d45d0f6b095b87badab7b21d431404c8ddcdd
Server/MMSM/p_mmsm_17640/cm_0rt801_rcv.cpp,Server/MMSM,backend_source,scanned,True,d0524b39dc2381863a7f1de9c1aa6f4c1438b58f3967552318a93c9fb37825e2
Server/MMSM/p_mmsm_17640/cm_0rt8d1_rcv.cpp,Server/MMSM,backend_source,scanned,True,9e2f975ca4bf6670df4e1265b8506606acba17dc2b552b153603a84d98480760
Server/MMSM/p_mmsm_17640/cm_0rt8m0_rcv.cpp,Server/MMSM,backend_source,scanned,True,5081539ad7d49a03961afa0734ac0b2a48bf3f9183917d68ad47327791b3f937
Server/MMSM/p_mmsm_17640/cm_0rt8s0_rcv.cpp,Server/MMSM,backend_source,scanned,True,662d4a741186973d85fb42e3f111cc5bbbfc729cb18d6738eccaaa876b990b06
Server/MMSM/p_mmsm_17640/cm_1a1087_rcv.cpp,Server/MMSM,backend_source,scanned,True,2fc3a4d1ac067cb854f55ffb5f46610fcbd7f552544bed804ad290a57c36c5e0
Server/MMSM/p_mmsm_17640/cm_200002_rcv.cpp,Server/MMSM,backend_source,scanned,True,4a3d23c619e95d3d31f02ff8b0cfd189e1bf843f6a3b75d4b8d2363da17e04a0
Server/MMSM/p_mmsm_17640/cm_200012_rcv.cpp,Server/MMSM,backend_source,scanned,True,601344d97952ec795cac74cf785ada633ffda001ef4acc332728a85c663bac09
Server/MMSM/p_mmsm_17640/cm_200013_rcv.cpp,Server/MMSM,backend_source,scanned,True,799e506d95c4cd03fae962299a6bcada96cc3c012f26451b9962fd6c00bb3d6b
Server/MMSM/p_mmsm_17640/cm_200014_rcv.cpp,Server/MMSM,backend_source,scanned,True,371b8e00286ae0cae6f28de5106666b194f78665c6cb1dd2ffe749a267c37a04
Server/MMSM/p_mmsm_17640/cm_200020_rcv.cpp,Server/MMSM,backend_source,scanned,True,2b462e0c6a837694d06ee3903f6f72db0893ffc759508067bc643d1e323ce183
Server/MMSM/p_mmsm_17640/cm_200021_rcv.cpp,Server/MMSM,backend_source,scanned,True,0e0b75bd52182a903130c1e8fd10a9e83392adce117b4a2b669df45ea11867c3
Server/MMSM/p_mmsm_17640/cm_200022_rcv.cpp,Server/MMSM,backend_source,scanned,True,7d44d7937a7fe9fa9b75e986820d786464678fc6387fe5d6c0b3e9661ec80f15
Server/MMSM/p_mmsm_17640/cm_200023_rcv.cpp,Server/MMSM,backend_source,scanned,True,3452aad74f6a097bdd19a3644e18102fcec88f14969979226092d57aaf84dbb4
Server/MMSM/p_mmsm_17640/cm_200024_rcv.cpp,Server/MMSM,backend_source,scanned,True,b0535f7814a70a4fdabd9576812dc88d2554b74d729e351d4b5de88e45b2808c
Server/MMSM/p_mmsm_17640/cm_200025_rcv.cpp,Server/MMSM,backend_source,scanned,True,e0fbdaaf6d4945dc8ff5f6ddafa62c0311c22c608f418ed83cc5bf4c05678eef
Server/MMSM/p_mmsm_17640/cm_20002a_rcv.cpp,Server/MMSM,backend_source,scanned,True,fc882d9a052c4bd1285b8e1e7db1860ead4a139e5544a552c5b44f817f3a4ffd
Server/MMSM/p_mmsm_17640/cm_20002b_rcv.cpp,Server/MMSM,backend_source,scanned,True,848c9f889d9d38281533e44aa6401d6de44bf04766cf6256460760e7f953075a
Server/MMSM/p_mmsm_17640/cm_20002d_rcv.cpp,Server/MMSM,backend_source,scanned,True,8c9bf2b1288c121dc3737d5e5fbae19886079ff55e913109d01a63e6c0e924c0
Server/MMSM/p_mmsm_17640/cm_200031_rcv.cpp,Server/MMSM,backend_source,scanned,True,ee605c9379049661bf869a9a9e493f6774f0a5df92ffedef960bb0ea13a0ecf5
Server/MMSM/p_mmsm_17640/cm_200033_rcv.cpp,Server/MMSM,backend_source,scanned,True,77e45561a4a572c7e1ba5748688194c0f9d18b242a2269be04a337c09895a4e8
Server/MMSM/p_mmsm_17640/cm_200034_rcv.cpp,Server/MMSM,backend_source,scanned,True,fe044db3be77274c534ea7107eb6c3e8552ac8a4a2fcf2796712fbc3f6d1cc16
Server/MMSM/p_mmsm_17640/cm_200035_rcv.cpp,Server/MMSM,backend_source,scanned,True,109e85001d3b09aed9216afaf6704f6056c6f48abbde88cb107e8c7f8f9cda1a
Server/MMSM/p_mmsm_17640/cm_20003g_rcv.cpp,Server/MMSM,backend_source,scanned,True,1e6bec42dae570f9a17b8d1b5a0bb5d08e8e2584a6d9700998b0c6d650d7a377
Server/MMSM/p_mmsm_17640/cm_20003h_rcv.cpp,Server/MMSM,backend_source,scanned,True,8b03ff57b69a409b674c2f3f203076db8204bf2cd78f0b037f7744431094d164
Server/MMSM/p_mmsm_17640/cm_20003y_rcv.cpp,Server/MMSM,backend_source,scanned,True,292847c18aa895e0c22b4e89f8640040de5537291a1bd8e4d10c7edb3c4337cb
Server/MMSM/p_mmsm_17640/cm_2000ma_rcv.cpp,Server/MMSM,backend_source,scanned,True,15e1c06c11c07116adb07575bd67d3532429ac582c5e0d711a9269fa5b1e2ca1
Server/MMSM/p_mmsm_17640/cm_2000mb_rcv.cpp,Server/MMSM,backend_source,scanned,True,998652a17cb50ffa9374eb6238f940e7e7633258b9ee724933fc1f3999497728
Server/MMSM/p_mmsm_17640/cm_2000mc_rcv.cpp,Server/MMSM,backend_source,scanned,True,73e4217dbf537229ee1a47473879f434268cec03dada467c796cfa33242a3f6e
Server/MMSM/p_mmsm_17640/cm_2000mz_rcv.cpp,Server/MMSM,backend_source,scanned,True,50a655cff2a71fae5ca576e3c1d1bc3b30aa8b49624a913f3bf67e1124964819
Server/MMSM/p_mmsm_17640/cm_210036_rcv.cpp,Server/MMSM,backend_source,scanned,True,b980b1729152e2d48bff24f45702e58875787660ca353ca29fb47364773312f2
Server/MMSM/p_mmsm_17640/cm_e2t8c1_rcv.cpp,Server/MMSM,backend_source,scanned,True,32454f86e59802b67411df0145bdffea5b064079a2f25d5ca4746fcbb9f37417
Server/MMSM/p_mmsm_17640/cm_e2t8c2_rcv.cpp,Server/MMSM,backend_source,scanned,True,68a352c7a08146ccdd577c891344388d7490774ded7809a14bffdfe797763457
Server/MMSM/p_mmsm_17640/cm_e2t8e1_rcv.cpp,Server/MMSM,backend_source,scanned,True,484af93c36f4b351068b5adf0e0aaa7023cf1c1d753d22f0a62a8d8df1a1a4af
Server/MMSM/p_mmsm_17640/cm_e2t8e2_rcv.cpp,Server/MMSM,backend_source,scanned,True,98e9807cf6049b99c92956caa855a1dce2050f86fd8e2faa0adadcaa9c0e3bf3
Server/MMSM/p_mmsm_17640/cm_e2t8e3_rcv.cpp,Server/MMSM,backend_source,scanned,True,6dd8d8e60c01e69e3060f82eec4af36d0c7a2b916920cb667a31a3fe47641e64
Server/MMSM/p_mmsm_17640/cm_e2t8e4_rcv.cpp,Server/MMSM,backend_source,scanned,True,10d9bdf46475d45fe47cbe404be3dc8a488cde7b5863c4c6fd85679572fec4ce
Server/MMSM/p_mmsm_17640/cm_e2t8f1_rcv.cpp,Server/MMSM,backend_source,scanned,True,48015afac4d003f8cb544892a7d5196881d197a4481f4c8c34b3273fde45142b
Server/MMSM/p_mmsm_17640/cm_e2t8m0_rcv.cpp,Server/MMSM,backend_source,scanned,True,26e42545399f6fddb3c89412d2edad9b947c6686a3db1b16e376e7191914658d
Server/MMSM/p_mmsm_17640/cm_e2t8m1_rcv.cpp,Server/MMSM,backend_source,scanned,True,31a9026862a59c21a5f18eb364f44134fb83103e3ce15590784c81f740727c6b
Server/MMSM/p_mmsm_17640/cm_e2t8m4_rcv.cpp,Server/MMSM,backend_source,scanned,True,ea2ccfec72799286511ef8879729405ff133030fcc2e88e9fa03b172cc269dbd
Server/MMSM/p_mmsm_17640/cm_e2t8m5_rcv.cpp,Server/MMSM,backend_source,scanned,True,34bc60a21e906c4c1fed28bb482215712a8d747c8e72a6cb466393f88028c45c
Server/MMSM/p_mmsm_17640/cm_e2t8q0_rcv.cpp,Server/MMSM,backend_source,scanned,True,96806bd5a4eb85e247ae6ff44048dce1d9191536dcd052d04c3f1d9964775fc6
Server/MMSM/p_mmsm_17640/cm_e2t8q1_rcv.cpp,Server/MMSM,backend_source,scanned,True,3868b54a1225984789639010002221a425c902bb09a740d66d5382dd2eb703da
Server/MMSM/p_mmsm_17640/cm_e2t8s1_rcv.cpp,Server/MMSM,backend_source,scanned,True,59db518b5e3a32504a1135eba9a7f56e17b04a3963c8e15fcb9787ae9c2b7bd3
Server/MMSM/p_mmsm_17640/cm_e2t8s2_rcv.cpp,Server/MMSM,backend_source,scanned,True,00a846e3cd472a06d2e01f6dc47a41f346d376b33584e440b8d669beac58eb53
Server/MMSM/p_mmsm_17640/cm_e2t8s3_rcv.cpp,Server/MMSM,backend_source,scanned,True,ef06bfa638fb0ed4e66eb5e6a4b8fa1be5e5e73120734d003a7215e1d8d7bbb5
Server/MMSM/p_mmsm_17640/cm_e2t8s4_rcv.cpp,Server/MMSM,backend_source,scanned,True,061c96f18cd488a450b72b4e371f76d4606a526421207c4ea07f9fb73f8ace15
Server/MMSM/p_mmsm_17640/cm_e2t8s5_rcv.cpp,Server/MMSM,backend_source,scanned,True,83821d55d7e290b47b78768f402da01c64112240314895f58ea2e4e687cc08d7
Server/MMSM/p_mmsm_17640/cm_e2t8s6_rcv.cpp,Server/MMSM,backend_source,scanned,True,cfb7ff6f6b3dfdd6ae1501f4b14e3ed72d6c20b70d1dd4eb0e9c95a9551e68f9
Server/MMSM/p_mmsm_17640/cm_e2t8s7_rcv.cpp,Server/MMSM,backend_source,scanned,True,6dcea366e3d37ba4bc17122277aceb9fd55d1c075a389efc5136c9b151c252e7
Server/MMSM/p_mmsm_17640/cm_e2t8s8_rcv.cpp,Server/MMSM,backend_source,scanned,True,43cd83b1a9f4e060d1ccc5357b36711ef9d841dc8bde3adb6f5894be3cca8e6b
Server/MMSM/p_mmsm_17640/cm_e2t8s9_rcv.cpp,Server/MMSM,backend_source,scanned,True,869cdb3441598a812ffa6b89e00d3897254ef94747e8df27b5a6fa8afee3c641
Server/MMSM/p_mmsm_17640/cm_e2t8sa_rcv.cpp,Server/MMSM,backend_source,scanned,True,fceaf82c5e6abaddf671df55cfab91eff2c63b8b73eeaf818d84a82483316058
Server/MMSM/p_mmsm_17640/cm_e2t8w2_rcv.cpp,Server/MMSM,backend_source,scanned,True,cd4322f3a7868d1bf9d89ea674ec176a56fe57ada0a58f7979faee702cfe380a
Server/MMSM/p_mmsm_17640/cm_e2t8w3_rcv.cpp,Server/MMSM,backend_source,scanned,True,8ef22a44fb82077191ecc7e6eebb0843083209ef6d0c4aa35285a9e61eec4b29
Server/MMSM/p_mmsm_17640/cm_e2t8z1_rcv.cpp,Server/MMSM,backend_source,scanned,True,4dab74c0acddcdf6d621d1c986d3141ed2fd63ba5175b0e48fc12e111c61cb34
Server/MMSM/p_mmsm_17640/cm_e2t8z2_rcv.cpp,Server/MMSM,backend_source,scanned,True,8470e30ffa547059b1f65835dbc4e37eb78a10ae1024d6ff5dc4d9e1596b02b6
Server/MMSM/p_mmsm_17640/cm_e2t8z3_rcv.cpp,Server/MMSM,backend_source,scanned,True,c7ab2c68b9c314dec91a206024b7a82974aa8e8b504eb5f6edc27ffd49113862
Server/MMSM/p_mmsm_17640/cm_ect801_rcv.cpp,Server/MMSM,backend_source,scanned,True,fbf45304fe1a9b07ccf7f7aa240c60ff24bdf8b9f26e49b8565ac36c63dcb7cc
Server/MMSM/p_mmsm_17640/cm_ect802_rcv.cpp,Server/MMSM,backend_source,scanned,True,e07f36e63f6153cafa043d3eee93c0e108c902195143360be4c00f1a6ad3c6cc
Server/MMSM/p_mmsm_17640/cm_ect803_rcv.cpp,Server/MMSM,backend_source,scanned,True,c0ccb3d208e89ea933c23b76d86a642adee71b38a9780dd77d49ed16aaf75920
Server/MMSM/p_mmsm_17640/cm_ect804_rcv.cpp,Server/MMSM,backend_source,scanned,True,dac3fcfa77a15d17fdd83b5b98d5fe9ce9c094bf176a22a504cfb6646cff1e9d
Server/MMSM/p_mmsm_17640/cm_ekt801_rcv.cpp,Server/MMSM,backend_source,scanned,True,c069714fe0cfe59ce721d944e2260cfbbf8f950db90d300c833938ceea7d67a1
Server/MMSM/p_mmsm_17640/cm_ekt82a_rcv.cpp,Server/MMSM,backend_source,scanned,True,7b6cfc07b6a1c0b591d7b6d38b007f7847ba96eeaad44317937fff3298edfba8
Server/MMSM/p_mmsm_17640/cm_elt801_rcv.cpp,Server/MMSM,backend_source,scanned,True,1b6446d1e4d17583b4b0ba80c57fb998d1b1c647776c39585301491998f806dd
Server/MMSM/p_mmsm_17640/cm_elt804_rcv.cpp,Server/MMSM,backend_source,scanned,True,54ce14c942cb770a8b498c4be0556cf57e869c95b528af3a382a41c7f7ad0516
Server/MMSM/p_mmsm_17640/cm_p3t803_rcv.cpp,Server/MMSM,backend_source,scanned,True,b096155d63129bc467f4594c7d73e65e0b2cd3d9022456a40b72759ec7eef798
Server/MMSM/p_mmsm_17640/stdafx.cpp,Server/MMSM,backend_source,scanned,False,e175cf8a71e58c0287e468cac379cfc46ec5a8b0470ebc35b8681af4336602bc
Server/MMSM/p_mmsm_17640/test_0rt801.cpp,Server/MMSM,backend_source,scanned,True,2308160b14c4699c214920cba10775f6ed23a41fc1ec8f14402bd96997952506
Server/MMSM/p_mmsm_17650/cm_1a1013_rcv.cpp,Server/MMSM,backend_source,scanned,True,e1ad7f8af4783d1f57ac2e3c7a87bba555ba6d560ce2582b6aacae6f86754d98
Server/MMSM/p_mmsm_17650/cm_1a1015_rcv.cpp,Server/MMSM,backend_source,scanned,True,8a1535cb4b070b3f5a44674ee31c0338ce9ed494d8ea11ad1ff1dd9c7f720c10
Server/MMSM/p_mmsm_17650/cm_1a1021_rcv.cpp,Server/MMSM,backend_source,scanned,True,f445434cc81750858c2aaef22102d7c714305f20d915d0401b3d0ce48e688565
Server/MMSM/p_mmsm_17650/cm_f0t8s1_rcv.cpp,Server/MMSM,backend_source,scanned,True,bfa997fa4be0e1d2c1f1f508219ed55ce09082bb24fd742713c33885267bfa07
Server/MMSM/p_mmsm_17650/mmsm05gtb_inq.cpp,Server/MMSM,backend_source,scanned,True,0f2846998e99ebcc80f4dc22ccd8b42efd1716637bde9b23c358d7947271554d
Server/MMSM/p_mmsm_17650/mmsm08_inq.cpp,Server/MMSM,backend_source,scanned,True,04790d3a5c0bbb492db3a39d57c94152a8ef87402ab471e36254389dbfceb014
Server/MMSM/p_mmsm_17650/mmsm31zh_inq.cpp,Server/MMSM,backend_source,scanned,True,4c259bf78ab320341dd50b6a2f1134ca18c87a39510cb52212d53a53bd83c2df
Server/MMSM/p_mmsm_17650/mmsm62_ed54.cpp,Server/MMSM,backend_source,scanned,True,0d2292ea8468db4b1a222c25647b76315a247590643ab0777d5ddb0817cb0b59
Server/MMSM/p_mmsm_17650/mmsm62_inq.cpp,Server/MMSM,backend_source,scanned,True,7aca80e2bf4b59699d9a3364d69889d24da2ee4efc918ae82cf998675c7f5c2f
Server/MMSM/p_mmsm_17650/mmsm62_save.cpp,Server/MMSM,backend_source,scanned,True,f93eb27e7faf3ef289a4b7adb3bd61070591828657052c457a8c74caf52b717d
Server/MMSM/p_mmsm_17650/mmsm_cejg_get.cpp,Server/MMSM,backend_source,scanned,True,f01a2ba415bf67222c7e62665b9de23803936978db598e33fe48a48fda62ba75
Server/MMSM/p_mmsm_17650/mmsmaod_inq1.cpp,Server/MMSM,backend_source,scanned,True,8d7f7373786c04c2bb61c7ec42f741dbf5282ad4f47d7415ba10a924a15a67f2
Server/MMSM/p_mmsm_17650/mmsmbof_inq.cpp,Server/MMSM,backend_source,scanned,True,0b5dc9a4de6dfb0b7ba08a1a449ff09eed2d763ac902992c5835cc3985918b20
Server/MMSM/p_mmsm_17650/mmsmc_inq.cpp,Server/MMSM,backend_source,scanned,True,70ecf20a2fc3fbf74f78c529b669f1d536aacd59878a42f7b6048f128965a0e5
Server/MMSM/p_mmsm_17650/mmsmcr01_inq.cpp,Server/MMSM,backend_source,scanned,True,8e446dc817f3ea96f0a47555258e0ad4d57ab0f11d2b7692f4b70beb66321c4d
Server/MMSM/p_mmsm_17650/mmsmcr02_inq.cpp,Server/MMSM,backend_source,scanned,True,43ce055aba78e7eda000ccda2c092cf5e96f7a4a5193594ee4cb85aa97a14184
Server/MMSM/p_mmsm_17650/mmsmdrsj_add.cpp,Server/MMSM,backend_source,scanned,True,25bbe51ac22b8c74b07e6f231711647c57afa3eeacee2ce10854fd240e473354
Server/MMSM/p_mmsm_17650/mmsmdyts_del.cpp,Server/MMSM,backend_source,scanned,True,349d942bbfba6d0d8627e271d83b818e97c2a5f965dae23efab8d7a5bedb3b70
Server/MMSM/p_mmsm_17650/mmsmmes10_inq.cpp,Server/MMSM,backend_source,scanned,True,f01fa1061ade27550a165fb72a2d12a586fa83b18073a82a7771a3da7b3520f2
Server/MMSM/p_mmsm_17650/mmsmrhm_inq.cpp,Server/MMSM,backend_source,scanned,True,619df53a9a4621ec9de87890cfee845d628e9bac9864e9ac4a097917fce19137
Server/MMSM/p_mmsm_17650/mmsmrl_inq.cpp,Server/MMSM,backend_source,scanned,True,29d856060a2eda762c5912d8bd1acf1be7cc21b45f35e441f8fea2f49e9c4ef9
Server/MMSM/p_mmsm_17650/mmsmrl_pro.cpp,Server/MMSM,backend_source,scanned,True,a4a06dd02b10a82b85fab9326f774896defc73cffcb7b0286b6c534d4cd5fd1c
Server/MMSM/p_mmsm_17650/mmsmt82306d_inq.cpp,Server/MMSM,backend_source,scanned,True,a5f5dfb0f94df8dbb3f729e0ebd361c8c0c0f714897004e778d2ef9420f9cfef
Server/MMSM/p_mmsm_17650/mmsmt82306xf_inq.cpp,Server/MMSM,backend_source,scanned,True,86ac6d8acf09e6971a380a63f5f81ca073114642ec0a1f1602d8ff442384b29d
Server/MMSM/p_mmsm_17650/mmsmt823_inq.cpp,Server/MMSM,backend_source,scanned,True,07ea85b5915f2ec0e39cdb5a6096b0acb86f826665296fe3caab5449f98dbcf8
Server/MMSM/p_mmsm_17650/mmsmt8f0s1_inq.cpp,Server/MMSM,backend_source,scanned,True,4e77b60fdc3fa6980da09023e7f4a5cb37d5d0553b90a7ea00c118e7939c3072
Server/MMSM/p_mmsm_17650/mmsmt8f0s1_upd.cpp,Server/MMSM,backend_source,scanned,True,9a3ccddd594f9d4a4ed6ab5fd26dac97295820b561b2688fb984260b8e1bf07a
Server/MMSM/p_mmsm_17650/mmsmt8m0s1_inq.cpp,Server/MMSM,backend_source,scanned,True,90f0bd45077e483b01ebe11fed46884f0df0335a2bc9a7f4032008f95c52c824
Server/MMSM/p_mmsm_17650/mmsmts_inq.cpp,Server/MMSM,backend_source,scanned,True,4e78a9b842d59c6f7e4d09122a11e54a83cfd84c4d970492a5e9cbd6710a71f5
Server/MMSM/p_mmsm_17650/mmsmupd_inq.cpp,Server/MMSM,backend_source,scanned,True,a29366160b983ce2dbf895cf9f6002627064012e813a486c5296b0d3b1d6cea6
Server/MMSM/p_mmsm_17650/mmsmva_inq.cpp,Server/MMSM,backend_source,scanned,True,9c316501afb28399ec5cc85cda14ccdee5d12636d8def62d96cb7e6a472b586c
Server/MMSM/p_mmsm_17650/mmsmzxh_inq.cpp,Server/MMSM,backend_source,scanned,True,aecfa864f05a8fb0182c09cca0e15388c20913429ed4d591d4207e911f01659b
Server/MMSM/p_mmsm_17650/mmsmzxh_sava_pra.cpp,Server/MMSM,backend_source,scanned,True,c8cdda4c3e1616769f3edc786b88b1a525beeac9839d416416165394ef56e831
Server/MMSM/p_mmsm_17650/mmsmzxhf4_inq.cpp,Server/MMSM,backend_source,scanned,True,642fef0b611bb0fecdf8c8d3c4820bc2387cf2597a196a4770901d1e98638034
Server/MMSM/p_mmsm_17660/mmsm33dbsx_inq.cpp,Server/MMSM,backend_source,scanned,True,f52e2dca7b5873ef1dd2e4385602474277b24b7a0b35eca04edec851ae4badf7
Server/MMSM/p_mmsm_17660/mmsm835d1_inq.cpp,Server/MMSM,backend_source,scanned,True,e2a704f07756f3141fccbf76ace461250560b1bd1bc981ec392fd4c98fbb9dd2
Server/MMSM/p_mmsm_17660/mmsmbpqg_inq.cpp,Server/MMSM,backend_source,scanned,True,ea0cb3821425bb1eb7d1f5b77159959fc142ba6eef6c1175088bb4e73db17bc1
Server/MMSM/p_mmsm_17660/mmsmccmpp_inq.cpp,Server/MMSM,backend_source,scanned,True,e83d4a98dbf20109e014563f90ecc4603d6c535e462d45a2ca481a67f74705c3
Server/MMSM/p_mmsm_17660/mmsmcpcc_inq.cpp,Server/MMSM,backend_source,scanned,True,dcbe57976c0aa723def759e2f22f2cd872c4e59b2666974f0c18ccf98f56bd09
Server/MMSM/p_mmsm_17660/mmsmcpcl_inq.cpp,Server/MMSM,backend_source,scanned,True,94d69a4b902255e6008a133d15332c5eccc3bbbc140c4b8cbf67c8cbfa970976
Server/MMSM/p_mmsm_17660/mmsmcpkchz_inq.cpp,Server/MMSM,backend_source,scanned,True,bd077b5f08259018e15275dca7daa244a297ce8c832fd289640fb963cd056192
Server/MMSM/p_mmsm_17660/mmsmcpkcmx_inq.cpp,Server/MMSM,backend_source,scanned,True,07858a828cddad2c68167bfe4fbdffa469701049d9b57c9b1911290820d7e7f1
Server/MMSM/p_mmsm_17660/mmsmcpsskc_inq.cpp,Server/MMSM,backend_source,scanned,True,c303369b3e69c77cfa3118fc3caa1a05668e7f9b719f4bf8d616e34eb84e8528
Server/MMSM/p_mmsm_17660/mmsmcpwzchz_inq.cpp,Server/MMSM,backend_source,scanned,True,76bf5e57be5f8e57a737b1d87cf16ecffe6bfacdb87ede60419e470b2b3ab84b
Server/MMSM/p_mmsm_17660/mmsmcpwzcmx_inq.cpp,Server/MMSM,backend_source,scanned,True,57637f943d913fe1165a4ad39a77495d18667bd59c212b7769a007e8347b0e32
Server/MMSM/p_mmsm_17660/mmsmcyzjl_inq.cpp,Server/MMSM,backend_source,scanned,True,6925e406fd81d87394de932fb508a4550a84144c9b9d675e45423a18826b2617
Server/MMSM/p_mmsm_17660/mmsmczmx_inq.cpp,Server/MMSM,backend_source,scanned,True,45f95b3466223f36fb13295c4074d70dbbc3a124039ecd2d559a88cfa1a557b4
Server/MMSM/p_mmsm_17660/mmsmdbdc_inq.cpp,Server/MMSM,backend_source,scanned,True,9b1558f2b965b389088b2046e1d4322444b66dda15be33b14420e58d999bdd32
Server/MMSM/p_mmsm_17660/mmsmdbjl_inq.cpp,Server/MMSM,backend_source,scanned,True,29eabc236f1f4e56ca2ab7ea255653db71fe303a3322ff6691d0a8a3246d2d46
Server/MMSM/p_mmsm_17660/mmsmfpbx_inexl.cpp,Server/MMSM,backend_source,scanned,True,94811ccc685f7e28be634cec250ab2c3c8a7d96c02e821d46196df69cbadb869
Server/MMSM/p_mmsm_17660/mmsmfpbx_pro.cpp,Server/MMSM,backend_source,scanned,True,44ac7197a3fd664ace8c2b50d4e44785c9d3d8b454a1c40d2665ae8a22b78184
Server/MMSM/p_mmsm_17660/mmsmfptg_inexl.cpp,Server/MMSM,backend_source,scanned,True,542ad8925b71473e7517963d97d71d021ac12153d48a308bda38b9bef5ad4183
Server/MMSM/p_mmsm_17660/mmsmfptg_pro.cpp,Server/MMSM,backend_source,scanned,True,a5e71d83dbdd39f3588a3f81c84f00a92405c35142552d972c70746b5a4b050e
Server/MMSM/p_mmsm_17660/mmsmfptj_inq.cpp,Server/MMSM,backend_source,scanned,True,99b44629c08205023246bfb5176740cf402ee7687f9ef47e1e0316ca0e847161
Server/MMSM/p_mmsm_17660/mmsmfptj_pro.cpp,Server/MMSM,backend_source,scanned,True,1bdc5c73bd19a4ff2497e325e201f3e3f89a368e8240042fe078ddb06c5d1269
Server/MMSM/p_mmsm_17660/mmsmhsljl_inq.cpp,Server/MMSM,backend_source,scanned,True,3ebfbb2a6ce0bb4ba4c8809b3fb81201bada3609ff8be30d6386dd8d854f0376
Server/MMSM/p_mmsm_17660/mmsmjccjl_add1.cpp,Server/MMSM,backend_source,scanned,True,d5716b18c92d6aa454241bf2889e6ca2fa2fa160a5bfb2cfca141a3b9c7637ed
Server/MMSM/p_mmsm_17660/mmsmjccjl_add2.cpp,Server/MMSM,backend_source,scanned,True,6384326d7be77119bb8b4b167c3431b56b4742b65484631c59da920d9c512981
Server/MMSM/p_mmsm_17660/mmsmjccjl_analyse.cpp,Server/MMSM,backend_source,scanned,True,52e222ca8963cd99decc0053cb994523c992526970fd8ebb658b6a4f9d8a599a
Server/MMSM/p_mmsm_17660/mmsmjccjl_clear.cpp,Server/MMSM,backend_source,scanned,True,e8f89862e3ff076f156d3a48e8a9ded9de4a97d0a77c7deeb6952cbd2ed12e7e
Server/MMSM/p_mmsm_17660/mmsmjccjl_inq.cpp,Server/MMSM,backend_source,scanned,True,209ac3d388cdff77ca16d8f13a2daf582115cfb9ec6283be444fd1cb6372162f
Server/MMSM/p_mmsm_17660/mmsmjcsbc_inq.cpp,Server/MMSM,backend_source,scanned,True,f061847d00d101d0cc8dac8b2b07a19080e1a26b6b93492037435b0e2657732f
Server/MMSM/p_mmsm_17660/mmsmjkmx_inq.cpp,Server/MMSM,backend_source,scanned,True,202518f2d192b069f5b5c5096126beeac29313ac066e5ea90c713430c0d29e68
Server/MMSM/p_mmsm_17660/mmsmlcbgx_inq.cpp,Server/MMSM,backend_source,scanned,True,70bd05f4844b13e927b494a9e3174c5e2da3f55dd774a71462d4f15e6c2c520c
Server/MMSM/p_mmsm_17660/mmsmlcbmx_inq.cpp,Server/MMSM,backend_source,scanned,True,61c3df3fa41a3e980339548e6a7a818c748f41b617b80ac690c564d22da04bde
Server/MMSM/p_mmsm_17660/mmsmlcbqx_inq.cpp,Server/MMSM,backend_source,scanned,True,6189222f4db2c12364eb09d9cf570be4233aa5f9edff6460f6c3e899401e3049
Server/MMSM/p_mmsm_17660/mmsmlcbsum_inq.cpp,Server/MMSM,backend_source,scanned,True,4ccf7c18e2cd87d34bc6fa30d28132f91bbf3d7382a7493322e7ed25bfdca46c
Server/MMSM/p_mmsm_17660/mmsmout1wh_pro.cpp,Server/MMSM,backend_source,scanned,True,5682c8404b8477593ca1b0b2883487744df53397050a299c7fd339a83e5aa7e6
Server/MMSM/p_mmsm_17660/mmsmphcl_inq.cpp,Server/MMSM,backend_source,scanned,True,3814190398701ab6c39a43e22840e1aa1064c069d16e1f26bac127de2c9f7e04
Server/MMSM/p_mmsm_17660/mmsmqxdc_inq.cpp,Server/MMSM,backend_source,scanned,True,0a49c7e9caebb848257d26ca8e5c135a259038c5fd2b7655ca72979df7233062
Server/MMSM/p_mmsm_17660/mmsmqxsdl_inq.cpp,Server/MMSM,backend_source,scanned,True,9cd5ee3a2eee03c334204b3e440afd58f686e8ad8183d83fc83772737b455a87
Server/MMSM/p_mmsm_17660/mmsmsdlcast_inq.cpp,Server/MMSM,backend_source,scanned,True,1f54c53e6a1d2fa4efbde7c8960e937e3c283ac3c7d730dac48ddcbf860493b2
Server/MMSM/p_mmsm_17660/mmsmsdlday_inq.cpp,Server/MMSM,backend_source,scanned,True,792fd4808d98f67b2cfeb5cd86413eb450aec64548fcbb846dc9796d503ceebf
Server/MMSM/p_mmsm_17660/mmsmsdlhnmx_inq.cpp,Server/MMSM,backend_source,scanned,True,a23253a9994372700e94b9bd58bef7b218a25d2f55b3736d833811eae54c2498
Server/MMSM/p_mmsm_17660/mmsmsdlmx_inq.cpp,Server/MMSM,backend_source,scanned,True,6c16ed570ff11512bdc70d1cb9bb4a3165b062a9ecbc5f1b85eaabbd1cf3d971
Server/MMSM/p_mmsm_17660/mmsmshdc_inq.cpp,Server/MMSM,backend_source,scanned,True,be42a5c24ad879c72b059ab88ae58648297ac3fb38ea99f7f5cff9e93f681c27
Server/MMSM/p_mmsm_17660/mmsmt823sj_snd.cpp,Server/MMSM,backend_source,scanned,True,fdb24d48e575c4d9a5203a60cdb92dbe77d7968781ff5dbaf56f12d0ba5512d2
Server/MMSM/p_mmsm_17660/mmsmyldlxh_inq.cpp,Server/MMSM,backend_source,scanned,True,0eacfa396841c97d3a6287e6c5af5969c372be75f5c27e84df53f2ac7c34621e
Server/MMSM/p_mmsm_17660/mmsmyljlxh_inq.cpp,Server/MMSM,backend_source,scanned,True,540a14fa3a371cfd25156588e19257350fce0245a4d22d79ef1a6ec014009d4b
Server/MMSM/p_mmsm_17660/mmsmysph_inq.cpp,Server/MMSM,backend_source,scanned,True,9b9e85a1133a0326dc108f82a828462081112a7e6df738cc62d9da076f85b268
Server/MMSM/p_mmsm_17660/qmts_101ts.cpp,Server/MMSM,backend_source,scanned,True,2cbe04d680a12bb9806033a595557f74e361ad549ae4e2b0ab6e43e1fb50353b
Server/MMSM/p_mmsm_17660/qmts_zlyq.cpp,Server/MMSM,backend_source,scanned,True,d3d0ef3b7039d4a696710e0e1c1a732e87374205234883b309d907f2e1aaccfb
Server/MMSM/p_mmsm_17660/wmsmczts_pro.cpp,Server/MMSM,backend_source,scanned,True,50db9a007d3d501408c95b28db4bf695c96999773e48e253711e8db3c74f0a84
Server/MMSM/p_mmsm_17660/wmsmshlc_inq.cpp,Server/MMSM,backend_source,scanned,True,e514a42a948c056dd0ad133d3a84fe556e342f3ca6e4ac6814702b4c5b2c7099
Server/MMSM/p_mmsm_17660/wmsmshlcs_inq.cpp,Server/MMSM,backend_source,scanned,True,a7670ccf42e973844b2512b2d81bfa9057a78e6ee9d9511ab44b36ade4e09655
Server/MMSM/p_mmsm_17660/wmsmshxc_inq.cpp,Server/MMSM,backend_source,scanned,True,a92cc1a351a1e66757ee801378d04d4cac5208bac74492e58fed5442d88e81a5
Server/MMSM/p_mmsm_17660/wmsmshxcs_inq.cpp,Server/MMSM,backend_source,scanned,True,e533643fe99b5a940c237de2a85ca06f1bc181c4d0a60a649590dccea343048e
Server/MMSM/p_mmsm_17670/mmsmcb0a_upd.cpp,Server/MMSM,backend_source,scanned,True,9971a36fc1032786ae959068be807759bc221c8b575e6e92bb19447e811b86ca
Server/MMSM/p_mmsm_17670/mmsmcr00_inq.cpp,Server/MMSM,backend_source,scanned,True,e4560334ad765b38ea884d33f2ddc2ce10c3127c78a321bf52c7c81cbb7a92c7
Server/MMSM/p_mmsm_17670/mmsmcr03_inq.cpp,Server/MMSM,backend_source,scanned,True,84e1157a6a3c500b920ca7b10884474a8309f4414e7e3094be4d296ba9b0c344
Server/MMSM/p_mmsm_17670/mmsmcr04_inq.cpp,Server/MMSM,backend_source,scanned,True,f6e7ca486e4ca1e26ad6ce99467372122a31636458d79c848bbe8ef5de8e976d
Server/MMSM/p_mmsm_17670/mmsmcr05_inq.cpp,Server/MMSM,backend_source,scanned,True,533fe84cd1d7053462feca4d7a3f894f7684b2ac587c976af2e0a1c71dfe6b8d
Server/MMSM/p_mmsm_17670/mmsmcr06_inq.cpp,Server/MMSM,backend_source,scanned,True,eadaedfb0963a6e7a135b8de27ef73eb444f82775a8dfa79e753f9ce69e6677e
Server/MMSM/p_mmsm_17670/mmsmcr07_inq.cpp,Server/MMSM,backend_source,scanned,True,f95c60c6855c96408c626039fa1d890e1035fc87c9d28dfc50dcc7a1e8d2490a
Server/MMSM/p_mmsm_17670/mmsmcr08_inq.cpp,Server/MMSM,backend_source,scanned,True,58a646c17e4bb1095ad92c03d1156dc8cd2e0567758309b3acc0713d3156dc6d
Server/MMSM/p_mmsm_17670/mmsmcr09_inq.cpp,Server/MMSM,backend_source,scanned,True,3aa86e872328468f480de284dc2e2333ceabb4e4d962d26889639b4e71198714
Server/MMSM/p_mmsm_17670/mmsmcr10_inq.cpp,Server/MMSM,backend_source,scanned,True,40b0a8e88cf964e0b7d625d128605916054c875392277aee57a603037abfccf2
Server/MMSM/p_mmsm_17670/mmsmcr11_inq.cpp,Server/MMSM,backend_source,scanned,True,55ff91e9a8f6aee8924671b5fcd89de622314d4f3c5e30e08d2f1d8ef3b13c77
Server/MMSM/p_mmsm_17670/mmsmcr12_inq.cpp,Server/MMSM,backend_source,scanned,True,d2ff916a61d7290efd63c1250c38d302e6339586263b8d5489cbab1734ced04a
Server/MMSM/p_mmsm_17670/mmsmcr13_inq.cpp,Server/MMSM,backend_source,scanned,True,70ec15c93fe5143fc567595135508aa7b9ef92d6b066ad5f0e9b6fc5a318a141
Server/MMSM/p_mmsm_17670/mmsmcr14_inq.cpp,Server/MMSM,backend_source,scanned,True,812aed38d685fb8f8e648d139de26cf557bfa97d7279b4feace3f4ea954edb4f
Server/MMSM/p_mmsm_17670/mmsmcr15_inq.cpp,Server/MMSM,backend_source,scanned,True,cc12d84d8c20e164e23f462f449f2c5c51a8904b7b2dd58863a10b2945aceec6
Server/MMSM/p_mmsm_17670/mmsmcr16_inq.cpp,Server/MMSM,backend_source,scanned,True,1b95bfb607197fd7f86365f852d580807cac28007a01dd747c676e92948b033c
Server/MMSM/p_mmsm_17670/mmsmcr17_inq.cpp,Server/MMSM,backend_source,scanned,True,9a63fee431fd4b83c10e57ddf605797b1258ebaa6fa7cbb2b11af896162312df
Server/MMSM/p_mmsm_17670/mmsmcr18_inq.cpp,Server/MMSM,backend_source,scanned,True,8b035c4b8198df6ccadb216229021fe2f6c10bb65a24ab77346e6ff4b4a4ccb7
Server/MMSM/p_mmsm_17670/mmsmfgkc_inq.cpp,Server/MMSM,backend_source,scanned,True,95662247d151ecb0ad1ee73551c299193fdd6f5a7d0e82822a0a6390bc7775ef
Server/MMSM/p_mmsm_17670/mmsmheatno1_inq.cpp,Server/MMSM,backend_source,scanned,True,c70edf4ad346660de5e2cb386cc3e4fede2049edc05b111307a5067da6753af7
Server/MMSM/p_mmsm_17670/mmsmheatno_inq.cpp,Server/MMSM,backend_source,scanned,True,2103dc94f31153e3f6e870812235a739b161c88bbf109caaa9f4bf8dc03ac63f
Server/MMSM/p_mmsm_17670/mmsmjllstj_inq.cpp,Server/MMSM,backend_source,scanned,True,2f641e85a47e96729eea39531842713362767c43046ec32c2d0a93d4a94fa363
Server/MMSM/p_mmsm_17670/mmsmmat_inq.cpp,Server/MMSM,backend_source,scanned,True,3ce8df32168bd7099180060783fc1593eb554f1328d49bb651131de9a50a333b
Server/MMSM/p_mmsm_17670/mmsmmat_pro.cpp,Server/MMSM,backend_source,scanned,True,d0e61b91b79e08698d47ca4c86fbd7f9cfd99d9268eb44085ddc531321c1cabc
Server/MMSM/p_mmsm_17670/mmsmscrap_inq.cpp,Server/MMSM,backend_source,scanned,True,4016d85bc70d18b27063fe7c330b4180e5c4160da47a50707493c0b41b5b07d0
Server/MMSM/p_mmsm_17670/mmsmscrap_pro.cpp,Server/MMSM,backend_source,scanned,True,45cc67fd5a3547f97176c4abcf3bf11e3c0c81f0ce47efb6fa8b733dab6142c2
Server/MMSM/p_mmsm_17670/mmsmtlhz_inq.cpp,Server/MMSM,backend_source,scanned,True,b92fd881a11b19db6225c7413a9ade148711ae6275c04907daa9f351b4aa44bb
Server/MMSM/p_mmsm_17670/mmsmtlhz_inq1.cpp,Server/MMSM,backend_source,scanned,True,582df95174abcd840a43eaf9c6428b66af95a694abadf8113321fa185321f642
Server/MMSM/p_mmsm_17670/mmsmtljl_inq.cpp,Server/MMSM,backend_source,scanned,True,9e02507b63d033645b7a39de885ddc4691730ef108c254a8392bcc09871f0e60
Server/MMSM/p_mmsm_17670/mmsmtlmx_inq.cpp,Server/MMSM,backend_source,scanned,True,5644fa731188397e01d060139131bcd62f55d0e1b265dcb903e6ad1f4bb9e9e4
Server/MMSM/p_mmsm_17670/mmsmtlmx_pro.cpp,Server/MMSM,backend_source,scanned,True,612c235da59e7d55f4a42359ab466000df1d89d9e2daeb946f7c6e4696712afb
Server/MMSM/p_mmsm_17670/mmsmxhhd_inq.cpp,Server/MMSM,backend_source,scanned,True,64d152df350c0a4e5ff6a152b5ee723e544eef827e2187fc0f2a0b2468bec99d
Server/MMSM/p_mmsm_17670/mmsmylbb_inq.cpp,Server/MMSM,backend_source,scanned,True,a59929f23f2a8ac3a00dcfc8990d9a0f85b201cecabf8948b7be4851eb21cfd7
Server/MMSM/p_mmsm_17670/mmsmylcf_inq.cpp,Server/MMSM,backend_source,scanned,True,8a8213839c6a21565bd893cf3432bfc311294ffcd2e18106f7d54cfe7bd0d380
Server/MMSM/p_mmsm_17670/mmsmylgxhz_box_inq.cpp,Server/MMSM,backend_source,scanned,True,bffcfc7442854d14f518ba4f653de787f1f19713e68b1e80ec1a9f223722f058
Server/MMSM/p_mmsm_17670/mmsmylgxhz_get.cpp,Server/MMSM,backend_source,scanned,True,a19c38cca618573118398b923c26e7058390b97d5d389f02ff88c0e2fbe567b7
Server/MMSM/p_mmsm_17670/mmsmylgxhz_inq.cpp,Server/MMSM,backend_source,scanned,True,d9bda278f5874871e6c824907b574a3d12c0e9c5563e0aa172f194fc79b175be
Server/MMSM/p_mmsm_17670/mmsmylgxhz_save.cpp,Server/MMSM,backend_source,scanned,True,140cb00e856a21e2dfbf7ebe534239b5d6d2ce3306042230686a2d87f5ec9ad8
Server/MMSM/p_mmsm_17670/mmsmyljl_inq.cpp,Server/MMSM,backend_source,scanned,True,126c3b83b06db9d38ef39b45d69c7cb1ebd96497a40178d2ba52a4b0fc34f0af
Server/MMSM/p_mmsm_17670/mmsmyljlls_inq.cpp,Server/MMSM,backend_source,scanned,True,a6d66446cff05784eefb8d98b399a6a285668f4b9ff4bf17443213c1ef9e9340
Server/MMSM/p_mmsm_17670/mmsmylkc_inq.cpp,Server/MMSM,backend_source,scanned,True,601b3ae0000d8e87ba91af2ace49072bf22c328f6b6bd41cf0c915533c6d8cd5
Server/MMSM/p_mmsm_17670/mmsmylsl_inq.cpp,Server/MMSM,backend_source,scanned,True,3c3d05a9cff75b3bd1e1215dae6638678fc0db1c6c504eb3edcb833a954f601b
Server/MMSM/p_mmsm_17670/mmsmylws_inq.cpp,Server/MMSM,backend_source,scanned,True,6bbabe4ad511eefdc464734eb99216e690829a9cd1793a72b930a6744e0e69f2
Server/MMSM/p_mmsm_17670/mmsmzxh01_bat.cpp,Server/MMSM,backend_source,scanned,True,3dc0fd44367f7d2552daa224c1dcbbee837803579fd0323f47ca4320fed55f29
Server/MMSM/p_mmsm_17670/mmsmzxh01_inq.cpp,Server/MMSM,backend_source,scanned,True,144c8953f412d7f8923a00f99601a002b5d865ab87b910ea73f891f338c83f2e
Server/MMSM/p_mmsm_17670/mmsmzxh02_inq.cpp,Server/MMSM,backend_source,scanned,True,db6ee28c6c464065455e323ad98b726efa57fd596dc59fc553fa103bb8356f49
Server/MMSM/p_mmsm_17670/mmsmzxh_inq1.cpp,Server/MMSM,backend_source,scanned,True,7c5469cb7b2cf0ae52cd87ce61f2b86cf846ebf494a08ae3c5b54c2302b702c9
Server/MMSM/p_mmsm_17670/mmsmzxhlh_ins.cpp,Server/MMSM,backend_source,scanned,True,b71088219a4b3eed338015e1d932d3a20a8ed18d3be2ad40a905814a462949b6
Server/MMSM/p_mmsm_17680/cm_32t809_rcv.cpp,Server/MMSM,backend_source,scanned,True,03fec6c465065f2b79f634e0612b6869ae256685ba62df74a530053f862717ab
Server/MMSM/p_mmsm_17680/cm_33t805_rcv.cpp,Server/MMSM,backend_source,scanned,True,8b1b369a487a897b27733ee37d0a4a578022eee4c536ca0d3a07489ad5f7cf7e
Server/MMSM/p_mmsm_17680/cm_33t806_rcv.cpp,Server/MMSM,backend_source,scanned,True,47be2f514c8943568627fabd48ad6c9bc6066fefc533818fd4867278dc4cfbf9
Server/MMSM/p_mmsm_17680/cm_a02101_rcv.cpp,Server/MMSM,backend_source,scanned,True,963f5e6344688834ded5f17d525976481ceb0abab35c91ac86728e4f1421b3f1
Server/MMSM/p_mmsm_17680/cm_b02101_rcv.cpp,Server/MMSM,backend_source,scanned,True,cfee96e3d3990ef29eee8c0f7b508450aea1d3fced3b9e9f7662c4bc5496d3ed
Server/MMSM/p_mmsm_17680/cm_b02102_rcv.cpp,Server/MMSM,backend_source,scanned,True,fec8efab91e7f05d8d2d424ae2df82177f9fd287def90bba29c4ad793c406931
Server/MMSM/p_mmsm_17680/cm_b02103_rcv.cpp,Server/MMSM,backend_source,scanned,True,47dadba3372e02ac941ba245299ad55b579fe0deefbd14bb35ccaf1d83933842
Server/MMSM/p_mmsm_17680/cm_b02104_rcv.cpp,Server/MMSM,backend_source,scanned,True,94eba9844ccff4f5b9461e21c1c7e0b5d52f522ffecda123c9abe78c4e194f00
Server/MMSM/p_mmsm_17680/cm_b02105_rcv.cpp,Server/MMSM,backend_source,scanned,True,4a0785b4969babff2a7a7ec79cf7fe9666400a759b659b3e9094aa30ccfa6022
Server/MMSM/p_mmsm_17680/cm_b02106_rcv.cpp,Server/MMSM,backend_source,scanned,True,bc442b70b23327e7943f1d2164bf03c4b94f1a002b4842b20fe1471a81d74dbe
Server/MMSM/p_mmsm_17680/cm_b02107_rcv.cpp,Server/MMSM,backend_source,scanned,True,16542757fcc57225df004672330f751d913cb462b2608dec487b62cc9b108d41
Server/MMSM/p_mmsm_17680/cm_b02108_rcv.cpp,Server/MMSM,backend_source,scanned,True,3137214e38193231670702761dccf50db70217a016ee44cdf59012894b6ccfeb
Server/MMSM/p_mmsm_17680/cm_c02101_rcv.cpp,Server/MMSM,backend_source,scanned,True,213eede22e2b921f95ddd0bd45266d60b2228f7bb14df3a45a3a9845a21b2db9
Server/MMSM/p_mmsm_17680/cm_c02102_rcv.cpp,Server/MMSM,backend_source,scanned,True,ed8ff8f0963607482ff5fa91147e1c656e1a34f81a620cdefbd0536fd43c0994
Server/MMSM/p_mmsm_17680/cm_c02103_rcv.cpp,Server/MMSM,backend_source,scanned,True,eb7c37e48e563900e4fc6e845f789e967c9bce366f90ba29f95c4e679422caf2
Server/MMSM/p_mmsm_17680/cm_c02104_rcv.cpp,Server/MMSM,backend_source,scanned,True,263d4a1a4fb4483a0aa88a2f750adfcb5b8e0f0ffa3c868a244b53c3e51f8154
Server/MMSM/p_mmsm_17680/cm_eyt801_rcv.cpp,Server/MMSM,backend_source,scanned,True,d4b5d234cd4b33fc051ac844c595ffac0b6e6b94544dcc9bfb43fc39b7a7f5d5
Server/MMSM/p_mmsm_17690/mmsm2acs_inq.cpp,Server/MMSM,backend_source,scanned,True,204cbe8085436db04bda9e50f3bb8a1002042de0dc8e284462f90173ea81afe4
Server/MMSM/p_mmsm_17690/mmsm2aft_inq.cpp,Server/MMSM,backend_source,scanned,True,d606f0295d1e476ea5129dc0b7dde640c175d1094dfbe88328e8acaa0b32173d
Server/MMSM/p_mmsm_17690/mmsm2aft_inq1.cpp,Server/MMSM,backend_source,scanned,True,91e1bbc84ffe841d8b601539017a5eec354c831babc0f584f47e5ca0b73346ec
Server/MMSM/p_mmsm_17690/mmsm2aft_inq2.cpp,Server/MMSM,backend_source,scanned,True,b38b0b177b2a96cd31716f95c1acf72556b604511b8d886d06ec036b8ac5743b
Server/MMSM/p_mmsm_17690/mmsm2aft_ins.cpp,Server/MMSM,backend_source,scanned,True,c82b4ff32459e75c83c1f87a7bdc90058ca86a69eeff2c78c292caa7a3406192
Server/MMSM/p_mmsm_17690/mmsm2aft_insft.cpp,Server/MMSM,backend_source,scanned,True,08c84a386e478ede45cdfb505bb8fba316c74f93c0b5984671ab4b3346657ca0
Server/MMSM/p_mmsm_17690/mmsm2ayl_updsc.cpp,Server/MMSM,backend_source,scanned,True,41d4b40b61f0ca33b401728e7d91346dffe3e75e64bfa2f8de1d522209e28ae5
Server/MMSM/p_mmsm_17690/mmsm60db_inq.cpp,Server/MMSM,backend_source,scanned,True,c1c7e823cb2adc65d483bc59a7ade592f2646d394cd7b90c1712c1353920f23a
Server/MMSM/p_mmsm_17690/mmsm60lc1_upd.cpp,Server/MMSM,backend_source,scanned,True,a6c02e8b6922fc73d12062837b77ba33baea545a5241ca43ae7ce597fe243f20
Server/MMSM/p_mmsm_17690/mmsm60lc2_upd.cpp,Server/MMSM,backend_source,scanned,True,c588f0c92e28e03c898c4a759b1ebfbe0c1d9369eab9a3eef5fc58116a840323
Server/MMSM/p_mmsm_17690/mmsm60lc3_upd.cpp,Server/MMSM,backend_source,scanned,True,74a98f02bf76a4ae16556728d2d9cc15e56c6083e6e7e1e9a26f0949acd9ea4b
Server/MMSM/p_mmsm_17690/mmsm60lc4_upd.cpp,Server/MMSM,backend_source,scanned,True,13ac367cadc4a2f1f3f264468966562cc024dd005add37f629b705a558a3fe7d
Server/MMSM/p_mmsm_17690/mmsm60lc_upd.cpp,Server/MMSM,backend_source,scanned,True,426cf451dd1c5b3b664dc2eb632ce0d5a89e9f80948955e8e32dd42c8baae919
Server/MMSM/p_mmsm_17690/mmsm60lcxl_inq.cpp,Server/MMSM,backend_source,scanned,True,920ace7292723fd909618852ad34856d0ac6742406c6dfc18c25027ec351fa6b
Server/MMSM/p_mmsm_17690/mmsm60nbk_inq.cpp,Server/MMSM,backend_source,scanned,True,bbc943a07c40af24bc9550bf141da4b98558e2080b8e5b95ee1da19fe3c015b5
Server/MMSM/p_mmsm_17690/mmsm68_inq_seq.cpp,Server/MMSM,backend_source,scanned,True,457ab2bcf8b79d7320cd6b2c3cfbee25f29ffa53911252f39055b1cba4190c18
Server/MMSM/p_mmsm_17690/mmsm69_inq.cpp,Server/MMSM,backend_source,scanned,True,0490f3e87e0cb435875ad9888ebfed2e9b87d517b2e4d1eee3beddfbbe6a6862
Server/MMSM/p_mmsm_17690/mmsm69_pro.cpp,Server/MMSM,backend_source,scanned,True,bf8ad3a520049b02dc202bfb840bf0bd94b46bc6f82e51f5f0d5452d606ee1ea
Server/MMSM/p_mmsm_17690/mmsm69car_inq.cpp,Server/MMSM,backend_source,scanned,True,e22256b5423e1576cf763f85ff6c06fdd957b1f427c17b73b5c759b13be5ebfa
Server/MMSM/p_mmsm_17690/mmsm69car_pro.cpp,Server/MMSM,backend_source,scanned,True,f42e007969e7adfe791b51cb8fcafba2bbdcfb5d2f4fecde5fd8722c3a83aac1
Server/MMSM/p_mmsm_17690/mmsm81_cf_inq.cpp,Server/MMSM,backend_source,scanned,True,d85758f57a51b7742fdd274645dce16a156a5ea3536efe8205a13c5f05e48e0b
Server/MMSM/p_mmsm_17690/mmsm81_inq1.cpp,Server/MMSM,backend_source,scanned,True,5a07af2e40a19512f3d9a88031dd7920e1defec248d3a765ca81ea1725610ec7
Server/MMSM/p_mmsm_17690/mmsm81_inq_seq.cpp,Server/MMSM,backend_source,scanned,True,7a382346a7b169df4b451b1c678ebe1801c1838b9e3e6b1e6bedb25d40e23656
Server/MMSM/p_mmsm_17690/mmsm81_quality_inq.cpp,Server/MMSM,backend_source,scanned,True,79c4cacd5d4ccf17a8a4709234bfdf5883ecf25fdac14d0697197c0ea6e985f0
Server/MMSM/p_mmsm_17690/mmsm81_save.cpp,Server/MMSM,backend_source,scanned,True,4deac31c6c469cb626e44018bb267c8119ad0abcbda261769cbe02fc7e72ecf5
Server/MMSM/p_mmsm_17690/mmsm81ah1_upd.cpp,Server/MMSM,backend_source,scanned,True,6c6fcc641170e3eb13115c80d471032cdbe44e8a7f3217da902b9d50ca22bced
Server/MMSM/p_mmsm_17690/mmsm81ah2_upd.cpp,Server/MMSM,backend_source,scanned,True,2a0c83384498f04dc84a668268f8d452bdd855f94ca41ffd728fc8334a3ded7b
Server/MMSM/p_mmsm_17690/mmsm81al_inq1.cpp,Server/MMSM,backend_source,scanned,True,1eb0330b4a85d898279c63dfd9a092605bc213fb233901628f046ac753e283b4
Server/MMSM/p_mmsm_17690/mmsm81alkc_upd.cpp,Server/MMSM,backend_source,scanned,True,deb3ce354505120eb2098f7846b21605e208664bf0eb8d8e59a8a6568578446d
Server/MMSM/p_mmsm_17690/mmsm81bd1_inq.cpp,Server/MMSM,backend_source,scanned,True,ec7f33be78be4e77fb9337a2d2e283cb21fbd1d18cb405e304630f0153cabf78
Server/MMSM/p_mmsm_17690/mmsm81bd_inq.cpp,Server/MMSM,backend_source,scanned,True,7c332b1dcc2cd0f6937f264ebc37e14ffde5b8aeb3cb1ec687bf7fb7072df9fe
Server/MMSM/p_mmsm_17690/mmsm81bd_pro.cpp,Server/MMSM,backend_source,scanned,True,3fde7a77005e916f695a9cd9746187ac09cf248839ffa492d0fd1a3a362afebe
Server/MMSM/p_mmsm_17690/mmsm81cf_inq.cpp,Server/MMSM,backend_source,scanned,True,92fa019591369381de6d4176f122c34a529ea11a0be60d8a876733055777f2a5
Server/MMSM/p_mmsm_17690/mmsm81xz1_ins.cpp,Server/MMSM,backend_source,scanned,True,b6e75e6ff79f9c08a822c4b7e1281e7737e2b128267d03193d48bbeed2dd547d
Server/MMSM/p_mmsm_17690/mmsm81xz_ins.cpp,Server/MMSM,backend_source,scanned,True,7baefdfd85c2dc7c472fe72dd9fcfeae8d64834a44a735de0c7748552884f21c
Server/MMSM/p_mmsm_17690/mmsm82bd1_inq.cpp,Server/MMSM,backend_source,scanned,True,6f46e2297f8d01ffcc45f692b9741e02f330b82344d8e660d4349b557427f8ef
Server/MMSM/p_mmsm_17690/mmsm82bd1_upd.cpp,Server/MMSM,backend_source,scanned,True,8cc4f3e1f03f13c48412614af5161cafcc0fd579d7c5f266ca2f832038983487
Server/MMSM/p_mmsm_17690/mmsm82bd_upd.cpp,Server/MMSM,backend_source,scanned,True,e39ff72abff8c6e7742835f738abcbf381f1f67e613025cf0f827cde7bffc3e2
Server/MMSM/p_mmsm_17690/mmsm82bd_upd2.cpp,Server/MMSM,backend_source,scanned,True,8c24905320a1076435babb10fdcc7db7a132f53c08b883dcf8bd01b52f6ea850
Server/MMSM/p_mmsm_17690/mmsm82d1_inq.cpp,Server/MMSM,backend_source,scanned,True,63574d83efa6ce69221da43620e1bd55e9772dc09eeab8758511a827fe49875a
Server/MMSM/p_mmsm_17690/mmsm82d1_pro.cpp,Server/MMSM,backend_source,scanned,True,10d590f40cf3ad83b0f2252fb8eb616576db4eae74e81af4149e1960c33656f7
Server/MMSM/p_mmsm_17690/mmsm82d2_inq.cpp,Server/MMSM,backend_source,scanned,True,61090740efc01843b03321dfa92a75a7435228d5e9e181a1bc766998567fcbcd
Server/MMSM/p_mmsm_17690/mmsm82d2_pro.cpp,Server/MMSM,backend_source,scanned,True,2daa6b5e39f88af41cf2f61042c6e1ea145e21e878de723d7fa37533514c87b6
Server/MMSM/p_mmsm_17690/mmsm831_inq_t83.cpp,Server/MMSM,backend_source,scanned,True,ebc20f588afca4e51895ef70a80b2bf57806ec801caaf712e1c6d4fad1f5e07a
Server/MMSM/p_mmsm_17690/mmsm831_upd1_t83.cpp,Server/MMSM,backend_source,scanned,True,823d13659288622b103409640ae692953052c20197be8da1ae2c74a0b8ceabdf
Server/MMSM/p_mmsm_17690/mmsm831_upd2.cpp,Server/MMSM,backend_source,scanned,True,a82d6ef957e9f047458ffffb6fb807497630689eafc1bb394eb38d4feb883f4f
Server/MMSM/p_mmsm_17690/mmsm831_upd3.cpp,Server/MMSM,backend_source,scanned,True,f7b246f0512f3e639ae7e872899d334df9942c0c104f068608cc6b2f2386f0b3
Server/MMSM/p_mmsm_17690/mmsm831_upd4.cpp,Server/MMSM,backend_source,scanned,True,f6d618bf681c460721bc7f33a0ddaa8824ed70310cc30f90e7886d69cd88d10c
Server/MMSM/p_mmsm_17690/mmsm831_upd_t83.cpp,Server/MMSM,backend_source,scanned,True,f51d05c9030a220f3e452033c87272b84ce71845cba97fb74744dcd1311aaa6b
Server/MMSM/p_mmsm_17690/mmsm831_updnbk.cpp,Server/MMSM,backend_source,scanned,True,55c94693e80aa9650a4005af7b6ee0e3cce65b5da99dc1d4c3100e3e51a4f18e
Server/MMSM/p_mmsm_17690/mmsm831_updstl.cpp,Server/MMSM,backend_source,scanned,True,9be1a08bfeb52f4c7004d5d53fc0a63d601e7390544b9209feb68c81c5ead247
Server/MMSM/p_mmsm_17690/mmsm831_updsx.cpp,Server/MMSM,backend_source,scanned,True,df477b1cf6fa6a6302a2ba8473fd16749c9e3a7b17151d1433a9134c839d1e01
Server/MMSM/p_mmsm_17690/mmsm835d_inq.cpp,Server/MMSM,backend_source,scanned,True,68af953ba2a6ceae0f06044dd541525b66fb28274f18b62e4e5fde269ebf4839
Server/MMSM/p_mmsm_17690/mmsm835d_ret.cpp,Server/MMSM,backend_source,scanned,True,2a5f3fcfe39100dc432e5d6d5f4b737d9267aa205a8aa75253d45582bea75dbb
Server/MMSM/p_mmsm_17690/mmsm841_inq.cpp,Server/MMSM,backend_source,scanned,True,7d163b82ac81eec673e54a24cb8f4b1ceed1a25080b0d0e55f82f398998013dc
Server/MMSM/p_mmsm_17690/mmsm85_bunker_gw.cpp,Server/MMSM,backend_source,scanned,True,3952562b0c4fd6a9cb857f33da0728c784c82b3fb85b2303338a016cb0c0d26f
Server/MMSM/p_mmsm_17690/mmsm85_bunker_inq_stl.cpp,Server/MMSM,backend_source,scanned,True,03cb5ad763d2833d60fd2d909b20fbb8d6c0388309a38d26f946d48b856a136b
Server/MMSM/p_mmsm_17690/mmsm85_bunker_inqnbk.cpp,Server/MMSM,backend_source,scanned,True,7c758b38f3d103d2824dd8663d70015602e81bfb36e2d8eb0e1d87ee902117f6
Server/MMSM/p_mmsm_17690/mmsm85_bunkernbk2_inq.cpp,Server/MMSM,backend_source,scanned,True,35db8fa3442a9a1e31ff5abe06a95d5162327134f22ae83c7c0e8435b9ed5c99
Server/MMSM/p_mmsm_17690/mmsm85_bunkernbk_inq.cpp,Server/MMSM,backend_source,scanned,True,c824ff1cfecb7b2d7efc4d998764dbdfadcfff90a0bf13b912acd2730d5e832c
Server/MMSM/p_mmsm_17690/mmsm85_inq_nbk.cpp,Server/MMSM,backend_source,scanned,True,53915dc8edeea8851fd8448c69a2b4f48bf66b2b4d5b53b28aaf27b798a1ac67
Server/MMSM/p_mmsm_17690/mmsm85_inq_stl.cpp,Server/MMSM,backend_source,scanned,True,8675a80aa3d0bb38176ca75af6b5e399673aab112ab97f7068f09204e0ba00e2
Server/MMSM/p_mmsm_17690/mmsm85_inqsx.cpp,Server/MMSM,backend_source,scanned,True,7eed862458821d04e1084511f2796496c177c6ea200477feff6069aa467905f5
Server/MMSM/p_mmsm_17690/mmsm85nbk_inq.cpp,Server/MMSM,backend_source,scanned,True,60560a3bad1cbbacc50326ee5fbb7458c2576cbc89b1756565beb9c31f7a4c8b
Server/MMSM/p_mmsm_17690/mmsm85sc_inq.cpp,Server/MMSM,backend_source,scanned,True,eb2fed3b6f852fa4bf82778d7c2cea3d8697552afe0885b960b884d9034f5c70
Server/MMSM/p_mmsm_17690/mmsm870s2n_inq.cpp,Server/MMSM,backend_source,scanned,True,0691052b71d276dc3a0701e7eea47b535a1e60e0952d825b9559f2b0ed5556f4
Server/MMSM/p_mmsm_17690/mmsm870s2n_inq1.cpp,Server/MMSM,backend_source,scanned,True,622ce7514a2ce0b6be83e26365d06a0c80530804fd4eef449125831a01dc8cce
Server/MMSM/p_mmsm_17690/mmsmjq_inq.cpp,Server/MMSM,backend_source,scanned,True,962d05565894ca464aff67f723a76d721fa42208b4b91d2cd4e02d92e7cd718b
Server/MMSM/p_mmsm_17690/mmsmlcjl_ins.cpp,Server/MMSM,backend_source,scanned,True,2fb0351e196a6c1592d65a7c7d2358f0120223758e1ca2cee385f4bdf97b4a88
Server/MMSM/p_mmsm_17690/mmsmnb01_inq.cpp,Server/MMSM,backend_source,scanned,True,3cf6a475ff051f5488cd3b929b54d041f7fded48c1d78b8a5456ac1cbb9673d8
Server/MMSM/p_mmsm_17690/mmsmnb01_inq1.cpp,Server/MMSM,backend_source,scanned,True,2e558afe6ad93a3ae8f146f20e94960cebe94587784cf4b74a265c05b567c5c2
Server/MMSM/p_mmsm_17690/mmsmnb01_inq2.cpp,Server/MMSM,backend_source,scanned,True,37b95b9b9921ace1357e7eed64afc039a7291ce60e1a8db2fa5403a95801c468
Server/MMSM/p_mmsm_17690/mmsmnb01_pro.cpp,Server/MMSM,backend_source,scanned,True,aafd0a7bf24a5e9a5af7664dc22eb0a537d57854eb20dda092d88aa207bdea55
Server/MMSM/p_mmsm_17690/mmsmnb01_snd.cpp,Server/MMSM,backend_source,scanned,True,ce212c376056ddd945c2390dad1775b038ec7c803de959e18d15b2b85dd4bd32
Server/MMSM/p_mmsm_17690/mmsmnb02_snd.cpp,Server/MMSM,backend_source,scanned,True,8945bf207ae54ee955b8076ec310f02afe8431cfb7892258d7902af0e34f6441
Server/MMSM/p_mmsm_17690/mmsmrqsh_inq.cpp,Server/MMSM,backend_source,scanned,True,40f6c2e916960b242f5cc24405ec05b0a1f0d95ef1e38e8ce4bbb57f154bc93e
Server/MMSM/p_mmsm_17690/mmsmrqtl_pro.cpp,Server/MMSM,backend_source,scanned,True,2ea26edf5f667d08ce6422b9cbb717b83d92ad901e1ba7ea2b7d80cd65adb8d7
Server/MMSM/p_mmsm_17690/mmsmtimeid_inq.cpp,Server/MMSM,backend_source,scanned,True,0f4a8967f243790c71b1259a7ecfd27f39f16f62ad000585df6c5b76319efb2c
Server/MMSM/p_mmsm_17690/mmsmtlcf_f10.cpp,Server/MMSM,backend_source,scanned,True,825600a6caced56266a12d959344ea6f80d98a8bdcabba682e43a205607e840e
Server/MMSM/p_mmsm_17690/mmsmtlcf_inq.cpp,Server/MMSM,backend_source,scanned,True,467e39e59c5d3ed023963f0f92417da33e449461f03de38dc5ebb22b6bdc0277
Server/MMSM/p_mmsm_17690/mmsmtlcf_inq1.cpp,Server/MMSM,backend_source,scanned,True,97fe0716be7af8606630106bc9f9e50adda2011533e38ba556469359a3ca4f68
Server/MMSM/p_mmsm_17690/mmsmwa_inq.cpp,Server/MMSM,backend_source,scanned,True,e8448d73807ad7ba5ab264e89046ee2ad322f0bd17e0a9f725bfef9707c9f6c1
Server/MMSM/p_mmsm_17690/mmsmwa_pro.cpp,Server/MMSM,backend_source,scanned,True,ce5bf50e2969edf29e3974055397fb27d34d1650241f9590e28f30f63e1405ee
Server/MMSM/p_mmsm_17690/mmsmwap_inq.cpp,Server/MMSM,backend_source,scanned,True,18a8b09e3c5fea5ae50b918c25d6e24b45ce9aea6f946d9f5fe3ec85bc15713c
Server/MMSM/p_mmsm_17690/mmsmwq_pro.cpp,Server/MMSM,backend_source,scanned,True,d89a2a900c28c63f2d90aec92a0ba9ba4a27d78b00d925b4bc3f18dfe50102cd
Server/MMSM/p_mmsm_17690/mmsmws_inq.cpp,Server/MMSM,backend_source,scanned,True,dc3144665365890cbc1cdb22af24067f7fc3339d85a1eefa992ef05f35bfdcd1
Server/MMSM/p_mmsm_17690/mmsmws_pro.cpp,Server/MMSM,backend_source,scanned,True,c210fec1a72334d808d9078d71c57ebe74a221b4282dca58de283c33c370b9bd
Server/MMSM/p_mmsm_17690/mmsmwx_inq.cpp,Server/MMSM,backend_source,scanned,True,d84aed38288c7d73011b375f986b15d496f69f8a14affee55873abee25d92d87
Server/MMSM/p_mmsm_17690/mmsmwx_pro.cpp,Server/MMSM,backend_source,scanned,True,495cacdad5c0c02480cf546daac5bbe1f2c6738e7193409349d6956a47e4d25a
Server/MMSM/p_mmsm_17690/mmsmx0_inq.cpp,Server/MMSM,backend_source,scanned,True,dd71a965aec0d68b780fddf9f7cd3c5eb1d19ae83d26f835953b7be980085be1
Server/MMSM/p_mmsm_17690/mmsmx0_pro.cpp,Server/MMSM,backend_source,scanned,True,deab29a34f579b14d547b97d892888341aba18a5a94921a5116d221a1d6bc671
Server/MMSM/p_mmsm_17690/mmsmx1_inq.cpp,Server/MMSM,backend_source,scanned,True,967935f6889dd6269f198ff162d6ef9aa91eff60a697140a07697480044c0cc1
Server/MMSM/p_mmsm_17690/mmsmx1_pro.cpp,Server/MMSM,backend_source,scanned,True,44ba199f76be3160a752596ca22743c24074e3df4f8ef3bbbf7599ed36fcb6c7
Server/MMSM/p_mmsm_17690/mmsmyl_inq.cpp,Server/MMSM,backend_source,scanned,True,3c838447c2e7425074906b332c3b4a393f9d21ba468bd84c8c83c1e49915a9ce
Server/MMSM/p_mmsm_17690/mmsmyl_pro.cpp,Server/MMSM,backend_source,scanned,True,22c8887ec62c87349a245dff91a1f46bc0fc71ac75a836b2a837a0ee1dadce33
Server/MMSM/p_mmsm_17690/mmsmylcf_inq.cpp,Server/MMSM,backend_source,scanned,True,4afe77511d027c905dd442e5198183ce34ad353d29589858e21476d632bc41a9
Server/MMSM/p_mmsm_17690/mmsmyljl_inq.cpp,Server/MMSM,backend_source,scanned,True,2fd3dd5379c13875bdebf7dd4bee4dd71c9de28ae47effa6766b968cddedacd9
Server/MMSM/p_mmsm_17690/mmsmylsl_inq.cpp,Server/MMSM,backend_source,scanned,True,c7da5e9b2006289c46222207acc275e9d2de3553bb7513210c2450f4a0bcb88d
Server/MMSM/p_mmsm_17690/mmsmzd_pro.cpp,Server/MMSM,backend_source,scanned,True,221da53fb0832c01f470169a34bd77bc97dc1203d3dd514036bd921083326950
Server/MMSM/p_mmsm_17690/mmsmzxhbblh_inq.cpp,Server/MMSM,backend_source,scanned,True,452146df24f49fb9ea26da6328dc3a800c149700c0c9087f19d2c453e07d4bdb
Server/MMSM/p_mmsm_17690/mmsmzxhbblh_ins.cpp,Server/MMSM,backend_source,scanned,True,79cb7a8092db93143bb0a03cce6b827286c4367f235e7c641f43ab28a3e42021
Server/MMTP/.env.production,Server/MMTP,environment_config_values_not_exported,scanned,True,656f79732cd0f8fb418478ce884972ff16e7f4829ffe6d51b6b8ca42aaa45448
Server/MMTP/.gitignore,Server/MMTP,backend_source,scanned,False,168b695ee2329648ea1a0cf0a25d2639c5459ae5f63eccf64302aaaef259e3a4
Server/MMTP/.vscode/settings.json,Server/MMTP,config_or_resource,scanned,False,83de1c525e74033f7864b25fa68815340f22366846ea5739a4769a0f860a52ad
Server/MMTP/README.md,Server/MMTP,document_or_log,scanned,False,45745ad148f67e2adc5c19a69fbf4692a44a69764e6ef82045095337e35ad2f7
Server/MMTP/libMMTP/f_mmtp_data_delete.cpp,Server/MMTP,backend_source,scanned,True,03b47236e0ae048f2bc689da2f88b5cdce9c21f9244e02d4b23dc52057d5791c
Server/MMTP/libMMTP/f_mmtp_data_insert.cpp,Server/MMTP,backend_source,scanned,True,4e4e9808087b4164458c2f49bfb11befc8679bcf3fd286189a72b62e48caee48
Server/MMTP/libMMTP/f_mmtp_data_query.cpp,Server/MMTP,backend_source,scanned,True,94c168d27ea9349b81883f1e0cc6a45959929f20c4e9efa0cdbbc16ac78baf80
Server/MMTP/libMMTP/f_mmtp_data_update.cpp,Server/MMTP,backend_source,scanned,True,e1e78a4115042ea8b59749bcb3e6767f436321633febc047b0c0748dc15e8eb4
Server/MMTP/libMMTP/f_mmtp_dyna_table.cpp,Server/MMTP,backend_source,scanned,True,13cc4d2e6cb72e3b41ca75b7246853590a0c2a3e4bc80acaa0ea54c813b8e34a
Server/MMTP/libMMTP/f_mmtp_mat_track.cpp,Server/MMTP,backend_source,scanned,True,7c0d27eaf2ef47ba8795b157fa5f26cdf6fce2885346479cce36ba4e8d8439bd
Server/MMTP/p_mmtp_18030/mmtp_configSave.cpp,Server/MMTP,backend_source,scanned,True,02b6d3b280bdc8b2b4577d0d9c65eb802b4308efac97f0fedb285dbd74dea8c7
Server/MMTP/p_mmtp_18030/mmtp_dataDelete.cpp,Server/MMTP,backend_source,scanned,True,2999d3fc0297c21af45f4da9b50becca0e4f2706a569ccf744a9e27e42711543
Server/MMTP/p_mmtp_18030/mmtp_dataInsert.cpp,Server/MMTP,backend_source,scanned,True,7ccda0ef5367d1db6ca3e7d3ece5a364b591d4bdfc65242d788ddb5f6a913a75
Server/MMTP/p_mmtp_18030/mmtp_dataQuery.cpp,Server/MMTP,backend_source,scanned,True,8f5635d90aaa7bfcf64954fdf33dc4a429260daead2f763364f63f7436dda3e9
Server/MMTP/p_mmtp_18030/mmtp_dataUpdate.cpp,Server/MMTP,backend_source,scanned,True,b31388231edb67552d6cbd14504f299e6c72c108e95154722462cc82e04a61dc
Server/MMTP/p_mmtp_18030/mmtp_loadQuery.cpp,Server/MMTP,backend_source,scanned,True,99a7e4be3ff45986651f1b01f9b8543c824d34d55482b52371e621e1ccaf8748
Server/MMTP/p_mmtp_18030/mmtp_matTableColSave.cpp,Server/MMTP,backend_source,scanned,True,4dfbdf9782860a8b59c640e13cece2e00926dd451097707405c69d0221b042a0
Server/MMTP/p_mmtp_18030/mmtp_subFormCreate.cpp,Server/MMTP,backend_source,scanned,True,58dde57bee6281ce0dd93a054185cc0d33be8d3db5db0b6793ca518674dc90b8
Server/MMTP/p_mmtp_18030/mmtp_virtualTableAdj.cpp,Server/MMTP,backend_source,scanned,True,e63cdedadc72103143793ce88d3442e5494e14492039deeddd9de09a7cf9cbe7
Server/MMTP/p_mmtp_18110/gctp_configAddNew.cpp,Server/MMTP,backend_source,scanned,True,5d898fba3971a83046d60fdbb63cf0d625122bef904e6d1d4e393fbe622ae38e
Server/MMTP/p_mmtp_18110/gctp_configDataClear.cpp,Server/MMTP,backend_source,scanned,True,3a16e2ad8c59205193822b1feb13dc622e8751f6b1b16a27b228ddf603dfadcf
Server/MMTP/p_mmtp_18110/gctp_configDataSave.cpp,Server/MMTP,backend_source,scanned,True,391f1917bd0590ecc8e0d77243a44c3b63381a2ec3b8512f5df4b723bf326f3f
Server/MMTP/p_mmtp_18110/gctp_configDelete.cpp,Server/MMTP,backend_source,scanned,True,b7ffdc297851f9d66fab2c75e3f60761767478ab08e3a9b4a1fb5174fbf55550
Server/MMTP/p_mmtp_18110/gctp_configImport.cpp,Server/MMTP,backend_source,scanned,True,4a6312078e1d552357e402aafa7b014d1fbe5a9f15c9f8f9f26f2b1a02a2a6fd
Server/MMTP/p_mmtp_18110/gctp_configItemSave.cpp,Server/MMTP,backend_source,scanned,True,ae0b9f00e953e320accd6cd73eb2fc6f81da473edb7805527404769931cf91bf
Server/MMTP/p_mmtp_18110/gctp_configLoad.cpp,Server/MMTP,backend_source,scanned,True,f7290fa58a3569dd1ac5c3de816d4aebcfae12a64497408db057569d82c368ff
Server/MMTP/p_mmtp_18110/gctp_configTemplate.cpp,Server/MMTP,backend_source,scanned,True,966b34b1a3205eab4ea471702474cddee837fe3774f3cb84b19cf2c86a3066b2
Server/MMTP/p_mmtp_18110/gctp_copyFromConfig.cpp,Server/MMTP,backend_source,scanned,True,3fb003e23e0e9cc84a5fd29c5cccf2d3b3e843ccc5139b6ec9190cf0b73a5b6b
Server/MMTP/p_mmtp_18110/gctp_formDelete.cpp,Server/MMTP,backend_source,scanned,True,3870b6a3aeaea082f8991dfbb79e874efcefac9ba94886dd83c9d24414433db9
Server/MMTP/p_mmtp_18110/gctp_getCallFormNo.cpp,Server/MMTP,backend_source,scanned,True,c6b81b2dd7de9c462c1782769c1597a547be3034787a674a7b05ab9d5817a455
Server/MMTP/p_mmtp_18110/gctp_getConfigData.cpp,Server/MMTP,backend_source,scanned,True,c29f3c388bde327070430ac916e1ddce66773309dc7eb5a1977343f01b83e410
Server/MMTP/p_mmtp_18110/gctp_getConfigItem.cpp,Server/MMTP,backend_source,scanned,True,d4bf022c381decc4301cc95c64e18dfdd14748214e7d760cdbf3d73286a17ceb
Server/MMTP/p_mmtp_18110/gctp_getDsConfig.cpp,Server/MMTP,backend_source,scanned,True,56cdf8027dc4f4fb180a6b42dcacbf1ed2a4e49e4a501df2d47b000aaacb402b
Server/MMTP/p_mmtp_18110/gctp_getFormConfig.cpp,Server/MMTP,backend_source,scanned,True,b1f02e57d9b7756108a93cb52d4b36ed3e08f90ee5a255191394ec8746c69785
Server/MMTP/p_mmtp_18110/gctp_getTableItem.cpp,Server/MMTP,backend_source,scanned,False,cf4706777a8e5537d16adbc1cd94d52e7b1812c86aefe7f8d25268d0ae341ce6
Server/MMTP/p_mmtp_18110/gctp_newFromConfig.cpp,Server/MMTP,backend_source,scanned,True,705a7e2032f78eaf3093c3523ed962b9f5a753c011fb4e040d8d7cd02a748ea8
Server/MMTP/p_mmtp_18110/gctp_setDsConfig.cpp,Server/MMTP,backend_source,scanned,True,147ca0d4f9df7eb5f1bd6660610effc3e9ee91197465c0555d0e77707a49309b
Server/MMTP/p_mmtp_18110/gctp_setFromConfig.cpp,Server/MMTP,backend_source,scanned,True,c9e93193521af906ccc0a9a6cc09223ff3590d8bc3ef0838c7f0779425c91bdb
Server/MMTP/p_mmtp_18130/gctp_dataDelete.cpp,Server/MMTP,backend_source,scanned,False,507527e3e17db4b2471742092dcc424f197eb886cf3f7d0627fd71408794c904
Server/MMTP/p_mmtp_18130/gctp_dataInsert.cpp,Server/MMTP,backend_source,scanned,False,50c6482a71488b9a0c88a3de62d3056cfc3012c2269324eec8e27a8778f064d0
Server/MMTP/p_mmtp_18130/gctp_dataQuery.cpp,Server/MMTP,backend_source,scanned,False,e91dd94fbb031cd476d8958985ed175a1827903dcf41f108306d9c214bab9ff1
Server/MMTP/p_mmtp_18130/gctp_dataSave.cpp,Server/MMTP,backend_source,scanned,True,3d6feb4d81c1b840cb32d1f9b16f9ac771503cfc7c7cc9fd23ad851a3412eb9d
Server/MMTP/p_mmtp_18130/gctp_dataUpdate.cpp,Server/MMTP,backend_source,scanned,False,b1846bf7f6d1d5b57ab019daf9d3b86e35ff190c31e626d065fa153e7f0db8cc
Server/PS00/.env.production,Server/PS00,environment_config_values_not_exported,scanned,True,a0a66cd341e388fd62390e2134121db47182d7212c5b975dce2b4c84f9b5767f
Server/PS00/.gitignore,Server/PS00,backend_source,scanned,False,168b695ee2329648ea1a0cf0a25d2639c5459ae5f63eccf64302aaaef259e3a4
Server/PS00/.vscode/settings.json,Server/PS00,config_or_resource,scanned,False,83de1c525e74033f7864b25fa68815340f22366846ea5739a4769a0f860a52ad
Server/PS00/README.md,Server/PS00,document_or_log,scanned,False,baa2c7ad2765117ee5c427054ebb260fb6f00bd3305d591dae1bc3692a9a7bb4
Server/PS00/p_ps00_14990/ps00ex_inq.cpp,Server/PS00,backend_source,scanned,True,64bfbd7aaf58968e1f02c62c8fc8377817d598ed1cc5428e0928dec917a2ca26
Server/PS00/p_ps00_14990/ps00ex_tc_inq.cpp,Server/PS00,backend_source,scanned,True,f2fa801f5c0958b3f216b9bde616acb463f4d34ded0976ba8d5fa2e7f0604f38
Server/PS00/p_ps00_14990/ps00p1_del.cpp,Server/PS00,backend_source,scanned,True,59a83ff8954a499b631e7cc1ea9cf7ab061716834e15522f34baa784503ce5e3
Server/PS00/p_ps00_14990/ps00p1_inq.cpp,Server/PS00,backend_source,scanned,True,63e1df66fa47912fb77169c90eb71bb8771d8cfca488a7108d68b3b310986c11
Server/PS00/p_ps00_14990/ps00p1_ins.cpp,Server/PS00,backend_source,scanned,True,ea49a77bfaa55ed0da61fa8c3914e05d5987bf65fc85ef7d463775ed95d68a08
Server/PS00/p_ps00_14990/ps00p1_upd.cpp,Server/PS00,backend_source,scanned,True,606725aa572dea81237bc5b3e299be5eec728acf19bf39b529c5e87a52f2410b
Server/PS00/p_ps00_14990/si0016_f5.cpp,Server/PS00,backend_source,scanned,True,b0b5f01195bb84ba72d7df2da860d937667c01b57e9ce6bf38a292948ae5fee1
Server/PS00/p_ps00_14990/si0016_inq.cpp,Server/PS00,backend_source,scanned,True,ceb1b63da533c5c3c7c16c139b356935c7d3a15640675504f19b5320b1264669
Server/PS00/p_ps00_14990/si0016_upd.cpp,Server/PS00,backend_source,scanned,True,66f44a005ce0cf908d48f03f8935eb68f52fe632ee1de030f256e0ebe288c3da
Server/PSSM/.env.production,Server/PSSM,environment_config_values_not_exported,scanned,True,472eba81849d89cc5f785efbdfa7555355f5d05037ee55912422d7b04f9bc00e
Server/PSSM/.gitignore,Server/PSSM,backend_source,scanned,False,168b695ee2329648ea1a0cf0a25d2639c5459ae5f63eccf64302aaaef259e3a4
Server/PSSM/.vscode/settings.json,Server/PSSM,config_or_resource,scanned,False,83de1c525e74033f7864b25fa68815340f22366846ea5739a4769a0f860a52ad
Server/PSSM/README.md,Server/PSSM,document_or_log,scanned,False,af59b4f375f5fc21b91dedf24c4bf53a8bf2f417fcb7fb9d3b68bc972aca249f
Server/PSSM/libPSSM/f_cm_002021_snd.cpp,Server/PSSM,backend_source,scanned,True,d44b22f038d71ce5ed0b7c8fb6b9b16e90b0771ef32dc9de82ed77ebcb8fa16f
Server/PSSM/libPSSM/f_cm_002022_snd.cpp,Server/PSSM,backend_source,scanned,True,e293391a909c51e7a0e6d78ecffa3ae32f71778803a2e3901242f4cf6d007f76
Server/PSSM/libPSSM/f_cm_002023_snd.cpp,Server/PSSM,backend_source,scanned,True,be821f77957e18dab0f7dfa202b8032466d34aa5364e1236eb62b9934bb0be53
Server/PSSM/libPSSM/f_cm_002024_snd.cpp,Server/PSSM,backend_source,scanned,True,4c525430e0bb81d60a4a0b36bc5c5c1125713ce1bfce53b9382575c244f8ef2b
Server/PSSM/libPSSM/f_cm_200007_snd.cpp,Server/PSSM,backend_source,scanned,True,74eb6f3b21563466268f6a5825f1a304b3f83db8be60c0760db45b4c55b650ef
Server/PSSM/libPSSM/f_cm_200008_snd.cpp,Server/PSSM,backend_source,scanned,True,c30738e44e1be30c3a1b4fd6d92917f56b3c4e922a3741cab9c2fca4a7b37d63
Server/PSSM/libPSSM/f_cm_200009_snd.cpp,Server/PSSM,backend_source,scanned,True,769ad3922f80755d5c6e3cb1e6a6ba4983b65173a277172a63ffd8bc25346673
Server/PSSM/libPSSM/f_cm_2000k1_snd.cpp,Server/PSSM,backend_source,scanned,True,8823c8711a5bb2c82a8af0b9ad978a56fe46a66766190891f81661c22b9f7e8b
Server/PSSM/libPSSM/f_cm_20qx04_snd.cpp,Server/PSSM,backend_source,scanned,True,bf8a8e62fae6bacf3d75c1cc925b77f9184b05040b151935616182a2504920ba
Server/PSSM/libPSSM/f_order_snd.cpp,Server/PSSM,backend_source,scanned,True,c9cf8945945d25615cb7a1dce97d7ce5e247be9023871ed0b6868c393a7f10a0
Server/PSSM/libPSSM/f_plan_delete_snd.cpp,Server/PSSM,backend_source,scanned,True,a86ed8ab225f670243b6867b02645fe05c87615f209861283245866bad5e7ac9
Server/PSSM/libPSSM/f_plan_delete_snd2.cpp,Server/PSSM,backend_source,scanned,True,d73e1088611e2030a41c3813c63bf454578c14c187788d21bfc6c1203738d86b
Server/PSSM/libPSSM/f_plan_insert_snd.cpp,Server/PSSM,backend_source,scanned,True,c0709824e429db500760638f1ec723894800c4d3550099402918a922f5afb1f6
Server/PSSM/libPSSM/f_plan_slab_snd.cpp,Server/PSSM,backend_source,scanned,True,9750b83a82ddcd9cbe4ef89a93730e26c93af8ad99f451ee7be66d05b7b59e47
Server/PSSM/libPSSM/f_plan_update_snd.cpp,Server/PSSM,backend_source,scanned,True,a86e4ce561d4be8dd1022957f5db207ecfd370850243e25719dd6649d5064661
Server/PSSM/libPSSM/f_plan_update_snd2.cpp,Server/PSSM,backend_source,scanned,True,2fb2cc4c2f9441c4a80726852664a93808c52f8e3c6b681c4a86a71353a2b02a
Server/PSSM/libPSSM/f_pssm01_chk_capa.cpp,Server/PSSM,backend_source,scanned,True,0c3d0173aa3f3d035e62f5b8153bbd8a9620f2a707fd62d8370f0dfadd425de4
Server/PSSM/libPSSM/f_pssm01_pour_time.cpp,Server/PSSM,backend_source,scanned,True,dde4896d1cd8a64ec2780d4b83e0d6031c8d9fabcd28907699426f9214e535f5
Server/PSSM/libPSSM/f_pssm03_prodflag_upd.cpp,Server/PSSM,backend_source,scanned,True,b673988799eb5bb1f09df8a11079b3d29f7a7eac349cd7e0677ed8e125f954f5
Server/PSSM/libPSSM/f_pssm11_cut_rcv.cpp,Server/PSSM,backend_source,scanned,True,35773532b7c7338549b1a8002474e18f3b0d9f2828f3fd182ae47773bb393d21
Server/PSSM/libPSSM/f_pssm11_del_heat_n.cpp,Server/PSSM,backend_source,scanned,True,a557a0e5e1c9844d7a76f91ac77a0ba94ab1b49938d291c3ebb6ddbe437e302b
Server/PSSM/libPSSM/f_pssm11_file.cpp,Server/PSSM,backend_source,scanned,True,a6f94c3d55367a470ef36b955ac2fd6b584d4103072a64fe37c6b524f6de8ed3
Server/PSSM/libPSSM/f_pssm11_force_file.cpp,Server/PSSM,backend_source,scanned,True,2855628e6108c627c98abd959d751302c9c6870833568ffae93116902a3d4496
Server/PSSM/libPSSM/f_pssm11_ins_heat_n.cpp,Server/PSSM,backend_source,scanned,True,053f794d2615aaed9db5478ab2dc396f7abcf401c67d0288530b5adc0a45ebde
Server/PSSM/libPSSM/f_pssm11_mix_upd.cpp,Server/PSSM,backend_source,scanned,True,8af398c7e21e17bdf820162d86861f17be50468c52e4f23b8f24081fdbbf5725
Server/PSSM/libPSSM/f_pssm11_planno_n.cpp,Server/PSSM,backend_source,scanned,True,1cf669cc47ee78e0d165fbd336ce49dc9aa7f2b4b5a05733e2654026f14b8cdb
Server/PSSM/libPSSM/f_pssm11_pour_time.cpp,Server/PSSM,backend_source,scanned,True,c1f83a6d56ddc817b5b21046421e5a980262bdad3e15aefee6f851693747258f
Server/PSSM/libPSSM/f_pssm11_run_upd_n.cpp,Server/PSSM,backend_source,scanned,True,9aeff8174e0fadf36b9ad934a66f618a2d0b61091c27dc03963df3ea8ec5851d
Server/PSSM/libPSSM/f_pssm11c_cra.cpp,Server/PSSM,backend_source,scanned,True,13da7a4ee514dc45ae33783a5b45f6feb4189601d94a9541f4a969b9f05c94ac
Server/PSSM/libPSSM/f_pssm11t_cast.cpp,Server/PSSM,backend_source,scanned,True,1fefee049d4455578192aed060120cc86dd4351ffcb3b1772c18a4ab29fe1953
Server/PSSM/libPSSM/f_pssm11t_cast_recalc.cpp,Server/PSSM,backend_source,scanned,True,61f970c3747edfffe45677274ee1f33bb18ce8fd25dd5c217b6bb73ff6b2b979
Server/PSSM/libPSSM/f_pssm11t_get_pour_time.cpp,Server/PSSM,backend_source,scanned,True,b902144fe61c6f04b9933d1d4b2abc96ba3fd23ae05b730fb6421972a6babbc9
Server/PSSM/libPSSM/f_pssm11t_ins_pono.cpp,Server/PSSM,backend_source,scanned,True,ab12e2cf8d03ff984b90a32e0503e0ee835bd6b113dd6bfed09893a66afb410d
Server/PSSM/libPSSM/f_pssm11t_planno.cpp,Server/PSSM,backend_source,scanned,True,8f115155196830895e952dee6b9e28287837637ca03bc3441062a911ab8b99ef
Server/PSSM/libPSSM/f_pssm12_mm_rcv.cpp,Server/PSSM,backend_source,scanned,True,e47dfcb053afcdfeae29e45d8ceced6499e7e06fb76772b1c2e112176642c5a0
Server/PSSM/libPSSM/f_pssm12_plan_upd.cpp,Server/PSSM,backend_source,scanned,True,a38f0c0d0d71a8db6b313168bf44270a81643faceec3e2a1d059a766aeaca6e4
Server/PSSM/libPSSM/f_pssm12_save_job_n.cpp,Server/PSSM,backend_source,scanned,True,7e41c0f046b48198b633f035b6bf341212dcf6d36009d4f9a81f4095a6df5b3b
Server/PSSM/libPSSM/f_pssm12_save_job_n_2.cpp,Server/PSSM,backend_source,scanned,True,d40507da30584a39fa3fa4e8da8abcf9beb061e0c1c7db2aa1d4cadf937312cf
Server/PSSM/libPSSM/f_pssm12_sequ_calc_n.cpp,Server/PSSM,backend_source,scanned,True,f8d70376426925247d8568b455a29eece92837f8e91d8931a3a67bbe4cabedbc
Server/PSSM/libPSSM/f_pssm12_time_calc.cpp,Server/PSSM,backend_source,scanned,True,8b55238dc7d8927638a97ce4f4d3d22cfb0fc88530a8211b33454e57f39c3e7c
Server/PSSM/libPSSM/f_pssm12_treatmentcount.cpp,Server/PSSM,backend_source,scanned,True,5512303bd810d312a20c2b12b98919bf85b5c7a406bb31f2fefd9daf62852362
Server/PSSM/libPSSM/f_pssm12_zpl_copy.cpp,Server/PSSM,backend_source,scanned,True,b794e280a1bd7cbbf6ecfb8c1f1d31b846daa831d24838fa0ac3d32afd2c95e0
Server/PSSM/libPSSM/f_pssm12t_sequ_calc.cpp,Server/PSSM,backend_source,scanned,True,9ebd9f0106ec9b4f9ea93345b2f5b94ca8bb2472dd2f6783abf110cc62ed17b7
Server/PSSM/libPSSM/f_pssm12z_combine.cpp,Server/PSSM,backend_source,scanned,True,6c40eb5248e3b4b4fdf3a5a5e9748ef8731f5e94884750c053f1f1a854bc6c47
Server/PSSM/libPSSM/f_pssm21_capa_cal.cpp,Server/PSSM,backend_source,scanned,True,598ff0561c29cb335d8fe11c6c516c8801de380ad9cffec99b58babc6202ab79
Server/PSSM/libPSSM/f_pssm21_cast_cre_n.cpp,Server/PSSM,backend_source,scanned,True,4d8b7184f46fb62d6bffb8b869b36fe352bcf4d35c30dbca16134ff54ecb8279
Server/PSSM/libPSSM/f_pssm21_chk_capa.cpp,Server/PSSM,backend_source,scanned,True,fa53f866f1b214f26d6c53cae411b9da6d84a247a18d5ec12f2dfeb532b470a6
Server/PSSM/libPSSM/f_pssm21_upd.cpp,Server/PSSM,backend_source,scanned,True,2e6d2b7c29c840967f217ad6567289a3c616eadb099e54dbdbb53637f8a7ac05
Server/PSSM/libPSSM/f_pssm27_upd_plno_n.cpp,Server/PSSM,backend_source,scanned,True,0bb89ecf651f05ae870c90bb08e0acbe89dd1f27b9fea84e30ae3e0622000c4e
Server/PSSM/libPSSM/f_pssm33_run_upd_n.cpp,Server/PSSM,backend_source,scanned,True,0e44c44565a9c4baf4bb7a4e4f88c2bed07f5c504d5b3ada30523a6d18dce7c1
Server/PSSM/libPSSM/f_pssm34_ins_n.cpp,Server/PSSM,backend_source,scanned,True,99c1879ce5f6ac256b6786ee1acef842e67b4c3f7a9161b844b55ab2ca2d95ad
Server/PSSM/libPSSM/f_pssm55_trace.cpp,Server/PSSM,backend_source,scanned,True,c6a3b77b66e13849b36d317d3d8058898db703cb083d65749201e51ab6a07ab9
Server/PSSM/libPSSM/f_pssm81_plan_auto.cpp,Server/PSSM,backend_source,scanned,True,3f67dd5738bf188922b0dd5fda747380b4c2d2e0b17d21890b038200d7889121
Server/PSSM/libPSSM/f_pssm81_trace.cpp,Server/PSSM,backend_source,scanned,True,f3c5e02996c3f0473ec475ebceb37e792fd10713b90af668f77d783057d4ec2e
Server/PSSM/libPSSM/f_pssm99_trace.cpp,Server/PSSM,backend_source,scanned,True,b3c314e9756b67a772d1c50236654d5ee693b5f59d67aebd2d44559c96dea01b
Server/PSSM/libPSSM/f_pssm99_trace_l4.cpp,Server/PSSM,backend_source,scanned,True,0f853a802479622929255b388571bb5ee3989e41a9c4f4a85020f0bc68cbb974
Server/PSSM/libPSSM/f_pssm_call_tps_n.cpp,Server/PSSM,backend_source,scanned,True,30314d8486f177ac6d631c3f95f181405591661701d7bd7b394caac1961aea40
Server/PSSM/libPSSM/f_pssm_call_tps_n2.cpp,Server/PSSM,backend_source,scanned,True,0966fcf2ba0e3e7d2a60c3a5a558c148cf57c1322f50a020a4c47a85260e1248
Server/PSSM/libPSSM/f_pssm_call_tps_n3.cpp,Server/PSSM,backend_source,scanned,True,d84de7428bfb78ba08b4b2b8d637a62cf86219f7da14d8556b3267d684c563ec
Server/PSSM/libPSSM/f_pssm_castlot_upd.cpp,Server/PSSM,backend_source,scanned,True,45a99885bc91cad67e32e39fc8afdea5891c9a8d5cf3ec928fcc157cb201d539
Server/PSSM/libPSSM/f_pssm_castlot_upd2.cpp,Server/PSSM,backend_source,scanned,True,9260e948a2c69f9671538502aece8c6a7467e6f65b9f1ad979b2a2f785c1ddb2
Server/PSSM/libPSSM/f_pssm_ccmchg_chk_n.cpp,Server/PSSM,backend_source,scanned,True,ec22584c00e3faf28521f170428980a8fb00089f5398951ccf35eea5747afbdc
Server/PSSM/libPSSM/f_pssm_chg_in.cpp,Server/PSSM,backend_source,scanned,True,cbbb281fc797d91c2ad63ca6a87a1166635e4478c541248df7293e21daef25f2
Server/PSSM/libPSSM/f_pssm_compute_time.cpp,Server/PSSM,backend_source,scanned,True,4d682ae92daa664f346561548c875625042718b00567c4992b27856ce4c1b55e
Server/PSSM/libPSSM/f_pssm_deal_pre_plan.cpp,Server/PSSM,backend_source,scanned,True,01d23838b45ebd1fd2bb33ef1b5007b25330b9962dd60e39fe3f3be72df084ec
Server/PSSM/libPSSM/f_pssm_deal_pre_plan2.cpp,Server/PSSM,backend_source,scanned,True,da7088857fb7f438d448fe3ad97a720aa8d3a35b280dae2861dd0b2d77b6581c
Server/PSSM/libPSSM/f_pssm_get_cc_prep_time.cpp,Server/PSSM,backend_source,scanned,True,c339176f49dc1a5fac72f58351f4ed54a9ba70e507ada0e27c4ac7117be72d40
Server/PSSM/libPSSM/f_pssm_get_no.cpp,Server/PSSM,backend_source,scanned,True,181f17c89b3672ef80c46015dcc612bb2822996a84ccf7c4f4d9fcb5b89ecaf1
Server/PSSM/libPSSM/f_pssm_heat_confirm.cpp,Server/PSSM,backend_source,scanned,True,2e08b5dc2b141b5f4f9f885083d93274aec932f7b02b4a817f72cdbb80eb82b9
Server/PSSM/libPSSM/f_pssm_mix_flag.cpp,Server/PSSM,backend_source,scanned,True,73f13c8af2ea43bea6f8d82fa7be0b20389b08dd7d98738c2514e8a9bd684888
Server/PSSM/libPSSM/f_pssm_mix_type.cpp,Server/PSSM,backend_source,scanned,True,9d1ff04d44e66476bb9979137858efe3bd88ff893248fcc07aa319bf526ecd89
Server/PSSM/libPSSM/f_pssm_mix_wid.cpp,Server/PSSM,backend_source,scanned,True,9f8bc623d0009662c1ed78a646b3b0b68d0d81da14dcb80bc6a196c1dd3ef906
Server/PSSM/libPSSM/f_pssm_paimp1_snd.cpp,Server/PSSM,backend_source,scanned,True,451808854e2bc2c97267395dbeb2e98b1312953813f50cda640aa381909a9807
Server/PSSM/libPSSM/f_pssm_paimp2_snd.cpp,Server/PSSM,backend_source,scanned,True,6eefb129c373a93f04614530c513e379c42bf20cd89b7631d18402a696fba8a9
Server/PSSM/libPSSM/f_pssm_paimp3_snd.cpp,Server/PSSM,backend_source,scanned,True,4fd4d797cff2d9badc42a281bee27d740218fc77319ead9c8875c2a07bec2ec8
Server/PSSM/libPSSM/f_pssm_pas1p1_snd.cpp,Server/PSSM,backend_source,scanned,True,92dbcf426b665560aaa93caf4d8fa84b2afc1a5b643a98ea39c358735c395828
Server/PSSM/libPSSM/f_pssm_pas1p2_snd.cpp,Server/PSSM,backend_source,scanned,True,a0b76edccfeaa78202a3e1978064201238f8fa716260992814aacb11ba2352fd
Server/PSSM/libPSSM/f_pssm_pas1p3_snd.cpp,Server/PSSM,backend_source,scanned,True,7fac03d8b28d62c76bb271545daf881aaa1ee820f1907e06f469f63a024ae4b2
Server/PSSM/libPSSM/f_pssm_plan_swap.cpp,Server/PSSM,backend_source,scanned,True,abeeb10a1ca980be1d5ab1294e56c067880726e759557a00a7003de6058283b1
Server/PSSM/libPSSM/f_pssm_pono_status_inq.cpp,Server/PSSM,backend_source,scanned,True,778270d43b5f889b5e826ffec10104116911f46f578f725aee4565e2d88bcb8a
Server/PSSM/libPSSM/f_pssm_push.cpp,Server/PSSM,backend_source,scanned,True,e19674da5f46fd92b20953eca4520cd465eb18eb65b611343641daee37220d5c
Server/PSSM/libPSSM/f_pssm_push_time.cpp,Server/PSSM,backend_source,scanned,True,30a58f912d219d11588db0668c98e9ff5feb119599c2b12884150e57aba8376b
Server/PSSM/libPSSM/f_pssm_query.cpp,Server/PSSM,backend_source,scanned,True,702f0ea9fbc66e98412c7b62061482eb94b753ce7dc1e159ff0cde54786e1793
Server/PSSM/libPSSM/f_pssm_reranking.cpp,Server/PSSM,backend_source,scanned,True,3fee0b69d7f70f187b0fde9f03074d0c50cbf2102f0857c5e61fdb12978569c2
Server/PSSM/libPSSM/f_pssm_run_proc_n.cpp,Server/PSSM,backend_source,scanned,True,200915d591eeba0383f65ef34e088bf90ea4bcc9b0fc40cc985fc481219c53ef
Server/PSSM/libPSSM/f_pssm_seq_upd.cpp,Server/PSSM,backend_source,scanned,True,dfb6b851a6eba6a73eb17932b50172ea4ae22033c1b3d32d9337323ebd4bb65b
Server/PSSM/libPSSM/f_pssm_slab_upd.cpp,Server/PSSM,backend_source,scanned,True,23c47d8e0a26b5df1f63d73acf69edf27d69c4e47864c12bb2d103d9295666a3
Server/PSSM/libPSSM/f_pssm_sr_div_inq.cpp,Server/PSSM,backend_source,scanned,True,7107a049b444d1ad08b5618220689e89b619eb708560eeba0b352fd9439ac607
Server/PSSM/libPSSM/f_pssm_stno_chg.cpp,Server/PSSM,backend_source,scanned,True,2af4994a8cec606194d1119607bf21b8121bf4b811baca3180e0992c9c28d63a
Server/PSSM/libPSSM/f_pssm_stno_chk_using.cpp,Server/PSSM,backend_source,scanned,True,e6f815ea4f8718cb3679bf3ad0dc8aa624b76235c9a110fab5f8fecb3503ee76
Server/PSSM/libPSSM/f_pssm_time.cpp,Server/PSSM,backend_source,scanned,True,8fe8bee53e17e6aead0a437bc90a89679c7c3308603e502b993f8bbfc9beb853
Server/PSSM/libPSSM/f_pssmss_insert.cpp,Server/PSSM,backend_source,scanned,True,a69092bca9a6f8cc18a731971581d9674e93c1c5457d4f8dbd252a0f626df48c
Server/PSSM/libPSSM/f_pssmt1_file.cpp,Server/PSSM,backend_source,scanned,True,17af7fbd9b5135026d79563f46f180c6050df63d1f138f2bbae986af0bb79d71
Server/PSSM/libPSSM/f_pssmt1_ins1.cpp,Server/PSSM,backend_source,scanned,True,b86f5f4d11cf77f86aa2706f561da8083f96f44646c8c07f9948cac8e3aaf0fe
Server/PSSM/libPSSM/f_pssmt1_sm_plan_del.cpp,Server/PSSM,backend_source,scanned,True,32a6900217cfc4ea8cb58ea0073f34353a6a3dc13094538c5f8e946eb2924cf2
Server/PSSM/libPSSM/f_pssmt1_upt.cpp,Server/PSSM,backend_source,scanned,True,b3bc8540d3525f88602bf1961118e6d739b803d414fa5dad89100791c348b834
Server/PSSM/libPSSM/f_t8e2s1_snd.cpp,Server/PSSM,backend_source,scanned,True,d499c3ce0373deb0611a5f460f08ac15f35dc6667823c1a2424d0034558487c6
Server/PSSM/p_pssm_13010/cm_002021_rcv.cpp,Server/PSSM,backend_source,scanned,True,46b08aed8b6bd31fe35894decb19d9df9a8c33da4b0fa7449c5680b0b1c5ff2e
Server/PSSM/p_pssm_13010/cm_002022_rcv.cpp,Server/PSSM,backend_source,scanned,True,808d18e35ebc6a302688664b0f000499500bd6df8c987ba27a93fa07d4ea9f8a
Server/PSSM/p_pssm_13010/cm_002023_rcv.cpp,Server/PSSM,backend_source,scanned,True,3bf6cfce022dec2e459d974b6a72b5a55138d0e6b009a60dd19c1f2d2ba3d7aa
Server/PSSM/p_pssm_13010/cm_002124_rcv.cpp,Server/PSSM,backend_source,scanned,True,0bfd6cfcb2abe8b7139868e255df7047a2f3d19804a87928021846eb9bb75d99
Server/PSSM/p_pssm_13010/cm_002134_rcv.cpp,Server/PSSM,backend_source,scanned,True,78ebf36284376433c97d76e0397b9e0ef941191d86773b689fefdeeb5591d8c0
Server/PSSM/p_pssm_13010/cm_0rt8p1_rcv.cpp,Server/PSSM,backend_source,scanned,True,739e3687b54755e2bfd0a683838903086b032ad3e4a4c72bef968d212120f299
Server/PSSM/p_pssm_13010/cm_200007_rcv.cpp,Server/PSSM,backend_source,scanned,True,4122154d0e0149e227c1c109668f8873f33f9a63c5158448d44cb0aff2efecd2
Server/PSSM/p_pssm_13010/cm_200008_rcv.cpp,Server/PSSM,backend_source,scanned,True,a7c95dc3063f08aba995a8d92c8cad93766ba9d0eb248ee7e09c15399fd31e89
Server/PSSM/p_pssm_13010/cm_200009_rcv.cpp,Server/PSSM,backend_source,scanned,True,5abecd65e1b196f0c7d9d02be9c80305f5f0194590ec438e38f12e8969682960
Server/PSSM/p_pssm_13010/cm_2000k1_rcv.cpp,Server/PSSM,backend_source,scanned,True,795dd304be086bf66ff6912488ca11f978a07ed4b4f1e35353f16e0c7511b3b3
Server/PSSM/p_pssm_13010/pssm01f10_restrd.cpp,Server/PSSM,backend_source,scanned,True,80d7b01b321d16823cd392a1bb03e4e012e254720b6b3e9327cbc71901087fc5
Server/PSSM/p_pssm_13010/pssm01f2_inq.cpp,Server/PSSM,backend_source,scanned,True,ff3319713e53394f1689ee085c078e60de8445c802004ab4da6c371a7822ffac
Server/PSSM/p_pssm_13010/pssm01f3_inc.cpp,Server/PSSM,backend_source,scanned,True,0022a1b099848ebd0dfa00529a6089517105d3cfd78e09ca6b63f8b7435443b3
Server/PSSM/p_pssm_13010/pssm01f4_rep.cpp,Server/PSSM,backend_source,scanned,True,3cc35dd3368577f79efa434e05d47f8fdd6ed1fe86cbbc1ec081f6d4f709d337
Server/PSSM/p_pssm_13010/pssm01f5_send.cpp,Server/PSSM,backend_source,scanned,True,ecb5808347ab5d19d9d06b18be03f6fbfa28bd7e1bf43661c9b7252a12327a9b
Server/PSSM/p_pssm_13010/pssm01f6_move.cpp,Server/PSSM,backend_source,scanned,True,5478a6e86860cca733f12ba4f4d187dedc15f0c19b485a3708d3e14b194911f2
Server/PSSM/p_pssm_13010/pssm01f7_del.cpp,Server/PSSM,backend_source,scanned,True,2bdc044307c2dd22fcfb437628eb7697248ca7b5ae5d4b0e4441cad5bd2bbd4c
Server/PSSM/p_pssm_13010/pssm01f8_rcd.cpp,Server/PSSM,backend_source,scanned,True,88167164d579496f29754d9a5c2be729f8feee9ac28b0e70850a77c2ada8eb4a
Server/PSSM/p_pssm_13010/pssm01f9_chk.cpp,Server/PSSM,backend_source,scanned,True,8fd15f427f8c46030fa2fca512c84130e5a52a42b610445ca09316ba808802cb
Server/PSSM/p_pssm_13010/pssm01p_match.cpp,Server/PSSM,backend_source,scanned,True,af95fa23d82a586bfd8a760c978837f524a316ed9f376ed94232cfab2370c448
Server/PSSM/p_pssm_13010/pssm01p_plan_inq.cpp,Server/PSSM,backend_source,scanned,True,ed1f5e4f0703cc9d33bd2333347b7494b64b8a99b051123e615200893ba80f4f
Server/PSSM/p_pssm_13010/pssm01p_pono_inq.cpp,Server/PSSM,backend_source,scanned,True,205ab37af1c0c638a09381f239d5b81a36ddbfc017ab370e2aa4d0aeed1b120b
Server/PSSM/p_pssm_13010/pssm02l_lot_inq.cpp,Server/PSSM,backend_source,scanned,True,fdaa6d3f94a369f4c128d2268d6e396c57764df5969db8108e2c17e27a9db63f
Server/PSSM/p_pssm_13010/pssm02l_order_inq.cpp,Server/PSSM,backend_source,scanned,True,9970cc571fabadb01c08f1703f85dd06b6055de640cf09dbaa65a96e7ecfbcf4
Server/PSSM/p_pssm_13010/pssm02l_pono_inq.cpp,Server/PSSM,backend_source,scanned,True,a46d0b1dfbb8a56d378ba2d5ca67cc27459e2622f708255a29ab0d41815a71ed
Server/PSSM/p_pssm_13010/pssm02l_slab_inq.cpp,Server/PSSM,backend_source,scanned,True,5f4a03cdf6e773b458ac9a2e14b0c7a44d94dccd260c1ea9d3dccb728ab60f3d
Server/PSSM/p_pssm_13010/pssm02lf6_end.cpp,Server/PSSM,backend_source,scanned,True,cca357418e7b7916ec5b5a5e2b8eafe0d15f23559b9929f348fc15363ab76954
Server/PSSM/p_pssm_13010/pssm21_chk.cpp,Server/PSSM,backend_source,scanned,True,044929dbdc63495589c6443d7b5ab5c6e51cdc61c4c0234afc87d6833d8a8b93
Server/PSSM/p_pssm_13010/pssm22_inq_s.cpp,Server/PSSM,backend_source,scanned,True,b77e53791b16282e33242cf57331d638fd3afa7f551f53efbc054ab37ee9e4c3
Server/PSSM/p_pssm_13010/pssm22f10_upd.cpp,Server/PSSM,backend_source,scanned,True,41d446ab782982c23cd8a83c155de481b17479ec06a8bb681324f1e2d9641a3c
Server/PSSM/p_pssm_13010/pssm22f11_del.cpp,Server/PSSM,backend_source,scanned,True,08a6cced54c0ce4719c3796ffbc4948a45657a22eb758cd561d142394312db03
Server/PSSM/p_pssm_13010/pssm22f2_inq.cpp,Server/PSSM,backend_source,scanned,True,d1e3bc385164542a38ba9f6f58758232999356fcc8b12508aa53e36ea416c22c
Server/PSSM/p_pssm_13010/pssm22f8_inq.cpp,Server/PSSM,backend_source,scanned,True,51eecffb59a854f8ae46d6704aa0ce57cc0eb8fd5532e772772007e84d50b6f9
Server/PSSM/p_pssm_13010/pssm22f9_ins.cpp,Server/PSSM,backend_source,scanned,True,161de44b1d4628687b4b9a1e4e51418dc1c499ac1fef8584f33ad74bfb56e5e3
Server/PSSM/p_pssm_13010/pssm23_inq.cpp,Server/PSSM,backend_source,scanned,True,7d489729615b5338d69eb694c10ce8f893e44b1a22cb80c797367d7123aefc1f
Server/PSSM/p_pssm_13010/pssm25add_inq.cpp,Server/PSSM,backend_source,scanned,True,ba947cd693677cfb8460ead171db93d8a45054ae4e5891312f7908d024177fd9
Server/PSSM/p_pssm_13010/pssm25add_ins.cpp,Server/PSSM,backend_source,scanned,True,df3bb3d8105b9671895f325a1a3a77e5c4e7b6201f352d7e4a114a5b250506f1
Server/PSSM/p_pssm_13010/pssm25f2_inq.cpp,Server/PSSM,backend_source,scanned,True,4d9fac381ea6f9ba2f375922f1ed9583f73263794543765e7af2c499c0702f5d
Server/PSSM/p_pssm_13010/pssm25f4_move.cpp,Server/PSSM,backend_source,scanned,True,a62ca385ad1b655deef5076bf9e6c50135e197e1c9843b118e6fd00438b3595d
Server/PSSM/p_pssm_13010/pssm25f5_del.cpp,Server/PSSM,backend_source,scanned,True,bbcc6ca8dc1f7fa78bd44490543108acd826fa0fbadc11d66b6097548b0818ed
Server/PSSM/p_pssm_13010/pssm25f6_send.cpp,Server/PSSM,backend_source,scanned,True,493fe814bdc883c5a566f80cf81f2febf5b669c690195ef3067b0c171e1880f2
Server/PSSM/p_pssm_13010/pssmd1_inq_cc.cpp,Server/PSSM,backend_source,scanned,True,2437bf19da033a123312c937084fe0fc159c05b4f37243c20a5872fb3cdc69d9
Server/PSSM/p_pssm_13020/pssm01af2_inq.cpp,Server/PSSM,backend_source,scanned,True,e20577766fae3aa5fb755406b3e5a6bf3eafd223cb9fd76f4eeb521c3d96b8b9
Server/PSSM/p_pssm_13020/pssm01af3_inc.cpp,Server/PSSM,backend_source,scanned,True,2de7f6265f462efd98d01e6937ed2ee3a7f3d54bff73af906d4afdb12e121b9a
Server/PSSM/p_pssm_13020/pssm01af5_send.cpp,Server/PSSM,backend_source,scanned,True,f30646d27f4c67125757db177f5504c34d55799b245259721e25b7657cecf3ce
Server/PSSM/p_pssm_13020/pssm01af6_del.cpp,Server/PSSM,backend_source,scanned,True,1447a10a85a7cda2bdc561a566c1f5ea5534e7087b7556a9a88cf706204024f5
Server/PSSM/p_pssm_13020/pssm01af7_rcd.cpp,Server/PSSM,backend_source,scanned,True,15e3a411a03e4649810ea7472317ed303bb9050f18729a009b24df864162093c
Server/PSSM/p_pssm_13020/pssm01af8_del.cpp,Server/PSSM,backend_source,scanned,True,027b080c473b31637b45095dd0912b7925fee22abc2547ba4ffde269b3fd06e3
Server/PSSM/p_pssm_13020/pssm01af9_rcd.cpp,Server/PSSM,backend_source,scanned,True,6e1a829f8579f4ff73ffb66c380cbd8a552bf5f74b42fb272401c10a559c42fe
Server/PSSM/p_pssm_13020/pssm01cf2_inq.cpp,Server/PSSM,backend_source,scanned,True,b84be3b7b0764f22ba092a6119a85bc3f41e71d4084948b302e1bf4c51f5b5eb
Server/PSSM/p_pssm_13020/pssm01cf3_move.cpp,Server/PSSM,backend_source,scanned,True,867615d5a9881af244a91469af66fdafe4cae0b9c671c845fb96a4842a8168d6
Server/PSSM/p_pssm_13020/pssm01cf4_rep.cpp,Server/PSSM,backend_source,scanned,True,a3cded8afc4fbf289e31e79299f8d34564b8b83a7f8e6c75e8efc945bd04f0bc
Server/PSSM/p_pssm_13020/pssm01cf5_restrd.cpp,Server/PSSM,backend_source,scanned,True,63126daaadf19ec57f4e95f04012d55df0885c16a4f61e838ff457eb25087352
Server/PSSM/p_pssm_13020/pssm01cf6_chk.cpp,Server/PSSM,backend_source,scanned,True,88873b4ac36bc51e7068d3313a15e8fb7a4bb3fdeb5384683d16401b84758a5e
Server/PSSM/p_pssm_13020/pssm07a_sinq.cpp,Server/PSSM,backend_source,scanned,True,01a3f961eae7cd3e9d08c2786e1c00947d0e45d306bc4cb2cb8ca0ee086b7b7d
Server/PSSM/p_pssm_13020/pssm07af2_pinq.cpp,Server/PSSM,backend_source,scanned,True,a80ddd92a2d958364053826fe2372e6e2ec67a4e1576a0239d760798414db620
Server/PSSM/p_pssm_13020/pssm07af3_chs.cpp,Server/PSSM,backend_source,scanned,True,b810b49002ffec0592fbf28590fbaca62010bde246c5177fa0b761459405348a
Server/PSSM/p_pssm_13020/pssm07af4_unchs.cpp,Server/PSSM,backend_source,scanned,True,9b4afaebe42a31254091bdb6f2053fdb465f6d636cb8b1621de576bdc1b7893d
Server/PSSM/p_pssm_13030/pssm04_chs.cpp,Server/PSSM,backend_source,scanned,True,312e7d4efa60829775bc81c7cb49ac15ddf826c6be4614ccf1fc65bad5e2563b
Server/PSSM/p_pssm_13030/pssm04_del.cpp,Server/PSSM,backend_source,scanned,True,f9e41e27b7cd7852a0bf3dc9b463e02abcc23a3ffd107836bd4343ee3cc74f07
Server/PSSM/p_pssm_13030/pssm04_inq.cpp,Server/PSSM,backend_source,scanned,True,ee3875640dca6dc59e4ef0bd256212d1dfb1460f1bce9b413b032fde02b86f24
Server/PSSM/p_pssm_13030/pssm04_inqs.cpp,Server/PSSM,backend_source,scanned,True,196fdd908f4c934956603e948b6a04207a8122dfe5b4e29f05996265192b5121
Server/PSSM/p_pssm_13030/pssm04_ins.cpp,Server/PSSM,backend_source,scanned,True,6a48803fc39d6cb991d6d97456c6046593c2ce54910a91af3f5288b4320cf59a
Server/PSSM/p_pssm_13030/pssm04_ldel.cpp,Server/PSSM,backend_source,scanned,True,0970ac193a2c5ee25a2cbdd1e11c5d0c82313af460f8b20f4a976c7680415573
Server/PSSM/p_pssm_13030/pssm04_loc.cpp,Server/PSSM,backend_source,scanned,True,0900e47cf602e61c3b90956020e0db67e58409e62a23edafed643e97710742d5
Server/PSSM/p_pssm_13030/pssm04_pdel.cpp,Server/PSSM,backend_source,scanned,True,59c49e8a05b111136fe88f3fe32f68b8b4762b968edc3feebfe37fc354fee1ce
Server/PSSM/p_pssm_13030/pssm04_rel.cpp,Server/PSSM,backend_source,scanned,True,8d31c7fc8f52cd80e7621aa6b88167f57323dee06fc1e60bcf0cb288a10fd340
Server/PSSM/p_pssm_13030/pssm04cc_inq.cpp,Server/PSSM,backend_source,scanned,True,5acbf9e5dddc699e45111ec2f05bb7be61ea40988e032f55a05436b0cd48fe11
Server/PSSM/p_pssm_13030/pssm05_cmp.cpp,Server/PSSM,backend_source,scanned,True,dd2f8768a9b5155436370c76445e7cd0ada78489f324c593f47a90aa5c2a17e2
Server/PSSM/p_pssm_13030/pssm05_inq.cpp,Server/PSSM,backend_source,scanned,True,3e510dfd16680436b6545c0f108c1ad80bbb0e44d68677994c2f3933710903c7
Server/PSSM/p_pssm_13030/pssm05_mov.cpp,Server/PSSM,backend_source,scanned,True,3c72eee732c03172a2cc1876ffde8e828f104ef1f1da1d71d5147aa2a947b0f9
Server/PSSM/p_pssm_13030/pssm05_restrd.cpp,Server/PSSM,backend_source,scanned,True,d5a89ef1b6f29da26110a5929a12c84f54b1498bef5c288fdb90c292ece3c98d
Server/PSSM/p_pssm_13030/pssm05_retu.cpp,Server/PSSM,backend_source,scanned,True,7c9810dcff4fe81c59198512404c74ab01fdc48f1c9c8f86ac0148aeb46e602f
Server/PSSM/p_pssm_13030/pssm05_set.cpp,Server/PSSM,backend_source,scanned,True,55c560ee9224e71ea3654fe63fc2973b3f66b6a837da994c7cc34167839a4907
Server/PSSM/p_pssm_13030/pssm05_snd.cpp,Server/PSSM,backend_source,scanned,True,29235a89c346e588e5f25852af265f4190dcdcb196b1e9aeb938d43930643284
Server/PSSM/p_pssm_13030/pssm05_time.cpp,Server/PSSM,backend_source,scanned,True,0c661a9b8373762686e6d43a97680a5a4b658a0724ae6d6064311257589fc5e2
Server/PSSM/p_pssm_13030/pssm05_upd.cpp,Server/PSSM,backend_source,scanned,True,e208011f47d5eb8478a33b36028d06c33723a01e33fb360a69ee4d56630faa0e
Server/PSSM/p_pssm_13030/pssm06_del.cpp,Server/PSSM,backend_source,scanned,True,9152a17e3f2c013a0c3aab0863db4d6ed0cd890d2afcd15b4ebf18a153d809a1
Server/PSSM/p_pssm_13030/pssm06_inq.cpp,Server/PSSM,backend_source,scanned,True,80f161683167c0cd6a78411b73c69dce905041e99f88c3bce3f7a2d5b9fa676a
Server/PSSM/p_pssm_13030/pssm06_lrcd.cpp,Server/PSSM,backend_source,scanned,True,efd6121b979e78847148857ce48b294f12affae267197659b2d62d11fe0df58a
Server/PSSM/p_pssm_13030/pssm06_prcd.cpp,Server/PSSM,backend_source,scanned,True,d6ce8f6cba7873d0d1bcb66293aa7e994b20168a1ee1e4892d8836db9d9fc155
Server/PSSM/p_pssm_13030/pssm06_srt.cpp,Server/PSSM,backend_source,scanned,True,07ff5686ff90b90b5f0e16c5a92c7f8e42184c0eb06c9218e7428407642e68da
Server/PSSM/p_pssm_13030/pssm07_pinq.cpp,Server/PSSM,backend_source,scanned,True,2984048aed0a1d9b7c7ee66a7772a569a4626dae02be72ad3d51f89e9fa6ab40
Server/PSSM/p_pssm_13030/pssm07_sinq.cpp,Server/PSSM,backend_source,scanned,True,96c1cc2cf3454092cda2f7e715877471d5b4e7081cbef412acefaff0f43d978f
Server/PSSM/p_pssm_13030/pssm08_inq.cpp,Server/PSSM,backend_source,scanned,True,1c864cc6e05d9799ef21ad734d49ba8145a9ea7c718eb17c1daee7d24b24c424
Server/PSSM/p_pssm_13030/pssm08_inq1.cpp,Server/PSSM,backend_source,scanned,True,779a866b18b91fabf67ef85be6cca9e790c916faef7405d3c332d7c5870c1c01
Server/PSSM/p_pssm_13030/pssm09_inq.cpp,Server/PSSM,backend_source,scanned,True,ab8385e9cf5857e83a126897093c997d217f8368ad388825fdbda5f794dca027
Server/PSSM/p_pssm_13030/pssm21_inq.cpp,Server/PSSM,backend_source,scanned,True,86333eb9d9e910bdf205bde15d303e989ca16dfff26d938c947f11c89dd18e48
Server/PSSM/p_pssm_13030/pssm24_del.cpp,Server/PSSM,backend_source,scanned,True,bf3fa6d449e2c1fac8cff1d246b0459286e7baab347ba20b962b352d8afc8cb3
Server/PSSM/p_pssm_13030/pssm24_inq.cpp,Server/PSSM,backend_source,scanned,True,fd645fe5bf23d854f476945617b549b90e707a58d5197f040bfab9632399a8b5
Server/PSSM/p_pssm_13030/pssm24_ins.cpp,Server/PSSM,backend_source,scanned,True,3add433e5fbedd32b78464e1bf05dbe61ab6f8c422f99058461688ee88398d30
Server/PSSM/p_pssm_13030/pssm24_snd.cpp,Server/PSSM,backend_source,scanned,True,a45c131375d4d55758934ded00b03ff0a87156d54fd39016b0d74be2b0567d4b
Server/PSSM/p_pssm_13030/pssm24_upd.cpp,Server/PSSM,backend_source,scanned,True,94f00fa24e7b3bff3abab5bba326d69a37492bc2fdb22d6dcb3b5ac7a45d13c3
Server/PSSM/p_pssm_13030/pssm27_che.cpp,Server/PSSM,backend_source,scanned,True,2d62e01d900f3b64ec48da710f4d872219b0f8e821fb5efe8bbf68ad007d7a52
Server/PSSM/p_pssm_13030/pssm27_del.cpp,Server/PSSM,backend_source,scanned,True,f57533d32c37a067b2655c482884f559d5b76fa0e443c017b2d17fd65eaeb8bf
Server/PSSM/p_pssm_13030/pssm27_inq.cpp,Server/PSSM,backend_source,scanned,True,bf6d76a058d1b81847b4f6b046624b7dd9ce5da2622129de27cdef9f8bdfc671
Server/PSSM/p_pssm_13030/pssm27_ins.cpp,Server/PSSM,backend_source,scanned,True,3fa1e66f7d2d4d8aaf8035254ecef2d326f7ed54c459c8c52751a8105a0a7458
Server/PSSM/p_pssm_13030/pssm27_snd.cpp,Server/PSSM,backend_source,scanned,True,9dffd5f89fa01738ac369556e612fa5953ce1533c501dd067009da0ec43e17ba
Server/PSSM/p_pssm_13030/pssm27_sort.cpp,Server/PSSM,backend_source,scanned,True,12aad67525b45ca007f4c8654648c9bd9854396c788e1a40f72322b3d3d32f6e
Server/PSSM/p_pssm_13030/pssm27_upd.cpp,Server/PSSM,backend_source,scanned,True,77a955d4b3fe5b93b64945a0d861c767eb375dd84fc60aee61e8696128d9aef5
Server/PSSM/p_pssm_13030/pssmdhv_F2_inq.cpp,Server/PSSM,backend_source,scanned,True,dbbb78833c6d09e029c975c734af4e9c32235995d3276c2a64eccc6b7f3d8507
Server/PSSM/p_pssm_13030/pssmdhv_F3_ins.cpp,Server/PSSM,backend_source,scanned,True,724230caf08cc6b5e3d418cde98e617d2debda3aec5bba7156a6bc7a0779520e
Server/PSSM/p_pssm_13030/pssmlgr1_inq.cpp,Server/PSSM,backend_source,scanned,True,c5ab484f446344e8484e8e434b501c7f97a1338e085f8a9a190c9fd4bfec2baf
Server/PSSM/p_pssm_13030/stdafx.cpp,Server/PSSM,backend_source,scanned,False,adddcf256383ae1ea400888719f8b90973bfed7ee92fc0b4fdf64491517286d4
Server/PSSM/p_pssm_13050/pssm02_lot_confm.cpp,Server/PSSM,backend_source,scanned,True,6d664919781683850e4f65b40e037413897c6ae94f7e3854dcbad2b9de58454b
Server/PSSM/p_pssm_13050/pssm02_lot_inq.cpp,Server/PSSM,backend_source,scanned,True,2c8d34f9c6f55572493e890c90a55d93285b1555ecc7b6722642f3b1f704659a
Server/PSSM/p_pssm_13050/pssm02_pono_inq.cpp,Server/PSSM,backend_source,scanned,True,73db1ed77c5078683bde289bdd609ce319296d431d3c1172079cdb58a35fd963
Server/PSSM/p_pssm_13050/pssm02_remark_inq.cpp,Server/PSSM,backend_source,scanned,True,22a10763a26002c562070f9342ce1a866f0574039af05686cae520322ac65bbd
Server/PSSM/p_pssm_13050/pssm02_slab_inq.cpp,Server/PSSM,backend_source,scanned,True,74f7accdf82d4fca9b77d73579673ffba381916e9833a9bd52c84eb6323b23fd
Server/PSSM/p_pssm_13050/pssm10aaf3_ins.cpp,Server/PSSM,backend_source,scanned,False,e3b0c44298fc1c149afbf4c8996fb92427ae41e4649b934ca495991b7852b855
Server/PSSM/p_pssm_13050/pssm10ccf10_restrd.cpp,Server/PSSM,backend_source,scanned,True,f840322fe48e0d26584811fe2de853e5a3d836cf785c9a9ae4736c2e927d4e20
Server/PSSM/p_pssm_13050/pssm10ccf2_inq.cpp,Server/PSSM,backend_source,scanned,True,597c7b1ceffc358c4d8c826da2eb953bfaf5c9c3ed149d4fb48b473abcfff83a
Server/PSSM/p_pssm_13050/pssm10ccf3_move.cpp,Server/PSSM,backend_source,scanned,True,0d3297f30ac1d312874852ed4e88755ce1f646bc51ca2350bd640e348493836f
Server/PSSM/p_pssm_13050/pssm10cllcf2_inq.cpp,Server/PSSM,backend_source,scanned,True,124458cc23d97356f18230b704b28e749816169cfdc0f490eb99030acc18bfe8
Server/PSSM/p_pssm_13050/pssm10cllcf3_move.cpp,Server/PSSM,backend_source,scanned,True,fa18ffcfa1920614ab7c2f7a4c2197e72130c87922ff222e73ef058f42581fb4
Server/PSSM/p_pssm_13050/pssm10cllf10_restrd.cpp,Server/PSSM,backend_source,scanned,True,6f00b5a887ebc7423e29fb25e742644f3ef7fb66734748caed06f2dd4e8da038
Server/PSSM/p_pssm_13050/pssm10cllf4_hangup.cpp,Server/PSSM,backend_source,scanned,True,7a73784463b068a3104933712c3e6481f0799a3abc4f795673660965660d9d95
Server/PSSM/p_pssm_13050/pssm10cllf5_release.cpp,Server/PSSM,backend_source,scanned,True,96344385916bd3d085244601c4bb6260e9b86b450d65c3bb5acee25f62d68e05
Server/PSSM/p_pssm_13050/pssm10cllf6_change.cpp,Server/PSSM,backend_source,scanned,True,f587b593c986a272a90883545f6202213140a02eaeceb7d2bc39345e72a8fd38
Server/PSSM/p_pssm_13050/pssm10f2_inq.cpp,Server/PSSM,backend_source,scanned,True,03634bbb5876abcebf52dfbe15652f859a938febcf5e8ccaa83a603c9463c4bc
Server/PSSM/p_pssm_13050/pssm10f2_inq1.cpp,Server/PSSM,backend_source,scanned,True,123998aa92c7c42621addcd2ba69ea3b6a374c4f9e6ce51b7e81b3544a92f018
Server/PSSM/p_pssm_13050/pssm10f3_ins.cpp,Server/PSSM,backend_source,scanned,True,9418901e8e282c8b65d3f4baff8b124c74ce934affd5fec006ea17e4ab876baa
Server/PSSM/p_pssm_13050/pssm10f3_ins_tg.cpp,Server/PSSM,backend_source,scanned,True,bd1cc69377b124f23215c9976f904d557f14c374bf8c6b1578fa13a7ef3f5b74
Server/PSSM/p_pssm_13050/pssm10f5_del.cpp,Server/PSSM,backend_source,scanned,True,bc7e6945e85c5bfeb799d5a73bdc9f4418ff837bc20943b3a25577da8c6c8873
Server/PSSM/p_pssm_13050/pssm10f5_resend.cpp,Server/PSSM,backend_source,scanned,True,f79b4cdcefc6dc48ca5d98705c5620d12a061c0ff1c7ad99542470b7d402fa1c
Server/PSSM/p_pssm_13050/pssm131f2_inq.cpp,Server/PSSM,backend_source,scanned,True,500e25f60eb8ad0974c45c801c8f5de24b26dfe95ab5ff439bdca5967836af87
Server/PSSM/p_pssm_13050/pssm13f2_inq.cpp,Server/PSSM,backend_source,scanned,True,c8c59eca453804319e165e4617adfb20785c263ffa4d1c791f94db02917e8695
Server/PSSM/p_pssm_13050/pssm14f2_inq.cpp,Server/PSSM,backend_source,scanned,True,744c129d14690a312f0ddbd157edab6288d5a97b84c98ed140d0760448732e8c
Server/PSSM/p_pssm_13050/pssm14f2_inq2.cpp,Server/PSSM,backend_source,scanned,True,b85fbf74d4a83dd5da6bbdebf935c34d5468948613a750c7e4d36535b298a152
Server/PSSM/p_pssm_13050/pssm14f3_proc.cpp,Server/PSSM,backend_source,scanned,True,cb12c1394db61f0137c8f29375723053ab16f8c5ff6ebb605cf442b7b49d3a51
Server/PSSM/p_pssm_13050/pssm31_inq.cpp,Server/PSSM,backend_source,scanned,True,2607091061e319761f14d7f5b7e657d186fd4c821b984cd412c7bea8532c8724
Server/PSSM/p_pssm_13050/pssm31_msg.cpp,Server/PSSM,backend_source,scanned,True,0ce3176f70496cfa737876605ea46eee56c88e4ed4e930b06e7e344e7c9e3eea
Server/PSSM/p_pssm_13050/pssm33_inq.cpp,Server/PSSM,backend_source,scanned,True,f20b8b5bb2c541a734a35eb4b8d74cffe9f05d3fbe5545699aa73082b1d19a26
Server/PSSM/p_pssm_13050/pssm33f2_inq.cpp,Server/PSSM,backend_source,scanned,True,8278e311ceab06aa2a21831c75c4d4f8b7723de3922fe2d3c2e402996aaf945b
Server/PSSM/p_pssm_13050/pssm35_inq.cpp,Server/PSSM,backend_source,scanned,True,a26aa5752f8f5183a12506639c7a00f88884e8ddc9d1b8ca3971c44e60fc92db
Server/PSSM/p_pssm_13050/pssm35_ins.cpp,Server/PSSM,backend_source,scanned,True,cc9bfc4b43177d0ff072b7b86caca207ff2785901a4ba08515e84d00a2b65d9c
Server/PSSM/p_pssm_13050/pssm35dlg_inq.cpp,Server/PSSM,backend_source,scanned,True,c03562b0a8a6c5433c0a9650deb896d23ecb3e101f63753e137d7ec0f12d93ba
Server/PSSM/p_pssm_13050/pssm35f4_inq.cpp,Server/PSSM,backend_source,scanned,True,c8e40b8f9a56397dfda814c2a1dbe6977a58f83e027d41738570a32034388494
Server/PSSM/p_pssm_13050/pssm35tcf2_inq.cpp,Server/PSSM,backend_source,scanned,True,44a721cee30fd16f62b571e022e2c18acbd1d6e92054afeb48437e19c1bc241e
Server/PSSM/p_pssm_13050/pssm36_inq.cpp,Server/PSSM,backend_source,scanned,True,1f11ff2495fe50aaa0801f4cfaa5f505600adf72845111f85fd99514d779dec3
Server/PSSM/p_pssm_13050/pssm37_inq.cpp,Server/PSSM,backend_source,scanned,True,04fdf7c8b73b67426875ee9bfb1cbdffc7435faa7c2fd11c046c7e08126edf8b
Server/PSSM/p_pssm_13050/pssm51f2_inq.cpp,Server/PSSM,backend_source,scanned,True,805781f44c61028e5ddc3a989fdb562b444ea7bb8529eda2f11f27bedf67c418
Server/PSSM/p_pssm_13050/pssm51f2_inq_proc.cpp,Server/PSSM,backend_source,scanned,True,b8fb05e005f5449ddd10c5ec67d6e818ff4a35fd43b4ac6e4268d5e496481d98
Server/PSSM/p_pssm_13050/pssm51f2_inq_sign.cpp,Server/PSSM,backend_source,scanned,True,70ad20c962d3e5d4c1d06a6629b8ea4b205b2e380dcedbc85dd02e159893d5bf
Server/PSSM/p_pssm_13050/pssm51f3_run.cpp,Server/PSSM,backend_source,scanned,True,e92fe38ac35b7692980b357fc650d39f30c507c66bdac2f406bbc76af8203ecb
Server/PSSM/p_pssm_13050/pssm55f2_inq.cpp,Server/PSSM,backend_source,scanned,True,cac976b00e2d889aeea6fda7692be12bdf53bdb7d7737dd25ed81efb4f882b61
Server/PSSM/p_pssm_13050/pssm55f3_send.cpp,Server/PSSM,backend_source,scanned,True,1a075ab4dcf97fbe0d1a9edf3724528ba9bcdf7fba6a834e9b72abd459a7bd28
Server/PSSM/p_pssm_13050/pssm55f5_del.cpp,Server/PSSM,backend_source,scanned,True,2ded9c10cd1e71606a7e22c15c669f0fb33e297cf60a3993afc28ef042964305
Server/PSSM/p_pssm_13050/pssm81add_inq.cpp,Server/PSSM,backend_source,scanned,True,d18efc9acba61928faffe014b44dffeca3a9a9aa6a5e02e0a18dd9258de9a7d6
Server/PSSM/p_pssm_13050/pssm81add_ins.cpp,Server/PSSM,backend_source,scanned,True,e5d0f28b03e9157e28377d82b39b481aa072c566d6b51a9c1eb16b8abe4cd1aa
Server/PSSM/p_pssm_13050/pssm81f2_inq.cpp,Server/PSSM,backend_source,scanned,True,509ea805cd367c4f158caa52bfdd2ed38b1b214593e7c4c0d0c325f8e6487412
Server/PSSM/p_pssm_13050/pssm81f5_del.cpp,Server/PSSM,backend_source,scanned,True,03dd020fa0c9dda99427a84e09cccad6f60e04dc7f3c6d379f81e8c171c6bf77
Server/PSSM/p_pssm_13050/pssm81f6_send.cpp,Server/PSSM,backend_source,scanned,True,5cae3350df3f05589901b78525a46c558c85d6e1500c1990fdd1d4d13623735f
Server/PSSM/p_pssm_13050/pssm91_proc_auto.cpp,Server/PSSM,backend_source,scanned,True,52dc7325e17228979d4387676ac7a635a0b5df4cc461ce2b03dc982f749107a9
Server/PSSM/p_pssm_13050/pssm91f2_inq.cpp,Server/PSSM,backend_source,scanned,True,58e7c2cccc5ace534ecacfd22b35c8fba5867681248442f3ac1edf6c404a25fe
Server/PSSM/p_pssm_13050/pssm91f2_inq2.cpp,Server/PSSM,backend_source,scanned,True,a69068f64de05318325775c33640ffbf829bb1d8aff4336faacd35847afd1450
Server/PSSM/p_pssm_13050/pssm91f6_proc.cpp,Server/PSSM,backend_source,scanned,True,3105bed369a2847505a031a2da7c2e4ac68cb25362416f73f35d85a768a563e7
Server/PSSM/p_pssm_13050/pssm91f7_proc.cpp,Server/PSSM,backend_source,scanned,True,dce1076c57fd0a7bf69cf3a5f2447599afcb83baaa1e63111f901a2570c74d23
Server/PSSM/p_pssm_13050/pssm91f8_proc.cpp,Server/PSSM,backend_source,scanned,True,3b8be0d1d3a11b30a3da9cb492e7f622676baaf06d02c021aa7b10e122410401
Server/PSSM/p_pssm_13050/pssm99_inq.cpp,Server/PSSM,backend_source,scanned,True,1bc665444430d9577d5742352a4274251ca56507566c05683df8b8a87f186a9c
Server/PSSM/p_pssm_13050/pssmd1_inq2.cpp,Server/PSSM,backend_source,scanned,True,78c4058d00ab756c0fa50c566ba35ec565c39722080c8baad42bd7d1fe76c4b5
Server/PSSM/p_pssm_13050/pssmd6_inq.cpp,Server/PSSM,backend_source,scanned,True,29d47c52d6778fc8621c9a4058c5dc93dfaf1e6cea93d858b7518766a79f7a2b
Server/PSSM/p_pssm_13050/pssmd6_upd.cpp,Server/PSSM,backend_source,scanned,True,7c17766341a449fb81e05a6dc2380f8a80f2f93fdb852e20423f17f28c429f41
Server/PSSM/p_pssm_13050/pssmsida_ins.cpp,Server/PSSM,backend_source,scanned,True,3dbc52d19153d2e98a8ea48cb948f807906ba62eabe24abfb9b31eb44f1627b3
Server/PSSM/p_pssm_13050/pssmss_inq.cpp,Server/PSSM,backend_source,scanned,True,10dd20cb5c65c84e7c2e5fdbe063d706d953890c428b02f917e6885b021b2dfc
Server/PSSM/p_pssm_13060/mmlgap01_inq_b.cpp,Server/PSSM,backend_source,scanned,True,0929d8462ad1f484fba3ed274fa83fb23214f42f07363bf8b60038ccdac1eafc
Server/PSSM/p_pssm_13060/mmlgap01_inq_c.cpp,Server/PSSM,backend_source,scanned,True,e2ff7c01618147fc71cc5b4d087af7d9ce5c08c4db115a36dfd015a7ebd51f75
Server/PSSM/p_pssm_13060/mmlgap01_inq_l.cpp,Server/PSSM,backend_source,scanned,True,63fdede93214cde2b16699c7411aca4260560556eea5981cd47b3125b512b5e6
Server/PSSM/p_pssm_13060/mmlgap01_inq_s.cpp,Server/PSSM,backend_source,scanned,True,9af7a0c523022ebbd4f0995d7a36a160d8b5a2cf90d7759e256b6ff725a0f7fc
Server/PSSM/p_pssm_13060/mmlgap02_inq_b.cpp,Server/PSSM,backend_source,scanned,True,78dbdfa944e06153e461fed0ab8eece5f9c50653956ba81454deeb52c5145d36
Server/PSSM/p_pssm_13060/mmlgap02_inq_c.cpp,Server/PSSM,backend_source,scanned,True,c5452823db15e5306cc8c9fdd6c2876738b8e712301b337f627047361f05afe3
Server/PSSM/p_pssm_13060/mmlgap02_inq_l.cpp,Server/PSSM,backend_source,scanned,True,09faaf87fedf005a29335787f9c7cca57b181bffe3f0b7ab8a1b9c3ceb86efdd
Server/PSSM/p_pssm_13060/mmlgap02_inq_s.cpp,Server/PSSM,backend_source,scanned,True,96ba9d5fb8b18c6b2f9f546e289d8d0e50c55ac58404c09aaf6de5dfc42a9a9c
Server/PSSM/p_pssm_13060/mmlgap02_inq_v.cpp,Server/PSSM,backend_source,scanned,True,a17dab6ca1f963f96ffea0ad6da8259bcf18a9a72d9cb04d01fa4fecac6b491c
Server/PSSM/p_pssm_13060/mmlgap03_inq.cpp,Server/PSSM,backend_source,scanned,True,35e28a0a2a228804e8a9879ea4c89d3791a151a29dca4ef22a24be5d64205f61
Server/PSSM/p_pssm_13060/mmlgap04_inq.cpp,Server/PSSM,backend_source,scanned,True,7c3ffe919421b26c2d769e52d83cc8f49696807716cfdbf2cf40a86bfcfece71
Server/PSSM/p_pssm_13060/mmlgap05_inq.cpp,Server/PSSM,backend_source,scanned,True,4c2481873a9364b352b82d964802ffe911d8df4d2d6d221149b77bc8c51afcdf
Server/PSSM/p_pssm_13060/mmlgap05_mon_inq.cpp,Server/PSSM,backend_source,scanned,True,81d17a901f221b8dc38f91604ca4ace67861f08ffe5974cb696ccf588114bd02
Server/PSSM/p_pssm_13060/mmlgap06_inq.cpp,Server/PSSM,backend_source,scanned,True,fea0d7bbfde9f31857c5e052e1910b0b9af55d536a5ab0e8942fc9043c67a953
Server/PSSM/p_pssm_13060/mmlgap07_inq.cpp,Server/PSSM,backend_source,scanned,True,66d98d56f177ca98f4961f6e864b7b7a6133babf41b9fb9d4b177d2eced3d39d
Server/PSSM/p_pssm_13060/mmlgap08_inq.cpp,Server/PSSM,backend_source,scanned,True,7e0e6df98fda1dfb2f5cb5aebcde22bc3e92dc2f09cc6adba75f3c30a651c365
Server/PSSM/p_pssm_13060/mmlgap09_inq.cpp,Server/PSSM,backend_source,scanned,True,7dab957219bd747286370408e9442a9fec77deb0001b2f46af443d4b4fd8b418
Server/PSSM/p_pssm_13060/mmsmap01_inq_b.cpp,Server/PSSM,backend_source,scanned,True,0053982f3a660a22e61d57c6904f35c2bf043672817609875e11f56a245ba688
Server/PSSM/p_pssm_13060/mmsmap01_inq_c.cpp,Server/PSSM,backend_source,scanned,True,a428428a85c695300ff1109b22626fbe700584b58660ff31fa72de7f14370f6a
Server/PSSM/p_pssm_13060/mmsmap01_inq_l.cpp,Server/PSSM,backend_source,scanned,True,dc08c4a67dd85259ea8ec7ccdbb022020486c3a42037c0fe1e1821c1506dd1a2
Server/PSSM/p_pssm_13060/mmsmap01_inq_s.cpp,Server/PSSM,backend_source,scanned,True,077ce421891ff6f01ce2cff31fdfaf4b48413229347f9a39627597ef21047c09
Server/PSSM/p_pssm_13060/mmsmap02_inq_b.cpp,Server/PSSM,backend_source,scanned,True,a5b9424b7148b2771bfd34e4082dad271ce39f8cf2e29ead049ddf77d7a53e36
Server/PSSM/p_pssm_13060/mmsmap02_inq_c.cpp,Server/PSSM,backend_source,scanned,True,5f62d6efe22121c26b3cb30aaec65b604af95e3fd2aaa925d98be2a300613b3d
Server/PSSM/p_pssm_13060/mmsmap02_inq_dev.cpp,Server/PSSM,backend_source,scanned,True,ffb9f77cf8103b92763b61f78952b3d4706144e518bf46f3ed2c224559383b43
Server/PSSM/p_pssm_13060/mmsmap02_inq_l.cpp,Server/PSSM,backend_source,scanned,True,37f7099850f0e639ceb91b6a1167f3d4ac58859b5e60342479f449f5ca60dfa5
Server/PSSM/p_pssm_13060/mmsmap02_inq_proc.cpp,Server/PSSM,backend_source,scanned,True,4826ef4fb18d4de78f3ce574f053d2a565189cec36d2da3a5d6f66b8e264cf53
Server/PSSM/p_pssm_13060/mmsmap02_inq_r.cpp,Server/PSSM,backend_source,scanned,True,996c226c9f095ecefbabb5b0553385bf47cfd79ed825759f721615ce8490a03a
Server/PSSM/p_pssm_13060/mmsmap02_inq_s.cpp,Server/PSSM,backend_source,scanned,True,37434196de5e0c2afbfa9d7df7f164cc6b1327a922524f3890643cace10d7d76
Server/PSSM/p_pssm_13060/mmsmap03_inq.cpp,Server/PSSM,backend_source,scanned,True,93710c767156b2b5abb6a3a9c8a6d7c9a31763c8c4ec5d445b22d0f5bdeee42f
Server/PSSM/p_pssm_13060/mmsmap04_inq.cpp,Server/PSSM,backend_source,scanned,True,61b3d0b7ffe723f2b3c41fab4c57c0b65c7f66ee251c6e412c99b329b0022df9
Server/PSSM/p_pssm_13060/mmsmap05_inq.cpp,Server/PSSM,backend_source,scanned,True,db12ac5e0417bc13f6ea2244f58d509885a95a1e682ba8065a9c6a51f62aff68
Server/PSSM/p_pssm_13060/mmsmap05_mon_inq.cpp,Server/PSSM,backend_source,scanned,True,5e17153407df310a370638faa52f2e3c5b4ac7a10b15b114671a97620cbd9ccf
Server/PSSM/p_pssm_13060/mmsmap06_inq.cpp,Server/PSSM,backend_source,scanned,True,c4bfbf55e4d30fd58f83975673ab0fa5ab3ee5cba879a5f4de8f5d5916e8364f
Server/PSSM/p_pssm_13060/mmsmap06_kr_inq.cpp,Server/PSSM,backend_source,scanned,True,f328f3f1cdba9753b76e25a680f2c016c958c091a63f90486ca26b8c4a0f7e0e
Server/PSSM/p_pssm_13060/mmsmap07_inq.cpp,Server/PSSM,backend_source,scanned,True,0246bcfaa263fbca62de041524280f1daa9115e7c9ad8d9e4b3e0ccffd3cbf52
Server/PSSM/p_pssm_13060/mmsmap08_inq.cpp,Server/PSSM,backend_source,scanned,True,fd65278727877b8e1a3500e8f2b5c5c00cfc7019f91ff38bcd9bfee9c88cb4ac
Server/PSSM/p_pssm_13060/mmsmap09_inq.cpp,Server/PSSM,backend_source,scanned,True,e61729d678fb284495891a7038d3121403ba9a2cabc894a78e554af7cb172f62
Server/PSSM/p_pssm_13060/mmsmap10_inq.cpp,Server/PSSM,backend_source,scanned,True,8c0d6248a9f595e6b69ecd849495a3d525f2c4b89f6b9f7663714e83c9d35f8b
Server/PSSM/p_pssm_13060/pslgap01_inq.cpp,Server/PSSM,backend_source,scanned,True,e3e26b6eb1d42b943b1ab38c2646f2bcf3b9360eb17ae91d1ff340cb794f1184
Server/PSSM/p_pssm_13060/pslgap03_bof_inq.cpp,Server/PSSM,backend_source,scanned,True,e7558bc79b61e882525f26ee843a9aa1e6d9efe2c2f7a2ff3346bf19baf75aa0
Server/PSSM/p_pssm_13060/pslgap03_cc_inq.cpp,Server/PSSM,backend_source,scanned,True,bd778699707e18245cc6a0d5a971ecaf103d3f63002f06e357583a90028db109
Server/PSSM/p_pssm_13060/pssmap01_inq.cpp,Server/PSSM,backend_source,scanned,True,fe27e302e247a378c0d55c64d35bac4e6796ee1afd6dca12946d848b0b41aee6
Server/PSSM/p_pssm_13060/pssmap02_heat_inq.cpp,Server/PSSM,backend_source,scanned,True,47ea0f6274e153301f8b71f5ee02bd7cbf4b86514e6eb3e4605821a5d8a4e2fc
Server/PSSM/p_pssm_13060/pssmap02_inq.cpp,Server/PSSM,backend_source,scanned,True,8071cb66d2bda3960da6365bc9a0f05bd8de4b6dc239f08987bf1e3e78b2eb7f
Server/PSSM/p_pssm_13060/pssmap03_bof_inq.cpp,Server/PSSM,backend_source,scanned,True,7c6555973ca704a42e3d6c6d24a69f68b58593b2dde86b88bb9e609781daaf5f
Server/PSSM/p_pssm_13060/pssmap03_cc_inq.cpp,Server/PSSM,backend_source,scanned,True,90e791f11598739e397a10c470a81513e6941e37001a2bee2c35bd1d11cd1a29
Server/PSSM/p_pssm_13070/cm_e2t8r2_rcv.cpp,Server/PSSM,backend_source,scanned,True,0a62852fceaa5ff4359f98c451c419b67220d505a34c2e6f582a337d3d429412
Server/PSSM/p_pssm_13070/pssm18_add.cpp,Server/PSSM,backend_source,scanned,True,75d54c3146be25adaaa6a1008f1c5df2864d0a3c39e1e97b1ced53c8cd6f33b8
Server/PSSM/p_pssm_13070/pssm18_all_del.cpp,Server/PSSM,backend_source,scanned,True,a5a4873e9be018922f83749f17fc6c25f49fff347a19358abc4d45728164bd15
Server/PSSM/p_pssm_13070/pssm18_auto_inq.cpp,Server/PSSM,backend_source,scanned,True,2b74e21085020d619ef577afbe36a0fac951c871f1d6127e802ac3acfe04302b
Server/PSSM/p_pssm_13070/pssm18_cc_remain_upd.cpp,Server/PSSM,backend_source,scanned,True,26ac1a1bfbf79f9ec1c9bc42f18cec97a52cec3d247cb39d5bb0e63a86ba42aa
Server/PSSM/p_pssm_13070/pssm18_chg_in.cpp,Server/PSSM,backend_source,scanned,True,c2de1259e68a23058f7f972cbe2716159fe4dd265fa40629babe3241b81519a8
Server/PSSM/p_pssm_13070/pssm18_chg_in2.cpp,Server/PSSM,backend_source,scanned,True,5d3c542a7da03b3106d6683d8a11a5d4b46376ee3b708a40081a1c936872a6bb
Server/PSSM/p_pssm_13070/pssm18_chg_in_pono.cpp,Server/PSSM,backend_source,scanned,True,c5571ac8ed62644f8bb7f380b17cbee5569aa10ab6268357e4daf1a02064860b
Server/PSSM/p_pssm_13070/pssm18_chg_out.cpp,Server/PSSM,backend_source,scanned,True,fbac63f968eb68fe0a11fc7589fbbf26286c2ea5d961d281ff71a90792199c33
Server/PSSM/p_pssm_13070/pssm18_chg_out_pono.cpp,Server/PSSM,backend_source,scanned,True,90768d4768394a9602758b47071eb8f8789ee1d8dc0c513a2e7b87847ca9dad9
Server/PSSM/p_pssm_13070/pssm18_create.cpp,Server/PSSM,backend_source,scanned,True,dc3bdebe1c419ac3fef3501807897eb3e52aa129a8a329eb9874eec0cd16d19c
Server/PSSM/p_pssm_13070/pssm18_del_inq.cpp,Server/PSSM,backend_source,scanned,True,dbabe9fbd97affb1de59579092b5ce3e5959e1b8224a6f31931838af455525d7
Server/PSSM/p_pssm_13070/pssm18_eaf_add.cpp,Server/PSSM,backend_source,scanned,True,88ce33673b15cd612acb24a72d889533c8eebc3b795990668eb628b94eb6720d
Server/PSSM/p_pssm_13070/pssm18_flag_proc.cpp,Server/PSSM,backend_source,scanned,True,84d11787fabec90785bc03baf62008da2be22f119608ed26285e06b88ef96a57
Server/PSSM/p_pssm_13070/pssm18_inqa.cpp,Server/PSSM,backend_source,scanned,True,6566e1884c38ac51ab3da1ef158c1f0997929e76f7bbcaaa9a64ecd86c835c1e
Server/PSSM/p_pssm_13070/pssm18_ot_inq.cpp,Server/PSSM,backend_source,scanned,True,6821bee06a6e28d808c62910028acbcce5b213121813fc7af7749c90f5f3b4d0
Server/PSSM/p_pssm_13070/pssm18_ot_run.cpp,Server/PSSM,backend_source,scanned,True,d3ffc1c3acb8193d0f1aa6ae1c018e584c0752afac8dbb4fed5ad96c755f1aab
Server/PSSM/p_pssm_13070/pssm18_pssm10.cpp,Server/PSSM,backend_source,scanned,True,017111c817ec95221149aea2c426148e6bc551c3ca125047d4ffe2d86bcbf6c2
Server/PSSM/p_pssm_13070/pssm18_pssm12.cpp,Server/PSSM,backend_source,scanned,True,bc1af00bd3846496e68a24f66bc168f2f2176fc0fc61d50edc35b483398d4eac
Server/PSSM/p_pssm_13070/pssm18_pssm12_add.cpp,Server/PSSM,backend_source,scanned,True,f5d1c62f934b6f2fd30368705ed5006ddc3db97ce755109efafe56d81a3e0952
Server/PSSM/p_pssm_13070/pssm18_pssm19.cpp,Server/PSSM,backend_source,scanned,True,c1fa16e3239f26d2fc8de96bb615a92326d09ab73e5c2e18b19451623cd003a6
Server/PSSM/p_pssm_13070/pssm18_save.cpp,Server/PSSM,backend_source,scanned,True,489a345a53e7ce060194a8ea673acd70406418a2e9d98da4a607844c503aae8e
Server/PSSM/p_pssm_13070/pssm18_save_addupdate.cpp,Server/PSSM,backend_source,scanned,True,e2e7bcf64919c783c4d79c608f4c4c9e6b833f4213f7924acbcd853c7c4232f6
Server/PSSM/p_pssm_13070/pssm18_save_delete.cpp,Server/PSSM,backend_source,scanned,True,2ed1c886451315e3d9f084d049a36a60f7c46f44cd73c87bed4615157a121059
Server/PSSM/p_pssm_13070/pssm18_send.cpp,Server/PSSM,backend_source,scanned,True,56bdf425ce9660577f61c52ad97dd565a18e1afbe5f47d82a4f42e4b8c582bbd
Server/PSSM/p_pssm_13070/pssm18_setsubplan.cpp,Server/PSSM,backend_source,scanned,True,1a52d9150347fa62382d4229112cd5339126376eb549bd0e35817c54e9f81046
Server/PSSM/p_pssm_13070/pssm18_sk_inq.cpp,Server/PSSM,backend_source,scanned,True,5d754903903f0f8641da3e6cd1954e65b598685662b5b678a2cd0edc7e32de7e
Server/PSSM/p_pssm_13070/pssm18_sk_upd.cpp,Server/PSSM,backend_source,scanned,True,df68d4f3bd16fa6ec1dc40c682c63e81a400548cc2ad8a595e9761220041d2bc
Server/PSSM/p_pssm_13070/pssm18_ul_inq.cpp,Server/PSSM,backend_source,scanned,True,d6e86e58ebad24b964e91a969a379014aaff0b18e3c9e26f560ad3059651970b
Server/PSSM/p_pssm_13070/pssm18_ul_upd.cpp,Server/PSSM,backend_source,scanned,True,8ba9db608dad99a32bf81336a89b792ad6b88fd9927faf9afa83c97f87569543
Server/PSSM/p_pssm_13070/pssm18a_chg_in.cpp,Server/PSSM,backend_source,scanned,True,4881e964b44f15bc378d846d26cd5963768e3116e72972ca09f556bf39fa688a
Server/PSSM/p_pssm_13070/pssm18a_chg_out.cpp,Server/PSSM,backend_source,scanned,True,59e1633208191f42a1307ccd82d13fbae1c2dcc3459683604bb697b66d882e9d
Server/PSSM/p_pssm_13070/pssm18a_inq.cpp,Server/PSSM,backend_source,scanned,True,06f33564f3c63638699106ee91accfb71b6546d5f22ba92f3ae6bbb2eef17385
Server/PSSM/p_pssm_13070/pssm18a_reorder.cpp,Server/PSSM,backend_source,scanned,True,9a22707e2f7de2ccd97eb65123fd12f8902d66241655d961fc39ea1954690c87
Server/PSSM/p_pssm_13070/pssm18a_save.cpp,Server/PSSM,backend_source,scanned,True,5a985decc21355f3b118700543d0864f60e5f1b7ba6ddb1256fd39e3bf8571ff
Server/PSSM/p_pssm_13070/pssm18b_rt_inq.cpp,Server/PSSM,backend_source,scanned,True,2095ece681ea99d61d14a94af47623c75dce11ccc5bdc6e88263eb3c7bf5cc76
Server/PSSM/p_pssm_13070/pssm18b_rt_inq2.cpp,Server/PSSM,backend_source,scanned,True,da717e65bf100552ca9ff6515b899f84ef672674f9bb6d0149b775698eb75662
Server/PSSM/p_pssm_13070/pssm18b_rt_upd.cpp,Server/PSSM,backend_source,scanned,True,a1a902621e5285d4de86ec16cb28b2858835c5d7f3e254ccba22b6b16e8d4e48
Server/PSSM/p_pssm_13070/pssm18r_rt_inq.cpp,Server/PSSM,backend_source,scanned,True,9f1db56836ba3942f1a42aaa5e46c9f4d781a0fbccd8ab23b4ef2b0f7f2a56da
Server/PSSM/p_pssm_13070/pssm18r_rt_upd.cpp,Server/PSSM,backend_source,scanned,True,ebbd2f8fa56d549a4a3d0fe3d63c179488177c4c27394a1d05269378b4be3ef5
Server/PSSM/p_pssm_13070/pssm18z_inq.cpp,Server/PSSM,backend_source,scanned,True,10735134a9a6b30838d8bba9d890bda5d677f2d8a7fa003baf51dba363e12426
Server/PSSM/p_pssm_13070/pssm25_inq.cpp,Server/PSSM,backend_source,scanned,True,ec4c48a4f65458628ad72519808bccfa89609466172e8becd2be16c647484e31
Server/PSSM/p_pssm_13070/pssm28_yy_inq.cpp,Server/PSSM,backend_source,scanned,True,4dc7a7945447ff2dd48cd343d431ba50703d02a188c45e2e88224b963b876067
Server/PSSM/p_pssm_13070/pssm41_inq.cpp,Server/PSSM,backend_source,scanned,True,a87ca71b8bbdddf06b81dfa3bbc199c16b41ddeab18e76b26de550eabdf510d1
Server/PSSM/p_pssm_13090/pssm11_add.cpp,Server/PSSM,backend_source,scanned,True,336c67a484eabfc2a65dcc749374331cf6490792a6c639a76cf9b16400d0be40
Server/PSSM/p_pssm_13090/pssm11_cast_tm.cpp,Server/PSSM,backend_source,scanned,True,a70863b30d5addd8afddbbd7f5967ac0624a1faae387b88781454e60786de2bc
Server/PSSM/p_pssm_13090/pssm11_cast_upd.cpp,Server/PSSM,backend_source,scanned,True,ad0769392a507e713e34b3ab71d654fb27fa7fa33d09ef8eb6ef851b0cc80151
Server/PSSM/p_pssm_13090/pssm11_cctime.cpp,Server/PSSM,backend_source,scanned,True,06e2e821bb874d13826ec8e0281d920ca41de35fdf213a2d1791c9a765266af0
Server/PSSM/p_pssm_13090/pssm11_del.cpp,Server/PSSM,backend_source,scanned,True,a488f8b4d5fcb32fde2d527af876a0938137630a6e61a26819f5e7483479cf7b
Server/PSSM/p_pssm_13090/pssm11_dev_inq.cpp,Server/PSSM,backend_source,scanned,True,30214ae9b15653e89e0bdae7e4af0d739ba7db613c89871a0ec8915e683afe0f
Server/PSSM/p_pssm_13090/pssm11_devno.cpp,Server/PSSM,backend_source,scanned,True,fe0483371563ba956e44d1d82628e35e884540623cc1eb0c251a2f6530064e9b
Server/PSSM/p_pssm_13090/pssm11_init.cpp,Server/PSSM,backend_source,scanned,True,c5d4087739202e38b28192629acfd28d68665a22f41ea12ecf9d5d0f8504c63b
Server/PSSM/p_pssm_13090/pssm11_inq.cpp,Server/PSSM,backend_source,scanned,True,c26903a4a25841f0080a3f196c4f3a2a236c87f7ebb56d52a28fd17e700aab8c
Server/PSSM/p_pssm_13090/pssm11_inq_cast.cpp,Server/PSSM,backend_source,scanned,True,23614d59931e316b60c1f24f142862694bfced1136bba89f78f95cae224e9501
Server/PSSM/p_pssm_13090/pssm11_mach.cpp,Server/PSSM,backend_source,scanned,True,0815e8d387af926420f734cae60e42a73ad6ed753ce3058f25caf666dbf87674
Server/PSSM/p_pssm_13090/pssm11_plan.cpp,Server/PSSM,backend_source,scanned,True,745c7086fb86c34b1736f08cb2ebe6f563924450969eef92d90391080458c9fd
Server/PSSM/p_pssm_13090/pssm11_proc.cpp,Server/PSSM,backend_source,scanned,True,07f5340b557a0b8a5e51a71f07933686d63ef53aeafa66509b1795ce4be4afe7
Server/PSSM/p_pssm_13090/pssm11_respond.cpp,Server/PSSM,backend_source,scanned,True,3a09da7c9434a875bc8b0c481ffcd2b79e1609f579fd3c137d64fbb42514f362
Server/PSSM/p_pssm_13090/pssm11_seq_inq.cpp,Server/PSSM,backend_source,scanned,True,90cc2c9834f436f1e67de5fdedfe8b03d4f66947b5a2d3e77b2ad3b8def91402
Server/PSSM/p_pssm_13090/pssm11_seq_upd.cpp,Server/PSSM,backend_source,scanned,True,aa968444a903be77ea51e83f7589aa3c806a9275238d50ed1585f9875b45cb35
Server/PSSM/p_pssm_13090/pssm11_snd.cpp,Server/PSSM,backend_source,scanned,True,eb6a956c94c72cc07125c3730ffa0258080c58bf08a63d63bdc1fce8447b2ed9
Server/PSSM/p_pssm_13090/pssm11_time_inq.cpp,Server/PSSM,backend_source,scanned,True,78ec3f74bb0e78db39e981f2626dcd960caaf72cc3caf2e95cb2afd254262a87
Server/PSSM/p_pssm_13090/pssm11_time_upd.cpp,Server/PSSM,backend_source,scanned,True,f8e6a865b4c90e8f753307c298f33644a4f8f3051e781b5d084590ed9d2808b7
Server/PSSM/p_pssm_13090/pssm11a_plan_inq.cpp,Server/PSSM,backend_source,scanned,True,86c11065fe27421900f0b6a24b21455c613383c41d44ed8d5430f61e8c20a20c
Server/PSSM/p_pssm_13090/pssm11add_init.cpp,Server/PSSM,backend_source,scanned,True,675b1c502a5fc98078f85604ca23313b59605b2880bce9226b6226c23357e49f
Server/PSSM/p_pssm_13090/pssm11add_inq.cpp,Server/PSSM,backend_source,scanned,True,ccde4b0d85386e2670f0cbe15d410e5ef7ea5064745dad34daf1962972347cba
Server/PSSM/p_pssm_13090/pssm11add_inq2.cpp,Server/PSSM,backend_source,scanned,True,1a3c24d1f6b31c78f14382a32b85ae8af2635f1f402a10bb9c699b778f27affd
Server/PSSM/p_pssm_13090/pssm11c_del.cpp,Server/PSSM,backend_source,scanned,True,2f1892200ee76f01d3acc2dd3b52e475c5bcef630f92e4a6f604a6369794ba9e
Server/PSSM/p_pssm_13090/pssm11c_inq.cpp,Server/PSSM,backend_source,scanned,True,09d24159054878d04e204be3ccb89f4be4a4e7d555ff263ac7cefc7e5f966ae9
Server/PSSM/p_pssm_13090/pssm11c_ins.cpp,Server/PSSM,backend_source,scanned,True,8ba66f8ca8f40889e782496d45817525f4664d968b5df9798a3d4a4fb871598e
Server/PSSM/p_pssm_13090/pssm11c_upd.cpp,Server/PSSM,backend_source,scanned,True,c7d7d54f351dd5ffc5b01b26a9bcccdc258f67d848a349a1a49e19e7d0cf6140
Server/PSSM/p_pssm_13090/pssm11cctime_inq.cpp,Server/PSSM,backend_source,scanned,True,ba69dd517e633fe17bb71a52bb34664c2bb7bd5f1445dd9c3937c7916e2662a9
Server/PSSM/p_pssm_13090/pssm11cctime_upd.cpp,Server/PSSM,backend_source,scanned,True,4853ac517bdb582abe2bd22cb82607b634dbb489751ac39dd8d691ceabe72b6b
Server/PSSM/p_pssm_13090/pssm11proc_inq.cpp,Server/PSSM,backend_source,scanned,True,39b35b96466f3f8998224240110ff82b867cf6643f4556c7e7b83dd0992c3108
Server/PSSM/p_pssm_13090/pssm11proc_upd.cpp,Server/PSSM,backend_source,scanned,True,37fad605875a09e5e4cc668c6458182937fdb1ab04cdc6c91510905ddc23905e
Server/PSSM/p_pssm_13090/pssm11retdlg_inq.cpp,Server/PSSM,backend_source,scanned,True,9dab7dc99d03746de017a03cbcba35b1706c3025308608d15025576100481327
Server/PSSM/p_pssm_13090/pssm11signal_inq.cpp,Server/PSSM,backend_source,scanned,True,41130ec87bb768488504cbe0a94dac0c756458741a2ed989bf5e27573ce762ff
Server/PSSM/p_pssm_13090/pssm11stchg_inq.cpp,Server/PSSM,backend_source,scanned,True,96a1bb842f0257d019977707c3f53d937c34781574ff69055d59601de22ffad6
Server/PSSM/p_pssm_13090/pssm11stchg_stno_inq.cpp,Server/PSSM,backend_source,scanned,True,07539bbb53657dd3c486f90e5a3340b4103a93356d25e0e8285e78f086185de6
Server/PSSM/p_pssm_13090/pssm11stdlg_inq.cpp,Server/PSSM,backend_source,scanned,True,26a876f6253439c0f6e34f6fdf45dba9537bcd607da5caa441b4a96169c77c93
Server/PSSM/p_pssm_13090/pssm11t_inq.cpp,Server/PSSM,backend_source,scanned,True,9846cecf6adbc6d20fa391e65d95aa92e80d783913e9a618805e5ea60ca5a669
Server/PSSM/p_pssm_13090/pssm11u_inq.cpp,Server/PSSM,backend_source,scanned,True,3a3c732d230c58d988f77b677e88c0b392ed0e57a72e0770f7943d8cc034ba17
Server/PSSM/p_pssm_13090/pssm12_init.cpp,Server/PSSM,backend_source,scanned,True,68408947845cdb6febf58d34013d0a8804776f2ff3bdc02147bd08f3965012e5
Server/PSSM/p_pssm_13090/pssm12_inq.cpp,Server/PSSM,backend_source,scanned,True,695f1cbbf49e4a5c26e42bef02926d52f22e6a001ff5122c21704d71c958ad0d
Server/PSSM/p_pssm_13090/pssm12_upd.cpp,Server/PSSM,backend_source,scanned,True,bf8f4cb4b9fdf2be0c1caf5f8444dca00dddae942467fe9397ebffef5de5fb5a
Server/PSSM/p_pssm_13090/pssm12a_cctime.cpp,Server/PSSM,backend_source,scanned,True,a8d63367b2466636e237fac8cd67562e982d4609010eab378ce9835bcd2e26ca
Server/PSSM/p_pssm_13090/pssm12a_inq.cpp,Server/PSSM,backend_source,scanned,True,174cedbd5ff0f69e10be0972ec20b278e605fb00669f7810fcaded50682388a1
Server/PSSM/p_pssm_13090/pssm12a_upd.cpp,Server/PSSM,backend_source,scanned,True,b05809a9963cb14c3e326be840c832931f8a50c035a906df96061889910ac96d
Server/PSSM/p_pssm_13090/pssm12v_inq.cpp,Server/PSSM,backend_source,scanned,True,da8e67d6da433bc22f0e5aaa244d209750e039832ced1c50e8e9c38ac9105991
Server/PSSM/p_pssm_13090/pssm13_inq.cpp,Server/PSSM,backend_source,scanned,True,722325a3777dcbf7296e34e36d7413a72eebbd328166fe9c5919c11fc03fa0b4
Server/PSSM/p_pssm_13090/pssm18_inq.cpp,Server/PSSM,backend_source,scanned,True,60a829371b0e091c553875dd49a2a6921b85440dff46acae23fb475a42dbca67
Server/PSSM/p_pssm_13090/pssm28_catch.cpp,Server/PSSM,backend_source,scanned,True,1c98493a3a17fb22f20083b753455404c1d4610ac90be907241a64540f3e581d
Server/PSSM/p_pssm_13090/pssm38_del.cpp,Server/PSSM,backend_source,scanned,True,8cb81a9cb59a67aedd0503bca149308cd86636f7e9d902d1ce35f9fc7450a880
Server/PSSM/p_pssm_13090/pssm38_inq.cpp,Server/PSSM,backend_source,scanned,True,b5514509380e4719b87f4aed6dee1e617d124b80e53b78ee9c43262e0cc7b9f5
Server/PSSM/p_pssm_13090/pssm38_ins.cpp,Server/PSSM,backend_source,scanned,True,84cbbaeb9b908a8a0455bc714efc97a0e9456b362875cb29237da6763aed619e
Server/PSSM/p_pssm_13090/pssm38_snd.cpp,Server/PSSM,backend_source,scanned,True,6a01521f1de7f79a84cd70535892ef4e8049890b8bf44d4d0704109ad40ed377
Server/PSSM/p_pssm_13090/pssm38_upt.cpp,Server/PSSM,backend_source,scanned,True,678323b64f635b72701c694129051e57d6590d06caf70cda6f5d1410f5b321a5
Server/PSSM/p_pssm_13110/ps00_form_get.cpp,Server/PSSM,backend_source,scanned,True,601e6add6bb24eaeba586d4069c96751eeddfe8b72ecfda3b36d6df3f84096a0
Server/PSSM/p_pssm_13110/ps00_inq.cpp,Server/PSSM,backend_source,scanned,True,a9dea3136a7f4726ebe082f69dc84b031928b9da902c278693d65e670bf946c5
Server/PSSM/p_pssm_13110/ps00_save.cpp,Server/PSSM,backend_source,scanned,True,6afe61112c4c5e02bf85446f1c903377aeba8ca23f52eed174b7bac842880fc5
Server/PSSM/p_pssm_13110/pssm03_order_inq.cpp,Server/PSSM,backend_source,scanned,True,07b20f49e636e63876a01618069471c19181f04c84fb700fc7f691a8bae2b794
Server/PSSM/p_pssm_13110/pssm20_inq.cpp,Server/PSSM,backend_source,scanned,True,9d456025030f208fa10e9d44b0128165cc1b440e192072e750953d6f8d9dd927
Server/PSSM/p_pssm_13110/pssm20t_inq.cpp,Server/PSSM,backend_source,scanned,True,8702a226c272a28af900b899952a2c46c22537dcff2eaca70245ea11a5d9ea49
Server/PSSM/p_pssm_13110/pssm33_elm.cpp,Server/PSSM,backend_source,scanned,True,5bae27973320125f1c2e82416298933ee818e17c169c14061ec3f1a394d3471a
Server/PSSM/p_pssm_13110/pssm33_sts.cpp,Server/PSSM,backend_source,scanned,True,9971ac7e5906112718eb22f7b06934023b7cbd043769ab8bf075713e9db69b5d
Server/PSSM/p_pssm_13110/pssm33_tip.cpp,Server/PSSM,backend_source,scanned,True,2d954f7b51dcc60a9e89096ebdeb41e067f8c46532db3e2596a1ba38fa968d94
Server/PSSM/p_pssm_13110/pssm82_inq.cpp,Server/PSSM,backend_source,scanned,True,8af9fd80b21e94a5e5f7e22a1cd0250b52d711dfd1577253d5b91ea16ed04816
Server/PSSM/p_pssm_13110/pssm82_snd.cpp,Server/PSSM,backend_source,scanned,True,943ee4412e18da3542ad54af34996ba3100403cb4740b70ca56e3bcc48594fd1
Server/PSSM/p_pssm_13110/pssm_form_get.cpp,Server/PSSM,backend_source,scanned,True,f6fb17b74acce078e0d957ef22eaf5290fe4b3799cd0e5ae1007abccaed7b3dc
Server/PSSM/p_pssm_13110/pssmd1_inq.cpp,Server/PSSM,backend_source,scanned,True,c1f0a4b743863d3b486084a385be809af02a6093c4ccf5aae89b7ce448c57f9c
Server/PSSM/p_pssm_13110/pssmd1_inq2.cpp,Server/PSSM,backend_source,scanned,True,78c4058d00ab756c0fa50c566ba35ec565c39722080c8baad42bd7d1fe76c4b5
Server/PSSM/p_pssm_13110/pssmd1_inq_cc.cpp,Server/PSSM,backend_source,scanned,True,2437bf19da033a123312c937084fe0fc159c05b4f37243c20a5872fb3cdc69d9
Server/PSSM/p_pssm_13110/pssmd1_pro.cpp,Server/PSSM,backend_source,scanned,True,9968ef1f4bc228c428fdf6a4b4661cf5407f6a788eed1ebc17cbe8dd495ae714
Server/PSSM/p_pssm_13110/pssmd1_save.cpp,Server/PSSM,backend_source,scanned,True,9ab47835bd2d0fe9cd9a0032f13f30ff03eda3847991154dadf8f4e4360eee9a
Server/PSSM/p_pssm_13110/pssmd3x_upd.cpp,Server/PSSM,backend_source,scanned,True,c732a3be854d3b7752eaa577c5cfcb5abaaf8320d84b767edb3ebcac6456a9e2
Server/PSSM/p_pssm_13110/pssmd6_inq.cpp,Server/PSSM,backend_source,scanned,True,29d47c52d6778fc8621c9a4058c5dc93dfaf1e6cea93d858b7518766a79f7a2b
Server/PSSM/p_pssm_13110/pssmd6_upd.cpp,Server/PSSM,backend_source,scanned,True,7c17766341a449fb81e05a6dc2380f8a80f2f93fdb852e20423f17f28c429f41
Server/PSSM/p_pssm_13110/pssmd6x_upd.cpp,Server/PSSM,backend_source,scanned,True,097e29005be24dbd2d98e9021ca0c96e93d94d29a9242b53b763ff9ea7a28e7a
Server/PSSM/p_pssm_13110/pssmsida_ins.cpp,Server/PSSM,backend_source,scanned,True,497b52b40db3458b1a407b3346b724ff8736224b65bbe78ac583090cff85504b
Server/PSSM/p_pssm_13110/pssmsif_del.cpp,Server/PSSM,backend_source,scanned,True,d64ead1e185461d340266d03980c02d152813204d2281f8e3f79e26ada610cc3
Server/PSSM/p_pssm_13110/pssmsif_inq.cpp,Server/PSSM,backend_source,scanned,True,2dcecec5297d244833e7a2ce5b30f4dfea937371110cd6160d1b0ac5424201dc
Server/PSSM/p_pssm_13110/pssmsif_ins.cpp,Server/PSSM,backend_source,scanned,True,66cd53d952a92dd4b7b6b61750d9d4af6a236558b5ffca2e9b07434757109256
Server/PSSM/p_pssm_13110/pssmsif_pro.cpp,Server/PSSM,backend_source,scanned,True,84aecf5d5a8ebc180c5e3d1ebba4edee9210058609cbf79b74b794db7ea4a849
Server/PSSM/p_pssm_13110/pssmsif_upd.cpp,Server/PSSM,backend_source,scanned,True,96d526db1c5f28995c5cc5ae19cf76220fcf8883d353bf8a0c8593505bb6c20f
Server/PSSM/p_pssm_13110/pssmzlf2_inq.cpp,Server/PSSM,backend_source,scanned,True,c9ddeba7563ede2ba25db2f707c2913ff800f036483e30498a2765958c657437
Server/PSSM/p_pssm_13110/pssmzlf3_pro.cpp,Server/PSSM,backend_source,scanned,True,1c7f4643f7e2303f1045e3012f5e27cec2b9abd2224ea73fc6bc8e748d50d1bf
Server/PSSM/p_pssm_13120/test0520_inq.cpp,Server/PSSM,backend_source,scanned,True,64b3c9564efb550a4a73e6cc296598cfab68b62f64a9d7c2bb137c0170849656
Server/PSSM/p_pssm_13130/pssm17_copy.cpp,Server/PSSM,backend_source,scanned,True,59607eabb974da8c0412c738fb16c1f7471c71246b572833433f5b258967d9bf
Server/PSSM/p_pssm_13130/pssm17_inq.cpp,Server/PSSM,backend_source,scanned,True,71b9340e5b0d9bddd70280822cfb4baa611cbf99c621bdeeadc75bffa45275b4
Server/PSSM/p_pssm_13130/pssm17_save.cpp,Server/PSSM,backend_source,scanned,True,edb6c32e4c07f123e93d7ec64b6d66540bde7f1709799f5490acadafd2a54f38
Server/PSSM/p_pssm_13130/pssm17_save_addupdate.cpp,Server/PSSM,backend_source,scanned,True,586382afba5b7c033ea6ce4a37f677c609efc643e5df6cf347e7507d2d4c901a
Server/PSSM/p_pssm_13130/pssmf1_inq.cpp,Server/PSSM,backend_source,scanned,True,13a02488b795c9de4bb299a93e76efe6d191f63e8b7eecdacba9b928e37076e0
Server/PSSM/p_pssm_13140/pssm18_create.cpp,Server/PSSM,backend_source,scanned,True,dc3bdebe1c419ac3fef3501807897eb3e52aa129a8a329eb9874eec0cd16d19c
Server/PSSM/p_pssm_13150/pssm17_create.cpp,Server/PSSM,backend_source,scanned,True,db93317f22b2de57be2c0c5700e1ba4cee30864b3ccfc098186dbe1e8d614227
Server/PSSM/p_pssm_13160/pssm18_auto_inq.cpp,Server/PSSM,backend_source,scanned,True,c50a742f0f58b86385e894867de66bb6e8d6449f36fd4339588b54d85dd092be
Server/PSSM/p_pssm_13170/pssm18_inq.cpp,Server/PSSM,backend_source,scanned,True,e99fc4b42ed3c936c8c9a4708f571b49a0d1e4cabd85862020709c8a6b75350d
Server/PSSM/p_pssm_13170/pssm18_inq_pono.cpp,Server/PSSM,backend_source,scanned,True,1b4aaa00e5931765ae5f3cfca5d4a499951eba8d87f83eaa7ea9bb925e61bda2
Server/PSSM/p_pssm_13170/pssm18_inq_slab.cpp,Server/PSSM,backend_source,scanned,True,9ad95ac230223b033e60df7bc54f54e26ab32f487e79b93afb4270e246a1fa41
Server/PSSM/p_pssm_13170/pssm19_inq.cpp,Server/PSSM,backend_source,scanned,True,17577955a57ef4660d4af78db7b201bddeb520daae21e131d7aa0f433960f123
Server/PSSM/p_pssm_13180/pssm33_jst_cf_inq.cpp,Server/PSSM,backend_source,scanned,True,50fd3c44b185fb7c8901840d56062cc92ebad433fec179d3816851da7ea3e8e7
Server/PSSM/p_pssm_13180/pssm33_jst_inq.cpp,Server/PSSM,backend_source,scanned,True,10e3615046073cf2fa3cd9c881af039486b8529b0224734066d8b4dd01afb455
Server/PSSM/p_pssm_13190/pssm12z_inq.cpp,Server/PSSM,backend_source,scanned,True,d81499b6c8432d24066390d76168c47d950309cfec36c8d84f98b57c6300d0e0
Server/PSSM/p_pssm_13190/pssm12z_save.cpp,Server/PSSM,backend_source,scanned,True,31cfd8ca3e0f5b4aa7cac8a3e66e5df3dd95a619e0436c6f81756accdb099d20
Server/PSSM/p_pssm_13190/pssm12z_save2.cpp,Server/PSSM,backend_source,scanned,True,7161210490f968aef3d746bbc2c2f54723e2871641ec3f5aa98e677778741b19
Server/PSSM/p_pssm_13190/pssm12z_setaod.cpp,Server/PSSM,backend_source,scanned,True,e9c587328a579946c41100fc6d3c36b6578aa8a13d15079c237b713d5b5baf63
Server/PSSM/p_pssm_13190/pssm12z_setaod_plan.cpp,Server/PSSM,backend_source,scanned,True,bbb41ce1485a0e8b5ffc61b3669717d1ff3e660291c1e290146a523032914982
Server/PSSM/p_pssm_13190/pssm12z_setgroup.cpp,Server/PSSM,backend_source,scanned,True,5ec339c4bc4e2eaa2ff6870b5f0cbc08ad784d054e1c6120a4fc540fde4946f2
Server/PSSM/p_pssm_13190/pssm12z_settime.cpp,Server/PSSM,backend_source,scanned,True,9c770135a2bcdce389aa4d005f9d55a3ef032a8ce7c93c3c5c8dd1ff64ba58ea
Server/PSSM/p_pssm_13190/pssm12zpl_upd.cpp,Server/PSSM,backend_source,scanned,True,7b5d60ade9122286c45b0bd74f5b06a63449c339fcabcd52e4c03b3f9f841eae
Server/PSSM/p_pssm_13190/pssm18z_inq.cpp,Server/PSSM,backend_source,scanned,True,f277bd5438aa7973fb3ffe8bdd46f9f4533e3590265cf3a0cc486042538f42e2
Server/PSSM/p_pssm_13210/pssmt1_inq.cpp,Server/PSSM,backend_source,scanned,True,2e685f24db61e3dcfee609076352a646f0f170be4998c9195138d6856e054513
Server/PSSM/p_pssm_13210/pssmt2_inq.cpp,Server/PSSM,backend_source,scanned,True,1d1bf349a2a31a0be1e36c41dd4f08c5e7f836acaaa961737e4720e2f8979d6c
Server/PSSM/p_pssm_13210/pssmt3_inq.cpp,Server/PSSM,backend_source,scanned,True,d1d0178eefdc9c1c8fff0a420dae7d1d24a1104aa561aa1618247a91ab40ea0d
Server/PSSM/p_pssm_13210/pssmt4_inq.cpp,Server/PSSM,backend_source,scanned,True,8bdf9ab1af095fdaca2aaae68d7cff095104b62af8c231803f2c9a98b6526f5c
Server/PSSM/p_pssm_13210/pssmt_all_inq.cpp,Server/PSSM,backend_source,scanned,True,98743728603bcc01081734b808dc0df0ccceda415fb84177dbce77dea9407292
Server/PSSM/p_pssm_13210/pssmt_bof_inq.cpp,Server/PSSM,backend_source,scanned,True,99127b994c54b9a995dc8ab87171f6d2e558965189a229cb6fec126fe571e797
Server/PSSM/p_pssm_13210/pssmt_cc_inq.cpp,Server/PSSM,backend_source,scanned,True,c4f734f934f8a52957a697816c65706275559cfe5074ef61ad2508d4078a3bb2
Server/PSSM/p_pssm_13210/pssmt_eval_inq.cpp,Server/PSSM,backend_source,scanned,True,81b0c66c126fc83ff1378da36f6969a7db68bb3dbed0a0a173ca8d232775db48
Server/PSSM/p_pssm_13210/pssmt_jx_inq.cpp,Server/PSSM,backend_source,scanned,True,50853481f0aa9a6b9c87a9a4a6175c7f22a89bf387ef1181a046064ff23f5d2f
Server/PSSM/p_pssm_13210/pssmt_lf_inq.cpp,Server/PSSM,backend_source,scanned,True,39a44a40f2b93bf22f21c70719f038163f72d5acd3608741e6ff7627a4bc9eee
Server/PSSM/p_pssm_13210/pssmt_rh_inq.cpp,Server/PSSM,backend_source,scanned,True,ef2a9e785dfdba20a88fd92ced686fb605b21bef64b697d99a68f9197ebfe7c1
Server/PSSM/p_pssm_13250/pssmerrf2_inq.cpp,Server/PSSM,backend_source,scanned,True,e89cc99770d609bdb5475ff5266fe2d36d7ce2c46cb4d3f6d3d20bf496b6b7f7
Server/PSSM/p_pssm_13250/pssmt_bof_zd.cpp,Server/PSSM,backend_source,scanned,True,91f1f780ae947fa812be1b532fb1a910cc6e064939e76ed2f629c6117eb9813c
Server/PSSM/p_pssm_13250/pssmt_cc_zd.cpp,Server/PSSM,backend_source,scanned,True,13a7fff7ad87cc5876dd5a9c9c5bed54df6511f63a3c62632c8121e73f5ea637
Server/PSSM/p_pssm_13250/pssmt_lf_zd.cpp,Server/PSSM,backend_source,scanned,True,aa24b770cc1e22b9308ccb86e8def0b9d1a28430b8b0f85a21aff285fee28aea
Server/PSSM/p_pssm_13250/pssmt_rh_zd.cpp,Server/PSSM,backend_source,scanned,True,85b81fed8366ab13a05d4ec25dd92ae1f0f1b59d7eb73d34f2017c9c96be9fde
Server/PSSM/p_pssm_13250/pssmt_run_zd.cpp,Server/PSSM,backend_source,scanned,True,2302d20018059f17fc3abe4fec0e873ef7d03b1bda47a52c5deeb1732c823c1f
Server/PSSM/p_pssm_13250/pssmt_zd_ins.cpp,Server/PSSM,backend_source,scanned,True,5dfe22434367ce6479382b37e490f74b9f25dbc740df5f8eb100d5b403046de1
Server/PSSM/p_pssm_13250/pssmt_zs_inq.cpp,Server/PSSM,backend_source,scanned,True,74765ba36196263da4fa960275ab380c09dbea86157f7cea5cd9f8ff8e433ae3
Server/PSSM/p_pssm_13250/pssmt_zs_ins.cpp,Server/PSSM,backend_source,scanned,True,188deedd66e71c84f2f308176bf769fb76eb2b037cbcea8159799c05f0010704
Server/PSSM/p_pssm_13250/pssmxh35_cancel.cpp,Server/PSSM,backend_source,scanned,True,348be4a3a52e7eafddb458a8c8945b02c0f444bc35c49148f362bd98a8ff342b
Server/PSSM/p_pssm_13250/pssmxh35_del.cpp,Server/PSSM,backend_source,scanned,True,6bed754b1fd05443637697df26ddb4627089c04355ff7fbfa8f28a2b402ce367
Server/PSSM/p_pssm_13250/pssmxh35_ins.cpp,Server/PSSM,backend_source,scanned,True,698ab3588419e1cd498ef28d78701ebf2880042eaf0ece69a0c400c4767c50c4
Server/PSSM/p_pssm_13250/pssmxh35_upd.cpp,Server/PSSM,backend_source,scanned,True,e75f622231c95db19ef3ce2468c172869374312b6ca834cca6df9cf4904394c7
Server/PSSM/p_pssm_13270/pssmt_ard_inq.cpp,Server/PSSM,backend_source,scanned,True,a731aea36a174a9851f6973f99b00f5fe9f8565772e69fbcb720aa56b289196e
Server/PSSM/p_pssm_13270/pssmt_arg_inq.cpp,Server/PSSM,backend_source,scanned,True,db29cabdbdf6821ecf23bb5e458a61d2db9226333e81cf2c53c6f4a404a73f37
Server/PSSM/p_pssm_13270/pssmt_ars_inq.cpp,Server/PSSM,backend_source,scanned,True,9da1945f587883888468f70317e7e3bf665e6790332b5f967416ec7d999e536b
Server/PSSM/p_pssm_13270/pssmt_cc_speed.cpp,Server/PSSM,backend_source,scanned,True,dd69361bba15a9e5ca50aeaffe57180535205546dbedd213c9664a5b7ef2488e
Server/PSSM/p_pssm_13270/pssmt_ccd_inq.cpp,Server/PSSM,backend_source,scanned,True,b0833de368f9e9a9898c7c256b1003ed1e7dced6195081216cc54f1500d8644b
Server/PSSM/p_pssm_13270/pssmt_ccg_inq.cpp,Server/PSSM,backend_source,scanned,True,5f343a866bf0246a75098c55a1ba6f8c18705301c5db65b12738ef5868fac0f0
Server/PSSM/p_pssm_13270/pssmt_iron_swing.cpp,Server/PSSM,backend_source,scanned,True,0b4f19e330f4179e0747cd3ba39c84e1e728901a867c9d4083cfc36ba01a7c2e
Server/PSSM/p_pssm_13270/pssmt_iron_wt.cpp,Server/PSSM,backend_source,scanned,True,0a44962f9e5b5b8f77d824cc0709f51567e5a899de03b0356a43feaa6d42cf06
Server/PSSM/p_pssm_13270/pssmt_ladle_inq.cpp,Server/PSSM,backend_source,scanned,True,761aab5caea9d19914a2db38d4a794f96d94b5f05bacecd64444d3b6bdc33d93
Server/PSSM/p_pssm_13270/pssmt_ladle_swing.cpp,Server/PSSM,backend_source,scanned,True,0ebe721933f50780f75adca208bc37ef0132b9b22c7bfcf2d33a07ba88d96fd8
Server/PSSM/p_pssm_13270/pssmt_ladle_wt.cpp,Server/PSSM,backend_source,scanned,True,bb53009bc46526a50c4db3c14bd975d2f5019a7629a3b9f5b481349010ee0a26
Server/PSSM/p_pssm_13270/pssmt_lf_fh.cpp,Server/PSSM,backend_source,scanned,True,d32aef821c530c308d122b49013824ea8a15d6de0ace481be1951aecb9a5ffc2
Server/PSSM/p_pssm_13270/pssmt_lfd_inq.cpp,Server/PSSM,backend_source,scanned,True,853c4579362af7a470f314ac5ab6cfd00471d9dff012a0d178c65d1ed03269a6
Server/PSSM/p_pssm_13270/pssmt_lfg_inq.cpp,Server/PSSM,backend_source,scanned,True,b5832136baa11d855f21c5daccfec68b3189eaa325a8c0d10b0aea3f5935ade7
Server/PSSM/p_pssm_13270/pssmt_lfs_inq.cpp,Server/PSSM,backend_source,scanned,True,0e601edc813cc915e3e606b62324b6d0b111637c08be2f51840dde976fc16a1d
Server/PSSM/p_pssm_13270/pssmt_pd_inq.cpp,Server/PSSM,backend_source,scanned,True,c5616d483769f1a601703905091ebe30f884639ad95b6f67224ebe23c57ebe4d
Server/PSSM/p_pssm_13270/pssmt_pg_inq.cpp,Server/PSSM,backend_source,scanned,True,602bfbad66f7b4b63a55870f26545f67ab0b4d14c83c91cad525f2f71e0477f4
Server/PSSM/p_pssm_13270/pssmt_pr_inq.cpp,Server/PSSM,backend_source,scanned,True,d98c1a37dc2ebc645cca0cb5e92e60d908e058529e0092d28dc488ca7a4c1b13
Server/PSSM/p_pssm_13270/pssmt_qcd_inq.cpp,Server/PSSM,backend_source,scanned,True,e80d2342861bdcc80b500d2420432be9f426ac92d6c738a4971186301ad770f6
Server/PSSM/p_pssm_13270/pssmt_qcg_inq.cpp,Server/PSSM,backend_source,scanned,True,be98e7b70688cb7252c09f6cc84f5a57d44dfbbcef7fcf206fffe69c1e5f6692
Server/PSSM/p_pssm_13270/pssmt_rhd_inq.cpp,Server/PSSM,backend_source,scanned,True,1ff7ac3d6e5c6acffb32127665ff1ebc5b186f2f63464c3e3aafc312b42ed5a1
Server/PSSM/p_pssm_13270/pssmt_rhg_inq.cpp,Server/PSSM,backend_source,scanned,True,7ecd6768e1dcedbf7412ff8cb149301901c498cfcfb87a7d42f88cdf6c30b302
Server/PSSM/p_pssm_13270/pssmt_rhs_inq.cpp,Server/PSSM,backend_source,scanned,True,03a5a26ea4e29a2cb8bbd03abcab5cf5d84cdd87bc7c8df9003c567701867b67
Server/PSSM/p_pssm_13290/pssmdd_inq.cpp,Server/PSSM,backend_source,scanned,True,7f872b0edb604bf1203d63812e7aa82d0afd51dfbd7ca027fd8d49edd8f34fef
Server/PSSM/p_pssm_13290/pssmdd_save.cpp,Server/PSSM,backend_source,scanned,True,1473e64393d3d057f52cd9897f5d5e95dae7bcc636736344f64a1c293faa7b6d
Server/PSSM/p_pssm_13290/pssmde_inq.cpp,Server/PSSM,backend_source,scanned,True,2a3e699ebb17e17f95df5a19ba9eadf8a1b84744a691273dd7cbc21068487940
Server/PSSM/p_pssm_13290/pssmde_save.cpp,Server/PSSM,backend_source,scanned,True,28f443d7c6b279471f3c840f8692340f91bf7c5ce1686383412a84953d79c4e7
Server/PSSM/p_pssm_13290/pssmdk_inq.cpp,Server/PSSM,backend_source,scanned,True,83bc350874d0ce73a05dbd1675951356a3c9a3ea6c3082e912ca15c2f6a481f4
Server/PSSM/p_pssm_13290/pssmdk_save.cpp,Server/PSSM,backend_source,scanned,True,c07a6329baeeb8e17e9e7fe8a99ec490a2b83f639023ca594e0b51fcc0244253
Server/PSSM/p_pssm_13290/pssmquery_inq.cpp,Server/PSSM,backend_source,scanned,True,a4f0f9802a62822db83429f20ddcc8dbc9cbfd6a1670bd7e5e3f02affa9cbb92
Server/PSSM/p_pssm_13290/pssmt_iron_inq.cpp,Server/PSSM,backend_source,scanned,True,f248fbca36169e3acbe3a0f884d3cd254a4a3c21326e9f012ce57cebcf02be7c
Server/PSSM/p_pssm_13290/pssmt_pac_inq.cpp,Server/PSSM,backend_source,scanned,True,0055d2fac7b33e0c69551665ed7485d3e65795a2965f0c7a0e761212db7a014c
Server/PSSM/p_pssm_13290/pssmt_steel_inq.cpp,Server/PSSM,backend_source,scanned,True,a0f0ea0edfa9bea10e2ce188b5f52d2b5ad212c8a9a15aa42e57aaf77b3f7648
Server/PSSM/p_pssm_5000/pssm10aaf3_ins.cpp,Server/PSSM,backend_source,scanned,True,6d6cfd30f848887be39af9249d1162389d0c83f117053cba5593c13229f2ae7f
Server/PSSM/计划BUG.txt,Server/PSSM,document_or_log,scanned,False,3ca5aa3c3d11bb1616fe6cf2897b9839cfde6401e5942f40023e93fb000dbc5f
Server/QM00/.env.production,Server/QM00,environment_config_values_not_exported,scanned,True,494a06d4f5d8b03ab2902df8814ce226d0d0e6c31ce25d93ceb79a90eabe8278
Server/QM00/.gitignore,Server/QM00,backend_source,scanned,False,168b695ee2329648ea1a0cf0a25d2639c5459ae5f63eccf64302aaaef259e3a4
Server/QM00/.vscode/settings.json,Server/QM00,config_or_resource,scanned,False,83de1c525e74033f7864b25fa68815340f22366846ea5739a4769a0f860a52ad
Server/QM00/README.md,Server/QM00,document_or_log,scanned,False,ad5a94d90a48c925c0b7e791f2610250252aee2f0b85d37ec711c0c0ea798031
Server/QM00/libQM00/f_qm00_util.cpp,Server/QM00,backend_source,scanned,True,00f7d2ee52fc43a52a2ae2cb7cd0b2294db9c79c72638fa46352a66efacb9c1a
Server/QM00/libQM00/stdafx.cpp,Server/QM00,backend_source,scanned,False,e175cf8a71e58c0287e468cac379cfc46ec5a8b0470ebc35b8681af4336602bc
Server/QMTS/.env.production,Server/QMTS,environment_config_values_not_exported,scanned,True,090dbb8c8373e750242555f5ae5887be1f5b4658c7b762803c695410cdf70288
Server/QMTS/.gitignore,Server/QMTS,backend_source,scanned,False,168b695ee2329648ea1a0cf0a25d2639c5459ae5f63eccf64302aaaef259e3a4
Server/QMTS/.vscode/settings.json,Server/QMTS,config_or_resource,scanned,False,83de1c525e74033f7864b25fa68815340f22366846ea5739a4769a0f860a52ad
Server/QMTS/README.md,Server/QMTS,document_or_log,scanned,False,aa3139f59109ab258d66966cb19fdddc76f358d9b9e07c20a46c6efd3a636da8
Server/QMTS/libQMTS/f_210010_snd.cpp,Server/QMTS,backend_source,scanned,True,8ed18f7ca2565010de2ba3b9d8d4201014a6e1ab135395cf6d6d9dbab12a0c21
Server/QMTS/libQMTS/f_210030_snd.cpp,Server/QMTS,backend_source,scanned,False,e3b0c44298fc1c149afbf4c8996fb92427ae41e4649b934ca495991b7852b855
Server/QMTS/libQMTS/f_push_baowu_chat.cpp,Server/QMTS,backend_source,scanned,True,e52347581a2dbb28a4ce0d583021fea0f1fed5cfc6aace930b68625b6abce063
Server/QMTS/libQMTS/f_push_baowu_chat_dd.cpp,Server/QMTS,backend_source,scanned,True,3202a97c45f92a90caa09f053c8d9008f161991ef334c333f0de754548ae63fc
Server/QMTS/libQMTS/f_push_baowu_pro.cpp,Server/QMTS,backend_source,scanned,True,0ecffc4e06db0513d60d73fd9d3a7fc25aec35463f9d65360d3e1237e03c9f2d
Server/QMTS/libQMTS/f_qmbs_sample_select.cpp,Server/QMTS,backend_source,scanned,True,ab476a7b16083d676ab34e0a9b676843a9e11db7b1bcb39244bbb1628afd743e
Server/QMTS/libQMTS/f_qmbs_save.cpp,Server/QMTS,backend_source,scanned,True,1737b2f9eee48668eb41e311716eb4083776b923f26eaca787e93226d8166715
Server/QMTS/libQMTS/f_qmtj_log.cpp,Server/QMTS,backend_source,scanned,True,a9989b30108d47c83f14e4962bf78d66f0b4424e1a7c0313251c8c9186f309f9
Server/QMTS/libQMTS/f_qmtjp_00.cpp,Server/QMTS,backend_source,scanned,True,7b9600141ed75081dbe018adbcbc89bdc1b2f4b5c15db8b97818e41f6812f068
Server/QMTS/libQMTS/f_qmts21_ins.cpp,Server/QMTS,backend_source,scanned,True,00582d83fc6717deff1aa4f9a1729b308a01c3834fcd77f22163aa1690ab4cdb
Server/QMTS/libQMTS/f_qmts23_ins.cpp,Server/QMTS,backend_source,scanned,True,47e3bc4a19581da428a503edc7564639a1a605940a633bd06c24d27772ffe358
Server/QMTS/libQMTS/f_qmts25_get_qx.cpp,Server/QMTS,backend_source,scanned,True,56b482e2c28e16fd501371b6235fa715ca5c05379d5d8fff630c8746e45cb274
Server/QMTS/libQMTS/f_qmts25_jud.cpp,Server/QMTS,backend_source,scanned,True,baa0d5fb4f16fa8120b4051293967ba64b523705c3b67ac829d892b1d11125fc
Server/QMTS/libQMTS/f_qmts27_jud.cpp,Server/QMTS,backend_source,scanned,True,4a154fbebd7c0dbb28d626b99c3307b40cd6dc5c54ba1160e8c710660e3a3d04
Server/QMTS/libQMTS/f_qmts29_jud.cpp,Server/QMTS,backend_source,scanned,True,289a0034f2f617fe5ff27932ac6b8464b3935c889cc66015b0c56752caa48847
Server/QMTS/libQMTS/f_qmts2b_jud.cpp,Server/QMTS,backend_source,scanned,True,e5b190f5de17425d70677d8fd9e921bf7ee92bc7e609d27f9e912084ace8ed66
Server/QMTS/libQMTS/f_qmts2b_spe.cpp,Server/QMTS,backend_source,scanned,True,8150515c3444c31a5b0f6a419a2d6f7ad495802c7632fea963f075743beb37be
Server/QMTS/libQMTS/f_qmts_21b004_snd.cpp,Server/QMTS,backend_source,scanned,True,1231491cd027fed0e6858b0d01fbda91bcaef144fa0e37aed6dcc871d1ed24f0
Server/QMTS/libQMTS/f_qmts_23_init.cpp,Server/QMTS,backend_source,scanned,True,f8e72a87afa1e587bbb02c522f30a544bd2afab765831652cb3d6b42920e2322
Server/QMTS/libQMTS/f_qmts_23_ins.cpp,Server/QMTS,backend_source,scanned,True,16b44270e56ae89d0624ab0a78aa9055e123ed1cc29eca0fca8df3f949bc5fb2
Server/QMTS/libQMTS/f_qmts_23_upd.cpp,Server/QMTS,backend_source,scanned,True,6a1043b2cba55130f24a3f1ea50141e94fe70c1980bfb84f9d2d6b7b7f401c36
Server/QMTS/libQMTS/f_qmts_24_ins.cpp,Server/QMTS,backend_source,scanned,True,e33f810a7fca6d64ec58127ccf4360dc1921c3ed70c0b4e6e0a684a0cf0e48bf
Server/QMTS/libQMTS/f_qmts_24_ins_form.cpp,Server/QMTS,backend_source,scanned,True,0d59575b567070279c0c168fbb67f44976c54bfbdba4010620b6de3779abffda
Server/QMTS/libQMTS/f_qmts_25_ins.cpp,Server/QMTS,backend_source,scanned,True,6819dd6512b285da51273dc0d573741975aabec9134951258987c4849720ca4c
Server/QMTS/libQMTS/f_qmts_25_ins_form.cpp,Server/QMTS,backend_source,scanned,True,fcd8e5f851c00377ea64dc9de51ac7471b171900e353053774ee4de4cc58809a
Server/QMTS/libQMTS/f_qmts_25_upd.cpp,Server/QMTS,backend_source,scanned,True,5687cd0c0ea066d40df96f0edddfa8193b87a19a8fb5b9fbd808411fb5392121
Server/QMTS/libQMTS/f_qmts_26_ins.cpp,Server/QMTS,backend_source,scanned,True,05eaeec3c3821f6eb1aa65dc1152806c194e634fea4e05f822ff0fde23530666
Server/QMTS/libQMTS/f_qmts_30_ins.cpp,Server/QMTS,backend_source,scanned,True,ec5ce7f113f68a1e160f247ca710e36154d4083bfb607cc5ee02a4fbb6ca2739
Server/QMTS/libQMTS/f_qmts_call_judge.cpp,Server/QMTS,backend_source,scanned,True,5dbe3e4f078263f30312a0325ce5beae6d0f3cdf065f7a6c5abfa1d352b5b920
Server/QMTS/libQMTS/f_qmts_catch.cpp,Server/QMTS,backend_source,scanned,True,de7c671fc472d02939ab5708cf3755ab91c843411e5ab9eab4064930fbdda575
Server/QMTS/libQMTS/f_qmts_cf_copy.cpp,Server/QMTS,backend_source,scanned,True,49772d4fc5e7b8be49273d1f222ae274cedbc4b43688cdf7dd7a997423017aec
Server/QMTS/libQMTS/f_qmts_cf_rev.cpp,Server/QMTS,backend_source,scanned,True,31a00c48c9dc4c6f07485bfd61b0f7034a107fea1a24597a4e967ff6202b7673
Server/QMTS/libQMTS/f_qmts_confm.cpp,Server/QMTS,backend_source,scanned,True,1fe75a77c78c480285762867748af7740707453e8f30fba82d1db5f6e2077442
Server/QMTS/libQMTS/f_qmts_count_temp.cpp,Server/QMTS,backend_source,scanned,True,acab1455fc56884f5b2b276f18f6989fb7ada0e6f280caa680479a598397be4d
Server/QMTS/libQMTS/f_qmts_elm_cal.cpp,Server/QMTS,backend_source,scanned,True,8133dd65dd1327f0dcbd35944610a3c6c1944b371274b01aca9cab13b85797bf
Server/QMTS/libQMTS/f_qmts_elm_catch.cpp,Server/QMTS,backend_source,scanned,True,b269627facb24a6d4a1c08a42cd67e1126b851e5a0805ab146b6d0d823b25841
Server/QMTS/libQMTS/f_qmts_elm_jud.cpp,Server/QMTS,backend_source,scanned,True,48edf0ce12ddb414dc593f445ee93c5993f3fade780b968b9227e4e2102fcaec
Server/QMTS/libQMTS/f_qmts_elm_rcv.cpp,Server/QMTS,backend_source,scanned,True,2190b0e7015ee32369e67aca1d93f2517b9c102d3280d867c0997e49186a13ac
Server/QMTS/libQMTS/f_qmts_grind_desc.cpp,Server/QMTS,backend_source,scanned,True,cd60981c6ede25cd5ae45d5354f958da92487502644fcc44755ad455f70cebc4
Server/QMTS/libQMTS/f_qmts_inqy.cpp,Server/QMTS,backend_source,scanned,True,d1695286961d181ba238f6d60fd35b8431cabdf063ad396178756237162d16b4
Server/QMTS/libQMTS/f_qmts_jud.cpp,Server/QMTS,backend_source,scanned,True,ad943634c51b78abe8fe486782a541da1a1581562c6d106e67ad2f6a6819267c
Server/QMTS/libQMTS/f_qmts_jud_01.cpp,Server/QMTS,backend_source,scanned,True,aba673917efef680b73c00b76de54b66d4a4858ae3eab773a3051e4e19198aca
Server/QMTS/libQMTS/f_qmts_jud_pono.cpp,Server/QMTS,backend_source,scanned,True,f0675a93a036338d72bad0c0d74b2549ed5f9fadbad61db6783ae757667cb96c
Server/QMTS/libQMTS/f_qmts_rep_elm_confm.cpp,Server/QMTS,backend_source,scanned,True,a04ded69f70dedafc327fbe12f19fb187089e86181dfb4eafe2030b324c87408
Server/QMTS/libQMTS/f_qmts_rep_sel.cpp,Server/QMTS,backend_source,scanned,True,81858a38fbccbb39346da8cd20051585489d9209e00e6a5ba3a6b1fb264610f3
Server/QMTS/libQMTS/f_qmts_rep_unsel.cpp,Server/QMTS,backend_source,scanned,True,403e0973693881996b97998b988ab5bdfc5d8976855ba80838dda92ed0fdccf5
Server/QMTS/libQMTS/f_qmts_rep_upd.cpp,Server/QMTS,backend_source,scanned,True,df843b06eaf6a68ea3989059dde821bb93471763098bc6834c97b30c3c488811
Server/QMTS/libQMTS/f_qmts_round.cpp,Server/QMTS,backend_source,scanned,True,3f2a7774739dfa285d28e3d1f11d76878b4623a094e0760a11fe8b06a630d507
Server/QMTS/libQMTS/f_qmts_sample_init.cpp,Server/QMTS,backend_source,scanned,True,b7929718f65a584f4c534cd74ab0084a0d06507633f08c44646383f8280b89bf
Server/QMTS/libQMTS/f_qmts_sample_no_snd.cpp,Server/QMTS,backend_source,scanned,True,bc994334e577aac5d73f027ac7b2a2c21ebfe12d2f2b9b295750f8f8b08086c3
Server/QMTS/libQMTS/f_qmts_spe_single.cpp,Server/QMTS,backend_source,scanned,True,78429e7ffa6055a8b86e2a0e4c0532c3e42d2c93c09a817b532ece51f9e0425f
Server/QMTS/libQMTS/f_qmts_spe_sm.cpp,Server/QMTS,backend_source,scanned,True,2acf46d1c975eddf5841e3c69f1998aa99cebc89e82988fbd54a3796cfd628f8
Server/QMTS/libQMTS/f_qmts_stno_chg.cpp,Server/QMTS,backend_source,scanned,True,9762e91192fff852778bf495deb551aad4e20c9300b8c3175158d8baa59227e2
Server/QMTS/libQMTS/f_qmts_stno_chgd.cpp,Server/QMTS,backend_source,scanned,True,60439e0e77a63880c609da75c1163c37ebf5d1e2b26d2b65ca3ce32eb3e934f4
Server/QMTS/libQMTS/f_qmts_stno_inq_01.cpp,Server/QMTS,backend_source,scanned,True,71e00478ca1f9993fec90566fea28ac064ae43849bdbcf721d2a610a4b1eaeae
Server/QMTS/libQMTS/f_qmts_stno_set.cpp,Server/QMTS,backend_source,scanned,True,03681aca20a840a301a52665fff5a3a6e9b8d2cd1e13e0944aba6387e23e0ce5
Server/QMTS/libQMTS/f_qmts_xxyq.cpp,Server/QMTS,backend_source,scanned,True,773cfc3b5493ea7445a19ccac35dba3cc1db29828d6875ab12b2417498550c55
Server/QMTS/libQMTS/f_qmtsm_inq.cpp,Server/QMTS,backend_source,scanned,True,9397aac5773960e2400119194da5d5ad2f99671964e1b91cfbcc53b37e5cc492
Server/QMTS/libQMTS/f_qmtsp_00.cpp,Server/QMTS,backend_source,scanned,True,00fccc87eb1a77dc38335c3177411fdb2a02ca9912269747c82d09b6c1b21ed1
Server/QMTS/libQMTS/f_qmtsp_01.cpp,Server/QMTS,backend_source,scanned,True,1a98c685a879bd5c63d49b1b95f2b98b3afe06512827a50cbd0d55e42d6a3ef4
Server/QMTS/libQMTS/f_t80rye_snd.cpp,Server/QMTS,backend_source,scanned,True,1af2404262fa9053d1f2aa8c0722942a42bf898abd07ed748af5e73aa41acf89
Server/QMTS/libQMTS/f_t82302_snd.cpp,Server/QMTS,backend_source,scanned,True,22033b54f37e859164e24de9d1d127109eb7fa2164c51e5e258311be632ee39c
Server/QMTS/libQMTS/f_t82303_snd.cpp,Server/QMTS,backend_source,scanned,True,80c30021c2c2d7a71b618c4668fb9ffe99d03d849ce9ecfd1698fc7311770ea4
Server/QMTS/libQMTS/f_t82305_snd.cpp,Server/QMTS,backend_source,scanned,True,40aafe3d98df6a2ae30fdf7a56df6d3f3013b35e332604c6c037e909f3f5ce77
Server/QMTS/libQMTS/f_t82306_snd.cpp,Server/QMTS,backend_source,scanned,True,a265d093e03af712ece1d864e921afbd73640194305723c555a2540713798719
Server/QMTS/libQMTS/f_t82307_snd.cpp,Server/QMTS,backend_source,scanned,True,8a421803e2a01b6ca281105a1e84d1bbd23a78acbacb689716d3b7f6f8a8915f
Server/QMTS/libQMTS/f_t82308_snd.cpp,Server/QMTS,backend_source,scanned,True,71c68d9dd8f1ca67f6bb0b4537a7dcb93457ea15a76c5cabb584f9af4007a53b
Server/QMTS/libQMTS/f_t82309_snd.cpp,Server/QMTS,backend_source,scanned,True,ae2a57ac468865d855c35a9996f85b46be3b9cde8a3b44f2606a5dfd085ca75d
Server/QMTS/libQMTS/f_t823s1_snd.cpp,Server/QMTS,backend_source,scanned,True,6952e7beb28f8e6d57a3c1fe5fe5109e225f8f7b607da4f428222dbbf703388c
Server/QMTS/libQMTS/f_t823s2_snd.cpp,Server/QMTS,backend_source,scanned,True,c74c92e9f773b6d21c1f53e86fd7880bdc9fbe86dd3a3f99485a59c51b5f8acd
Server/QMTS/libQMTS/f_t823s3_snd.cpp,Server/QMTS,backend_source,scanned,True,771a1e27587803ce35020802fa52e76d4639e52e2e5c7c800b6c7a6aae03cce7
Server/QMTS/libQMTS/f_t823s4_snd.cpp,Server/QMTS,backend_source,scanned,True,e6c0397d03fecdbeced952902fd6a4b4a8649049cf4c992aa35328ca637a475a
Server/QMTS/libQMTS/f_t823s5_snd.cpp,Server/QMTS,backend_source,scanned,True,900d7ee41c1f670ba85f5ee6cb32c5ecfc6bc7fdd7ff3434e52d9541e2caab78
Server/QMTS/libQMTS/f_t823s6_snd.cpp,Server/QMTS,backend_source,scanned,True,701503c09ccdc792b59597643a51548115b554b4d05f30c4ff8623756a7d035b
Server/QMTS/libQMTS/f_t823s7_snd.cpp,Server/QMTS,backend_source,scanned,True,e05e4cf0c5ee55f6f70a274dfb008c5df3e4344b8e187f2c63def66890c53af2
Server/QMTS/libQMTS/f_t823s8_snd.cpp,Server/QMTS,backend_source,scanned,True,4815ac1277a2ee5d5b4d0948ac97fc24c476a8e472374f1ea1b5dabbd323be8e
Server/QMTS/libQMTS/f_t823s9_snd.cpp,Server/QMTS,backend_source,scanned,True,7bae429183a5254f010bf6e2c669e1fce1cae2791587769a4a635e493019fcf6
Server/QMTS/libQMTS/f_t823sa_snd.cpp,Server/QMTS,backend_source,scanned,True,03fd073f4df3843314dea122b7f43286742a9ba881cf6000f61c7bcd018bff13
Server/QMTS/libQMTS/f_t823sb_snd.cpp,Server/QMTS,backend_source,scanned,True,d5ceb28b9b6da4519ccce1f22f09d79d7bd804dfa0ab5f33e096119f7345f22f
Server/QMTS/libQMTS/f_t8ed03_snd.cpp,Server/QMTS,backend_source,scanned,True,0f378c20ceada34260e6f9bc2a83230c6ef2d5adeb5b8fbfc22adc16d0600c4f
Server/QMTS/libQMTS/f_tran_json_27.cpp,Server/QMTS,backend_source,scanned,True,3c9eee6f681918a96def58a8bfcf7d08d38e72c4be1862377fd6bd8e7b375539
Server/QMTS/libQMTS/f_tran_json_func.cpp,Server/QMTS,backend_source,scanned,True,815b75f2efef67a2e9436f15a8f10a69d388d6e5bffa0993fff3226c59e8860b
Server/QMTS/libQMTS/stdafx.cpp,Server/QMTS,backend_source,scanned,False,e175cf8a71e58c0287e468cac379cfc46ec5a8b0470ebc35b8681af4336602bc
Server/QMTS/p_qmts_4700/qmtifa_del.cpp,Server/QMTS,backend_source,scanned,True,653dce0a1cf7568f3310e7ba8591d632fb35a0e394e037390c4bbe773ca50068
Server/QMTS/p_qmts_4700/qmtifa_inq.cpp,Server/QMTS,backend_source,scanned,True,97843291750d13ffcc3ad7badea5461ca6b12b6aaee8cab7cf4bd4ea8285f437
Server/QMTS/p_qmts_4700/qmtifa_ins.cpp,Server/QMTS,backend_source,scanned,True,ebb4d84185c6b5d7124fe4582a159fcf416d88bf38087d179f59c6ffd4c36de5
Server/QMTS/p_qmts_4700/qmtifa_upd.cpp,Server/QMTS,backend_source,scanned,True,ba78333e6db683d5032b100bd264aa9b7ac9babab6918c9e875517cb8cbe045c
Server/QMTS/p_qmts_4700/qmtifa_upd2.cpp,Server/QMTS,backend_source,scanned,True,55de9107954c59f217a8aa6cd9772a037cf7fb8922472402fa5950de2407efd8
Server/QMTS/p_qmts_4700/qmtism_inq.cpp,Server/QMTS,backend_source,scanned,True,90a161b8987d29ac24d9c298587d915d13f267e67b9788f85bedd451ca979419
Server/QMTS/p_qmts_4700/qmtisn_inq.cpp,Server/QMTS,backend_source,scanned,True,0063175bf52a06c180ffe99a21a8d588fee31c192ac32f6338710783e4dbca11
Server/QMTS/p_qmts_4700/qmtiz1_chk.cpp,Server/QMTS,backend_source,scanned,True,6d2c85a1c260e1267a2ab46e140245082b48b5c02c99e1eafcc9914b3adb7621
Server/QMTS/p_qmts_4700/qmtiz1_dtl.cpp,Server/QMTS,backend_source,scanned,True,c545bf562e860827a3c59eb10c7c01acffc62bf059754c4233253eee157c06d8
Server/QMTS/p_qmts_4700/qmtiz1_inq.cpp,Server/QMTS,backend_source,scanned,True,d1b18506d755276148c5d2f553908dcc054871f2b96c35bcc2372de6aeae7eb6
Server/QMTS/p_qmts_4700/qmtiz3_inq.cpp,Server/QMTS,backend_source,scanned,True,6ab31f53f1c7bb22972e494c3a1ab2efdbd42a56a023ec1f16e58e6f12e67a91
Server/QMTS/p_qmts_4700/qmtiz4_inq.cpp,Server/QMTS,backend_source,scanned,True,aae4b638494aeab8feb30b08a50481fe23f0483b338ff73be78ee5e29a46a88e
Server/QMTS/p_qmts_4700/qmts04b_del.cpp,Server/QMTS,backend_source,scanned,True,6d84c218c749b9b90adfd2672ba4d4c153f893fd2301d7ce6c9f544747be2be4
Server/QMTS/p_qmts_4700/qmts04b_inq.cpp,Server/QMTS,backend_source,scanned,True,ad3ed0e38de714119443d11b86e3ba3f44e483f0bbfd0c9c59859d25f0234756
Server/QMTS/p_qmts_4700/qmts04b_ins.cpp,Server/QMTS,backend_source,scanned,True,9c9fedb379211fb0bf4d376bed04b899a9875a7bb9b5c6e5df09d75bce7f5ee0
Server/QMTS/p_qmts_4700/qmts04b_upd.cpp,Server/QMTS,backend_source,scanned,True,1421093d3ea44e33eeb9c426d21a2d35c82fc5c3ae150f4d66715c5311996a93
Server/QMTS/p_qmts_4700/qmts10_del.cpp,Server/QMTS,backend_source,scanned,True,845f667b5c37cbcac4d9a3f56b8f32c2dbafd0951acea8b37cbef2cdb763377b
Server/QMTS/p_qmts_4700/qmts10_del1.cpp,Server/QMTS,backend_source,scanned,True,da75808d55c3eb9d2a8558563f9b67c1e789eba364eb0f798267a7358ef3371a
Server/QMTS/p_qmts_4700/qmts10_inq.cpp,Server/QMTS,backend_source,scanned,True,a779850750c4b8dd38708a930a972e0a192da2e2801d18c17f47da1276cc64c2
Server/QMTS/p_qmts_4700/qmts10_inq1.cpp,Server/QMTS,backend_source,scanned,True,551f81f5b72e957193a7fc71834988d7a1ea684efff9f7be3bff6bca9912e6bf
Server/QMTS/p_qmts_4700/qmts10_ins.cpp,Server/QMTS,backend_source,scanned,True,d75238b7ae990d66801cf780f82ad898d02da9e1a77355d3a94477cbedffa8e5
Server/QMTS/p_qmts_4700/qmts10_ins1.cpp,Server/QMTS,backend_source,scanned,True,147ffd05a3f0e9c8df143d451e50723ac9829cd738873d8207c4bd5186764c23
Server/QMTS/p_qmts_4700/qmts10_upd.cpp,Server/QMTS,backend_source,scanned,True,a5f0d2060326d2d5673b440207846a79cf0a4801d3578f0a151bff772035486c
Server/QMTS/p_qmts_4700/qmts10_upd1.cpp,Server/QMTS,backend_source,scanned,True,48c4932e0c2957b76246a62639ecc1e4196c8d7d155fba54073a750a71885c06
Server/QMTS/p_qmts_4700/qmts9c1_del.cpp,Server/QMTS,backend_source,scanned,True,1dcd1d47293c2f1dafb46166b9383c09eb957b85da38f50ebfa95a1b1b269539
Server/QMTS/p_qmts_4700/qmts9c1_inq.cpp,Server/QMTS,backend_source,scanned,True,408d276fec732047c96dae768184be0d47d8ae7ca10e6b75e69b6b94b4575bf9
Server/QMTS/p_qmts_4700/qmts9c1_ins.cpp,Server/QMTS,backend_source,scanned,True,41a8083845dc7af6aa757d8b8f9f044fb935b4bbe099ef89ce1d44e8f7fa7503
Server/QMTS/p_qmts_4700/qmts9c1_upd.cpp,Server/QMTS,backend_source,scanned,True,c440be6992e21057fe9536b13977a7ce9be56e4d24c84a4ea8cbb6cdeac7a99f
Server/QMTS/p_qmts_4700/qmts9c2_del.cpp,Server/QMTS,backend_source,scanned,True,bf9b0a3275b8da90337c34627ffacd5da01b04d7f5313a09fbbd8b432b9c16d6
Server/QMTS/p_qmts_4700/qmts9c2_inq.cpp,Server/QMTS,backend_source,scanned,True,cbd31cac5e4d9d4cff05c001921ff01d4f75ed5cd91ee6e7f0e470b5c6c220bd
Server/QMTS/p_qmts_4700/qmts9c2_ins.cpp,Server/QMTS,backend_source,scanned,True,67bcec9b3ce153942a1ac337341fdbfc4686bbc631e38192b43188149d980778
Server/QMTS/p_qmts_4700/qmts9c2_upd.cpp,Server/QMTS,backend_source,scanned,True,c5698c74ff3c35fe14da647853b4d155d4eab595b725f6c62016ccdeb8136978
Server/QMTS/p_qmts_4700/qmts9c3_del.cpp,Server/QMTS,backend_source,scanned,True,c42a7516346114b39984035e58dd3450396b402d6530d447b52a905b128c040d
Server/QMTS/p_qmts_4700/qmts9c3_inq.cpp,Server/QMTS,backend_source,scanned,True,d379bd7a198c803d04300c9d5152a3936ffaf815f2af1424b60e46c8b9287fc4
Server/QMTS/p_qmts_4700/qmts9c3_ins.cpp,Server/QMTS,backend_source,scanned,True,9f0f394cb89fbcd24ab9294e932ce0ed0a403302a44f09d490caf7366d0d8afe
Server/QMTS/p_qmts_4700/qmts9c3_upd.cpp,Server/QMTS,backend_source,scanned,True,c97a0ab62a66dc5669fafd4aa66c91f5bf132ef4f2ba6ef6fd25497e36423728
Server/QMTS/p_qmts_4700/qmts9c4_del.cpp,Server/QMTS,backend_source,scanned,True,f3c37f9d73527c3c4ed0301ea3c6c40e95e030537c90e8312c9a45a3031446d9
Server/QMTS/p_qmts_4700/qmts9c4_inq.cpp,Server/QMTS,backend_source,scanned,True,4031713a14ea67bcaeccfbfaac572bdaa8b1903c3762fd6d5bd2fc3b91727d9f
Server/QMTS/p_qmts_4700/qmts9c4_ins.cpp,Server/QMTS,backend_source,scanned,True,f2794d127ee03afa2c6bee0c8c10e6d0d22e8611d9ce6b9689b3d59209963f8a
Server/QMTS/p_qmts_4700/qmts9c4_upd.cpp,Server/QMTS,backend_source,scanned,True,0a8134e51e87c9a85373b89898ceb66eb902f5eba929295e4d2e750a070b8bca
Server/QMTS/p_qmts_4700/qmts9c5_del.cpp,Server/QMTS,backend_source,scanned,True,e2fbbe1d6cfef0a1dac7e510b0b0a97ff0cdef6e995afe7ad96829a4bb99b8bf
Server/QMTS/p_qmts_4700/qmts9c5_inq.cpp,Server/QMTS,backend_source,scanned,True,355c9cb27365f27670024af8e1dbd01e0502199e27462bb2c21c7d93d405b48b
Server/QMTS/p_qmts_4700/qmts9c5_ins.cpp,Server/QMTS,backend_source,scanned,True,153bf12d7e011a4d8ad31cebe0932350be2286ae91c9d0544216b5be0b7d50e4
Server/QMTS/p_qmts_4700/qmts9c5_upd.cpp,Server/QMTS,backend_source,scanned,True,a97e85cc548eeb06f9c9dcfa585f1a588f254a930b4c9a7d87382f5626ffb12a
Server/QMTS/p_qmts_4700/qmts9c6_del.cpp,Server/QMTS,backend_source,scanned,True,da95accacf34f52ac6be94705e13c150980ba226e83fba200b1ad7bf91e9c449
Server/QMTS/p_qmts_4700/qmts9c6_inq.cpp,Server/QMTS,backend_source,scanned,True,acbf9cf21e209f9060e9f3bd8df65ebdac1cf2a6a3bf064061ae9ef5cc0b7c5b
Server/QMTS/p_qmts_4700/qmts9c6_ins.cpp,Server/QMTS,backend_source,scanned,True,a3db4bc696c54b4fc7aa6f2dcb7e2fbedc3233e8ea7c00ef2e36543d425afa5d
Server/QMTS/p_qmts_4700/qmts9c6_upd.cpp,Server/QMTS,backend_source,scanned,True,35d3013bf5a428fe5c2e4fcfa8cacf9054c3e0d010895c71bb311111ba4ef628
Server/QMTS/p_qmts_4700/qmts9c7_del.cpp,Server/QMTS,backend_source,scanned,True,44defb73b95983d796f2168ef2b5c2f39723ccc9fa970ef1a5065ca62d530ce2
Server/QMTS/p_qmts_4700/qmts9c7_inq.cpp,Server/QMTS,backend_source,scanned,True,1008982217bb7a9a8b7e975008aee7991ddce88c04ff3be08cd75a41b5e0beae
Server/QMTS/p_qmts_4700/qmts9c7_ins.cpp,Server/QMTS,backend_source,scanned,True,bfff8489828336e9ceb1298a6963a3bf5b89a1dc0a5499f6d9ae4e2eb90b1718
Server/QMTS/p_qmts_4700/qmts9c7_upd.cpp,Server/QMTS,backend_source,scanned,True,4e64b2e5751f287909aeaca68209a1c55bd0f5c67496b57e662dd9f3034a57d8
Server/QMTS/p_qmts_4700/qmts9c8_del.cpp,Server/QMTS,backend_source,scanned,True,bc3fc3f971ae7f4d7b46a82f324e741d89807f7883fc387a85f6ce7a51c66ae5
Server/QMTS/p_qmts_4700/qmts9c8_inq.cpp,Server/QMTS,backend_source,scanned,True,d42031446478148a2c1c1ddd2ce35d66cad8eb3f9e147a5282b19bb1a0a89599
Server/QMTS/p_qmts_4700/qmts9c8_ins.cpp,Server/QMTS,backend_source,scanned,True,2eea7e7025d765e00ce3a262df1de54df13cd37ed3d0188eaadb5b36564eaaf2
Server/QMTS/p_qmts_4700/qmts9c8_upd.cpp,Server/QMTS,backend_source,scanned,True,61ebe77e56d1d8cb151268c9e076ddb05f162975b1a21aed5fecbb37ed4d7763
Server/QMTS/p_qmts_4700/qmts9c9_del.cpp,Server/QMTS,backend_source,scanned,True,ef6c8aff1d2dc6d95b808737096730f85d38fe99f9c2e4be1c674da73e9745f6
Server/QMTS/p_qmts_4700/qmts9c9_inq.cpp,Server/QMTS,backend_source,scanned,True,71914219b232531639d18b0ea8c588d89b51381219c4d023befe1b600e5a224e
Server/QMTS/p_qmts_4700/qmts9c9_ins.cpp,Server/QMTS,backend_source,scanned,True,dbba1cd83fa598bf51dfb4a9c2a1346a688c448df30511c5f3632d2ea0b196e6
Server/QMTS/p_qmts_4700/qmts9c9_upd.cpp,Server/QMTS,backend_source,scanned,True,aff34765dff62a49c3f0807ee545001ff17e781dbdb370d62edddb8854699ba3
Server/QMTS/p_qmts_4700/qmts9ca_del.cpp,Server/QMTS,backend_source,scanned,True,56d40668d60b511700f2595ead47891e2590d3ca1922b04f5e3aeeb522f40489
Server/QMTS/p_qmts_4700/qmts9ca_inq.cpp,Server/QMTS,backend_source,scanned,True,9456610e2664d9c5372e726e1acd479141f63a7e20d59160ca25283161d8b56f
Server/QMTS/p_qmts_4700/qmts9ca_ins.cpp,Server/QMTS,backend_source,scanned,True,e8d5439924518e5b0a20a6c672dd190ca4420c79d3ed7d8cad9857ea1a35e05d
Server/QMTS/p_qmts_4700/qmts9ca_upd.cpp,Server/QMTS,backend_source,scanned,True,d6bce10e25e9424d3738abd440fd5d91608149d327e7f3b486c561b6983ccb44
Server/QMTS/p_qmts_4700/qmtsm1_del.cpp,Server/QMTS,backend_source,scanned,True,23fb39b7266aef3a6fa1246a6f6c681c6fec3dd4202d2fd0bc1d98e63d918927
Server/QMTS/p_qmts_4700/qmtsm1_ins.cpp,Server/QMTS,backend_source,scanned,True,72c9a722c84a2479b99a71be6ac36de77531192b027561c20bc93574285026cc
Server/QMTS/p_qmts_4700/qmtsm1_upd.cpp,Server/QMTS,backend_source,scanned,True,b282f0980f806862d25d249b4a977c728be010ecffb8d5e19ba70b4a9fc7dd13
Server/QMTS/p_qmts_4700/qmtsmu_inq.cpp,Server/QMTS,backend_source,scanned,True,01e1c207d69eb5eec6b427437411bf0efcc57fb946fc3382cff07d77c94a45ae
Server/QMTS/p_qmts_4750/qm_mmsm01_bp.cpp,Server/QMTS,backend_source,scanned,True,da8b368cb3a01635a151d90191127c6a8dbc6c07455a16bd01d9232721ecb0c1
Server/QMTS/p_qmts_4750/qmbs25_inq.cpp,Server/QMTS,backend_source,scanned,True,9b36cf400af917bf4c443a62ef5f056fb4ad26d016f7849109599717b9f48d06
Server/QMTS/p_qmts_4750/qmbs_mmsm01_inq.cpp,Server/QMTS,backend_source,scanned,True,0bfbe4ad51f6d97b4b920df5203189d781d4a0615280191580034b2d3b205a83
Server/QMTS/p_qmts_4750/qmbs_test.cpp,Server/QMTS,backend_source,scanned,True,2159fc61fac4a46658c3138defd517996955d31890776fdb90cc1466acc93d70
Server/QMTS/p_qmts_4750/qmbsm2_single_inq.cpp,Server/QMTS,backend_source,scanned,True,5b8e14336e924af290510a0772b346c84ff89e217b672e5a17f1ee80b42ee3cd
Server/QMTS/p_qmts_4750/qmbsm8_inq.cpp,Server/QMTS,backend_source,scanned,True,376cd1caa809204e823162a4ae4488eba860770b4cbf6fefc618ec4fdad23776
Server/QMTS/p_qmts_4750/qmbsm8_ins.cpp,Server/QMTS,backend_source,scanned,True,d973abec477fcc303d0fe83601527f4d517f45654779a030fe49ef75d0f77a77
Server/QMTS/p_qmts_4750/qmbsm_inq.cpp,Server/QMTS,backend_source,scanned,True,383cee896cd5f73ea7aaf084fff24f3574a116ef0b0f2336d0288f47e73d38da
Server/QMTS/p_qmts_4750/qmbsm_save.cpp,Server/QMTS,backend_source,scanned,True,d892e2febc9cc71316a07349c77b860271e5c1c595838a28deca513262b01629
Server/QMTS/p_qmts_4750/qmbsm_save_pro.cpp,Server/QMTS,backend_source,scanned,True,c95d976d614000a041cdcb9fffc4153daf8bfcf9ad0002d6072c28f5c2cb995d
Server/QMTS/p_qmts_4750/qmts01_catch.cpp,Server/QMTS,backend_source,scanned,True,d14b47487b46ae0b7deb010d4215dc1b1afdf0992281fb08d018a02ecb54d78f
Server/QMTS/p_qmts_4750/qmts01_del.cpp,Server/QMTS,backend_source,scanned,True,9506cb386d02586c0f073cce7f42cbc2fa8b76cc922e1b9438cd8346b5d21271
Server/QMTS/p_qmts_4750/qmts01_inq.cpp,Server/QMTS,backend_source,scanned,True,1dc8a8cdb0905735fd47f039e8d22c4c231625451fdfe3384d895976ea4e542c
Server/QMTS/p_qmts_4750/qmts01_ins.cpp,Server/QMTS,backend_source,scanned,True,937d4ddcda4121c4bb64560b62fe6b43340e81dd07f7ca9e7150591c430efb4e
Server/QMTS/p_qmts_4750/qmts01_send.cpp,Server/QMTS,backend_source,scanned,True,4d33e291c3214d97ccf296d68c1f0237263e8c896f6a9347424d246c182a16e2
Server/QMTS/p_qmts_4750/qmts01_upd.cpp,Server/QMTS,backend_source,scanned,True,f181c602194af0db07d3c50121437dc77bdcd6e8dc40c3aa5db4761806689f6e
Server/QMTS/p_qmts_4750/qmts02_del.cpp,Server/QMTS,backend_source,scanned,True,34c49f3a23c359bc2464898408e9a3f6eb3d56610d63bdc334f2b38f7c0f44b4
Server/QMTS/p_qmts_4750/qmts02_inq.cpp,Server/QMTS,backend_source,scanned,True,d8ba2235ee9c150bd2bbc9d81e8895fa35f8483cd7608c9885b0dca1a7652987
Server/QMTS/p_qmts_4750/qmts02_inq_st.cpp,Server/QMTS,backend_source,scanned,True,78ca0522a8ddebe5f864aeb3da97a9f11b620250429651013c9e721df292dcf8
Server/QMTS/p_qmts_4750/qmts02_ins.cpp,Server/QMTS,backend_source,scanned,True,9c2cfebcdec7b5adb080c5a32cbc7e56185cc1d899a5334b4e98b541874291ed
Server/QMTS/p_qmts_4750/qmts02_upd.cpp,Server/QMTS,backend_source,scanned,True,91f20f445038eaea3f2701a7580a354acbd4101dc7b734a5bb5df2cac7be375f
Server/QMTS/p_qmts_4750/qmts03_catch.cpp,Server/QMTS,backend_source,scanned,True,494ff012d76bcdb507caf894054a84705e37a7e9cdacf1a27bb81f02fa864f6d
Server/QMTS/p_qmts_4750/qmts04_catch.cpp,Server/QMTS,backend_source,scanned,True,4960045c7624e3b5016fa192f1ff45223b48af1508eb2c17007cea7e41670cad
Server/QMTS/p_qmts_4750/qmts04_inq.cpp,Server/QMTS,backend_source,scanned,True,3bef591e3cb373d5c8180187dad12754c7f7db3df747eff7a8c493342d4d2295
Server/QMTS/p_qmts_4750/qmts05_catch.cpp,Server/QMTS,backend_source,scanned,True,42889f2f1110461cf0d5af76131f095f4244a03aa92eed5cbc8c9c875af19eda
Server/QMTS/p_qmts_4750/qmts06_catch.cpp,Server/QMTS,backend_source,scanned,True,9e95232d931f4b4c1797163f0a46d7c839d134b573cfe64c7f5f468da6ce377f
Server/QMTS/p_qmts_4750/qmts07_catch.cpp,Server/QMTS,backend_source,scanned,True,032135a1d6fc70673bfff8b55a34dcb027938fc7c71611a262c0876a77fff621
Server/QMTS/p_qmts_4750/qmts08_catch.cpp,Server/QMTS,backend_source,scanned,True,594000b9ac3e7faa96e267ab1b1d90077fb8972fa7889cb494921daf8b4e266b
Server/QMTS/p_qmts_4750/qmts09_del.cpp,Server/QMTS,backend_source,scanned,True,c76402b62e3f0bd6ac8fb8042b219c33547169dbde756db107ddd9c7377e2419
Server/QMTS/p_qmts_4750/qmts09_inq.cpp,Server/QMTS,backend_source,scanned,True,63e2ca1a517632fe39e6bbec1f86607ec5c822e7b94343b9b9f67de058d55b40
Server/QMTS/p_qmts_4750/qmts09_ins.cpp,Server/QMTS,backend_source,scanned,True,d22ea90a60588a5ebe0cb97b826bec283de4f2cda3a78764fe8974c18be2642a
Server/QMTS/p_qmts_4750/qmts09_upd.cpp,Server/QMTS,backend_source,scanned,True,f38847fa86fabe18d56bd0155af50b6bed587499b551a4587e5778267c620cbb
Server/QMTS/p_qmts_4750/qmts0a_catch.cpp,Server/QMTS,backend_source,scanned,True,cf536b342ead09020332db6efedad246f22ee82cd45387487c8767694d137ddf
Server/QMTS/p_qmts_4750/qmts0l_catch.cpp,Server/QMTS,backend_source,scanned,True,fd2cae25907468c02165560e10434035548171b376cd384d1ce61b5494a7eeb2
Server/QMTS/p_qmts_4750/qmts0m_catch.cpp,Server/QMTS,backend_source,scanned,True,9e3c3f48f1ebfbf5192fe4ceb701506bdb6f0c5cd94ca0d29376f314fb1ac254
Server/QMTS/p_qmts_4750/qmts0x_aud.cpp,Server/QMTS,backend_source,scanned,True,3b2d5c5c2ebb8315d10e270a50f81551c9e709796702b423069f905b1c7e836e
Server/QMTS/p_qmts_4750/qmts0x_cancel.cpp,Server/QMTS,backend_source,scanned,True,11dfdd39da6f04ba155142c4c6b46541253b232f0942fd0e1cb475f073a90794
Server/QMTS/p_qmts_4750/qmts0x_del.cpp,Server/QMTS,backend_source,scanned,True,b2c0ea475ce8487c39eed08d2e0e460b9c48713dc56f7638008a621e5e8d7b17
Server/QMTS/p_qmts_4750/qmts0x_inq.cpp,Server/QMTS,backend_source,scanned,True,cbe661983745501dd8ed84ea243a36267dddde983037612e09085503ea18bcb0
Server/QMTS/p_qmts_4750/qmts0x_inq_ts.cpp,Server/QMTS,backend_source,scanned,True,8fd46f3eaa131520bd7558ffeceaed076217311ac453cd1636ca30caceabbb08
Server/QMTS/p_qmts_4750/qmts0x_ins.cpp,Server/QMTS,backend_source,scanned,True,e1ee6c5172da33e5b65a4e47d3a64faac6061e57389adbd44f67aef9221ad3aa
Server/QMTS/p_qmts_4750/qmts0x_send.cpp,Server/QMTS,backend_source,scanned,True,0e61872036297e33cf61ba8d811ecd6b184668d58b2e0c9226b2e72366c67540
Server/QMTS/p_qmts_4750/qmts0x_upd.cpp,Server/QMTS,backend_source,scanned,True,b9aacdc1c14fa3965e307c06ead2de30897a383accb27d29cbdc929dd944c3b1
Server/QMTS/p_qmts_4750/qmts0xa_inq.cpp,Server/QMTS,backend_source,scanned,True,4fffcd7a22d6dec5c8f2d9ef644693e75c8fe90b2def4fe016f9d652f45abea6
Server/QMTS/p_qmts_4750/qmts0y_aud.cpp,Server/QMTS,backend_source,scanned,True,7711c564e76c69b3a91d6a4465cf1753cd33af6198b4eb0fd74b28c49f7dbe97
Server/QMTS/p_qmts_4750/qmts0y_cancel.cpp,Server/QMTS,backend_source,scanned,True,97112af7fede504685044b44c9e24076db02e5e6faca5faab6553898d003dd75
Server/QMTS/p_qmts_4750/qmts0y_del.cpp,Server/QMTS,backend_source,scanned,True,f3b14f2fdfc327c96c6619e9786cd5f3bca6f33b3ae924081a63033d9774f454
Server/QMTS/p_qmts_4750/qmts0y_inq.cpp,Server/QMTS,backend_source,scanned,True,c3676135431a6a57e7d2c2578ac8e2ff023be03eb567456aa4481725b9b58628
Server/QMTS/p_qmts_4750/qmts0y_ins.cpp,Server/QMTS,backend_source,scanned,True,69faeb143201302bd32b7be912b7e6ccdaa636888aa150d23b35ed536e6b6dea
Server/QMTS/p_qmts_4750/qmts0y_upd.cpp,Server/QMTS,backend_source,scanned,True,ea7ee4549f4c5042de14137fa0c69dd452d91109bde82d795c518b46bf499af6
Server/QMTS/p_qmts_4750/qmts27_inqv.cpp,Server/QMTS,backend_source,scanned,True,4054a0e8f09b5f79d9c5fb7059dd23ae519695c0c191ce36ec9d6d0ce4193715
Server/QMTS/p_qmts_4750/qmts27_pro.cpp,Server/QMTS,backend_source,scanned,True,a87684dc6616412e1a65eae2d052e8f3dc1986329a025d793369040a661a92f7
Server/QMTS/p_qmts_4750/qmts6c_del.cpp,Server/QMTS,backend_source,scanned,True,3312f779ae2f55bf9c195101841c28eccfa2a603a2563e90cf5ae5ebb25750e3
Server/QMTS/p_qmts_4750/qmts6c_inq.cpp,Server/QMTS,backend_source,scanned,True,cf43e2c97d618ae17f3967f51c2c587e1573a5b1a6124a69f85e0c004d3ab972
Server/QMTS/p_qmts_4750/qmts6c_ins.cpp,Server/QMTS,backend_source,scanned,True,3e27f9b63f796d9efe4a780cdedf1f83f58f9c922b6907ea6573b7981335b089
Server/QMTS/p_qmts_4750/qmts6c_upd.cpp,Server/QMTS,backend_source,scanned,True,3faaff867aafa7cffba0e9fa6865f31ac37278a0ee7b42105f49931d89ecb38f
Server/QMTS/p_qmts_4750/qmts9a_del.cpp,Server/QMTS,backend_source,scanned,True,d328f8195a645bdd3b5e7cb772f02faf08e02a06bf6cdf61e38c8e6ea899fe72
Server/QMTS/p_qmts_4750/qmts9a_inq.cpp,Server/QMTS,backend_source,scanned,True,82826746b20605f78cb1472c5ff88547307256fdede97418bac1d9fd8ffc7ded
Server/QMTS/p_qmts_4750/qmts9a_ins.cpp,Server/QMTS,backend_source,scanned,True,1c2b7c893bf739a7e30e33796948b97b8dda5bbf26f3aa876aae27f80c3f7759
Server/QMTS/p_qmts_4750/qmts9a_upd.cpp,Server/QMTS,backend_source,scanned,True,a832d6a6408441b1c021f98e0876e7ec41442935de6b520a16c4fdb25ad9b114
Server/QMTS/p_qmts_4750/qmts_class_code.cpp,Server/QMTS,backend_source,scanned,True,1b501140decbef9ed0647019a9865978492fad6879edbba11aac0b7389cde973
Server/QMTS/p_qmts_4750/qmts_del.cpp,Server/QMTS,backend_source,scanned,True,22bb053433d337099d9724c218d19be5fb294f4572caa0591bbd3949b1388387
Server/QMTS/p_qmts_4750/qmts_delchemi.cpp,Server/QMTS,backend_source,scanned,True,8a1d694cfc012c60b34a5e6eebf35e8b526d701d9d6640cd3e663895eb726de6
Server/QMTS/p_qmts_4750/qmts_delstd.cpp,Server/QMTS,backend_source,scanned,True,26e616182db015155fea46b2a85d93351e240ed0e97526715b4462a872ecd603
Server/QMTS/p_qmts_4750/qmts_inq.cpp,Server/QMTS,backend_source,scanned,True,f1e214cd6ceeedbb693a227ed11e21e82603ef7d9355a56f60572475ed9d88b8
Server/QMTS/p_qmts_4750/qmts_inqchemi.cpp,Server/QMTS,backend_source,scanned,True,f829a85fc176cede51750e40d4745bf83473c37bd160b293fbe9adfc553aa10b
Server/QMTS/p_qmts_4750/qmts_inqmessage.cpp,Server/QMTS,backend_source,scanned,True,3358cce58ba8214db64727e8ade4777d1f88f72e14e0f400070769adf87287c4
Server/QMTS/p_qmts_4750/qmts_inqstd.cpp,Server/QMTS,backend_source,scanned,True,c787698911b10c7e80cd522619a9ca88441621fefdd8b33aa718eab8840bb83e
Server/QMTS/p_qmts_4750/qmts_inqstno.cpp,Server/QMTS,backend_source,scanned,True,22b1bab1a75e71e2754ec777f42d86fa4b52a5385ddf10d1cce26dd432a08d5e
Server/QMTS/p_qmts_4750/qmts_inqstnonew.cpp,Server/QMTS,backend_source,scanned,True,bba30adeb971f0b7e7e9377bcdf12bc75a3de1261f42f2309e46ba3ed4174cc6
Server/QMTS/p_qmts_4750/qmts_ins.cpp,Server/QMTS,backend_source,scanned,True,919880007c968805d6ab12a6a5c32ec3f6af0f2a51e3118276f5cc0788f1e9aa
Server/QMTS/p_qmts_4750/qmts_inschemi.cpp,Server/QMTS,backend_source,scanned,True,f337e103e3417ee958477374139a4d303a5109cf012397ba19fbb38f1e6409d5
Server/QMTS/p_qmts_4750/qmts_insstd.cpp,Server/QMTS,backend_source,scanned,True,a694905d7595fe9de629c0d2a1b12d690e821dd25a0e777d7f9bf21765e160fe
Server/QMTS/p_qmts_4750/qmts_pass.cpp,Server/QMTS,backend_source,scanned,True,c0a6c94c45b67914953256ea6af7a35e16f723c01c7b9b5b7693911ae6163875
Server/QMTS/p_qmts_4750/qmts_upd.cpp,Server/QMTS,backend_source,scanned,True,82b1f95605adfc558a304260b285d8366706208a67cb71b54bcf03865180b785
Server/QMTS/p_qmts_4750/qmts_updchemi.cpp,Server/QMTS,backend_source,scanned,True,456d7d9c33a79587aa5c15226e619e96dfd98672dc3f6fddc2dc9e61ee19e21f
Server/QMTS/p_qmts_4750/qmts_updstd.cpp,Server/QMTS,backend_source,scanned,True,cd645affc57ccaa441e958b644855e08dabaa0ef823135e85cbbbff62f803d19
Server/QMTS/p_qmts_4750/qmtsa8_del.cpp,Server/QMTS,backend_source,scanned,True,debe9d221bf78fe1f859f79749c44d5355b29cb6c7b708d9187af74b4263f98c
Server/QMTS/p_qmts_4750/qmtsa8_inq.cpp,Server/QMTS,backend_source,scanned,True,d48f3c3930577e15a6619c6dae80fabacdf66201963fba5b821fbae59d40bbcf
Server/QMTS/p_qmts_4750/qmtsa8_ins.cpp,Server/QMTS,backend_source,scanned,True,57aeadb7d93ec7055fe479f91dbc37651658e6b5269f7df7252595e10ca81caf
Server/QMTS/p_qmts_4750/qmtsa8_upd.cpp,Server/QMTS,backend_source,scanned,True,0fba5b2fcdb8aefe006dcde0ad7817c34b23aab40cb935c892464d2d5ee9f1c7
Server/QMTS/p_qmts_4750/qmtsh0xs2n_inq.cpp,Server/QMTS,backend_source,scanned,True,c439f15a43cefbaf0f3949a6ec79bc691aa9cf977ca5735943ec04b628b5af04
Server/QMTS/p_qmts_4750/qmtsh5_inq.cpp,Server/QMTS,backend_source,scanned,True,0d4546614b92f742d73af4a1e594659aaf8d9d4caa416fc3421726ad889ef38b
Server/QMTS/p_qmts_4750/qmtsm_common_catch.cpp,Server/QMTS,backend_source,scanned,True,abb47b99bb2f63c26881f14696fac0ceb44403d4fefd2575808c4ca5993fcf6c
Server/QMTS/p_qmts_4750/qmtsm_del.cpp,Server/QMTS,backend_source,scanned,True,0f51cda64ed8d085038eccba372073bdb60071e815faf595b7a934dbd502a12a
Server/QMTS/p_qmts_4750/qmtsm_delchemi.cpp,Server/QMTS,backend_source,scanned,True,4944536316083393cfde0027e02af048160a9018cadcc4466e18589191ce1dca
Server/QMTS/p_qmts_4750/qmtsm_elm_inq.cpp,Server/QMTS,backend_source,scanned,True,98dd6fe70321f3d19533da3b0c1449103b73a569c759481b5ecc998a0c487e53
Server/QMTS/p_qmts_4750/qmtsm_inschemi.cpp,Server/QMTS,backend_source,scanned,True,767565185e398488962f0ad07d075415b7f98fb534ea1b69be91224715121485
Server/QMTS/p_qmts_4750/qmtsm_newstno_inq.cpp,Server/QMTS,backend_source,scanned,True,803c77d921d3fab9a9cb71949297ceb9d4e20786ed8d9f69c2bef0d754a67f77
Server/QMTS/p_qmts_4750/qmtsm_pass.cpp,Server/QMTS,backend_source,scanned,True,020b4eb1586695f27b866523be893ee0b44e73fd43d154c06671a87b31541729
Server/QMTS/p_qmts_4750/qmtsm_passcancel.cpp,Server/QMTS,backend_source,scanned,True,ae974bb60cca60774d9484c7c194af01121b9d754e4f0aa7770ae83fa583b096
Server/QMTS/p_qmts_4750/qmtsm_stno_inq.cpp,Server/QMTS,backend_source,scanned,True,1d0da55bd7074ff249dea5421a365f20358682c573398cd925968dd34fba94c4
Server/QMTS/p_qmts_4750/qmtsm_upd.cpp,Server/QMTS,backend_source,scanned,True,485cb131c50857426af554ca3a91d82518bc29394549b47a28d9a0007f99c21e
Server/QMTS/p_qmts_4750/qmtsm_updchemi.cpp,Server/QMTS,backend_source,scanned,True,94820fb71e295fbb2136ed2d6db6e2c46824b42ec9dd1a4a3dd6cd21ff7343b4
Server/QMTS/p_qmts_4750/qmtsxx_inq.cpp,Server/QMTS,backend_source,scanned,True,24b99aeef42d71730e9a2fb0c081d3fa7e8a02e3421a0333019027e5dc6db93b
Server/QMTS/p_qmts_4750/qmtszz_del.cpp,Server/QMTS,backend_source,scanned,True,2999fe08cbbc1a86e65211317de75df589e5d0ab6353bacf43869896bdfbd612
Server/QMTS/p_qmts_4750/qmtszz_inq.cpp,Server/QMTS,backend_source,scanned,True,f4a66b9cfb7f7991e42f42531ddded73465e078ec50393c48b0ac7913b766e70
Server/QMTS/p_qmts_4750/qmtszz_ins.cpp,Server/QMTS,backend_source,scanned,True,0ba4ccc4f2e918e91327ebcc8168558da1cc728f12d096d858ed9423b0fe99df
Server/QMTS/p_qmts_4750/qmtszz_upd.cpp,Server/QMTS,backend_source,scanned,True,00d13a471fba064f601a650b697f84e5bb079b892bc6535d9d3130ecdd90e089
Server/QMTS/p_qmts_4750/stdafx.cpp,Server/QMTS,backend_source,scanned,False,dca896f6816799b650fb6b3dcbd39ff2342d56784a5a84126058408e759f498d
Server/QMTS/p_qmts_4800/cm_002001_rcv.cpp,Server/QMTS,backend_source,scanned,True,8eda63f2cfff6cdff82a4c7cb757053c6e6ccaf0040406ff54150723973d0303
Server/QMTS/p_qmts_4800/cm_002002_rcv.cpp,Server/QMTS,backend_source,scanned,True,27d2704c79f9d6d56d8b9c254e91025713b1295e1dd6edcb609d70d5a7a476fd
Server/QMTS/p_qmts_4800/cm_0020q1_rcv.cpp,Server/QMTS,backend_source,scanned,True,88ee93432f64cfbc8096e69b015d46044737fffc55bd567bb1a5f12cf491e442
Server/QMTS/p_qmts_4800/cm_200001_rcv.cpp,Server/QMTS,backend_source,scanned,True,aef7ff48db6d3c4504407e4fbb8df06a393e3aa368a6fa192af1dc6c8d3d96e3
Server/QMTS/p_qmts_4800/cm_200003_rcv.cpp,Server/QMTS,backend_source,scanned,True,3cf93f6f67547d4bf44816e1e3b29862119e761aedf6cead0c45aa525f2a7290
Server/QMTS/p_qmts_4800/qmbs25s_h5_inq.cpp,Server/QMTS,backend_source,scanned,True,a5a2eb0b928e7fabcfd047deee24590219452acd1cd8e14f6fed33f06a3f0450
Server/QMTS/p_qmts_4800/qmbs25s_inq.cpp,Server/QMTS,backend_source,scanned,True,f2e5299ef3c0c90caa3827cecba8cb75040e17488f8c85af5716b8201640c5d9
Server/QMTS/p_qmts_4800/qmbs25s_inqe.cpp,Server/QMTS,backend_source,scanned,True,6f6379b385152505a5669aa6539e85e3dbaad69938d5e26a16b75cb802010c46
Server/QMTS/p_qmts_4800/qmbs25s_inqs.cpp,Server/QMTS,backend_source,scanned,True,4ef72b74cd1348a4626345a8cd9a761aa65a35be63e5b0b9ea1bed0016c103e9
Server/QMTS/p_qmts_4800/qmbs25s_ins.cpp,Server/QMTS,backend_source,scanned,True,beae30578b11fa959a223d9723843982d3b3376de4ff0869671db2fbb22eacf4
Server/QMTS/p_qmts_4800/qmbs25s_upd.cpp,Server/QMTS,backend_source,scanned,True,eeefed8f1930e50dbbbb21af0bf7b592099f6801f0e446d1522de252f770fef0
Server/QMTS/p_qmts_4800/qmbsbwu_yh_inqs.cpp,Server/QMTS,backend_source,scanned,True,4922c980ae4da4f0a681e9deea337df7520f16004128dda76ecacbf53614444a
Server/QMTS/p_qmts_4800/qmbsm5_qmts30_add.cpp,Server/QMTS,backend_source,scanned,True,5937c724bd58c6cde76b4385af983f6f31679ff30217db951f68c65b4195d64d
Server/QMTS/p_qmts_4800/qmts0r05_add.cpp,Server/QMTS,backend_source,scanned,True,1ae84988133756462d77d7b2d0f46643a5b9af8c83063ff08281b26b2644b2a9
Server/QMTS/p_qmts_4800/qmts0r_detail.cpp,Server/QMTS,backend_source,scanned,True,4a3d1621a02d7a4fc32eb4793982c34fd72ae45226c6eaa5d30b7313650e4030
Server/QMTS/p_qmts_4800/qmts0r_detail1.cpp,Server/QMTS,backend_source,scanned,True,1d9fc4edd17bb82c50b5cf8b743003ea4285ea69b464094cf18a37a831ba8bbc
Server/QMTS/p_qmts_4800/qmts0r_inq.cpp,Server/QMTS,backend_source,scanned,True,47a7457fe6a3498aac623539f3415dc3bacc2ee375238904dc01a57598a29009
Server/QMTS/p_qmts_4800/qmts0r_inq1.cpp,Server/QMTS,backend_source,scanned,True,02098aab93b7a9df6a19cb91a254d577c6dd26e8ff7bf5387695cbace9ce0b9b
Server/QMTS/p_qmts_4800/qmts0r_inq2.cpp,Server/QMTS,backend_source,scanned,True,e9fcf532a3837b7a2a62297db4ca888253874cb45ca9349206d6f758814f20e2
Server/QMTS/p_qmts_4800/qmts0r_pro.cpp,Server/QMTS,backend_source,scanned,True,72451d7bdb97d871f2f8b1dc479199ffecf53ac46e963bd4ef5860059231555e
Server/QMTS/p_qmts_4800/qmts0r_pro1.cpp,Server/QMTS,backend_source,scanned,True,336b4f5a4a0f0302323c07b360d495a00880759bd7e1c48c69edca65c20de991
Server/QMTS/p_qmts_4800/qmts0rdr_inq.cpp,Server/QMTS,backend_source,scanned,True,542f53a64bf7ab01c321d5e8a0a3d1065160154f2614a22b0495c1d33725f485
Server/QMTS/p_qmts_4800/qmts0rdr_snd.cpp,Server/QMTS,backend_source,scanned,True,d785eafdacf22fd89aa3f19eafbff5e562d80c904923edcf4c76f05bf8de868d
Server/QMTS/p_qmts_4800/qmts11_add.cpp,Server/QMTS,backend_source,scanned,True,dba4ab5ac16e388df23e0a21c7a8139523a4ecd9ba69df71ec6b1a564b82b68a
Server/QMTS/p_qmts_4800/qmts11_del.cpp,Server/QMTS,backend_source,scanned,True,b022dd1577e8c9d14b3374dac6927075040ecc3002df99d9a2ab3c9ea6666859
Server/QMTS/p_qmts_4800/qmts11_inq.cpp,Server/QMTS,backend_source,scanned,True,171b229ef10893b5f6eeff4a35f40d684c5baecc428397dc8c4e69a8a20f3c92
Server/QMTS/p_qmts_4800/qmts11_upd.cpp,Server/QMTS,backend_source,scanned,True,702f539cc51c9993564574284faa936dbc66c137d572559fb80477aa2667769b
Server/QMTS/p_qmts_4800/qmts21_final_jud.cpp,Server/QMTS,backend_source,scanned,True,3b2ebf89514c78df14c6a31ac95d14fbbf1034522d01ee67fa097ce0493f5151
Server/QMTS/p_qmts_4800/qmts21_force_jud.cpp,Server/QMTS,backend_source,scanned,True,67eb533592dd7f6dbf06f385e33efe6b0c19abbdfae2f25d5cf641f8f2f04276
Server/QMTS/p_qmts_4800/qmts21_inq_21.cpp,Server/QMTS,backend_source,scanned,True,388b6d3a85e140595ff95000b50c8a91ecb697c61a553d9f757a49e2cce0eca3
Server/QMTS/p_qmts_4800/qmts21_inq_23.cpp,Server/QMTS,backend_source,scanned,True,3f8e7db9de8543ae4701c65b5ddc8b7ba96a2dbb2250d7712fe20e5eb3de8c1e
Server/QMTS/p_qmts_4800/qmts21_inq_27db.cpp,Server/QMTS,backend_source,scanned,True,63de185a53592dab9237176ff2c1973a2ec98c6786887a004896c99d7c3dab30
Server/QMTS/p_qmts_4800/qmts21_inq_27ly.cpp,Server/QMTS,backend_source,scanned,True,fc314ed552c61c017ae0a31b0fa5d65b12502e00b9e9e58491d1b2d2c0345d11
Server/QMTS/p_qmts_4800/qmts21_inq_29.cpp,Server/QMTS,backend_source,scanned,True,c4f9c8c119b866c508bd173659a36e13964affe98a5b7fd7edffd3b033e8f477
Server/QMTS/p_qmts_4800/qmts21_inq_sm.cpp,Server/QMTS,backend_source,scanned,True,9e3a9c68cc7295059d2ac1dda7b75ab980eb70647ab943fe24fddfa4366a46a6
Server/QMTS/p_qmts_4800/qmts21_jud.cpp,Server/QMTS,backend_source,scanned,True,865a5dd1f5c61e9c7ccb9fcfc65f40d12ee110bc8776a444df31f79c6f3fe08b
Server/QMTS/p_qmts_4800/qmts21_mmgp.cpp,Server/QMTS,backend_source,scanned,True,0b83ee4d9e1ace1dc7c158c6bbb8bde74980cfe016d2850fc4d7f16d35e4c262
Server/QMTS/p_qmts_4800/qmts21m_inq_23.cpp,Server/QMTS,backend_source,scanned,True,0a7ac97e30947035954ecd16b7ff34b476d84bb9234ce44df80021b34bdadd08
Server/QMTS/p_qmts_4800/qmts21m_inq_24.cpp,Server/QMTS,backend_source,scanned,True,111fd409b62d8f9cb53902d433cbd022e6dcad43c9e17d7abc396ac26c4aa184
Server/QMTS/p_qmts_4800/qmts21m_inq_25.cpp,Server/QMTS,backend_source,scanned,True,8563397e9ea1daaf059d59921829b54acc4104bbacdff9552538a01c06f8cbad
Server/QMTS/p_qmts_4800/qmts21m_jud.cpp,Server/QMTS,backend_source,scanned,True,f6e1e84de58efc2910c7a48737bea6be7223299b291dcc5129bb4caad123f632
Server/QMTS/p_qmts_4800/qmts21m_st_no_check.cpp,Server/QMTS,backend_source,scanned,True,93710eabe907ffc6b8c1fd79817c47f6dca01ae86c41f214fce843817bf251a9
Server/QMTS/p_qmts_4800/qmts21p_inq_elm.cpp,Server/QMTS,backend_source,scanned,True,43e1c9472a496597a817c83684132686c64f3168ce8b7a512785ee6d157558e6
Server/QMTS/p_qmts_4800/qmts21p_inq_st.cpp,Server/QMTS,backend_source,scanned,True,0fcba92a8728b15bf442cde2904f486833bd489496921c8835c4262f608cb344
Server/QMTS/p_qmts_4800/qmts21p_jud.cpp,Server/QMTS,backend_source,scanned,True,8d2a42e4881d85358155b189260c1b44caf3fa040ad290de1373209c370ea82d
Server/QMTS/p_qmts_4800/qmts22_hn_jud.cpp,Server/QMTS,backend_source,scanned,True,cff809b647f545c67ed9178d10b598f39e59f576c47220e4bf69733aa1d2b6e4
Server/QMTS/p_qmts_4800/qmts22_inq_23.cpp,Server/QMTS,backend_source,scanned,True,5cb73b900714f3d5628d32539356073178283452f291ab550e830fce78994f80
Server/QMTS/p_qmts_4800/qmts22_inq_27db.cpp,Server/QMTS,backend_source,scanned,True,f0ed24f943489b4eb4574d03d2237c25c587203bf54b93bf6c02bb9630029474
Server/QMTS/p_qmts_4800/qmts22_inq_27ly.cpp,Server/QMTS,backend_source,scanned,True,b1866fb52cd3f913c5eec0cb15342d768785c37674b19cb2c168749967522212
Server/QMTS/p_qmts_4800/qmts22_inq_2b.cpp,Server/QMTS,backend_source,scanned,True,c64b3b0b49fe6acd1cfb44342eb7a67a38fc27ff7e76c6a3fcf022c8670336d3
Server/QMTS/p_qmts_4800/qmts22_jud.cpp,Server/QMTS,backend_source,scanned,True,d6e6704042fd3c54a2d1b847ead2f5e79494e35f45b72631b6a1e2d9bf56e981
Server/QMTS/p_qmts_4800/qmts23_inq.cpp,Server/QMTS,backend_source,scanned,True,220ae7b761c981715b6bc8fbf5bcb13bfeb2553f01e1ffb5d4e1c30b2c393995
Server/QMTS/p_qmts_4800/qmts23t802_inq.cpp,Server/QMTS,backend_source,scanned,True,b6a05634b3b526b78c7e1770205dc1b8bbcafc343094edf4a98fb8bf84d51e23
Server/QMTS/p_qmts_4800/qmts24s2n_f3.cpp,Server/QMTS,backend_source,scanned,True,967bd8148afc883052b9e098a30bdf93d63587548f0067d3f3e98d9497ca9fd7
Server/QMTS/p_qmts_4800/qmts24s2n_inq.cpp,Server/QMTS,backend_source,scanned,True,4d26afa258f6904180f3fea2358e7e78e26dba2661153e3486d95c23758b1581
Server/QMTS/p_qmts_4800/qmts25_chk.cpp,Server/QMTS,backend_source,scanned,True,b896c36567465b61ee8d20d680a19742d4e418a26ba8e52088afffa35933853f
Server/QMTS/p_qmts_4800/qmts25_h5_inq.cpp,Server/QMTS,backend_source,scanned,True,34056613172ed907d68afaf71380768846705a4032a3788f3fb35b1046bf3293
Server/QMTS/p_qmts_4800/qmts25_inq.cpp,Server/QMTS,backend_source,scanned,True,6342701f4dbb0e6cc6a5eacac917e320d7af2f8bb7bf8e16de956e65c2a0ad91
Server/QMTS/p_qmts_4800/qmts25_inq_test.cpp,Server/QMTS,backend_source,scanned,True,82507a844caf6c36b6219ed87ee110a70b8b6c727bc783a3febed21b8e50309f
Server/QMTS/p_qmts_4800/qmts25s2n_h5_inq.cpp,Server/QMTS,backend_source,scanned,True,3efbbc28df734232bfc7038d559fbd2904eb588cd9be6353f861898eda50cd55
Server/QMTS/p_qmts_4800/qmts25s_del.cpp,Server/QMTS,backend_source,scanned,True,bdc1048e0d6fd7445140983d34b6585ea8fea299d4ffd3b3583221684fb9128a
Server/QMTS/p_qmts_4800/qmts25s_inqe.cpp,Server/QMTS,backend_source,scanned,True,1455de80cac54f6b736b897976a5963b349dbece88113ebd64622a7a1ab67588
Server/QMTS/p_qmts_4800/qmts25s_inqp.cpp,Server/QMTS,backend_source,scanned,True,41183db72a63c0729984f88253cfd3decdf0b0aae0cc72a0694700e71271022a
Server/QMTS/p_qmts_4800/qmts25s_inqs.cpp,Server/QMTS,backend_source,scanned,True,5ec5f4aa4e6a6f04affeda9610cd4d5e421f8af01cd05513dc633f697ee9a396
Server/QMTS/p_qmts_4800/qmts25s_ins.cpp,Server/QMTS,backend_source,scanned,True,d699307815ed44d1f3500938be67ab8d097ef2e71a045a209f7ecef32ea95c72
Server/QMTS/p_qmts_4800/qmts25s_rep_sel.cpp,Server/QMTS,backend_source,scanned,True,5cff0224bc6a1242fbadb68c2a18a8f3fc12cbf5fe18e070895e354508c95a56
Server/QMTS/p_qmts_4800/qmts25s_rep_unsel.cpp,Server/QMTS,backend_source,scanned,True,e80fb5b93e38be8cc59dde0dcda895fd566d849131e5e2bc5674c3295bc5f2e3
Server/QMTS/p_qmts_4800/qmts25s_upd.cpp,Server/QMTS,backend_source,scanned,True,4c01310ca16737f111d44b730e80caa8e00434dc01f5a81d3bc8461d6545e496
Server/QMTS/p_qmts_4800/qmts26_del.cpp,Server/QMTS,backend_source,scanned,True,94631489f45699ef1c89b3998316cc77d7c1907a28ced385b252df3c4fe426e3
Server/QMTS/p_qmts_4800/qmts26_inq.cpp,Server/QMTS,backend_source,scanned,True,414d99413a3a26e38f3fe7ad3f857a090952dcdf0bb273121c270dd0baa94387
Server/QMTS/p_qmts_4800/qmts26_ins.cpp,Server/QMTS,backend_source,scanned,True,201e98c2117c3af5140e0be4361939fcfd059e41485155ba369801e6b4d31e20
Server/QMTS/p_qmts_4800/qmts26_upd.cpp,Server/QMTS,backend_source,scanned,True,b5e1bae72e318646b0b816f6b3e5fa7ffb2c1948c61c24510d1e0587e9197947
Server/QMTS/p_qmts_4800/qmts26s2n_h5_inq.cpp,Server/QMTS,backend_source,scanned,True,2ed79f0bf6a2de907255ac6cf5f14232683f7b5529fbcb904dccb48519d82355
Server/QMTS/p_qmts_4800/qmts27_del.cpp,Server/QMTS,backend_source,scanned,True,7f0bb4b76942937866e65ef66626c6c77f67954d58f5261346ea7f1f35245d57
Server/QMTS/p_qmts_4800/qmts27_inq.cpp,Server/QMTS,backend_source,scanned,True,34a19e6a473884d3276670f9abd52dead6008b3673632b53e48f9f4ccc135331
Server/QMTS/p_qmts_4800/qmts27_ins.cpp,Server/QMTS,backend_source,scanned,True,71c7eaa2abe6ceadc122ff3361d245d2f9f8ccae39c5cb62dd5e98bb9497eec6
Server/QMTS/p_qmts_4800/qmts27_mat_detail.cpp,Server/QMTS,backend_source,scanned,True,91f63ebd6345c37e31f2d78ac9cd0956da89000187cf33ac1b1f803cf567be51
Server/QMTS/p_qmts_4800/qmts27_snd_sj.cpp,Server/QMTS,backend_source,scanned,True,36fccd744cbddbc954680af36c1d96370fb92ed564cdfeddc77ee2053e5294ad
Server/QMTS/p_qmts_4800/qmts27_upd.cpp,Server/QMTS,backend_source,scanned,True,c89efbf9a2eb467dc6ab64acbc41b6335809179492a3446f6e578ee59910bbc3
Server/QMTS/p_qmts_4800/qmts28_del.cpp,Server/QMTS,backend_source,scanned,True,6ec2e4d47ebff5e2d8dbe50ede65595731d3e840ec7c7e6258f55101ca3f4c99
Server/QMTS/p_qmts_4800/qmts28_inq.cpp,Server/QMTS,backend_source,scanned,True,d6a6d108baa0ef38fdaae65636f7c2dbbacd6c8921f10ca9b3b615da8bf689a1
Server/QMTS/p_qmts_4800/qmts28_ins.cpp,Server/QMTS,backend_source,scanned,True,356796ef699ebdca2ddbef8d2899fddea6843913b13d5a0ae0fbf739e8af553e
Server/QMTS/p_qmts_4800/qmts28_snd.cpp,Server/QMTS,backend_source,scanned,True,f2add89c9c8069272335651868ea46758a911c977b227943e4e373b170404e91
Server/QMTS/p_qmts_4800/qmts28_upd.cpp,Server/QMTS,backend_source,scanned,True,b2bbd67deeab221166e4e911946d112cdb4358ecca56cc6a8024c3498531a7ac
Server/QMTS/p_qmts_4800/qmts29_chk.cpp,Server/QMTS,backend_source,scanned,True,d3a7a320d1daed7a3d6da076885ca0122289646007d63ea13f11809536b0dfae
Server/QMTS/p_qmts_4800/qmts29_del.cpp,Server/QMTS,backend_source,scanned,True,f9fec66bb1eec67caff073c66674d849da87bd9d444db79146ebafb27430ba4a
Server/QMTS/p_qmts_4800/qmts29_inq.cpp,Server/QMTS,backend_source,scanned,True,ed41f29cdd4daa4f0960909e362f68958ebf60dac090dd0ba79cb3e9bd5dcbcb
Server/QMTS/p_qmts_4800/qmts29_inq_h5.cpp,Server/QMTS,backend_source,scanned,True,91c98fbb5beafe1435c34e06cf3ba07a147593b81ecb3d80376703cf0670e098
Server/QMTS/p_qmts_4800/qmts29_ins.cpp,Server/QMTS,backend_source,scanned,True,e8a4eb36240690f58a46a62602c99ebf7e7e326a3a5498b63624017541ba4bf3
Server/QMTS/p_qmts_4800/qmts29_upd.cpp,Server/QMTS,backend_source,scanned,True,b5fc9e1a7dce0085dc48347716e02606bc0a6e30df29f85f2049e56eeeeae4e2
Server/QMTS/p_qmts_4800/qmts2b_del.cpp,Server/QMTS,backend_source,scanned,True,c82e0d073630a9907f2be25b64e2c3f28c5113f6c2685f50544235088512c20d
Server/QMTS/p_qmts_4800/qmts2b_inq.cpp,Server/QMTS,backend_source,scanned,True,86e0fa6cd1bd8e8eff46fc5fa5dbb887289d381567294f8ea6be5e3ec6d95e98
Server/QMTS/p_qmts_4800/qmts2b_ins.cpp,Server/QMTS,backend_source,scanned,True,93496c05a6f234631d9838414d8f118442f688f7ee71b68cdda66372d483e218
Server/QMTS/p_qmts_4800/qmts2b_upd.cpp,Server/QMTS,backend_source,scanned,True,c11beb1164ab14fd7915a629cecc330ad8e697d422cfe83a06b1c2d3ccdf32fc
Server/QMTS/p_qmts_4800/qmts30_add.cpp,Server/QMTS,backend_source,scanned,True,422353824b372782e119b9de803f25c1e42a0f93a57d1bf9fff8693ffcb22b68
Server/QMTS/p_qmts_4800/qmts30_cp_cz.cpp,Server/QMTS,backend_source,scanned,True,f375942eef864944e3681932099c819fe41d23536473615527b4fc6e265fe1b9
Server/QMTS/p_qmts_4800/qmts30_del.cpp,Server/QMTS,backend_source,scanned,True,c60386cdc0e7622536e8a7084f0f7b537e2da9ff4769bf540c71a3bd9facad51
Server/QMTS/p_qmts_4800/qmts30_inq.cpp,Server/QMTS,backend_source,scanned,True,c5d854e0704852b473781501d79e1f11f8692d844dab2d24f865a07b4fe8d361
Server/QMTS/p_qmts_4800/qmts30_inq_ls.cpp,Server/QMTS,backend_source,scanned,True,934a03c5839ad1e6b5f1e1da31fdc01cb7ee711d808c957c80d60679ff847bb7
Server/QMTS/p_qmts_4800/qmts30_pro.cpp,Server/QMTS,backend_source,scanned,True,3176ce2aef7569e12b45c9f04fc3809ae53523118e2f9431d842603f79673cb4
Server/QMTS/p_qmts_4800/qmts30lc_inq.cpp,Server/QMTS,backend_source,scanned,True,5753eedf63177ceb6ca5e4f835ffc928a44f7ff4c333203e6b33d7b8e8b9f94d
Server/QMTS/p_qmts_4800/qmts30lc_inq_ls.cpp,Server/QMTS,backend_source,scanned,True,48142eb46b8cea5df0c5b61fdf1f80e384a75fd07e6d8f7d0107d4eaed9f9a6a
Server/QMTS/p_qmts_4800/qmts30lc_pro.cpp,Server/QMTS,backend_source,scanned,True,8d099fbc0c4c826561c83a9d5c1051c02e5cf4f3fc4ec5bab5dfe0af37aeb6f3
Server/QMTS/p_qmts_4800/qmts30lh_add.cpp,Server/QMTS,backend_source,scanned,True,ac88279366cd5d8197f883550568e475180d18491d275b62c998ada7381ef4f9
Server/QMTS/p_qmts_4800/qmts30lh_cp_cz.cpp,Server/QMTS,backend_source,scanned,True,5956dfac9d65938ff8c1c04e8db6d9a8e479961b98e19862436a89db1cc659a4
Server/QMTS/p_qmts_4800/qmts30lh_del.cpp,Server/QMTS,backend_source,scanned,True,ec9456a6231f4773c6ef86e65473f786646aab84c606fb4ecd00863aba433ecc
Server/QMTS/p_qmts_4800/qmts9a_del.cpp,Server/QMTS,backend_source,scanned,True,c3f985346e38687cd8c40b93bb51832bb93f754178e0bbd77e9cdeb2271806ac
Server/QMTS/p_qmts_4800/qmts9a_inq.cpp,Server/QMTS,backend_source,scanned,True,1479919a87792411516904dba52edb11cdcdee5bf0fa1824507d62046cfd1e84
Server/QMTS/p_qmts_4800/qmts9a_ins.cpp,Server/QMTS,backend_source,scanned,True,2fa768a57f3c9fda1f39931000d2607241bad404b4e3ac8d3c6cc627b371ed44
Server/QMTS/p_qmts_4800/qmts9a_upd.cpp,Server/QMTS,backend_source,scanned,True,fd39996ccf1c7602cb6566a5f1a39f9d48eca665b470b116d8768d55ea0bc983
Server/QMTS/p_qmts_4800/qmts_get_czdm.cpp,Server/QMTS,backend_source,scanned,True,94b19297e8e4a1fe90d0a7bb817c21f4ccf0e69c50a63e8a69f81846c28c6b2c
Server/QMTS/p_qmts_4800/qmtsb0s2n_inq.cpp,Server/QMTS,backend_source,scanned,True,e71731f341591a6aa314bd3550fe6bc4b51e3bd1ee415f46786736c98052f471
Server/QMTS/p_qmts_4800/qmtsbwu_dy_pro.cpp,Server/QMTS,backend_source,scanned,True,dbdd075b0023dc0d3521c11c5fedbeff0295212c4518836e3485b9a15913a971
Server/QMTS/p_qmts_4800/qmtsbwu_inq.cpp,Server/QMTS,backend_source,scanned,True,074f22e7a343ed6ceba99b526256ba58a7ca162d46664c59119f1bde230ecb03
Server/QMTS/p_qmts_4800/qmtsbwu_ins.cpp,Server/QMTS,backend_source,scanned,True,0b1530f69aad7c17e04801057298c62556427b3a302c84bfa07d1a4981a8d095
Server/QMTS/p_qmts_4800/qmtsbwu_pro.cpp,Server/QMTS,backend_source,scanned,True,50ae3d30b9702334cdfbfc6e658ef07c15d2d934707045315e698c8ac50b8d19
Server/QMTS/p_qmts_4800/qmtscb_add.cpp,Server/QMTS,backend_source,scanned,True,11b498d9783cf2ccf1627aa347d8ba472987dd2f6e5fd0ce80241a1cf460a33a
Server/QMTS/p_qmts_4800/qmtscb_batch.cpp,Server/QMTS,backend_source,scanned,True,711c87da1ee9fee6e07bb8cb933730a355ed443aedaad440c07dcc6822b5381b
Server/QMTS/p_qmts_4800/qmtscb_del.cpp,Server/QMTS,backend_source,scanned,True,7b244c95018cf2aa5cbd2ad82871192a3833ce5d6520f330c88966f5b2831dcc
Server/QMTS/p_qmts_4800/qmtscb_edit.cpp,Server/QMTS,backend_source,scanned,True,465a603b84f14f7cec47f1375869c3bea3123965ae2c5feaf02c388881b5801e
Server/QMTS/p_qmts_4800/qmtscb_inexcel.cpp,Server/QMTS,backend_source,scanned,True,87003c2de1098582d91ec785d67b117c72c57e2f6150dd96dd9658f0bc2604c4
Server/QMTS/p_qmts_4800/qmtscb_inq.cpp,Server/QMTS,backend_source,scanned,True,93a7b2a442d148ef2a74b3d475f4ebee4744ca4e9293c7aca1871db3c9aa51de
Server/QMTS/p_qmts_4800/qmtscb_inqs.cpp,Server/QMTS,backend_source,scanned,True,47fa4d3c170d4875fdf9033fe1099a58df3b9a352a23234e923f0c02b80b3cce
Server/QMTS/p_qmts_4800/qmtscb_inqsamg.cpp,Server/QMTS,backend_source,scanned,True,8cd6d406b79bcc146cf951dca36eabc9b3282ba189138a64f62dfaf963f5bb58
Server/QMTS/p_qmts_4800/qmtscb_inqsaod.cpp,Server/QMTS,backend_source,scanned,True,abbd1f5ac6ca9ce860a0669437d8c1630a9727d21f98e47f321aa072337bc2b5
Server/QMTS/p_qmts_4800/qmtscb_inqseaf.cpp,Server/QMTS,backend_source,scanned,True,3d4482b9a54886f0673005470e7770d5e4ba933f2336430da1625a3e3932bd57
Server/QMTS/p_qmts_4800/qmtslg_inq.cpp,Server/QMTS,backend_source,scanned,True,02677e2c545dc2da03cf7760c6c1935ef5b964de3725b38a5da497748619ae8d
Server/QMTS/p_qmts_4800/qmtssq_inq.cpp,Server/QMTS,backend_source,scanned,True,2e891f03f0f842f00b7c43021a5907f32b4a7c03c71cdc59b6a5b7a743f997d4
Server/QMTS/p_qmts_4800/qmtssq_pro.cpp,Server/QMTS,backend_source,scanned,True,1ca8018bdce7f3694e98b7216488450d83abfe6e4849613c3e1714a7e911dae1
Server/QMTS/p_qmts_4800/qmtssq_upd.cpp,Server/QMTS,backend_source,scanned,True,d2a1fe29b70449fe59ac8cad5aa4563e666cc4b7faf8ff920bf0eb748b7e1c43
Server/QMTS/p_qmts_4800/qmtswg_inq.cpp,Server/QMTS,backend_source,scanned,True,1607a948a0642bd70a80f30741fde61acc71e345b06685feb9f493b47fb14ba1
Server/QMTS/p_qmts_4800/qmtswg_pro.cpp,Server/QMTS,backend_source,scanned,True,ac9bc4d61246149f41e21250cc8048c277ea9968c3d2658eddb517cec4171858
Server/QMTS/p_qmts_4810/cm_32t804_rcv.cpp,Server/QMTS,backend_source,scanned,True,829cfc31676fc7e3c6bc8a1f9c4439f326e0325f8ce08e90ee37cf3ec4e116e1
Server/QMTS/p_qmts_4810/qm_002104_rcv.cpp,Server/QMTS,backend_source,scanned,True,bb9f6a3d0138c673f97c989bf081419f4e3359adf4aa0aa0a60b1568d8387bc8
Server/QMTS/p_qmts_4810/qm_002161_rcv.cpp,Server/QMTS,backend_source,scanned,True,8ee1c3e76f65402ad1c7ea5d18b6842d0194f6d8d668e0f918151adffa4e7e88
Server/QMTS/p_qmts_4810/qm_push_baowu_wb.cpp,Server/QMTS,backend_source,scanned,True,79ae4b36344675bd428581bf2a35155968348bd82f49c5786ad5119fc81cbd9f
Server/QMTS/p_qmts_4810/qmts_form_get.cpp,Server/QMTS,backend_source,scanned,True,8f7c8d2cbfbd1b209a90c90145363242ae75168ee9eeb60e81f148a898810a0d
Server/QMTS/p_qmts_4810/stdafx.cpp,Server/QMTS,backend_source,scanned,False,dca896f6816799b650fb6b3dcbd39ff2342d56784a5a84126058408e759f498d
Server/QMTS/p_qmts_4850/cm_002128_rcv.cpp,Server/QMTS,backend_source,scanned,True,25042662d1975adf087fad979ff4cc6eaa07b018984290b633378b333596abf0
Server/QMTS/p_qmts_4850/cm_002133_rcv.cpp,Server/QMTS,backend_source,scanned,True,244868be70163e8dc123410f679f29521f204b29205b532660dd685cbc168d0c
Server/QMTS/p_qmts_4850/cm_002161_rcv.cpp,Server/QMTS,backend_source,scanned,True,32706d868dfb1186d022155d305e3ae623be62e31b3b1b1e19f949beb32407fc
Server/QMTS/p_qmts_4850/cm_0rt802_rcv.cpp,Server/QMTS,backend_source,scanned,True,b9d95e4e68ccbbb4f43e3bc7f16c5d55f223d5fc3a916f15b1d53cee796ab04b
Server/QMTS/p_qmts_4850/cm_0rt803_rcv.cpp,Server/QMTS,backend_source,scanned,True,01c122d6692d63fedf7331fbdeb432e925e01a1935f08d3d4280157dbffb50c8
Server/QMTS/p_qmts_4850/cm_0rt804_rcv.cpp,Server/QMTS,backend_source,scanned,True,799bddbb7f9512907f25a5a77129757b9430d9030ce45c7786ee3b0a5b346408
Server/QMTS/p_qmts_4850/cm_0rt805_rcv.cpp,Server/QMTS,backend_source,scanned,True,29e7b8d49b464cf1dceb9348ffbcac33b85ebec2edacd215ba06d6897c2686c6
Server/QMTS/p_qmts_4850/cm_210003_rcv.cpp,Server/QMTS,backend_source,scanned,True,94cc45663102c7937b1b9649fa3be1c61268242836faefe18d5caf0e08d8d1ff
Server/QMTS/p_qmts_4850/cm_e2t8q1_rcv.cpp,Server/QMTS,backend_source,scanned,True,c06edd5537abab0f2d3e546c133d9c031afd629e9df2b74dc5b4b930540813a9
Server/QMTS/p_qmts_4850/f_002103_snd.cpp,Server/QMTS,backend_source,scanned,True,97e4e94d595bc6a0ee3c73753ccc73b10067a042db5b275bfc0a97cd1c818a0e
Server/QMTS/p_qmts_4850/f_qm_002113_snd.cpp,Server/QMTS,backend_source,scanned,True,e4c47e063e712eb0f9a35fa043175d680c35f7d72d6706d5b688f7a53b7e4cd0
Server/QMTS/p_qmts_4850/f_qm_002114_snd.cpp,Server/QMTS,backend_source,scanned,True,52a4b5e4886a2fcbe78e57b4bfb0203d66dc54ddf982cc14716f07cf48fdadd2
Server/QMTS/p_qmts_4850/f_qm_002115_snd.cpp,Server/QMTS,backend_source,scanned,True,367bc72731374382745915661e121e69bcaddff208cf1a9563a11c3d8f40261a
Server/QMTS/p_qmts_4850/f_qm_002116_snd.cpp,Server/QMTS,backend_source,scanned,True,ada2926e8f421568667b279d9afd0ba2ddde228bdeb3c221889fd414a767f738
Server/QMTS/p_qmts_4850/f_qm_002117_snd.cpp,Server/QMTS,backend_source,scanned,True,a2406c24f94b0e98d2ee1602f66d337264bca38d0b9c3e3a33bc5fd129793774
Server/QMTS/p_qmts_4850/f_qm_002118_snd.cpp,Server/QMTS,backend_source,scanned,True,1d912e9bb719d0b1ae4035dd2e1e0ca98ceeb20fb58b9589bec95df0003cf6c8
Server/QMTS/p_qmts_4850/f_qm_002119_snd.cpp,Server/QMTS,backend_source,scanned,True,8ed0a2df71a20cc52d1a1a1f9227ec1345809d3f7b7065e1e7deda3e3752f846
Server/QMTS/p_qmts_4850/f_qm_002120_snd.cpp,Server/QMTS,backend_source,scanned,True,1373ffffabe91f41011bcf13649ef136f5e3a8a4496104ff134b9f1d80002ec2
Server/QMTS/p_qmts_4850/f_qm_002121_snd.cpp,Server/QMTS,backend_source,scanned,True,25213642898b31c6732d959a945dcc2d801eaebd8c807b6dde457096612e8f97
Server/QMTS/p_qmts_4850/f_qm_002122_snd.cpp,Server/QMTS,backend_source,scanned,True,68533a0f0fd39a27c7a7ed35d0195eb048c30cacb6472df848fa29da3e17ebd7
Server/QMTS/p_qmts_4850/f_qm_002123_snd.cpp,Server/QMTS,backend_source,scanned,True,1222cf62ebf4fc3e965e78de098183476aeef3d20f86c8ead0562092b92666e1
Server/QMTS/p_qmts_4850/f_qm_002156_snd.cpp,Server/QMTS,backend_source,scanned,True,16d0ef90ae092bcd756f5996db3e4ad39d3d8a5ebbab1434f716e7eb2d5b4a4d
Server/QMTS/p_qmts_4850/qm_002110_rcv.cpp,Server/QMTS,backend_source,scanned,True,394962efd6c617e2d88633163191b82ae91ef6c35df1f2a9d3dc75a4853ea6a5
Server/QMTS/p_qmts_4850/qm_002111_rcv.cpp,Server/QMTS,backend_source,scanned,True,8043c256bfa852a88e72fb09f5953f3b2510ee2e0667e5403580ff5cf623eaf1
Server/QMTS/p_qmts_4850/qm_002112_rcv.cpp,Server/QMTS,backend_source,scanned,True,f4512a339753cf21e7aae4eaff2d80f8d8b67d2495eb2247bc52e3b77675ccd0
Server/QMTS/p_qmts_4850/qm_002113_rcv.cpp,Server/QMTS,backend_source,scanned,True,5beaf9c0f2a50d9837d4f43126bdf0715404225b73a66eb2f699670c78eb7d41
Server/QMTS/p_qmts_4850/qm_002114_rcv.cpp,Server/QMTS,backend_source,scanned,True,784bf16ba58cfc2c4afa5e31d99da8a2d9f349a732e91734c6799e1fe21bcce2
Server/QMTS/p_qmts_4850/qm_002115_rcv.cpp,Server/QMTS,backend_source,scanned,True,d3a7f82bf08ebee835b84ca5b02b0e4baf273fc7c023970754bd8d73dfef7750
Server/QMTS/p_qmts_4850/qm_002116_rcv.cpp,Server/QMTS,backend_source,scanned,True,b17d98e8ca34ea24da4af20ad68611f95ef102d4a7d652588720be0bb03d3548
Server/QMTS/p_qmts_4850/qm_002117_rcv.cpp,Server/QMTS,backend_source,scanned,True,50a57e59a0a53f94dede4250da6ef731ebcb9ecc4dedc24e5339a69536793ae5
Server/QMTS/p_qmts_4850/qm_002118_rcv.cpp,Server/QMTS,backend_source,scanned,True,ee3bfed1e7d2c30733232ad87dc65d06c8b011516094e491546b73a535e32bbe
Server/QMTS/p_qmts_4850/qm_002119_rcv.cpp,Server/QMTS,backend_source,scanned,True,7e90f2a17658c451805d2588611df292c477e4f1ca5c826ec261a0651e7bae71
Server/QMTS/p_qmts_4850/qm_002120_rcv.cpp,Server/QMTS,backend_source,scanned,True,3113d41d6ecf84afdf893f47c8f05fad40aa087446842920ad3625e7b779ed9f
Server/QMTS/p_qmts_4850/qm_002121_rcv.cpp,Server/QMTS,backend_source,scanned,True,e92ca33a1773a2cc3b5c1a213259619283847a1e8bb4ae2b9f61641fee1376a2
Server/QMTS/p_qmts_4850/qm_002122_rcv.cpp,Server/QMTS,backend_source,scanned,True,b617a931e35bd0acf4fb705fa2d30334905673bb8f71f76b9c16371cf8325130
Server/QMTS/p_qmts_4850/qm_002123_rcv.cpp,Server/QMTS,backend_source,scanned,True,6aace84e884103aaeeb6c1a566e5dd013b81e4dafb9b1abfc6dfcb8f65a693ae
Server/QMTS/p_qmts_4850/qm_002156_rcv.cpp,Server/QMTS,backend_source,scanned,True,d0fa64bd74c836fae303f3d209aa2fddf4ee21896228d6ef0deff6668e71f977
Server/QMTS/p_qmts_4850/qm_002159_rcv.cpp,Server/QMTS,backend_source,scanned,True,1eae176aa06af92ac76c72831aaab4456cb680a19feff2e9bd1da0ddbed80663
Server/QMTS/p_qmts_4850/qm_23t801_rcv.cpp,Server/QMTS,backend_source,scanned,True,48848499a0a7b604f65dcba54c3e59478eaec1f5dbb2a36d2cf3de02da861a9d
Server/QMTS/p_qmts_4850/qm_23t802_rcv.cpp,Server/QMTS,backend_source,scanned,True,185aee157c11741686034928f2a2d10791fba3a21f8110f067eb1dc96f706e2f
Server/QMTS/p_qmts_4850/qm_23t803_rcv.cpp,Server/QMTS,backend_source,scanned,True,4c728300d45e393f5f82e212a7f60cb1063d82949c0da76babda4449a5345254
Server/QMTS/p_qmts_4850/qm_ej2101_rcv.cpp,Server/QMTS,backend_source,scanned,True,cd4a8da3a7f230a0a1963ecd650ee56d5345d890e609025380d0b45e5e6a8d21
Server/QMTS/p_qmts_4860/cm_qxsm01_rcv.cpp,Server/QMTS,backend_source,scanned,True,e59d8558d96846531ce150cc86326fb9ca496e58e242c8f091671555c6869650
Server/QMTS/p_qmts_4860/cm_qxsm02_rcv.cpp,Server/QMTS,backend_source,scanned,True,55f8e36952f104d59ae7adadac35414147c1b3b794267c305c181ebc8c02bcec
Server/QMTS/p_qmts_4860/f_mmsm_hjjrl_proc.cpp,Server/QMTS,backend_source,scanned,True,96604d2b2356a84aa1d67761025f32ca227847d711f509827cf4a04ae5bdf178
Server/QMTS/p_qmts_4860/form_helper.cpp,Server/QMTS,backend_source,scanned,True,80c7b8e7dd04af483cc43ca1a0f345d808dda5db7c439c8c95fb6e7bb8debe57
Server/QMTS/p_qmts_4860/mmsm_bc_pro.cpp,Server/QMTS,backend_source,scanned,True,3fc989f2bba19c7db8fba08f77e58fc4187e4af9cda4ddd8f28ba5819b89f639
Server/QMTS/p_qmts_4860/mmsm_drcl_pro.cpp,Server/QMTS,backend_source,scanned,True,fc08a94e56658e53c69f8b6b83acb4f79b84fb08fc56c7d53ab4b903b0566b3c
Server/QMTS/p_qmts_4860/mmsm_fglc_pro.cpp,Server/QMTS,backend_source,scanned,True,5e183717bbc3feba1d250d050f510ce4d296b8214d96f91b83145fa7a1b1f664
Server/QMTS/p_qmts_4860/mmsm_hc_pro.cpp,Server/QMTS,backend_source,scanned,True,3a712a7301cbd952bdc522d14110ba6b1a35233fb9ed48c70ab82ee84b57ad2a
Server/QMTS/p_qmts_4860/mmsm_lc_pro.cpp,Server/QMTS,backend_source,scanned,True,208804007c030c67d6c0d48191d81a626958d57ae4aa3b407e44140597e1b577
Server/QMTS/p_qmts_4860/mmsm_mrts_pro.cpp,Server/QMTS,backend_source,scanned,True,bcaa6c0e2aae7c4597f1ecc798399033a0ee9f9fe19c41b62a51781a0c8bbc63
Server/QMTS/p_qmts_4860/mmsm_onezp_pro.cpp,Server/QMTS,backend_source,scanned,True,020b54ad7731f932c32c740fdfdfb6632fe53d9d1286383806aff90b1d8e0b61
Server/QMTS/p_qmts_4860/mmsm_sjgl_pro.cpp,Server/QMTS,backend_source,scanned,True,db3b68aa034030e84926b78c6fd0feeb05001bf96e584e4f0137612afa202d5d
Server/QMTS/p_qmts_4860/mmsm_threezp_pro.cpp,Server/QMTS,backend_source,scanned,True,692a0b4bf3e181a3b5e2799253341551ff055db5c00a046ead5a25922585ca5b
Server/QMTS/p_qmts_4860/mmsm_twozp_pro.cpp,Server/QMTS,backend_source,scanned,True,5dc6fcd4aeacc9cd5925a1a6261e8864fa778c4b1734f1d388c7a7d957d4d76e
Server/QMTS/p_qmts_4860/mmsm_wlxxsb_pro.cpp,Server/QMTS,backend_source,scanned,True,7e6be45bd97f50aa6b026be4b9076029d9eadf34485f42246d3a951b4d07b844
Server/QMTS/p_qmts_4860/mmsm_xium_pro.cpp,Server/QMTS,backend_source,scanned,True,339fe5e5692cb9a582fb1a1e033abf448829373e95a631cf3e10ad8c850aa867
Server/QMTS/p_qmts_4860/mmsm_yl_kc_pro.cpp,Server/QMTS,backend_source,scanned,True,9493d9c93d1feb42976dbb1ae11475fe15a2219984786c12517b0519949eeaa2
Server/QMTS/p_qmts_4860/qmbs_test.cpp,Server/QMTS,backend_source,scanned,True,0beb55d0d710757ebcb4a192ec1bd10718c2fb0fbe2d5c60bb3d442b500d8a7e
Server/QMTS/p_qmts_4860/qmts27_nq_inq.cpp,Server/QMTS,backend_source,scanned,True,880c933cd17e04eeb6723cdbacb59784026bbb8065fe569d82bc8b7dd66bd464
Server/QMTS/p_qmts_4860/qmts_chem_qc.cpp,Server/QMTS,backend_source,scanned,True,8e4fcd9b3fbb8a84851402894484da5f3baaf0f6a1bd212bb2486073a031d24a
Server/QMTS/p_qmts_4860/qmts_dyts_pro.cpp,Server/QMTS,backend_source,scanned,True,11d19b59afcf87c863b6d8fedf40ef817792c61e5012fbc2d84fbc9485ec449e
Server/QMTS/p_qmts_4860/qmts_form_get.cpp,Server/QMTS,backend_source,scanned,True,8f7c8d2cbfbd1b209a90c90145363242ae75168ee9eeb60e81f148a898810a0d
Server/QMTS/p_qmts_4860/qmts_nqsj_pro.cpp,Server/QMTS,backend_source,scanned,True,27d69193a8008ef3f0bda042b1b267f258670da638d9cb0d309a4ff47fbe811b
Server/QMTS/p_qmts_4860/qmts_nqsjday_pro.cpp,Server/QMTS,backend_source,scanned,True,1b3fd4bc09e9fc30bde5dfb15294ce5bf26ca156784429458b67fd755a5bb528
Server/QMTS/p_qmts_4860/qmts_qm_test.cpp,Server/QMTS,backend_source,scanned,True,2ea64463388688cfa23c065af377d783cdec4f2a7875f31bd4dad8f50042c4b7
Server/QMTS/p_qmts_4860/qmts_qm_test2.cpp,Server/QMTS,backend_source,scanned,True,3cad9c9fd4dcaa1e368f72a208c184f1426d01778644ad56e64d1dab2dc7d785
Server/QMTS/p_qmts_4860/qmts_qm_test3.cpp,Server/QMTS,backend_source,scanned,True,3423cf68d82731988ac8423d2a956b4c9b034714adf30cafc51f5a70fbcef193
Server/QMTS/p_qmts_4860/qmts_qm_test4.cpp,Server/QMTS,backend_source,scanned,True,aa3a02ec0e12df786b1f15c31f6c23b89288d9ed6ab16f8c38ffcd44455e1cc5
Server/QMTS/p_qmts_4860/qmts_qm_test5.cpp,Server/QMTS,backend_source,scanned,True,64889aed412d7b5bc26c28f2d89cdce6a25a60fa291a51afc819fdea8512345a
Server/QMTS/p_qmts_4860/qmts_qm_test6.cpp,Server/QMTS,backend_source,scanned,True,7e9bd4167b30a5c3cfcf2e0176473f7a38d12c9ff8bfcaa07298ecc8cc1cae44
Server/QMTS/p_qmts_4860/qmts_tmsm203_ts.cpp,Server/QMTS,backend_source,scanned,True,4947a4d36420dc10c8132fbdc466968138f601022f937d53dddd3f42312554f2
Server/QMTS/p_qmts_4860/wmsm_chbj_pro.cpp,Server/QMTS,backend_source,scanned,True,5e3627eb12c654c809550d14b50e9a0e62f28be6f9c96efd35a30124c3731ae9
Server/SM00/.env.production,Server/SM00,environment_config_values_not_exported,scanned,True,39c2d14d198aedab3050d25f32fa509e5d1538b460f5fde2c693d945e640ae27
Server/SM00/.gitignore,Server/SM00,backend_source,scanned,False,168b695ee2329648ea1a0cf0a25d2639c5459ae5f63eccf64302aaaef259e3a4
Server/SM00/.vscode/settings.json,Server/SM00,config_or_resource,scanned,False,83de1c525e74033f7864b25fa68815340f22366846ea5739a4769a0f860a52ad
Server/SM00/README.md,Server/SM00,document_or_log,scanned,False,b8ecbf15b2748b3fd9bec0f7445cd17f858fc37c5fc017a32855599756b0d7e5
Server/SM00/libSM00/f_00xxa1_rcv.cpp,Server/SM00,backend_source,scanned,True,0f6e846687cfc58607dcfad4846564654079bb9eacf82acc1d2878c9c8ba1890
Server/SM00/libSM00/f_00xxa2_rcv.cpp,Server/SM00,backend_source,scanned,True,e771a0342fa9e627cee0289ae266d9e501bab217d9cc8671919f67eb1936c6b4
Server/SM00/libSM00/f_00xxsa_rcv.cpp,Server/SM00,backend_source,scanned,True,ca2a48d52875949621a78ac6fdfade14d1c0be3c34c4267d5aae4663453a31d3
Server/SM00/libSM00/f_00xxsb_rcv.cpp,Server/SM00,backend_source,scanned,True,9f3e33cc37b26a1cfc6f77dcfbe23359a5f03ba123f304b8230eb477c3345555
Server/SM00/libSM00/f_00xxsc_rcv.cpp,Server/SM00,backend_source,scanned,True,721449e56376d89ae2e386bbd3eab0859dcc6dc4f0023a4f70eeb4ec8fbd4d13
Server/SM00/libSM00/f_paxx01_rcv.cpp,Server/SM00,backend_source,scanned,True,4bfcb1aebff1a5c61868fb9a3d426e661fe1d23c96bbf09aec772a1ec8aa7fee
Server/SM00/libSM00/f_paxx02_rcv.cpp,Server/SM00,backend_source,scanned,True,6b9bca1124b3488a9c6b87e8ac03ac7b429e2162875c2254cd1e25de6544a5d7
Server/SM00/libSM00/f_sm00_bill_deliver.cpp,Server/SM00,backend_source,scanned,True,f6272013a9686f9090e3e9aae8d9784ce264c3d909dfa6e30a555b1f6874b744
Server/SM00/libSM00/f_sm00_bill_deliver_01.cpp,Server/SM00,backend_source,scanned,True,35656e816a2d90f7273a9fa3dd86f9b30edbe218047930f93e5f1dbed42d4290
Server/SM00/libSM00/f_sm00_bill_deliver_02.cpp,Server/SM00,backend_source,scanned,True,14ab67c8974f9113ac1b1c21c85cc022238b9fccafee134e0f1e8f0b82bad679
Server/SM00/libSM00/f_sm00_confirm.cpp,Server/SM00,backend_source,scanned,True,264132113525cf336fe6c036847920f2616e116379593fbc3081f7ba8efe35a1
Server/SM00/libSM00/f_sm00_count.cpp,Server/SM00,backend_source,scanned,True,ff77b7fc90a937e7ff075c8d0db444e3ed72785357310caed8d30ac533129910
Server/SM00/libSM00/f_sm00_hold_flag_chk.cpp,Server/SM00,backend_source,scanned,True,5c9d50e42b1d44cdb0dd6fad3ada2674617b77b5856fefe54ccb18c00f9a2591
Server/SM00/libSM00/f_sm00_jlxxsj_rcv.cpp,Server/SM00,backend_source,scanned,True,f203fc7a8908cc093188bf9527302b10f753c9bdb2a8acbd07eed37fcc780bbe
Server/SM00/libSM00/f_sm00_load_wt_check.cpp,Server/SM00,backend_source,scanned,True,79f67608c94b9c053f590c9266fa49d4b5a4c638590a1251f1f0854a8685ebf2
Server/SM00/libSM00/f_sm00_madan_red.cpp,Server/SM00,backend_source,scanned,True,4a042ad0c65a10ae712b25a7baf923a2b71df642b969f650d012ecd57e630ebd
Server/SM00/libSM00/f_sm00_mat_check.cpp,Server/SM00,backend_source,scanned,True,3d44df037169e1bcbe17e3a0bf60507fa68d306e3690e0b4f8c4eeb82b2ced70
Server/SM00/libSM00/f_sm00_md_create.cpp,Server/SM00,backend_source,scanned,True,fe23ed2593cf954c1edb20133590d1976d6b6b41997e6266fec46691ccf3268f
Server/SM00/libSM00/f_sm00_md_del.cpp,Server/SM00,backend_source,scanned,True,ca8e34e510ab82003790d507485a9400127476a58a0db3fbd175eb0cfc9245b8
Server/SM00/libSM00/f_sm00_md_no.cpp,Server/SM00,backend_source,scanned,True,94c0a16a524e2de726b4042f8b6b7bdf451adfd286549f9723027077f01ed4bc
Server/SM00/libSM00/f_sm00_md_ok.cpp,Server/SM00,backend_source,scanned,True,6c5790f5aa011f37e6972fb928004803c3067c24efd62e0e32fda15389c5fc38
Server/SM00/libSM00/f_sm00_mm99.cpp,Server/SM00,backend_source,scanned,True,f82cc811d2169a1c65c540868fbcb8d1b017436030d87ce051a444a50c31eec4
Server/SM00/libSM00/f_sm00_plan_mat.cpp,Server/SM00,backend_source,scanned,True,975fa5fb09488f4dd2480e29f390ce80ff684732967e1197002202375a6b6c70
Server/SM00/libSM00/f_sm00_plan_mat_add.cpp,Server/SM00,backend_source,scanned,True,fc28e0eb85921fe19f9b1730e75684f35e3d212750b6f52bde82f9104f02c04e
Server/SM00/libSM00/f_sm00_plan_mat_aim.cpp,Server/SM00,backend_source,scanned,True,843a7ae55c0730f5111135661e2253f94dea7398ea9bf347babe2f5083f68719
Server/SM00/libSM00/f_sm00_plan_mat_del.cpp,Server/SM00,backend_source,scanned,True,2d96c50f78c9a15b4877c6de4be7e30ea5c56a54b222b667fd79b84acf5e2c05
Server/SM00/libSM00/f_sm00_plan_place.cpp,Server/SM00,backend_source,scanned,True,772ff1f63d0fcc7bfa9b3ddd2021804a4e797ebd41f31099686715315f573024
Server/SM00/libSM00/f_sm00_ready_incept.cpp,Server/SM00,backend_source,scanned,True,f2f45731daddc62858510c18976dbe1f141009bbc65420d3e6e78210b558c116
Server/SM00/libSM00/f_sm00_record.cpp,Server/SM00,backend_source,scanned,True,4a5f858e5f5750edc90399e1114b5efd99433cb8114380efa69c7ad243f4e6b1
Server/SM00/libSM00/f_sm00_stock_in.cpp,Server/SM00,backend_source,scanned,True,7acb9a4062f47798cb706ae1fbc5196cefa7045bd12f65dacff05dd053590f75
Server/SM00/libSM00/f_sm00_xxjlwt_snd.cpp,Server/SM00,backend_source,scanned,True,fd47534ea30ef390fa598ca9bbe3a9edd4a6f36ac3bb227ceaf1e30efa69f116
Server/SM00/libSM00/f_smxx01_rcv.cpp,Server/SM00,backend_source,scanned,True,71994c2a7142f6c87e9d0a2811388611eb20fbbd86861f9fa3542e5910edc8a9
Server/SM00/libSM00/f_smxx02_rcv.cpp,Server/SM00,backend_source,scanned,True,5320627777a0bdd1c1f12bbdba0e7c5247f4b99746ffb28d27dba5aee58182a1
Server/SM00/libSM00/f_xx00s4_snd.cpp,Server/SM00,backend_source,scanned,True,15c3da378973a6ca0162cf46611b6ac6ddf35a7c55cd5205340ec159d0391f2f
Server/SM00/libSM00/f_xxpa03_snd.cpp,Server/SM00,backend_source,scanned,True,4fe9d652316b7e3cf12e2b77d5e5bee3fc2ac238368e38c40db9f6abff027bec
Server/SM00/libSM00/f_xxpa04_snd.cpp,Server/SM00,backend_source,scanned,True,f125622695db3380a73f6015d130a74bfdd8e0594503008736ef9b811884fd09
Server/SM00/libSM00/f_xxpa07_snd.cpp,Server/SM00,backend_source,scanned,True,1af328a39111fa9327c9098c61a44e5c2c6cf1ec5e4563f0d9a21f5c47cf7a24
Server/SM00/libSM00/f_xxsm01_snd.cpp,Server/SM00,backend_source,scanned,True,6ae95949745702ce7e1b678ce90852117200273c0a4f81089c0d8355035a0eaf
Server/SM00/libSM00/f_xxsm02_snd.cpp,Server/SM00,backend_source,scanned,True,09aa0adb54644509e01cc172551ff84d9b33d9715f156fb5e22ab5bbd192c6c7
Server/SM00/libSM00/f_xxsm04_snd.cpp,Server/SM00,backend_source,scanned,True,339c838202536a3846d2c671f7e8628fb31b95b00c413b8a13e881e8f04dd406
Server/SM00/libSM00/f_xxsm05_snd.cpp,Server/SM00,backend_source,scanned,True,73a2ded0744a7c3034d0bc44fd0c727291e5cd2fd933924a1f8ea997a995e7d9
Server/SM00/p_sm00_25900/sm0000_stock.cpp,Server/SM00,backend_source,scanned,True,b3c1553816dea07982ad089e1c35197520f3dd2c4e9f77e966db6b8b131c3725
Server/SM00/p_sm00_25900/sm0001_billno.cpp,Server/SM00,backend_source,scanned,True,c39ea56ba86fc94e5c14f2dff36c7585c10d7128218d6a29a54c09ca37fc483d
Server/SM00/p_sm00_25900/sm0001_del.cpp,Server/SM00,backend_source,scanned,True,d7954a93efb0a18b273efb6207866097872c9785c5defbd0484623b2a672eec6
Server/SM00/p_sm00_25900/sm0001_do_b.cpp,Server/SM00,backend_source,scanned,True,a8ad3e07fbe3a8e3dcbede834b077997835ecdd955dbf0f8443d191f77dd7e9c
Server/SM00/p_sm00_25900/sm0001_do_p.cpp,Server/SM00,backend_source,scanned,True,3e1ed0200ca4832bb318e6d698269df10e8c0ca57da7d1e4560899a286e458af
Server/SM00/p_sm00_25900/sm0001_inq_b.cpp,Server/SM00,backend_source,scanned,True,14500fa58b60d0b7224d54d56363049343f223509edaf8dbdee6bfec85c2c18d
Server/SM00/p_sm00_25900/sm0001_inq_m.cpp,Server/SM00,backend_source,scanned,True,dbf9d659440b52064fa5598eeb2e751f6661895c64a459cc5aec722289aaaa72
Server/SM00/p_sm00_25900/sm0001_inq_p.cpp,Server/SM00,backend_source,scanned,True,061b5748fc7f1e3f3be4adf1dfac97a813e0292bee1638ac4a14791eece7f8af
Server/SM00/p_sm00_25900/sm0001_planno.cpp,Server/SM00,backend_source,scanned,True,4c9b09a292ebd0f6d0111a8acded3386f7b6a43d4d23ed556374cbead00dfcf3
Server/SM00/p_sm00_25900/sm0001_red_req.cpp,Server/SM00,backend_source,scanned,True,ae83920f76071c3d86bad33c000a1c022fe59b1ec2d252c0137bee10172423a8
Server/SM00/p_sm00_25900/sm0001_rel_b.cpp,Server/SM00,backend_source,scanned,True,0480f2429fe0552ebc502f8f417114d2d1f080fb84c8eb8efeca8d67b8b473e1
Server/SM00/p_sm00_25900/sm0001_rel_p.cpp,Server/SM00,backend_source,scanned,True,a4a1ef1ed1b37647bf4e885aac12361508a2e9714122c85716980c6842df1658
Server/SM00/p_sm00_25900/sm0003_inq.cpp,Server/SM00,backend_source,scanned,True,4209310d957d47fd3a6eca06edc277409a2026c242fcaa62735bbc9ae5363ea8
Server/SM00/p_sm00_25900/sm0003ab_in.cpp,Server/SM00,backend_source,scanned,True,2547e761378873863b4a73e19c1fc9825a9976b0469c7bc20a342558fa943755
Server/SM00/p_sm00_25900/sm0003ab_inq1.cpp,Server/SM00,backend_source,scanned,True,cbf028fb85b83dcf330d809842cc6e4d689b6167222fd847de0bab654ca153f8
Server/SM00/p_sm00_25900/sm0003ab_inq2.cpp,Server/SM00,backend_source,scanned,True,757f42d22e564c8d264beb9a3a39e37e2ebd7f816c7dd7d1e981a423682a8307
Server/SM00/p_sm00_25910/cm_0000sd_rcv.cpp,Server/SM00,backend_source,scanned,True,778c9a609aaba4bb42dd4dcf2e8f78340c4df5a8ae144f7528c695c715d0ca3e
Server/SM00/p_sm00_25910/sm0002_billno.cpp,Server/SM00,backend_source,scanned,True,6f4286a71da444099e19079051bc1a279817973d4a22dd8a78d5c9389834896a
Server/SM00/p_sm00_25910/sm0002_inq_b.cpp,Server/SM00,backend_source,scanned,True,c0fd0841b38a687a5e6d8a493c1a04fe39e9bc32c92eb3135cced4ca6403a41f
Server/SM00/p_sm00_25910/sm0002_planno.cpp,Server/SM00,backend_source,scanned,True,ca2986dcb3d69994df16e345ceab6a25958155d74b8336c8d33d131e54bdfd03
Server/SM00/p_sm00_25910/sm0004_inq_a.cpp,Server/SM00,backend_source,scanned,True,06f596a4a0e1b10944b58ba367757440bc45441a2a6db7f2c4f1d5d362e49576
Server/SM00/p_sm00_25910/sm0004_inq_d.cpp,Server/SM00,backend_source,scanned,True,89320bbcf953701b29ede8dfe7a139121753fb5652cbe1d7eebc97d084aa544f
Server/SM00/p_sm00_25910/sm0004_inq_m.cpp,Server/SM00,backend_source,scanned,True,00cdf0ac41c62c15a7ab567f0c28817a32ab758a68c0f9577c3ae547aefa4d62
Server/SM00/p_sm00_25910/sm0004_invo.cpp,Server/SM00,backend_source,scanned,True,9615d7e534793ef6b1c973c48ed7611463a21d8676019c3a663101ce7a74bd12
Server/SM00/p_sm00_25910/sm0004_print_update.cpp,Server/SM00,backend_source,scanned,True,f490ffd9838787d18780ae26fbcc6e06536632ce7d599a21a5dc63cedcce6ded
Server/SM00/p_sm00_25910/sm0004_rpt_inq.cpp,Server/SM00,backend_source,scanned,True,05037b6658b5c23c22dae3978d22a957fd13adc881da719230e97bd11bd99d7e
Server/SM00/p_sm00_25910/sm0004_rpt_inq2.cpp,Server/SM00,backend_source,scanned,True,991c2c4a88ad57d51c44eded416d8e53be6ff57b5d082a2b708460838793685d
Server/SM00/p_sm00_25910/sm0006_inq.cpp,Server/SM00,backend_source,scanned,True,cbd24bae9426d42823de68246409bb2c3b27c5ce0740e7395b6aed1ea4a1424c
Server/SM00/p_sm00_25910/sm0006_inq1.cpp,Server/SM00,backend_source,scanned,True,6da53b2fc77a0940faf2290ee556972a040c1df3d3482350145544a406cc65f7
Server/SM00/p_sm00_25910/sm0006_put.cpp,Server/SM00,backend_source,scanned,True,713656a15a92e9d0bb759e32c1825f1647feee21f139f1657dedb1e8bae780e0
Server/SM00/p_sm00_25910/sm0006_trace.cpp,Server/SM00,backend_source,scanned,True,01ffca83036f6557aab69716e49c8680b50391622c453dcc58851613f87cc14a
Server/SM00/p_sm00_25910/sm0008_inq_detail.cpp,Server/SM00,backend_source,scanned,True,dbdd105630062fb8b8bb59ab1e12dd37ca92b57a8fae33aceee381867bb536df
Server/SM00/p_sm00_25910/sm0008_inq_master.cpp,Server/SM00,backend_source,scanned,True,4676e2f12c09f807cdd832e05eb9c66e0b45b2ab5873350a215f5340fba60533
Server/SM00/p_sm00_25910/sm0008_inq_mat_aim.cpp,Server/SM00,backend_source,scanned,True,44b1ca403e7d834176042526379b0688e163860605d7dd94b9318618124ef99e
Server/SM00/p_sm00_25910/sm0008_inq_place.cpp,Server/SM00,backend_source,scanned,True,b18e174b21f375e836369618aaa831420d2a120915c4432408be39212a81dad0
Server/SM00/p_sm00_25910/sm0008_inq_vehicle.cpp,Server/SM00,backend_source,scanned,True,9adf62cd5499549ca2f36b9f4107710908ff80052a4d6f40615e5c0e58b86f7a
Server/SM00/p_sm00_25910/sm0008_pro.cpp,Server/SM00,backend_source,scanned,True,d1162d4c28a2fa643c559e71b3119f632533e361a5e6809890e6e5fd0721342c
Server/SM00/p_sm00_25910/sm0008_pro_check.cpp,Server/SM00,backend_source,scanned,True,b7ddda7f302c8e7684d1b9e20c74df856375f753f5734ef290c562ef51c59e5a
Server/SM00/p_sm00_25910/sm0008_upd_dn.cpp,Server/SM00,backend_source,scanned,True,3f346fbeeb67f0beed400277e4bffbd26f574491a6e1a849b650da6f44c91a75
Server/SM00/p_sm00_25910/sm0008_upd_up.cpp,Server/SM00,backend_source,scanned,True,fb3be84a63830c8a29362f753b41b6905223cd430a7e3b3fcdbdc505080b377d
Server/SM00/p_sm00_25910/sm0015_del.cpp,Server/SM00,backend_source,scanned,True,f0d4d140c4330073b767faeb0abce2c989e7724f392d30405cc965cb0f7f4337
Server/SM00/p_sm00_25910/sm0015_inq_detail.cpp,Server/SM00,backend_source,scanned,True,3faffa53f9ce981bd8b6f316eedfc37247e14a0aae3fbd406d185ad8d93fe8ee
Server/SM00/p_sm00_25910/sm0015_inq_master.cpp,Server/SM00,backend_source,scanned,True,4c2cdc03a859a4e0d3437b6c87664d7962b70e7e327f9d52d7be134a625ca7c7
Server/SM00/p_sm00_25910/sm0015_md_ok.cpp,Server/SM00,backend_source,scanned,True,b804fe581572fdb614458f9af32a104b6417ee16fec03be114ec5c912c9cd336
Server/SM00/p_sm00_25910/sm0015_up_vehicle.cpp,Server/SM00,backend_source,scanned,True,28ea539e6598e303de21897e408883694f98508f7eeb838b31b60f97cf8b53cf
Server/SM00/p_sm00_25910/sm0099_inq.cpp,Server/SM00,backend_source,scanned,True,7e2b7d8437569b9aa127076248a19543f1a6a470192d43e0377294e4c7626119
Server/SM00/p_sm00_25910/sm00_form_get.cpp,Server/SM00,backend_source,scanned,True,f7532b5ffc7373158f82ae805cb6355d0335194b72bdc725acac561c2c8826c9
Server/SM00/p_sm00_25910/sm00_inq.cpp,Server/SM00,backend_source,scanned,True,ac22d5540a5d418e734b78e8b7d730b57aef211e39484392384c9a135a33e0a9
Server/SM00/p_sm00_25910/sm00_save.cpp,Server/SM00,backend_source,scanned,True,6c04184982b3363c60ca9e49883c83c507ab78b24fb66d43a56cbc817d840351
Server/SM00/p_sm00_25910/sm00a8_del.cpp,Server/SM00,backend_source,scanned,True,1861d69a75443cf63166de3acdd6a5fcd899f3d37ab39e0d5c148926de33a024
Server/SM00/p_sm00_25910/sm00a8_inq.cpp,Server/SM00,backend_source,scanned,True,ae603a1bb0f347a6bccd1cea07334f06d45cccb058e5254a3f4848cd19a3f027
Server/SM00/p_sm00_25910/sm00a8_ins.cpp,Server/SM00,backend_source,scanned,True,9583aab3c0e99bbfcb12066ae1f9f74251bea10608124c1fab9eff95f8afc481
Server/SM00/p_sm00_25910/sm00a8_upd.cpp,Server/SM00,backend_source,scanned,True,e9e57ed57e78478ac7c78bff73926b1e5e565302aca318c4ec6d3ba9c50e0209
Server/SM00/p_sm00_25910/sm00a9_del.cpp,Server/SM00,backend_source,scanned,True,d41d48679cd0cc94a8e9fc90a61e1a4cb0996b63319b8d30bac12833b98eb908
Server/SM00/p_sm00_25910/sm00a9_inq.cpp,Server/SM00,backend_source,scanned,True,21eaa492a3fed856563a48e2b8820d34ac1e4985fe6e4eef5c594fcdd99591f2
Server/SM00/p_sm00_25910/sm00a9_ins.cpp,Server/SM00,backend_source,scanned,True,ba060ede028524df8491b5d5185c1025163619e1c89d2439a9bd1f7d09a4a795
Server/SM00/p_sm00_25910/sm00a9_user_id.cpp,Server/SM00,backend_source,scanned,True,d514c17006ccb40cf70e065f56ec7214d2d2af6d61d73569d657d1ab4379924c
Server/SM00/p_sm00_25920/cm_0000sd_rcv.cpp,Server/SM00,backend_source,scanned,True,778c9a609aaba4bb42dd4dcf2e8f78340c4df5a8ae144f7528c695c715d0ca3e
Server/SM00/p_sm00_25920/sm0099_inq.cpp,Server/SM00,backend_source,scanned,True,7e2b7d8437569b9aa127076248a19543f1a6a470192d43e0377294e4c7626119
Server/SM00/p_sm00_25920/sm00_form_get.cpp,Server/SM00,backend_source,scanned,True,f7532b5ffc7373158f82ae805cb6355d0335194b72bdc725acac561c2c8826c9
Server/SM00/p_sm00_25920/sm00_inq.cpp,Server/SM00,backend_source,scanned,True,ac22d5540a5d418e734b78e8b7d730b57aef211e39484392384c9a135a33e0a9
Server/SM00/p_sm00_25920/sm00_save.cpp,Server/SM00,backend_source,scanned,True,6c04184982b3363c60ca9e49883c83c507ab78b24fb66d43a56cbc817d840351
Server/SM00/p_sm00_25920/sm00a8_del.cpp,Server/SM00,backend_source,scanned,True,1861d69a75443cf63166de3acdd6a5fcd899f3d37ab39e0d5c148926de33a024
Server/SM00/p_sm00_25920/sm00a8_inq.cpp,Server/SM00,backend_source,scanned,True,ae603a1bb0f347a6bccd1cea07334f06d45cccb058e5254a3f4848cd19a3f027
Server/SM00/p_sm00_25920/sm00a8_ins.cpp,Server/SM00,backend_source,scanned,True,9583aab3c0e99bbfcb12066ae1f9f74251bea10608124c1fab9eff95f8afc481
Server/SM00/p_sm00_25920/sm00a8_upd.cpp,Server/SM00,backend_source,scanned,True,e9e57ed57e78478ac7c78bff73926b1e5e565302aca318c4ec6d3ba9c50e0209
Server/SM00/p_sm00_25920/sm00a9_del.cpp,Server/SM00,backend_source,scanned,True,d41d48679cd0cc94a8e9fc90a61e1a4cb0996b63319b8d30bac12833b98eb908
Server/SM00/p_sm00_25920/sm00a9_inq.cpp,Server/SM00,backend_source,scanned,True,21eaa492a3fed856563a48e2b8820d34ac1e4985fe6e4eef5c594fcdd99591f2
Server/SM00/p_sm00_25920/sm00a9_ins.cpp,Server/SM00,backend_source,scanned,True,ba060ede028524df8491b5d5185c1025163619e1c89d2439a9bd1f7d09a4a795
Server/SM00/p_sm00_25920/sm00a9_user_id.cpp,Server/SM00,backend_source,scanned,True,d514c17006ccb40cf70e065f56ec7214d2d2af6d61d73569d657d1ab4379924c
Server/SM00/p_sm00_25930/sm0008_inq_detail.cpp,Server/SM00,backend_source,scanned,True,dbdd105630062fb8b8bb59ab1e12dd37ca92b57a8fae33aceee381867bb536df
Server/SM00/p_sm00_25930/sm0008_inq_master.cpp,Server/SM00,backend_source,scanned,True,4676e2f12c09f807cdd832e05eb9c66e0b45b2ab5873350a215f5340fba60533
Server/SM00/p_sm00_25930/sm0008_inq_mat_aim.cpp,Server/SM00,backend_source,scanned,True,44b1ca403e7d834176042526379b0688e163860605d7dd94b9318618124ef99e
Server/SM00/p_sm00_25930/sm0008_inq_place.cpp,Server/SM00,backend_source,scanned,True,b18e174b21f375e836369618aaa831420d2a120915c4432408be39212a81dad0
Server/SM00/p_sm00_25930/sm0008_inq_vehicle.cpp,Server/SM00,backend_source,scanned,True,9adf62cd5499549ca2f36b9f4107710908ff80052a4d6f40615e5c0e58b86f7a
Server/SM00/p_sm00_25930/sm0008_pro.cpp,Server/SM00,backend_source,scanned,True,d1162d4c28a2fa643c559e71b3119f632533e361a5e6809890e6e5fd0721342c
Server/SM00/p_sm00_25930/sm0008_pro_check.cpp,Server/SM00,backend_source,scanned,True,b7ddda7f302c8e7684d1b9e20c74df856375f753f5734ef290c562ef51c59e5a
Server/SM00/p_sm00_25930/sm0008_upd_dn.cpp,Server/SM00,backend_source,scanned,True,3f346fbeeb67f0beed400277e4bffbd26f574491a6e1a849b650da6f44c91a75
Server/SM00/p_sm00_25930/sm0008_upd_up.cpp,Server/SM00,backend_source,scanned,True,fb3be84a63830c8a29362f753b41b6905223cd430a7e3b3fcdbdc505080b377d
Server/SM00/p_sm00_25930/sm0015_del.cpp,Server/SM00,backend_source,scanned,True,f0d4d140c4330073b767faeb0abce2c989e7724f392d30405cc965cb0f7f4337
Server/SM00/p_sm00_25930/sm0015_inq_detail.cpp,Server/SM00,backend_source,scanned,True,3faffa53f9ce981bd8b6f316eedfc37247e14a0aae3fbd406d185ad8d93fe8ee
Server/SM00/p_sm00_25930/sm0015_inq_master.cpp,Server/SM00,backend_source,scanned,True,4c2cdc03a859a4e0d3437b6c87664d7962b70e7e327f9d52d7be134a625ca7c7
Server/SM00/p_sm00_25930/sm0015_md_ok.cpp,Server/SM00,backend_source,scanned,True,b804fe581572fdb614458f9af32a104b6417ee16fec03be114ec5c912c9cd336
Server/SM00/p_sm00_25930/sm0015_up_vehicle.cpp,Server/SM00,backend_source,scanned,True,28ea539e6598e303de21897e408883694f98508f7eeb838b31b60f97cf8b53cf
Server/SMSM/.env.production,Server/SMSM,environment_config_values_not_exported,scanned,True,0af00cf0f6963cbf9381325f352df2206f7dbb85dfb4bf6585b50f93e6b5a911
Server/SMSM/.gitignore,Server/SMSM,backend_source,scanned,False,168b695ee2329648ea1a0cf0a25d2639c5459ae5f63eccf64302aaaef259e3a4
Server/SMSM/.vscode/settings.json,Server/SMSM,config_or_resource,scanned,False,83de1c525e74033f7864b25fa68815340f22366846ea5739a4769a0f860a52ad
Server/SMSM/README.md,Server/SMSM,document_or_log,scanned,False,e0eaf58b2e4ff99d0175e4cf0b339db5c120126b286e5ae5d5887530903bdd6c
Server/SMSM/libSMSM/f_smsm_bill_deliver.cpp,Server/SMSM,backend_source,scanned,True,d556164cd8bc69b74231befdfe5cd135e43670f1f7017c0672186b45946e6a0b
Server/SMSM/libSMSM/f_smsm_bill_deliver_01.cpp,Server/SMSM,backend_source,scanned,True,98bfd234f8e6e718aac3c39118d9bf4f58d00a713e6021d2e8cf308fc3a0171e
Server/SMSM/libSMSM/f_smsm_bill_deliver_02.cpp,Server/SMSM,backend_source,scanned,True,d667af01affd414256b1b335646732e59222d3aa081a02b533f1aba837929900
Server/SMSM/libSMSM/f_smsm_md_red.cpp,Server/SMSM,backend_source,scanned,True,ecca345056ffab0febfe1a1e5ee649aa676e2b8b40ab8e6cc2679c09e2f10c75
Server/SMSM/libSMSM/f_smsm_trace.cpp,Server/SMSM,backend_source,scanned,True,4e50d021e176899f15922ebf2128c7d2e299b08d30e84d34eae80853c4ba7798
Server/SMSM/p_smsm_25600/smsm01_del.cpp,Server/SMSM,backend_source,scanned,True,af83edd3c1a3294fd291015ee688f5b6f69b2f7ed2e29536944d7a62d8ce5151
Server/SMSM/p_smsm_25600/smsm01_do_b.cpp,Server/SMSM,backend_source,scanned,True,99042adbd1a477cd22d56b6eeec523a8f2ab8c0c0df68f99e78f4485c1623fda
Server/SMSM/p_smsm_25600/smsm01_do_p.cpp,Server/SMSM,backend_source,scanned,True,7d062976a7b2d22ce873ab08a39ec2785a91fbfd5a4cb12adcd347e5f7e19092
Server/SMSM/p_smsm_25600/smsm01_inq_m.cpp,Server/SMSM,backend_source,scanned,True,c34e3736620dcf835f56ad721b8b8f6521b150a1df37c1aca4eed1cf9478c123
Server/SMSM/p_smsm_25600/smsm01_red_req.cpp,Server/SMSM,backend_source,scanned,True,106d53a5a6f427a4fc4f85e359116e6b9de3b69e38ac2fe9dbf7b1a0fcf2c410
Server/SMSM/p_smsm_25600/smsm01_rel_b.cpp,Server/SMSM,backend_source,scanned,True,418a05dea84b5fc5837f26ec9ab68c3f3aacadf8e86b94a41c073d00d7e8207c
Server/SMSM/p_smsm_25600/smsm01_rel_p.cpp,Server/SMSM,backend_source,scanned,True,d18edb8d33918a5fc9e7f95f5d6fdd879b1cd42483f9599e6dac49f310a549cc
Server/SMSM/p_smsm_25600/smsm10_inq.cpp,Server/SMSM,backend_source,scanned,True,0854cafc7d96bfa333b98e7106323b2ae351aef220cc2836a5223f29127ccbd1
Server/SMSM/p_smsm_25610/sm0008_inq_detail.cpp,Server/SMSM,backend_source,scanned,True,f5e9a4056ee2a15dd5cc3eeb5c6fbc2589968e47bbb1da38cd999a818235de43
Server/SMSM/p_smsm_25610/sm0008_inq_master.cpp,Server/SMSM,backend_source,scanned,True,094491ed9031ede3e3510dea73773e3c00575286c4c44434bc314a563acfa1dd
Server/SMSM/p_smsm_25610/sm0008_pro.cpp,Server/SMSM,backend_source,scanned,True,53e2d08a415488e16da93784f53dc4a9e231bee1d6afa2729c8ea7a8f4d420fa
Server/SMSM/p_smsm_25610/smsm02_inq_m.cpp,Server/SMSM,backend_source,scanned,True,db3364907c6045b7884474c928db1bb77ffdd048c082cc7af8ccf57c9f8a6ad9
Server/SMSM/p_smsm_25610/smsm02_ins.cpp,Server/SMSM,backend_source,scanned,True,c74c86fb1a13b068c81a9db434f9e081b18feac06284597c9a441fb5e4619b65
Server/SMSM/p_smsm_25610/smsm02_req.cpp,Server/SMSM,backend_source,scanned,True,28bc5d0b165e3d56837342f6616180e3c071b651a136aab26ab55a4ea59095b3
Server/SMSM/p_smsm_25620/cm_0rt806_rcv.cpp,Server/SMSM,backend_source,scanned,True,e48171a44f826246be632abf680d5cf487108e26e45ade912e72117bddcbe5eb
Server/SMSM/p_smsm_25620/cm_0rt807_rcv.cpp,Server/SMSM,backend_source,scanned,True,155735339ca2f504347b665df04062c8a5f4112ead439a99b89d27e9e0623f71
Server/SMSM/p_smsm_25620/cm_0rt890_rcv.cpp,Server/SMSM,backend_source,scanned,True,944c262edee0990a4ccb1ebd8c4de43ae1dc46dc8da685526ee1387ccc6bef9d
Server/SMSM/p_smsm_25620/cm_0rt891_rcv.cpp,Server/SMSM,backend_source,scanned,True,f122ce8210be634555f911c3b8fd149f21a51b7c9f07679d77093ca89a156241
Server/TK00/.env.production,Server/TK00,environment_config_values_not_exported,scanned,True,a78e4986c5e17f721754d50c49807d37f6a9079b179ab5f0811ef96c5fb9acb9
Server/TK00/.gitignore,Server/TK00,backend_source,scanned,False,168b695ee2329648ea1a0cf0a25d2639c5459ae5f63eccf64302aaaef259e3a4
Server/TK00/.vscode/settings.json,Server/TK00,config_or_resource,scanned,False,83de1c525e74033f7864b25fa68815340f22366846ea5739a4769a0f860a52ad
Server/TK00/README.md,Server/TK00,document_or_log,scanned,False,e951eb3729ef65292ea66b29960bcc077bda55b3dbfc24e0476e37a9724bf080
Server/TK00/libTK00/f_tk00_bzco2.cpp,Server/TK00,backend_source,scanned,True,19b8caee73069922595047299eff2c6457d71934cf8167f50049cd691ce5188f
Server/TK00/libTK00/f_tk00_bzcol.cpp,Server/TK00,backend_source,scanned,True,dc3bf3090cc7551d5b42dddcbaa473e0fe9de80936748315cd017a0b9a3d8e33
Server/TK00/libTK00/f_tk00_getco2.cpp,Server/TK00,backend_source,scanned,True,d3753756d42cbb7163046ef058e83a43415593596a002b1306ccae5d0d8f017a
Server/TK00/libTK00/f_tk00_getsm.cpp,Server/TK00,backend_source,scanned,True,0b43c574067cc4e41812d214be717fe6123d4a1f8fe4b7a7d33fe94a11188a01
Server/TK00/libTK00/f_tk00_setco2.cpp,Server/TK00,backend_source,scanned,True,9dd96ba0631d61333c3aa187d58333671bc7e3338b4d887498c80040a9f71dd5
Server/TK00/p_tk00_12010/cm_91t801_rcv.cpp,Server/TK00,backend_source,scanned,True,fe94ff56af8807459bf587d911155401bca5d208c6dcf3615b4d83401e4dde53
Server/TK00/p_tk00_12010/p_tk00_12010/tk0008_f2.cpp,Server/TK00,backend_source,scanned,True,575b2e324ca8c2f200bb5335b9e7f764a2f1a7d0f4dc5f205878679815539fc3
Server/TK00/p_tk00_12010/p_tk00_12010/tk0008_f3.cpp,Server/TK00,backend_source,scanned,True,aff0a7de4f5af5ce9ac094e6bcc6b84f6c4d14bd8e517e7da433111de2a51ea9
Server/TK00/p_tk00_12010/tk0001_inq.cpp,Server/TK00,backend_source,scanned,True,f321a9ae9fb5dab022aee385817f9de0449a64d48165d6b9cd0a252f773e3548
Server/TK00/p_tk00_12010/tk0001_save.cpp,Server/TK00,backend_source,scanned,True,f7214a66ebeb2821882335a788077cf90b2dd34ac8534cea1dba289c8a4b4a9e
Server/TK00/p_tk00_12010/tk0004_inq.cpp,Server/TK00,backend_source,scanned,True,050d1151d8263a41b39684d26a9a845e6d85ff09f8a145a17574797ee324bd9d
Server/TK00/p_tk00_12010/tk0004_save.cpp,Server/TK00,backend_source,scanned,True,0dd92ac6ae426fed1339692ee6aeedc560399e5f56a4e31df92e850759dda0ea
Server/TK00/p_tk00_12010/tk0005_check.cpp,Server/TK00,backend_source,scanned,True,d88aa7dd6280bcb79099ba7ca292bc3c38d9a672f568c4323105a5efb35fbcd8
Server/TK00/p_tk00_12010/tk0005_getcb.cpp,Server/TK00,backend_source,scanned,True,3d500e941554b2d8422c47ee763f7efa5960317acf728e5ddc2c4817a888fce1
Server/TK00/p_tk00_12010/tk0005_getsj.cpp,Server/TK00,backend_source,scanned,True,e5a3eb9b5cf91d19b5bfdea71a1e3f01eb4efa8b10864c30b8ed4d2fa74ae737
Server/TK00/p_tk00_12010/tk0005_inq.cpp,Server/TK00,backend_source,scanned,True,72a3e4fdb44cdaf71ae88a1e71c6d3b73be64439c6a6a288ae4d0cafb36da226
Server/TK00/p_tk00_12010/tk0006_getbz.cpp,Server/TK00,backend_source,scanned,True,008464b582ef7f086af3f37623d7a5a78469ef3f196f909534c475ea4e59bb6d
Server/TK00/p_tk00_12010/tk0006_inq.cpp,Server/TK00,backend_source,scanned,True,50eacd9b98d94a316d485761c995e3709a642079c049c2b0360f5e0a0b8f32bb
Server/TK00/p_tk00_12010/tk0006_save.cpp,Server/TK00,backend_source,scanned,True,7a25776dedfa83340730bd76e6292428140af07a2baa4b3482c7ad494a47a739
Server/TK00/p_tk00_12010/tk00071_inq.cpp,Server/TK00,backend_source,scanned,True,658b7064b186d8b530d2c3bf91fa95b3a4733f9d5f98052da1fc89bb6a53a9c1
Server/TK00/p_tk00_12010/tk00071_save.cpp,Server/TK00,backend_source,scanned,True,85018d723c4b774c486d6a6234e89bfeeb74f2d384de6077eaa761b3f322d06a
Server/TK00/p_tk00_12010/tk0007_f2.cpp,Server/TK00,backend_source,scanned,True,e3732ec93edc6043f0043e255741162a951e19e27d767443fb9f18248661608d
Server/TK00/p_tk00_12010/tk0007_f3.cpp,Server/TK00,backend_source,scanned,True,39c0488d3849b3f6f0f152e73c75326fceac0cb0e848c122934068f88a8f5825
Server/TK00/p_tk00_12010/tk0007_inq.cpp,Server/TK00,backend_source,scanned,True,951661c9f76f3b7874eb78bcefcd977796f91794e378eac98642fd1ed062192e
Server/TK00/p_tk00_12010/tk0007_inq2.cpp,Server/TK00,backend_source,scanned,True,0d57dc54fe14140b591bfbe649a32fca1eb72783574fbfc4ddd570cb9ad9e5bd
Server/TK00/p_tk00_12010/tk00_be2_iniform.cpp,Server/TK00,backend_source,scanned,True,223aa2edf4a4f14ebf5359cbb005ce026a9faf456c54f520935862f73c2ba28b
Server/TK00/p_tk00_12010/tkbs01_inq.cpp,Server/TK00,backend_source,scanned,True,6fa97a6a3c73d3dc7d38a1dcfedb29e642bd1c1690a5294ad5c961ca4ca32e79
Server/TK00/p_tk00_12010/tkbs01_save.cpp,Server/TK00,backend_source,scanned,True,e691af40b30e245b642a82753d7ee77bd89c6be37e7ff9da71cf366c2f0a198d
Server/TK00/p_tk00_12010/tksm10_inq.cpp,Server/TK00,backend_source,scanned,True,99598d57ee7d53bd91bbbe19ad1034097b4c637485ecb259132b5ce733df0312
Server/TK00/p_tk00_12010/tksm10_pf_conn.cpp,Server/TK00,backend_source,scanned,True,1002e4ba32dacbd0ddd94458c948747298b9eeabfc92ca0c2eac579aaf323f01
Server/TK00/p_tk00_12010/tksm10_pf_inq.cpp,Server/TK00,backend_source,scanned,True,748768e5f13d545ac9972045cfdd5477b4f041d4051d7880c84435813151faec
Server/TK00/p_tk00_12010/tksm10_pf_save.cpp,Server/TK00,backend_source,scanned,True,98b36a928bf25c08cd599b43559fa3df312d388c29b104819091387983be4ad1
Server/TK00/p_tk00_12010/tksm10_save.cpp,Server/TK00,backend_source,scanned,True,573c12e060523fa27e6a4c0cfef7fa7b7d7700556c1c986bcb306381f123dc4b
Server/TK00/p_tk00_12010/zjxt01_inq.cpp,Server/TK00,backend_source,scanned,True,3f2eb488cda9f3f07136586147b02b3756825c06365ab32bb66d594047f86353
Server/TK00/p_tksm_12020/tksm01_inq.cpp,Server/TK00,backend_source,scanned,True,b3c61e1f2e6d9680882c9c31d56059898fcf7f909bbf219cf57a028248568a33
Server/TK00/p_tksm_12020/tksm01_inq2.cpp,Server/TK00,backend_source,scanned,True,c314d081bd68f477459e620e791d095e8d0c928b5f75975bc98f50389826b855
Server/TK00/p_tksm_12020/tksm02_inq.cpp,Server/TK00,backend_source,scanned,True,12d820e4474262f8d545f8c0796672c508ad79d7f74f6ed93b06bbfeea9e64a6
Server/TK00/p_tksm_12020/tksm03_inq.cpp,Server/TK00,backend_source,scanned,True,a22229f5986e1938706d6183acc10841f16aa456173ab04ef135c1fecffdfd44
Server/TK00/p_tksm_12020/tksm04_inq.cpp,Server/TK00,backend_source,scanned,True,013b2dbf2dd225fe5a9c82b2c47efb24f435ced0410706cdff1667c10c685b8d
Server/TK00/p_tksm_12020/tksm05_inq.cpp,Server/TK00,backend_source,scanned,True,54fe5906a6498979224f9b433977329e41af6073136fabf2195fe6369a86d96f
Server/TK00/p_tksm_12020/tksm06_inq.cpp,Server/TK00,backend_source,scanned,True,aa59c4a1429f8a2fd6b34736ec4372cb04b51124929b4bc615e9e28f6aa32e78
Server/TK00/p_tksm_12020/tksm08_inq.cpp,Server/TK00,backend_source,scanned,True,b52b52db1d14b6fb119b1cfaf51254e2b5de08a92dd13a3c5b1cfd02d86b94af
Server/TK00/p_tksm_12020/tksm08_inq2.cpp,Server/TK00,backend_source,scanned,True,d7f689f14ee34654031b6c77c62e6077cad9a7decfa444b8f585bed3794eacf8
Server/TK00/p_tksm_12020/tksm09_inq.cpp,Server/TK00,backend_source,scanned,True,843c693123f0144abfcceb25a9c59bb86d59886043af90583e95ad65ac3fcf11
Server/TK00/p_tksm_12020/tksm09_inq2.cpp,Server/TK00,backend_source,scanned,True,20503b9f3d8f4ebfd4d3a0e1bde6c1e1bb33205966ab9b0b13ed549af7bb20eb
Server/TK00/p_tksm_12020/tksm11_inq.cpp,Server/TK00,backend_source,scanned,True,8102d1b24759a88a858d199222e1da6ff54271a4f265852ed93d49ef1a99dc7e
Server/TK00/p_tksm_12020/tksm11_inq2.cpp,Server/TK00,backend_source,scanned,True,f2e3bf1ee6661fb22fb49a0319a6ef4271508eebf44b397e499fe50263d8ac31
Server/TK00/p_tksm_12020/tksm12_inq.cpp,Server/TK00,backend_source,scanned,True,355c832d4e5b3d15321987caea31c3ca04627ce738e719fcf1db16e897035ade
Server/TK00/p_tksm_12020/tksm13_inq.cpp,Server/TK00,backend_source,scanned,True,c6a1da6bd6966b9dcb7e832302520da934df9837694d0be7373bbc15010c505e
Server/TK00/p_tksm_12020/tksm15_inq.cpp,Server/TK00,backend_source,scanned,True,f72ae313ff4f39413d251cdf948f4f095bb957a3655c6beb9cdebd046245f160
Server/TK00/p_tksm_12020/tksm16_inq.cpp,Server/TK00,backend_source,scanned,True,d5cc965b95a9bc5c56903186695e0f9a80c393ec1f8fe9149cbc1e010ce62ad5
Server/TK00/p_tksm_12020/tksm20_inq.cpp,Server/TK00,backend_source,scanned,True,37458ac49eb2fa08cfc73d1e270887fecba7211654e16c645a7151ed9cb41c07
Server/TMSM/.env.production,Server/TMSM,environment_config_values_not_exported,scanned,True,1cf5fcd55a3f9ae31eab64c2f316df12da64a274f2374d5e9ab2f021a7fe27fc
Server/TMSM/.gitignore,Server/TMSM,backend_source,scanned,False,168b695ee2329648ea1a0cf0a25d2639c5459ae5f63eccf64302aaaef259e3a4
Server/TMSM/.vscode/settings.json,Server/TMSM,config_or_resource,scanned,False,83de1c525e74033f7864b25fa68815340f22366846ea5739a4769a0f860a52ad
Server/TMSM/README.md,Server/TMSM,document_or_log,scanned,False,fe06c30bc1e76540f2558d36398ad1cd0ce3a7b48f9143875630605fec241b93
Server/TMSM/libTMSM/f_hmjl05_snd.cpp,Server/TMSM,backend_source,scanned,True,772586ce823c85bb034ef5ddbbaffb3beedc0c713889dd304908d7d38bf2d48d
Server/TMSM/libTMSM/f_hmzl06_snd.cpp,Server/TMSM,backend_source,scanned,True,5a574ced7d8ff28fffb9cf73bed6ce8e0e4e6c78c6a3cefa7c1d4d59cf2cc2be
Server/TMSM/libTMSM/f_t8z_23m_snd.cpp,Server/TMSM,backend_source,scanned,True,aed2e3946ca6a22031ae119460ad382a84d353e096bb240305ebaf6a6e4d54b0
Server/TMSM/libTMSM/f_tm0097_proc.cpp,Server/TMSM,backend_source,scanned,True,46a2127a0c77d94d8dbf03c0813a74beb1b289efe2f2153071b381b0d39da3c5
Server/TMSM/libTMSM/f_tmsm01_60105.cpp,Server/TMSM,backend_source,scanned,True,72b2502f7d84c5ad2340db3855908d31103209d0cd643d769a86c1f814f050bb
Server/TMSM/libTMSM/f_tmsm01_60106.cpp,Server/TMSM,backend_source,scanned,True,0f95463f1a5e1c7fdc5a1a01b6425680349d1a0ceed855411786b590e964fd41
Server/TMSM/libTMSM/f_tmsm01_60108.cpp,Server/TMSM,backend_source,scanned,True,e681c87d0d6fe283961142ac41e13acb09c7fbeb390bdb15c33ff8cabab4445b
Server/TMSM/libTMSM/f_tmsm01_upd_ar.cpp,Server/TMSM,backend_source,scanned,True,a2fe874c257cff64d5ecd78f506030269b3b2d79dff7df3aeaf2638186e7b51b
Server/TMSM/libTMSM/f_tmsm11_60107.cpp,Server/TMSM,backend_source,scanned,True,5e19ea0736145fa9aa34417338ab0c47bb1344db4fdcd2aa41f768329f6f91a9
Server/TMSM/libTMSM/f_tmsm11_60110.cpp,Server/TMSM,backend_source,scanned,True,146a5d1962acdfd739235e7f39e967ee30ae3de91b9a9d64a0ad940683d37063
Server/TMSM/libTMSM/f_tmsm21_60115.cpp,Server/TMSM,backend_source,scanned,True,738bdc60c6bf92de0431ddff5bbb56ac5f5b2b307482cbb0f2db2db3c516be04
Server/TMSM/libTMSM/f_tmsm21_60116.cpp,Server/TMSM,backend_source,scanned,True,b62d9cd60250d84b8dc5e31f63dece5c5352a75a6b242aa9c4e0a53b03361b70
Server/TMSM/libTMSM/f_tmsm31_61001.cpp,Server/TMSM,backend_source,scanned,True,2fa72fce5f63adb24082a1f8c6650c6f9b45e41b13b604491836691e183491f9
Server/TMSM/libTMSM/f_tmsm53_status_chg.cpp,Server/TMSM,backend_source,scanned,True,e33843fede1a707319c3e480d9d35c8e31d9439f807025d3a1ae11f23ecb3bf1
Server/TMSM/libTMSM/f_tmsm67_trace.cpp,Server/TMSM,backend_source,scanned,True,d56cacda0314d4f9170de3bd3ab4b12595ae5e6e4ab16d5a94ff58ae6f75edb3
Server/TMSM/libTMSM/f_tmsm97_trace.cpp,Server/TMSM,backend_source,scanned,True,0e748530d76fdabd86be9de5782aec07fc1724d4efe5d205073d882862e47d5d
Server/TMSM/libTMSM/f_tmsm99.cpp,Server/TMSM,backend_source,scanned,True,76df1ac06d084a14ddef432efdb804f0a1a3d8b662a88e580008163049242b99
Server/TMSM/libTMSM/f_tmsm_getnextseq.cpp,Server/TMSM,backend_source,scanned,True,2f51c97ba12e019e7d21e3b0eb689e8ba496d9c4046fa658e8e467bd8a1762dd
Server/TMSM/libTMSM/f_tmsm_ironld.cpp,Server/TMSM,backend_source,scanned,True,cdf4b09818c0a4938337b01d4d9a5665a3e2a87de3acd80dc0757b29cef1bec9
Server/TMSM/libTMSM/f_tmsm_ld.cpp,Server/TMSM,backend_source,scanned,True,0e13d513297d45c43b019096a9f59d4e9c3de0636783a7f5f39bc5f3df6282a6
Server/TMSM/libTMSM/f_tmsm_mag.cpp,Server/TMSM,backend_source,scanned,True,f1b1d2bf8095aa9fc68b9a95ab9757547dbf75fbd1801043e10735ae6549be2a
Server/TMSM/libTMSM/f_tmsm_mm.cpp,Server/TMSM,backend_source,scanned,True,9ede364a5e7e784ef8ad024bad9526586dc484a9e597cf075b547d45daa30036
Server/TMSM/libTMSM/f_tmsm_plan.cpp,Server/TMSM,backend_source,scanned,True,480483680d66cc1c0654ff462324e7dbb05aefcc43e68aadbd724587a72df8c7
Server/TMSM/libTMSM/f_tmsm_t8e2d1_snd.cpp,Server/TMSM,backend_source,scanned,True,bb59b8fc1cb25085038dda4c23e2674fb2b1a9971fe045351001e236db735975
Server/TMSM/libTMSM/f_tmsm_trace.cpp,Server/TMSM,backend_source,scanned,True,ef5a06c7efda611fec63257fde8e8a9714915b2486bef2753f8cb6a275fe3d6a
Server/TMSM/libTMSM/f_tmsm_trace97.cpp,Server/TMSM,backend_source,scanned,True,e4673201791452272d382f558b05c7ee7b36faaf97a42886b13cad39d47910ea
Server/TMSM/p_tmsm_7110/tmsm11a1f11_pro.cpp,Server/TMSM,backend_source,scanned,True,272e5608faede149ff93391dafae386328d37556ec1dff9ff8f7af20bb15dc42
Server/TMSM/p_tmsm_7110/tmsm11av_inq.cpp,Server/TMSM,backend_source,scanned,True,175b00219244a4b8aa182b2c65682de25cc5918218ab7291074cb8a2dbf0b0ce
Server/TMSM/p_tmsm_7110/tmsm11av_pro.cpp,Server/TMSM,backend_source,scanned,True,361ebaa25f9a704515cf9796e6822682ecd03369e3450d8f661897a3a2eb82f3
Server/TMSM/p_tmsm_7110/tmsm121av_del.cpp,Server/TMSM,backend_source,scanned,True,4dc5497be8b9a8de9735caead0ced0ecde5f94767ed85a952bbc61a48d2902cb
Server/TMSM/p_tmsm_7110/tmsm121av_inq.cpp,Server/TMSM,backend_source,scanned,True,a4e774f1a778c737e14d0a3568d5b788bdf8bd8bf68a03df9d60a491e8bd877f
Server/TMSM/p_tmsm_7110/tmsm121av_ins1.cpp,Server/TMSM,backend_source,scanned,True,0fcf6f2a4633fd8267e10ce84cef3a417a0f0404f4001bab953a865b7784029d
Server/TMSM/p_tmsm_7110/tmsm121av_upd.cpp,Server/TMSM,backend_source,scanned,True,0c7e794dadc4c036ff490215a9546260a5fa4c90d2a2c2eab686ace65162781a
Server/TMSM/p_tmsm_7110/tmsm12av_del.cpp,Server/TMSM,backend_source,scanned,True,701f038153b3ddc14b5668d4e033de8ab9fa22fe465d92420c375c1191fd9f61
Server/TMSM/p_tmsm_7110/tmsm12av_inq.cpp,Server/TMSM,backend_source,scanned,True,46d49dca2f621cd1dbdbc18f11ec3ec6ef779fa85463242bda790342af9eec67
Server/TMSM/p_tmsm_7110/tmsm12av_inq1.cpp,Server/TMSM,backend_source,scanned,True,685c41b16486c0a7614770d944efb9f67de0114c3c13e3e9432a7b9f9159d819
Server/TMSM/p_tmsm_7110/tmsm12av_ins.cpp,Server/TMSM,backend_source,scanned,True,2353afc98f2fad54ec100c9efa80425f7c41264147e90f64848bf0916fcc6a5c
Server/TMSM/p_tmsm_7110/tmsm12av_ins1.cpp,Server/TMSM,backend_source,scanned,True,0f6e32e7979359b5da4a93e2bd68061c4d31a5f61970af93c6dcb214d227eedd
Server/TMSM/p_tmsm_7110/tmsm12av_upd.cpp,Server/TMSM,backend_source,scanned,True,887d55495465ca26383d77abe1b89d358d7a7f1218e2bb4699de3288f74e959c
Server/TMSM/p_tmsm_7110/tmsm13av_bat.cpp,Server/TMSM,backend_source,scanned,True,440c9a80bc0118d7714909f7e740d685f6298c010198252e7fda6781738f8271
Server/TMSM/p_tmsm_7110/tmsm13av_inq.cpp,Server/TMSM,backend_source,scanned,True,8f5681d6ac901aa473b86a3461496e4eb9cb6490091bb43809aca00bf0084756
Server/TMSM/p_tmsm_7110/tmsm13av_ins.cpp,Server/TMSM,backend_source,scanned,True,37f0c1e69c8ab853201d417391dd1738a28113dc37c151bb0f02fba14a3e423e
Server/TMSM/p_tmsm_7110/tmsm13av_upd.cpp,Server/TMSM,backend_source,scanned,True,3a717abea51980cdf54b1a4b0300ef094170f84b17f11954bba7da92e934cddd
Server/TMSM/p_tmsm_7110/tmsm14av_f3.cpp,Server/TMSM,backend_source,scanned,True,f7dfcac808393e2911a50c30c9ef4042f473061c983f6357f22fbf5baf347130
Server/TMSM/p_tmsm_7110/tmsm14av_f4.cpp,Server/TMSM,backend_source,scanned,True,9662013ac038da57bc7f158c0a463c4114975619fe9e9f644a07d65248aa9e35
Server/TMSM/p_tmsm_7110/tmsm14av_inq.cpp,Server/TMSM,backend_source,scanned,True,024a7dc2b989b4126cd28bad657c1ff632983ee1e9d242c9c4e579ab1f198737
Server/TMSM/p_tmsm_7110/tmsm15av_f3.cpp,Server/TMSM,backend_source,scanned,True,236c8518f483915a271c98dcc5494987c01a274e07a980cb5b9a3f046027aefc
Server/TMSM/p_tmsm_7110/tmsm15av_f4.cpp,Server/TMSM,backend_source,scanned,True,83ca6d914b3b2086be831d6c1a0cb4a9fd96e768c2f8925340be8d180b870887
Server/TMSM/p_tmsm_7110/tmsm15av_f5.cpp,Server/TMSM,backend_source,scanned,True,7c04edc5dbd4d2c30c35fa9f613a7922c325969c3c6144f143a385dda527e205
Server/TMSM/p_tmsm_7110/tmsm15av_inq.cpp,Server/TMSM,backend_source,scanned,True,f65325d3906743a7837901614a05e232dac5aaad42ff018c7bb4854ad6caeafc
Server/TMSM/p_tmsm_7110/tmsm15av_ins.cpp,Server/TMSM,backend_source,scanned,True,65876d5fa4dede159996b2716edbc472a85d44182e2cfbf9ebf3ca42d890532b
Server/TMSM/p_tmsm_7110/tmsm16av_f3.cpp,Server/TMSM,backend_source,scanned,True,79b76add525e179239d1f9b2939ef1a8aba915384eba99a51f4f79ec4ed73b08
Server/TMSM/p_tmsm_7110/tmsm16av_f4.cpp,Server/TMSM,backend_source,scanned,True,3f78b2b8e83e2c8692fad36b5b30c0b64572838c42cc462ae007cbb1bd84b4aa
Server/TMSM/p_tmsm_7110/tmsm16av_f5.cpp,Server/TMSM,backend_source,scanned,True,53ad54cff0af2f7711277e50854498de2cc902cacf166f70c9b3bca662e0c1bb
Server/TMSM/p_tmsm_7110/tmsm16av_inq.cpp,Server/TMSM,backend_source,scanned,True,826cdeb3e7ec988c7410c3df0c79e5abbd4d17ec28611c6a9ffe4a11200cc0a9
Server/TMSM/p_tmsm_7110/tmsm16av_ins.cpp,Server/TMSM,backend_source,scanned,True,3ccc23e4cd46832e79105fa23d64d95bf0fc274c9425983c5a85e79ff652affa
Server/TMSM/p_tmsm_7110/tmsm171av_f3.cpp,Server/TMSM,backend_source,scanned,True,823cd109c985486dbe5755d9ec1f9c0e2cbc4c6b92638190d3c417afc15ffe45
Server/TMSM/p_tmsm_7110/tmsm171av_f4.cpp,Server/TMSM,backend_source,scanned,True,4ea57291942b6ac6f33558a87399a339be5d846b02285be778a7e4b49d70d13d
Server/TMSM/p_tmsm_7110/tmsm171av_inq.cpp,Server/TMSM,backend_source,scanned,True,feed7a4ffe49cf15e0dce7708840c3f3741cb079f5c23f326fc9ab738f268a9c
Server/TMSM/p_tmsm_7110/tmsm17av_f3.cpp,Server/TMSM,backend_source,scanned,True,8f32d31e8da6f189431f013af7b123e190d2fd28228a72bdcaedab99de86a613
Server/TMSM/p_tmsm_7110/tmsm17av_f4.cpp,Server/TMSM,backend_source,scanned,True,5fbb6fdebd5f8b99ec2be65929c36838325f25b39c1e71b2408e4986938e9810
Server/TMSM/p_tmsm_7110/tmsm17av_inq.cpp,Server/TMSM,backend_source,scanned,True,9db45f6359a803ceab548a9c096228ff25ee9f005bcdc3b7b2a3780eac7916f9
Server/TMSM/p_tmsm_7110/tmsm181av_f3.cpp,Server/TMSM,backend_source,scanned,True,b518aa98fa6538a51cc75709b5f9e8e9c5ae7dec9e159e10ffdc7ab1e3a93192
Server/TMSM/p_tmsm_7110/tmsm181av_f4.cpp,Server/TMSM,backend_source,scanned,True,6ab049845e364c85d213c97d712b12972607bc1b5aeb829e597c5447ebf1a400
Server/TMSM/p_tmsm_7110/tmsm181av_inq.cpp,Server/TMSM,backend_source,scanned,True,a60489e5f0e51a0abd6dfc04080e9c02c87196ddd779947d86de5d841afeaf3b
Server/TMSM/p_tmsm_7110/tmsm18av_f3.cpp,Server/TMSM,backend_source,scanned,True,fc03b3510e021579691aad99f9d91bc2f8b70e5815f11a84fdd30e8e80b7304c
Server/TMSM/p_tmsm_7110/tmsm18av_f4.cpp,Server/TMSM,backend_source,scanned,True,bbaf828c852946db60c08494142a94e137092f1dfd9d96b680ff40a0a9d3e526
Server/TMSM/p_tmsm_7110/tmsm18av_inq.cpp,Server/TMSM,backend_source,scanned,True,f226eca00a9bcfedfe6336b0d7df6d885f4e7429ca06b1994199928f1a1b4b17
Server/TMSM/p_tmsm_7110/tmsm191av_f3.cpp,Server/TMSM,backend_source,scanned,True,f27e80c98c17340cf02d878d0da6b70014b65460e10980d3663d2f900d70ce8a
Server/TMSM/p_tmsm_7110/tmsm191av_f4.cpp,Server/TMSM,backend_source,scanned,True,9b59ff2f1bb34bb00296b617fa8c538991be986b80fccf3e8906f42359eb5ac3
Server/TMSM/p_tmsm_7110/tmsm191av_inq.cpp,Server/TMSM,backend_source,scanned,True,b6802f6e609f371933f275d5d5206d2276a863bc82e4701a2f7f77d17dc77b05
Server/TMSM/p_tmsm_7110/tmsm19av_f3.cpp,Server/TMSM,backend_source,scanned,True,635d884ba55ff71649c6221160a0d5224d3ae558910c31666aef013be9eb5d4c
Server/TMSM/p_tmsm_7110/tmsm19av_f4.cpp,Server/TMSM,backend_source,scanned,True,e4fa3ceea10c4831d35ba3df8722f342f33ae696399b980c13af73a71f06e3cb
Server/TMSM/p_tmsm_7110/tmsm19av_inq.cpp,Server/TMSM,backend_source,scanned,True,cd7ffea5799bd6bba080474dfa21abe794040c1ca439d87f2c4311d6e7cbe603
Server/TMSM/p_tmsm_7110/tmsm200av_f3.cpp,Server/TMSM,backend_source,scanned,True,a8230ee1a0e36f10487c6a68ee8d2222a90a832b31791938300682fff13de349
Server/TMSM/p_tmsm_7110/tmsm200av_inq.cpp,Server/TMSM,backend_source,scanned,True,019398e3afcdd1d2330b5e9121f2017fbae4351f7498acb4a7f3571165f5c7ab
Server/TMSM/p_tmsm_7110/tmsm201av_f3.cpp,Server/TMSM,backend_source,scanned,True,244492935d595e2e138c5145e3534bd763bb582002ee4d1f7496af274c7f9382
Server/TMSM/p_tmsm_7110/tmsm201av_f7.cpp,Server/TMSM,backend_source,scanned,True,e82cf3da9021dbda373c0d29c3f62771ace9aaffda3c6260097056062a77ba3d
Server/TMSM/p_tmsm_7110/tmsm201av_inq.cpp,Server/TMSM,backend_source,scanned,True,4cf139bcec9479dbbb8d777741bcfc4fb0dcf438247a334a14d91540f6a4fe33
Server/TMSM/p_tmsm_7110/tmsm202av_f3.cpp,Server/TMSM,backend_source,scanned,True,8fc1b3318b19072061631eb74bead0c5e9eebddc39c397ae92d70205b3d42a96
Server/TMSM/p_tmsm_7110/tmsm202av_f4.cpp,Server/TMSM,backend_source,scanned,True,de54b7aef0e79af58d61cd25f44211ffeaebf3b15f7eacd709caf8218382e913
Server/TMSM/p_tmsm_7110/tmsm202av_inq.cpp,Server/TMSM,backend_source,scanned,True,c1a4065b1d3f0b7f96b6fa09465705eb624ba6560b489392e8b702fd861c5e55
Server/TMSM/p_tmsm_7110/tmsm203_upd.cpp,Server/TMSM,backend_source,scanned,True,4ec6dcdb23093056e8ac6e8dff8a55236fa2692f9f4068852a7e73ae51f0f482
Server/TMSM/p_tmsm_7110/tmsm203av_f3.cpp,Server/TMSM,backend_source,scanned,True,0cbb8f4932299feba3acdaa2592d286036892e97526b28c4efe0292e911845a2
Server/TMSM/p_tmsm_7110/tmsm203av_f4.cpp,Server/TMSM,backend_source,scanned,True,26427543c97a497a19a852c730d5854a5e3b9e73d3fb5206e41ab54bb51d3c56
Server/TMSM/p_tmsm_7110/tmsm203av_f5.cpp,Server/TMSM,backend_source,scanned,True,2874aa236f558c4603aab8a2fcce884cb3ec5917f25199d40dcbd6264d9983be
Server/TMSM/p_tmsm_7110/tmsm203av_inq.cpp,Server/TMSM,backend_source,scanned,True,df4b1a5c115de343566176d75b4bd56ca4a956465dff7d2dc9b7de05ae1fa432
Server/TMSM/p_tmsm_7110/tmsm204av_f3.cpp,Server/TMSM,backend_source,scanned,True,b5fcb200391d99aafae90d44a4b3808b5ead897138e6f88bc9c88e339ce4886e
Server/TMSM/p_tmsm_7110/tmsm204av_f4.cpp,Server/TMSM,backend_source,scanned,True,f50cb594f52385f79f0d4aa41b2e99ae8d98d27b9a1a59c36c8dbd8197235d88
Server/TMSM/p_tmsm_7110/tmsm204av_f5.cpp,Server/TMSM,backend_source,scanned,True,d79b0aa697e03095b39707e07e0a5d7d1ae2a604590a66a671dbf35af5107b9e
Server/TMSM/p_tmsm_7110/tmsm204av_inq.cpp,Server/TMSM,backend_source,scanned,True,be298cab4467d4968fb679c833e0f966a5ad9bbce0d3d119157737ce2dd5e80d
Server/TMSM/p_tmsm_7110/tmsm205av_f3.cpp,Server/TMSM,backend_source,scanned,True,b89064278df8e09b503a7e80c8b6672b644d3300d0b3f01c53b59948049f1f62
Server/TMSM/p_tmsm_7110/tmsm205av_inq.cpp,Server/TMSM,backend_source,scanned,True,d5a193f8e2e8a0409832f573606bc4177fa9125e77c838bc7614026dec1c43ac
Server/TMSM/p_tmsm_7110/tmsm205bv_f3.cpp,Server/TMSM,backend_source,scanned,True,922517fa835724aab5a2cb2bfa4a71a116e4e5cadc9504200cc6ec587dbd89ee
Server/TMSM/p_tmsm_7110/tmsm205bv_inq.cpp,Server/TMSM,backend_source,scanned,True,62db39c0916f685420ae972c63751dcb73b207e55fa9686fe92e21daceadf100
Server/TMSM/p_tmsm_7110/tmsm206av_f3.cpp,Server/TMSM,backend_source,scanned,True,4a1fb7c60bc25218dd315c298640921e7e468de4844f028a68654e9a0c83a7a5
Server/TMSM/p_tmsm_7110/tmsm206av_f4.cpp,Server/TMSM,backend_source,scanned,True,efd984e2781da3048965cb669d091d31c593ad39d33ee00c547695215346f7a8
Server/TMSM/p_tmsm_7110/tmsm206av_f5.cpp,Server/TMSM,backend_source,scanned,True,7231ecc43bb2b559539b328fa50da03529a4a6f4af0244e847777fd44fb0b6d3
Server/TMSM/p_tmsm_7110/tmsm206av_inq.cpp,Server/TMSM,backend_source,scanned,True,53a83f0dfde20c4e2afcef7cb920ab903718ee024650b0e1ddf3ebb264ebffff
Server/TMSM/p_tmsm_7110/tmsmdr_f3.cpp,Server/TMSM,backend_source,scanned,True,cc13abd7762c8b6d48aa97aed5a8d2127a119f2e5b3581b9023fd4b82e14c7dc
Server/TMSM/p_tmsm_7110/tmsmdr_inq.cpp,Server/TMSM,backend_source,scanned,True,2cc360a62f6a53509eb658ac57cb244273633450fac79ebd741e47bf48033a4c
Server/TMSM/p_tmsm_7110/tmsme34_chg.cpp,Server/TMSM,backend_source,scanned,True,6f309c7d6b924371ccc80f643da3f59040825513d177ba70213721ca31f18ef6
Server/TMSM/p_tmsm_7110/tmsme34_del.cpp,Server/TMSM,backend_source,scanned,True,f4b98c1379e951c85724908dc8d6a23351e84840ad3df4b4ef9bfad53015f30d
Server/TMSM/p_tmsm_7110/tmsme34_inq.cpp,Server/TMSM,backend_source,scanned,True,18e10ccd8bb8b0f6ca93ac2d6033b16f7b8ce0548efd2fcceabf657e8623a3fd
Server/TMSM/p_tmsm_7110/tmsme34a1_ins.cpp,Server/TMSM,backend_source,scanned,True,7057848aac848241029ca942c10a953119ec6bb9e49dec90dde3225f2e0f61e1
Server/TMSM/p_tmsm_7110/tmsme34a1_upd.cpp,Server/TMSM,backend_source,scanned,True,e65b0bd01017d3c23f5d5c97d607b8cd2ad4a0cdb0356a491f528fe728fb2cef
Server/TMSM/p_tmsm_7110/tmsme35_del.cpp,Server/TMSM,backend_source,scanned,True,cc94e388871fdb3ee403da39d635923f0105d8d015d061d4c0ca612b213aa958
Server/TMSM/p_tmsm_7110/tmsme35_end.cpp,Server/TMSM,backend_source,scanned,True,57f7cb1a708e9f9de9143b4ce7f482b621a06d35cce31a9edac5107e0c445620
Server/TMSM/p_tmsm_7110/tmsme35_inq.cpp,Server/TMSM,backend_source,scanned,True,4e53bd4f7ad0b35c2b4182111752c924a7a75d8ae7011679d97a8f640848a5d9
Server/TMSM/p_tmsm_7110/tmsme35_start.cpp,Server/TMSM,backend_source,scanned,True,88a0891d55417ace9e8bdcf7dbacd8cbdb72c3f7f8d19cffa9eb0bfa98dc4710
Server/TMSM/p_tmsm_7110/tmsme35a1_ins.cpp,Server/TMSM,backend_source,scanned,True,25cbe4e118168e9938cdfbb7ee88a9a14666260cea552da429f8b3868aa3cdda
Server/TMSM/p_tmsm_7110/tmsme35a1_upd.cpp,Server/TMSM,backend_source,scanned,True,ebee6ae0464d6f04dc4d3ad8014805655d959e39f74717c4c2216d71d82a1b3d
Server/TMSM/p_tmsm_7110/tmsme97_inq.cpp,Server/TMSM,backend_source,scanned,True,5a34f834629b938d21a7db3e6ec2fc1d86e4e7a47a2d78341cff415615158d38
Server/TMSM/p_tmsm_7110/tmsmpz_f3.cpp,Server/TMSM,backend_source,scanned,True,19266f5be6dd7d0078194c0b3050ef8d2c88477a15e5b1cef5d29cfe2ee7cb1a
Server/TMSM/p_tmsm_7110/tmsmpz_f4.cpp,Server/TMSM,backend_source,scanned,True,418812c63ff0bc86aa6ae2b4826636cada3f6b0e02a01270b5d4f79b9d549fab
Server/TMSM/p_tmsm_7110/tmsmpz_inq.cpp,Server/TMSM,backend_source,scanned,True,44ce2d918383263a38eead8d354ebf886a40d320af407afc6c29e7043ed480d2
Server/TMSM/p_tmsm_7110/tmsmpz_inq1.cpp,Server/TMSM,backend_source,scanned,True,fd6e49e4bd9cd58da7ffd2c1ac2bedecf214ab06fa4726bd153a1f9801b8afbf
Server/TMSM/p_tmsm_7120/tmsm01_del.cpp,Server/TMSM,backend_source,scanned,True,b9192d55e8193fac3011f26af472e5231ad098795e361658a3f2af30fb96a0b4
Server/TMSM/p_tmsm_7120/tmsm01_inq.cpp,Server/TMSM,backend_source,scanned,True,0d4b6a2522c78da88c3601743efcc14c7c46bf3638966b5ed60c0cc083df3e76
Server/TMSM/p_tmsm_7120/tmsm01_inq1.cpp,Server/TMSM,backend_source,scanned,True,b0409e6323a0dae851956c8c72fdd51fecd69789721f550caf3d829c76aee29b
Server/TMSM/p_tmsm_7120/tmsm01_ins.cpp,Server/TMSM,backend_source,scanned,True,79e40e3363db6c24458a601171a38de94464926f0306811b0365e13b198c7af6
Server/TMSM/p_tmsm_7120/tmsm01_scp.cpp,Server/TMSM,backend_source,scanned,True,dd76bd2382c85cc4209d68917228d4737472451db7b736b27e93ba5ccea7d21f
Server/TMSM/p_tmsm_7120/tmsm01_upd.cpp,Server/TMSM,backend_source,scanned,True,26356d994a23810609103c33b795747c75f13d812c2e670cf310382774622033
Server/TMSM/p_tmsm_7120/tmsm01a1a1_inq.cpp,Server/TMSM,backend_source,scanned,True,29a9d9526c350d0d0a7aab89406f6b92c30d3de0772a5e23ef28308890476ecd
Server/TMSM/p_tmsm_7120/tmsm01a1f10_pro.cpp,Server/TMSM,backend_source,scanned,True,47f6c80d539c6e6d4c07546a9bdea33b332a467eefa2e7d6e782fa0454729b13
Server/TMSM/p_tmsm_7120/tmsm01a1f2_inq.cpp,Server/TMSM,backend_source,scanned,True,40d1c94b4185d398115c64ed91e789f6992bed576862ddb61f934c60b5fb025d
Server/TMSM/p_tmsm_7120/tmsm01a1f3_ins.cpp,Server/TMSM,backend_source,scanned,True,85f1af17a4845902388f9b47ed41783aad6caa2ffcdf9b8b94b39553ee14e98e
Server/TMSM/p_tmsm_7120/tmsm01a1f4_upd.cpp,Server/TMSM,backend_source,scanned,True,2cfcf7b936cfe8d8e8b7752366c27bdcee27c4c328818b27c2721d3ae51e3e6b
Server/TMSM/p_tmsm_7120/tmsm01a1f5_del.cpp,Server/TMSM,backend_source,scanned,True,37d64be8d07e0d4b6f98becb6a6b1a259f09bad6d735dc520d19af5567f0ddcc
Server/TMSM/p_tmsm_7120/tmsm01a1f6_pro.cpp,Server/TMSM,backend_source,scanned,True,4c937b82122400cd893df98ffc895c759d78d33e7f1c45ed80561c4db2dae1e6
Server/TMSM/p_tmsm_7120/tmsm01a1f8_pro.cpp,Server/TMSM,backend_source,scanned,True,701c90bbe0533746db668eef957305eb6cc44f3e5b1c50e219993bff140a4acb
Server/TMSM/p_tmsm_7120/tmsm01a1f9_pro.cpp,Server/TMSM,backend_source,scanned,True,ff377c06f52d2538ddae0e729d8b68a500b25f4150d5380d0483b3563a53e6ca
Server/TMSM/p_tmsm_7120/tmsm01a3_cbn.cpp,Server/TMSM,backend_source,scanned,True,7f9461092fcc56f30714f0edbba1a49ac1fba26ab85299713a26ced0cb64e392
Server/TMSM/p_tmsm_7120/tmsm01a3_cbn_r.cpp,Server/TMSM,backend_source,scanned,True,25869569b02ffae1c68c07e83dc8b26e2c55943ed36d0f0636d731bd5c67c993
Server/TMSM/p_tmsm_7120/tmsm01a3_cfm.cpp,Server/TMSM,backend_source,scanned,True,0879a2f8c93a1b668389c10bae1d89c08e1b9d1d6eaa494f1bec9f4ce9db66bd
Server/TMSM/p_tmsm_7120/tmsm01a3_inq.cpp,Server/TMSM,backend_source,scanned,True,48bbda683ed5ac162bdcfce66b48660031ccaa960ed7e3e81e6a784a18d0018b
Server/TMSM/p_tmsm_7120/tmsm01a3_upd.cpp,Server/TMSM,backend_source,scanned,True,8f86dee451277461fa9737c4ca970032382552f7ef2216278effb105356753bd
Server/TMSM/p_tmsm_7120/tmsm02_inq.cpp,Server/TMSM,backend_source,scanned,True,0e1ed468cf2661664ecdb416ec51b33e39ccb755154cc2ecb2b3734a4faf658f
Server/TMSM/p_tmsm_7120/tmsm03_del.cpp,Server/TMSM,backend_source,scanned,True,2807f0cae613d324e85fe6decec57d18e60a564972426d9f01a553d76e3a068c
Server/TMSM/p_tmsm_7120/tmsm03_inq.cpp,Server/TMSM,backend_source,scanned,True,467738069c15a9b8b6538e664f89d34bd38509dfa2ce580a881c75b1de8e01a0
Server/TMSM/p_tmsm_7120/tmsm03_ins.cpp,Server/TMSM,backend_source,scanned,True,00c25523ed88cf667d016d78d5e7b9893f78737b7deafb26b17f64868c99781a
Server/TMSM/p_tmsm_7120/tmsm03_upd.cpp,Server/TMSM,backend_source,scanned,True,189e02e39d6aa75ac19793db293dbd761f13c9a0acdc6af5d1d02ddf45555dc5
Server/TMSM/p_tmsm_7120/tmsm05_del.cpp,Server/TMSM,backend_source,scanned,True,84398a9d2cf998ce4468e823fbda2bdc27a9254797f2737198320e470b891f66
Server/TMSM/p_tmsm_7120/tmsm05_inq.cpp,Server/TMSM,backend_source,scanned,True,6b80a21ba0fcbbf8009d1c267130850c86a434ac1621e2ddeff5dd729edeec90
Server/TMSM/p_tmsm_7120/tmsm05_ins.cpp,Server/TMSM,backend_source,scanned,True,98915b11cf31e5fda08b52b1c34b6d486701e2c0128db49c0445cb6d262b7e9e
Server/TMSM/p_tmsm_7120/tmsm05_upd.cpp,Server/TMSM,backend_source,scanned,True,deda66bd773669f27d0e6c1745b98caaa45db9133650db8bbd90592ef1947570
Server/TMSM/p_tmsm_7120/tmsm06_del.cpp,Server/TMSM,backend_source,scanned,True,c21b673b051d88997501034d1a8753dddade5d901e1621f809ae6a6b99d4d8d2
Server/TMSM/p_tmsm_7120/tmsm06_inq.cpp,Server/TMSM,backend_source,scanned,True,bfb35d9b54fc3b527a82fa1ae882319906398d9af3ebaf2a7939cfc770372e0e
Server/TMSM/p_tmsm_7120/tmsm06_ins.cpp,Server/TMSM,backend_source,scanned,True,e778627a63372276ef9f0127ec90652b9629f205e6cb97fb51565d40fd0412f4
Server/TMSM/p_tmsm_7120/tmsm06_upd.cpp,Server/TMSM,backend_source,scanned,True,49494ff86345d1e4dafb764703a07e1b247e1b93e93adc413a99e9526406a7c7
Server/TMSM/p_tmsm_7120/tmsm09_del.cpp,Server/TMSM,backend_source,scanned,True,be295f122591e22cf4a13a67fa668317f8265a90bae611e0028ee322e19879c9
Server/TMSM/p_tmsm_7120/tmsm09_inq.cpp,Server/TMSM,backend_source,scanned,True,28e9a34ce89e6fba8ed2c1e756c705bd4344da2a766be963b4c39a51fe699a93
Server/TMSM/p_tmsm_7120/tmsm09_ins.cpp,Server/TMSM,backend_source,scanned,True,121076c8c956ad9494ff5a088dfea63336f635d6c3153ed83e4d8e9f4e370c3a
Server/TMSM/p_tmsm_7120/tmsm09_upd.cpp,Server/TMSM,backend_source,scanned,True,5299d9b9daf0f46fec60e40c79c684f0595a1209deec275dea870d8327ea8874
Server/TMSM/p_tmsm_7120/tmsm1101_upd.cpp,Server/TMSM,backend_source,scanned,True,60f3140b9b080a837ef7d00ba5453a3a48067364a67ffcc8dfb610097aff166d
Server/TMSM/p_tmsm_7120/tmsm11_del.cpp,Server/TMSM,backend_source,scanned,True,ea755a64110ebd599344ec28bb93463bc2c5d1fa630935e7f4070d6a835df0ca
Server/TMSM/p_tmsm_7120/tmsm11_inq.cpp,Server/TMSM,backend_source,scanned,True,1e7c74c1121623be69b58ca71bda8e21fcaf256d037e41ae3adfb326c826eba3
Server/TMSM/p_tmsm_7120/tmsm11_inq1.cpp,Server/TMSM,backend_source,scanned,True,a9fd1338543eed75c4eea8f76add57e16f627945b62835e0da12eb6354ed98f6
Server/TMSM/p_tmsm_7120/tmsm11_ins.cpp,Server/TMSM,backend_source,scanned,True,a0480364863232fd96c4bd21c8cb8a5f00c680cd2fe5d811881a69e6eaa26c26
Server/TMSM/p_tmsm_7120/tmsm11_scp.cpp,Server/TMSM,backend_source,scanned,True,e990d8e940c1b552995f33a8d39a870e250bdb19788ca95e4f12faf5bf2af5ed
Server/TMSM/p_tmsm_7120/tmsm11_upd.cpp,Server/TMSM,backend_source,scanned,True,4defda7a975007c4bf5104705a3922eae3216a85c57478c49f148f65a7c118a1
Server/TMSM/p_tmsm_7120/tmsm11a1a1_inq.cpp,Server/TMSM,backend_source,scanned,True,efeefe1c7408a9dd02dbfd7383e40c37efcc4511391d659a36b6ba1437cc53f2
Server/TMSM/p_tmsm_7120/tmsm11a1f10_pro.cpp,Server/TMSM,backend_source,scanned,True,2b28f1cfbae6932c51cf20636b13b2e54abfab3fd8eaaa3598f1a38bec62ee5e
Server/TMSM/p_tmsm_7120/tmsm11a1f2_inq.cpp,Server/TMSM,backend_source,scanned,True,dd5feea0ec047bea680e2fdaf74e7a7a23d0f89b247422843a5e53f54ea18937
Server/TMSM/p_tmsm_7120/tmsm11a1f3_ins.cpp,Server/TMSM,backend_source,scanned,True,feb6629f56c08ed0f62187cd9b312fc20c56673d35f75e445d739808b2bfe82e
Server/TMSM/p_tmsm_7120/tmsm11a1f4_upd.cpp,Server/TMSM,backend_source,scanned,True,6d9f96e46aaf89371641617e9fb16d04b627c9b44e08b192568e0c140a8bdf14
Server/TMSM/p_tmsm_7120/tmsm11a1f5_del.cpp,Server/TMSM,backend_source,scanned,True,90e5a247c9462b0bb7eca92d6a9a7c59ecc832bcc6c3e75444bdfeaa5cf2bd7b
Server/TMSM/p_tmsm_7120/tmsm11a1f6_pro.cpp,Server/TMSM,backend_source,scanned,True,994248dc02c7b00974a1b8521d65bde7edea0ba04d917f9b320a232bf717eb63
Server/TMSM/p_tmsm_7120/tmsm11a1f8_pro.cpp,Server/TMSM,backend_source,scanned,True,3848c261acd4bcec10af00848e45d4a7da63779731461ac6355a07210e12b9f9
Server/TMSM/p_tmsm_7120/tmsm11a1f9_pro.cpp,Server/TMSM,backend_source,scanned,True,9de9598308b4a9d4e91191e68db8b2984a77fa773fab48f698ea6870ab97761f
Server/TMSM/p_tmsm_7120/tmsm11a3_cbn.cpp,Server/TMSM,backend_source,scanned,True,8028dd6535ebdfbe8edf5210cf78f4244928c9b22219a6cffbfd23db33e0a679
Server/TMSM/p_tmsm_7120/tmsm11a3_cbn_r.cpp,Server/TMSM,backend_source,scanned,True,e01f749c4e56249542d17a54614d2bb4e8a5dd36b71901b0553fed658d5cda17
Server/TMSM/p_tmsm_7120/tmsm11a3_cfm.cpp,Server/TMSM,backend_source,scanned,True,b8128a069434da15e421cda47be7a18ffcbbe0fbebc8f58f42ad88613e632d8b
Server/TMSM/p_tmsm_7120/tmsm11a3_inq.cpp,Server/TMSM,backend_source,scanned,True,ee4f2388f43bbd9e14c6d073c83893d7f98179318843550cd47ac5a978630fd8
Server/TMSM/p_tmsm_7120/tmsm11a3a1_inq.cpp,Server/TMSM,backend_source,scanned,True,caf3cbc7d737429d126ddd401bc22424c2002e4a019bbce6413787c6c457b22e
Server/TMSM/p_tmsm_7120/tmsm11a3f10_pro.cpp,Server/TMSM,backend_source,scanned,True,4b60833f03147c324702858029093fc96aa9409193f29aae0f06b15ab515ac56
Server/TMSM/p_tmsm_7120/tmsm11a3f2_inq.cpp,Server/TMSM,backend_source,scanned,True,4b9f3b8acd3f69c1d4ad36eac8689eaf99b8c90755fda28cb86e0d7eac0fcd8e
Server/TMSM/p_tmsm_7120/tmsm11a3f3_ins.cpp,Server/TMSM,backend_source,scanned,True,2c55f12cee07b8f7f0e9011098762efffa982f40bb35f168f6cc9ffd47436192
Server/TMSM/p_tmsm_7120/tmsm11a3f4_upd.cpp,Server/TMSM,backend_source,scanned,True,ff27aaf458362c1971870db0d2ce5420b76c96dc9e6cdbe7f8f17c036bac7ee1
Server/TMSM/p_tmsm_7120/tmsm11a3f5_del.cpp,Server/TMSM,backend_source,scanned,True,2f26130fb197e856d95cef1b05ea66c01d9dde91f6408b22a3169001e559fda3
Server/TMSM/p_tmsm_7120/tmsm11a3f6_pro.cpp,Server/TMSM,backend_source,scanned,True,6b615d8bc64822c42e576c2d3415d52aca9397db17c231c738ace10ad835e206
Server/TMSM/p_tmsm_7120/tmsm11a3f8_pro.cpp,Server/TMSM,backend_source,scanned,True,3c1a5dee60d73a51f17aaa15d1478395d797bb8e98a3563c7f184062a8f2abc7
Server/TMSM/p_tmsm_7120/tmsm11a3f9_pro.cpp,Server/TMSM,backend_source,scanned,True,6f6c96de74bc12285772e895494936270d827a979a34dc29ad758fbf4647e2b6
Server/TMSM/p_tmsm_7120/tmsm12_inq.cpp,Server/TMSM,backend_source,scanned,True,a50bb2cd06f65681bb4bcf439fed3c00fbc36d9f354f21e61cda70ca1fb2c19f
Server/TMSM/p_tmsm_7120/tmsm15_del.cpp,Server/TMSM,backend_source,scanned,True,7f0ddf771077d20f4853f104a196a0d759443526721c7f237d0801d8c43065cf
Server/TMSM/p_tmsm_7120/tmsm15_inq.cpp,Server/TMSM,backend_source,scanned,True,a4f24a7c9b01b9c6edb6194b810a8ffd77ff88f4a8e2ae836a9178cae1cbd2b4
Server/TMSM/p_tmsm_7120/tmsm15_ins.cpp,Server/TMSM,backend_source,scanned,True,cb0c8047e509c6a3fe92ee0d202ef308f4457137ed66cf96aa298aa81c3e45ed
Server/TMSM/p_tmsm_7120/tmsm15_upd.cpp,Server/TMSM,backend_source,scanned,True,8e94d258c970e7473fd664832d6875e6573f34c9904dc0b95e537f0eea1ed180
Server/TMSM/p_tmsm_7120/tmsm19_del.cpp,Server/TMSM,backend_source,scanned,True,4e0a9a226458282a80242c901eced0b78d8f32359209561315cd655687d53cef
Server/TMSM/p_tmsm_7120/tmsm19_inq.cpp,Server/TMSM,backend_source,scanned,True,7f8bfe58e49862bad741ffb7658ddafb25e93f0918f8d7e6796428cefe056150
Server/TMSM/p_tmsm_7120/tmsm19_ins.cpp,Server/TMSM,backend_source,scanned,True,b1d73fe2f5dfe42240fdd41d6cba28f31b1c236475696f3eefb1e680695f6738
Server/TMSM/p_tmsm_7120/tmsm19_upd.cpp,Server/TMSM,backend_source,scanned,True,bfb512eea682a84ceaeac563ef82e83e86cf8734181179fa57982f83ec78bce0
Server/TMSM/p_tmsm_7120/tmsm21_del.cpp,Server/TMSM,backend_source,scanned,True,22ea048f42f4e630fdc74b998007992c4f18267383c91afc19ec369b58223386
Server/TMSM/p_tmsm_7120/tmsm21_inq.cpp,Server/TMSM,backend_source,scanned,True,851dbc273adb69bf4ecd28445594e6fdb44adf2c52d897ef00ed66be37dffda5
Server/TMSM/p_tmsm_7120/tmsm21_inq1.cpp,Server/TMSM,backend_source,scanned,True,91cb7a2a6f2f0034df7262dfb00dace2457851eed7bf830a92d592e37fee7c01
Server/TMSM/p_tmsm_7120/tmsm21_ins.cpp,Server/TMSM,backend_source,scanned,True,6c2653e83ffaa327c8195323a2d23a2034cbf0fbb7ab0bf605496849ad9e963f
Server/TMSM/p_tmsm_7120/tmsm21_scp.cpp,Server/TMSM,backend_source,scanned,True,178f171ad95c92709132bd1b0644cf6112980c184fb9e8acbf2347b9d2a58dfe
Server/TMSM/p_tmsm_7120/tmsm21_upd.cpp,Server/TMSM,backend_source,scanned,True,90acc22ec4bdae242c9ebe44415846a3579804de4f2a7a8fb53cab4a878048af
Server/TMSM/p_tmsm_7120/tmsm21bf10_pro.cpp,Server/TMSM,backend_source,scanned,True,f86170dfcd38c1c7c30e730e97fe15b8ea9a6d92160bfc898e9eff704f668db6
Server/TMSM/p_tmsm_7120/tmsm21bf2_inq.cpp,Server/TMSM,backend_source,scanned,True,7309e93554e776a31bb4ed86644b5e8bfd5f8b9da8f504f8e631bfe1dedd8518
Server/TMSM/p_tmsm_7120/tmsm21bf3_ins.cpp,Server/TMSM,backend_source,scanned,True,66a93999dc36181a367789ceaa7fefad23cfc89d22db42352ecdde51c0383e8a
Server/TMSM/p_tmsm_7120/tmsm21bf4_upd.cpp,Server/TMSM,backend_source,scanned,True,1d1d6bc00dbb7ce9571959fe3068112b98a3dbf4f2b6223773bee013a6fb3bcf
Server/TMSM/p_tmsm_7120/tmsm21bf5_del.cpp,Server/TMSM,backend_source,scanned,True,baa1f11e19b372097750b3592394bd45639db9930299c83660b856fdf44e82d0
Server/TMSM/p_tmsm_7120/tmsm21bf6_pro.cpp,Server/TMSM,backend_source,scanned,True,ce4b9c4e697d398705bffc2a9ca808bd75bc6201656ddee5d3985d71550ac2df
Server/TMSM/p_tmsm_7120/tmsm21bf8_pro.cpp,Server/TMSM,backend_source,scanned,True,3ef568f8a095672c656cef58b7a6f4310263b96c65365e98762576f0ddb425d5
Server/TMSM/p_tmsm_7120/tmsm21bf9_pro.cpp,Server/TMSM,backend_source,scanned,True,07e1c6c7d3d0bb0f097cfdaf9b799985a7ab0e2273c8bf2f4c9d5a63cd7ff30b
Server/TMSM/p_tmsm_7120/tmsm25_del.cpp,Server/TMSM,backend_source,scanned,True,fc3db54098d79e3e99859ce13f88d3650a33f837488a2200d3eb940c1f8402aa
Server/TMSM/p_tmsm_7120/tmsm25_inq.cpp,Server/TMSM,backend_source,scanned,True,4ed9c0d8202ad27a9a65cebf24dfa245898ed14a89a83ed84df7ef552e2c76a3
Server/TMSM/p_tmsm_7120/tmsm25_ins.cpp,Server/TMSM,backend_source,scanned,True,0d47289d1c3558ef9054ad388ad505856fb5f7a1f2af77df80844e6b38348cfe
Server/TMSM/p_tmsm_7120/tmsm25_upd.cpp,Server/TMSM,backend_source,scanned,True,3d1a696bcee0445d6cb847391c6e58630b1f3e12458f96da0f404a8387d9fe66
Server/TMSM/p_tmsm_7120/tmsm29_del.cpp,Server/TMSM,backend_source,scanned,True,2ece54b8c18f023b1fee040da6d1c65157c26e4dfb7699c7999de78adede5b6e
Server/TMSM/p_tmsm_7120/tmsm29_inq.cpp,Server/TMSM,backend_source,scanned,True,4ed1d3584a699ef98cb6371ecbe415785c8aa6f970d4cf4cab075b242c6fdbbf
Server/TMSM/p_tmsm_7120/tmsm29_ins.cpp,Server/TMSM,backend_source,scanned,True,6164e0bf26d41906292ece63b900681434ef9ed6745afae45013a288e96bfab5
Server/TMSM/p_tmsm_7120/tmsm29_upd.cpp,Server/TMSM,backend_source,scanned,True,1732eb537690663460854f69186846cae676d40c4d0443c3a4c91e3921b7f5e3
Server/TMSM/p_tmsm_7120/tmsm31_del.cpp,Server/TMSM,backend_source,scanned,True,63f67d4a9a2ade4d819627f54da74f8e18ec92407784cf490152fae6803ca4f0
Server/TMSM/p_tmsm_7120/tmsm31_inq.cpp,Server/TMSM,backend_source,scanned,True,d6216d82792b0303b540f0af2b6c00e2b3958f80bccd4a8e7cc2717953d45a89
Server/TMSM/p_tmsm_7120/tmsm31_inq1.cpp,Server/TMSM,backend_source,scanned,True,f04b31c8220cdc9638b0270a428b5368e94586a954a06b7424e57012ec62e0d6
Server/TMSM/p_tmsm_7120/tmsm31_ins.cpp,Server/TMSM,backend_source,scanned,True,6b8be3ae0bef591a6acd8dcd0e11e69055d2291a44df0dd531a9cd1c07182153
Server/TMSM/p_tmsm_7120/tmsm31_scp.cpp,Server/TMSM,backend_source,scanned,True,3ea0385ec268a2260d80ce15357a17949e10e8dbba57bce05ea843345bcc4425
Server/TMSM/p_tmsm_7120/tmsm31_upd.cpp,Server/TMSM,backend_source,scanned,True,f177ed4c17f7d3b59cea5ca8c488b20516796a493008e45156f13eb47b4ce52f
Server/TMSM/p_tmsm_7120/tmsm31bf10_pro.cpp,Server/TMSM,backend_source,scanned,True,9ccc02abe12fe9428486bb11464865b988f67d57a8746584b4b7dbdd1e9cc8a1
Server/TMSM/p_tmsm_7120/tmsm31bf11_pro.cpp,Server/TMSM,backend_source,scanned,True,3e3713a4ed908b817aeb9d0a954c62170b3229b8d08e2b3c32da6b6df0553ca8
Server/TMSM/p_tmsm_7120/tmsm31bf2_inq.cpp,Server/TMSM,backend_source,scanned,True,45b52d4c9fd8ad4b8d7ebb9a51d82f072380c8653b063360b894f6cd926ac825
Server/TMSM/p_tmsm_7120/tmsm31bf3_ins.cpp,Server/TMSM,backend_source,scanned,True,0d4b54e9e276f0a39c8dc669bbc4c818b1bdc78c0c700f0917c414de76ff8962
Server/TMSM/p_tmsm_7120/tmsm31bf4_upd.cpp,Server/TMSM,backend_source,scanned,True,2d5d21925f8e27575da86238028b7ec5436f227e7a33e96bc944d0a44d4b2a58
Server/TMSM/p_tmsm_7120/tmsm31bf5_del.cpp,Server/TMSM,backend_source,scanned,True,92d25f03cba818d594503aab734a4bada73803162a1a59cac4a641212e5fbd52
Server/TMSM/p_tmsm_7120/tmsm31bf6_pro.cpp,Server/TMSM,backend_source,scanned,True,43757ca2e41a5bbf65a6c60f085382bbda3ae5a05f4e5b53f447df9c1c2ee020
Server/TMSM/p_tmsm_7120/tmsm31bf7_bind.cpp,Server/TMSM,backend_source,scanned,True,d01c48507e952fc28aa8a567f49ebadfc4acddebb915fd2d3f0195f9105b4c26
Server/TMSM/p_tmsm_7120/tmsm31bf9_pro.cpp,Server/TMSM,backend_source,scanned,True,dd867c14469c70e9e674157c4a9260d702dce1456dc61a9bcdea3851f991e2fd
Server/TMSM/p_tmsm_7120/tmsm35_del.cpp,Server/TMSM,backend_source,scanned,True,998df84394e3e7151f319268d422462e42a417a0dbd6670a286078d725dffbc2
Server/TMSM/p_tmsm_7120/tmsm35_inq.cpp,Server/TMSM,backend_source,scanned,True,38b934f321772e8a48dfb5e582b899f2aa9cc5398b84ff0ecbf84a79d099a799
Server/TMSM/p_tmsm_7120/tmsm35_ins.cpp,Server/TMSM,backend_source,scanned,True,c178dacb9d5b9e091f1d4ee7bb8f0e0ed5b05e53c54f0bc3888595523d927699
Server/TMSM/p_tmsm_7120/tmsm35_upd.cpp,Server/TMSM,backend_source,scanned,True,3cba38307712bb1a1a6780e0aca55cd54c3fb6f00c31d2e105e3e0a06bed84f7
Server/TMSM/p_tmsm_7120/tmsm37_inq2.cpp,Server/TMSM,backend_source,scanned,True,bf2ca2c34ff62da8b308758ba4592aeef91b5ded197f362519a2068527219233
Server/TMSM/p_tmsm_7120/tmsm39_del.cpp,Server/TMSM,backend_source,scanned,True,540ce718e96247433fc2439e6f473793d72bc2563bd8ab09a758e17beaf03179
Server/TMSM/p_tmsm_7120/tmsm39_inq.cpp,Server/TMSM,backend_source,scanned,True,64e3dff9b3643779a7e28781512f4fe9eb0250e652462f8bab873a340c07939d
Server/TMSM/p_tmsm_7120/tmsm39_ins.cpp,Server/TMSM,backend_source,scanned,True,f9ae463a5fc189915c3eadc9e1e472b9e0bdb0e06691188dda88b6f7cdb936c1
Server/TMSM/p_tmsm_7120/tmsm39_upd.cpp,Server/TMSM,backend_source,scanned,True,ecbf695c175cee05f979f2c77800ae3fb0a9922b20138a28844b67c889afd7d4
Server/TMSM/p_tmsm_7120/tmsm41a2_cbn.cpp,Server/TMSM,backend_source,scanned,True,6addd1b69ead5a283cf318908b0b4d0c8848ab34f5c5cffe8f76071b5573366b
Server/TMSM/p_tmsm_7120/tmsm41a2_inq.cpp,Server/TMSM,backend_source,scanned,True,78d9706434ed2e1a1cc52d6ecb787084ffc98f5b78ca1485163275421288d081
Server/TMSM/p_tmsm_7120/tmsm41bf2_inq.cpp,Server/TMSM,backend_source,scanned,True,ff86c70f999160934f75e2b4585eeae29ae414a2471d616625a3510787a39337
Server/TMSM/p_tmsm_7120/tmsm41bf3_ins.cpp,Server/TMSM,backend_source,scanned,True,5772fa018de2b2154013fe227bd3cd092bad4531f9ede3ff726e3fca8a58606f
Server/TMSM/p_tmsm_7120/tmsm41bf4_upd.cpp,Server/TMSM,backend_source,scanned,True,8cc48f83e15a96d20e6dc0331f6cfb34fc1708dd16fd04ef317e9031f801c486
Server/TMSM/p_tmsm_7120/tmsm41bf5_del.cpp,Server/TMSM,backend_source,scanned,True,3ff4556924cbe270a5e6bee6fc0e23b3364ffce0b9b7c6d52a2c4f5b2959499e
Server/TMSM/p_tmsm_7120/tmsm41bf9_pro.cpp,Server/TMSM,backend_source,scanned,True,c13c63cbbff10d0c28d19d58e7ec9d212b16febd035bf005bf3e678694fcdad7
Server/TMSM/p_tmsm_7120/tmsm51_del.cpp,Server/TMSM,backend_source,scanned,True,9d0720c375ef9351f3ddc3cb8dea5a34f88a411e596ed10f1204967b9b3f0a31
Server/TMSM/p_tmsm_7120/tmsm51_inq.cpp,Server/TMSM,backend_source,scanned,True,507f0cd9bdd147bc67eeb13eedb1ec53dadd455a2ff3c76112c4928dce255efb
Server/TMSM/p_tmsm_7120/tmsm51_ins.cpp,Server/TMSM,backend_source,scanned,True,4a217fa68bcf9fb9fd2e497b451970ce1f29862a015331f877fe748046e27bf6
Server/TMSM/p_tmsm_7120/tmsm52_del.cpp,Server/TMSM,backend_source,scanned,True,9192c0c4df633dfaa085d23f519de25facf8f2756e6300d20c8c36e34f51138c
Server/TMSM/p_tmsm_7120/tmsm52_inq.cpp,Server/TMSM,backend_source,scanned,True,16b3c8cf99c189a9c1010ced1f3fb341e63763cb9b3ec08fd88ffa6aa77fb3c3
Server/TMSM/p_tmsm_7120/tmsm52_ins.cpp,Server/TMSM,backend_source,scanned,True,2caa292e575242b23b3baa593dae66897be796df8382fa89afd02ee640cb8def
Server/TMSM/p_tmsm_7120/tmsm52_rep_e.cpp,Server/TMSM,backend_source,scanned,True,8b303245954a99f712ef7f42d97f9e0fd8d6cd47ca94ba92bf3bc153c4e9afdb
Server/TMSM/p_tmsm_7120/tmsm52_rep_s.cpp,Server/TMSM,backend_source,scanned,True,878835174467727cc25414e446b8f0961714417877e733b7056f1179c9efb86e
Server/TMSM/p_tmsm_7120/tmsm52_upd.cpp,Server/TMSM,backend_source,scanned,True,3a38a53bfe062f4907c6fb17fc6b0f3a194af0bff156b56bcea3d7ddf1a9e2aa
Server/TMSM/p_tmsm_7120/tmsm53_inq.cpp,Server/TMSM,backend_source,scanned,True,0e3f9138de1e769351412706abc615b26ec86124c6f76bcda3fc8738ce815f42
Server/TMSM/p_tmsm_7120/tmsm53_ins.cpp,Server/TMSM,backend_source,scanned,True,2d75beea8abd8569404d36ebc54c170e0d96fb6178f6fa8987665f5fb50e0d30
Server/TMSM/p_tmsm_7120/tmsm53_status.cpp,Server/TMSM,backend_source,scanned,True,da4589506c0a04e4ab86935faa7d747011f1a1e7b6a2e99c28e58cad5a652abc
Server/TMSM/p_tmsm_7120/tmsm53_upd.cpp,Server/TMSM,backend_source,scanned,True,77c967e3f0e0f3be40c09990325e226e0d781b1df712df8686a8c7d72a23bf20
Server/TMSM/p_tmsm_7120/tmsm54_inq.cpp,Server/TMSM,backend_source,scanned,True,b4820f021606b5b0e52c18c9abf001e5afa9e861be7c06ddcf37f16dbd30fdf0
Server/TMSM/p_tmsm_7120/tmsm55_inq.cpp,Server/TMSM,backend_source,scanned,True,acfa0fd176d9f7a9db11b3ce2748c41bbdd48c248261ceaad70da079b8a6d6b8
Server/TMSM/p_tmsm_7120/tmsm56_inq.cpp,Server/TMSM,backend_source,scanned,True,ad902f6eec5efceab8de6d5328f036b3b796368fdb76a4b47c16aef907905650
Server/TMSM/p_tmsm_7120/tmsm97bf2_inq.cpp,Server/TMSM,backend_source,scanned,True,28b5f4630a9926b821cda259dc2f94eb2bd802b553395eb69c10bea99d72b404
Server/TMSM/p_tmsm_7120/tmsm99_cul.cpp,Server/TMSM,backend_source,scanned,True,0782fef1c47c0b892a6200f26b0414b67f5b3f1a881dd013e4168de40be5cf7b
Server/TMSM/p_tmsm_7120/tmsm99_del.cpp,Server/TMSM,backend_source,scanned,True,f21f8f46f90d86d60a0d4c68eac0ced4897b6353db2ded22e2f48e1a53adacc5
Server/TMSM/p_tmsm_7120/tmsm99_inq.cpp,Server/TMSM,backend_source,scanned,True,c9c4bb6fffd3e8bf4834f951a9b915b45dd5188184a57bbbfe075d0a63365df3
Server/TMSM/p_tmsm_7120/tmsm99_ins.cpp,Server/TMSM,backend_source,scanned,True,1e7c26fabe1730d54b10ec2779db00783e73e075f45e1287350dec54e0d091cb
Server/TMSM/p_tmsm_7120/tmsm99_upd.cpp,Server/TMSM,backend_source,scanned,True,2f0a44fc40e69c010d3b5c427f63008af1023d2c224657cb6bbf2a963200d3fa
Server/TMSM/p_tmsm_7120/tmsm_form_get.cpp,Server/TMSM,backend_source,scanned,True,303cc82df281b5e30c5565141b9a00e07d243918b8462b95288ba339d026f824
Server/TMSM/p_tmsm_7120/tmsmd1_del.cpp,Server/TMSM,backend_source,scanned,True,e6426ac943b2f1b97407185f48b06380c8e6ad4fd3cd0545a92f5c5c71988089
Server/TMSM/p_tmsm_7120/tmsmd1_inq.cpp,Server/TMSM,backend_source,scanned,True,6e9aa924f4b81a623196ca2551e80c5666a117e0696a3c192bf0da82fdc1657e
Server/TMSM/p_tmsm_7120/tmsmd1_ins.cpp,Server/TMSM,backend_source,scanned,True,3928f2e599cb5ca75e665d9ff4e82c7ada8255f6f52b2e436ef420d6e71f43b8
Server/TMSM/p_tmsm_7120/tmsmd1_upd.cpp,Server/TMSM,backend_source,scanned,True,c60ec82c8786c56e2eb00debeff91eb2a7e00d789c62dffca6eddc4161497607
Server/TMSM/p_tmsm_7120/tmsmqmts25_inq.cpp,Server/TMSM,backend_source,scanned,True,e8697b20258de86ebcf89bb4d95633988382fcb1954181140b9cef3be7a1a060
Server/TMSM/p_tmsm_7120/ttmsm11a1a1_inq.cpp,Server/TMSM,backend_source,scanned,True,a0a7ff80b06e808cafe04b6a997509c5341a837ac6f435ebf6341855b1ee0325
Server/TMSM/p_tmsm_7130/tm0097_copy.cpp,Server/TMSM,backend_source,scanned,True,71a3775846efec2020a45fe6d366e917b848c4d24244b48abf24862f87d4e6f1
Server/TMSM/p_tmsm_7130/tm0097_inq.cpp,Server/TMSM,backend_source,scanned,True,3d27f7f40d12cf7a5cd205ef3e31e8a3b5326d3bcfac83ee1e98a6744f556820
Server/TMSM/p_tmsm_7130/tm0097_pro.cpp,Server/TMSM,backend_source,scanned,True,f4f4fc9b891a4458da7306882ca5c9929e7b8a7a1a5b00848f36da8910bf1878
Server/TMSM/p_tmsm_7130/tm0099_inq.cpp,Server/TMSM,backend_source,scanned,True,e7d14775e85d8ca238ec9cc3a81087f73b2e08749207e2aed242301d5e87141d
Server/TMSM/p_tmsm_7130/tm009a_inq.cpp,Server/TMSM,backend_source,scanned,True,d533d50c7c6cef21de88b26e74dc4af71344c3282ac823e01ffb06c04085ce29
Server/TMSM/p_tmsm_7130/tmsmbg_init.cpp,Server/TMSM,backend_source,scanned,True,5beb6c7b51c5d3c45e1f46816a51f959632ad30a98e4f892b603a2622999dd9d
Server/TMSM/p_tmsm_7130/tmsmgt_bake.cpp,Server/TMSM,backend_source,scanned,True,a117c71dd60d51113ee9602e16292f567f3729fcd890300234cd20366a8fe0ef
Server/TMSM/p_tmsm_7130/tmsmgt_bake_inq.cpp,Server/TMSM,backend_source,scanned,True,e0450653ffd6410ec0c5f4a4f0e2e1387bfd4ac0b8d119a8bd96e0faede1eb0f
Server/TMSM/p_tmsm_7130/tmsmgt_init.cpp,Server/TMSM,backend_source,scanned,True,153021bc4b97296b92e41535c55993fd819101c5c892e721a95eeab16d880d1c
Server/TMSM/p_tmsm_7130/tmsmgt_inq.cpp,Server/TMSM,backend_source,scanned,True,0b4ff4b1760eb106255c6c136bf957c610a0f5f756a459e3ecac71771f2fe896
Server/TMSM/p_tmsm_7130/tmsmgt_ins.cpp,Server/TMSM,backend_source,scanned,True,2225991eb1cc258b51f0002d1ac4c470b7d940a2c2b977d662e0f65c3db85cc2
Server/TMSM/p_tmsm_7130/tmsmgt_repair.cpp,Server/TMSM,backend_source,scanned,True,4bdcee35910802e6d2eb21344ef4c9c57a1e5170049653c93058fc41dce7c9db
Server/TMSM/p_tmsm_7130/tmsmgt_repair_inq.cpp,Server/TMSM,backend_source,scanned,True,ef48169ac123e6162b0b22b29a0a920f73ce2ede6a940981ec618732e7bd208f
Server/TMSM/p_tmsm_7130/tmsmgt_show_inq.cpp,Server/TMSM,backend_source,scanned,True,ca7886f0a3fb25b2f1aafdae883c5acdb7fae78c9a79d912f6be70c889d0d042
Server/TMSM/p_tmsm_7130/tmsmgt_upd.cpp,Server/TMSM,backend_source,scanned,True,9793f15839556add37907c6fe4a26be6ea6f098503ca26f13655841badf8cc2b
Server/TMSM/p_tmsm_7130/tmsmgt_yd_upd.cpp,Server/TMSM,backend_source,scanned,True,5f9ca721db4fe644bdaee02d9bf8e786e3a43203d1aa595769c8d02690638513
Server/TMSM/p_tmsm_7160/cm_e2t8d1_rcv.cpp,Server/TMSM,backend_source,scanned,True,3367238009b8d24ef6c4593b40694f55c8e58c390957da9f03aa6ed753bcb0d2
Server/TMSM/p_tmsm_7160/cm_e2t8d2_rcv.cpp,Server/TMSM,backend_source,scanned,True,f8fde49794007d57380cf9bc137dd7fb1d858c729c3c40ea40ca32d79b4cf1b6
Server/TMSM/p_tmsm_7160/cm_e2t8d3_rcv.cpp,Server/TMSM,backend_source,scanned,True,c41b9ff5f5cdbbe9ab684ccb7cd78559afa7f5b1601faa072f51f3c55748f2c4
Server/TMSM/p_tmsm_7160/cm_e2t8d4_rcv.cpp,Server/TMSM,backend_source,scanned,True,bd455421197fd46c5d405ff20bcd77009cfef29c35d883cd5570f375a7545e7e
Server/TMSM/p_tmsm_7160/cm_e2t8r1_rcv.cpp,Server/TMSM,backend_source,scanned,True,891f78f265894fb65fd306e937e3b8066df811255b68a6966ef478a7ee29c13c
Server/TMSM/p_tmsm_7160/qxsm23_dr_inq1.cpp,Server/TMSM,backend_source,scanned,True,40e369189fd1548bea782e4d1f0dc933b310fb2e9ad54f501def8aa67f7ba860
Server/TMSM/p_tmsm_7160/qxsm23_dr_ins1.cpp,Server/TMSM,backend_source,scanned,True,bf169b76fb629530de201cdb533ee93d2c251470fc826d0ddbf1f5db5b1dec14
Server/TMSM/p_tmsm_7160/qxsm23_qs_inq.cpp,Server/TMSM,backend_source,scanned,True,015d82f73d287261aea59772acbf8054b153de943b36b01b8ce478f11057f208
Server/TMSM/p_tmsm_7160/qxsm23_qs_inq1.cpp,Server/TMSM,backend_source,scanned,True,d7c56f4e44c179150acf83363eaaef2ffc6121acf6393b25312f2791e1bc117a
Server/TMSM/p_tmsm_7160/tmsm_l2_mess_auto_snd.cpp,Server/TMSM,backend_source,scanned,True,be1ba1779400b8eb5b98b7fbd743698ca989a2e97dc36f516c5aa3b235b29486
Server/TMSM/p_tmsm_7160/tmsm_t82326_snd.cpp,Server/TMSM,backend_source,scanned,True,ba174a2ea85438335b87210e8407c50ac22a7eba960e7f5a0eaee6302b02c5ef
Server/TMSM/p_tmsm_7160/tmsm_t82327_snd.cpp,Server/TMSM,backend_source,scanned,True,bf388c77d2869056d75058c2e4f905cd5797de4b362606fdf53fcbdd99bc7b83
Server/TMSM/p_tmsm_7160/tmsme59_inq.cpp,Server/TMSM,backend_source,scanned,True,bab170eae406b8796bcd2d641b8826c42e6aaa48c9efcf67aa809fc7c0e144b2
Server/TMSM/p_tmsm_7160/tmsme61_inq1.cpp,Server/TMSM,backend_source,scanned,True,95bf349b6e425a9e92df14ec712b0be850a5de18e5a08cf4bd44f42283be880f
Server/TMSM/p_tmsm_7160/tmsme61_inq2.cpp,Server/TMSM,backend_source,scanned,True,b9e22047984e838399104d1f3930c9d1b6afa0641dec98efdeca2e1640a4f31e
Server/TMSM/p_tmsm_7160/tmsme61a1_addsub.cpp,Server/TMSM,backend_source,scanned,True,f7aa9ccf985a573821fc48781fff289a5bb421f1460abfc80004481e0aa43dd3
Server/TMSM/p_tmsm_7160/tmsme61a1_del.cpp,Server/TMSM,backend_source,scanned,True,c132a595d2613da6115445348186a1faa13a9782a730df2863b74f8f7b552dce
Server/TMSM/p_tmsm_7160/tmsme61a1_delsub.cpp,Server/TMSM,backend_source,scanned,True,d06c39cecd770cab650a0d36124a150967e59eaaf4b6f0fb2c994f59220eb066
Server/TMSM/p_tmsm_7160/tmsme61a1_ins.cpp,Server/TMSM,backend_source,scanned,True,ac757c6ed03e451b63ffadee1970cf96068f543520fc0f0d7ca04716e5e13875
Server/TMSM/p_tmsm_7160/tmsme61a1_upd.cpp,Server/TMSM,backend_source,scanned,True,966d99ede57795827179c6365d92e51dc3a2bf034a3e231fe26a4b25b3ad3daa
Server/TMSM/p_tmsm_7160/tmsme61a1_updsub.cpp,Server/TMSM,backend_source,scanned,True,9f178023ee56e0e08323588c8bfa780edb79583cb828d0c3f16f86c8ae4cf431
Server/TMSM/p_tmsm_7160/tmsme66_inq.cpp,Server/TMSM,backend_source,scanned,True,c2511930c42c48758812e4384902625193cdb6a20911cfc63664f46e0eb9ac5d
Server/TMSM/p_tmsm_7160/tmsme66a1_del.cpp,Server/TMSM,backend_source,scanned,True,e454adc311133ca420e5a400a385b513e4bbd4d19dd89e73e77ba2aee751934b
Server/TMSM/p_tmsm_7160/tmsme66a1_ins.cpp,Server/TMSM,backend_source,scanned,True,f37d68aabd9288c6631a6bd2eb374201fa2c1eaf66c57a806e52726d456b7360
Server/TMSM/p_tmsm_7160/tmsme66a1_upd.cpp,Server/TMSM,backend_source,scanned,True,509ca9ae002a3a60f5f643cf913e16466c7317d7bfacf7bf8a5623d1f11f2e1b
Server/TMSM/p_tmsm_7160/tmsme67_inq.cpp,Server/TMSM,backend_source,scanned,True,9da338a1fb17830d33b2ee8922a6d7343fc423b867add545278b9fb69181590b
Server/TMSM/p_tmsm_7160/tmsme68_inq.cpp,Server/TMSM,backend_source,scanned,True,96449ca606b014333d322324638e5e07ed86b0d27eac9ef58b9f42e692d0eb9a
Server/TMSM/p_tmsm_7160/tmsme68a1_del.cpp,Server/TMSM,backend_source,scanned,True,21df2734e9ca83bfcaec91a03e52a0cc954bf14882402323ea9c40afd6727fff
Server/TMSM/p_tmsm_7160/tmsme68a1_ins.cpp,Server/TMSM,backend_source,scanned,True,fb06d28827e715ccb06c098603eb4bda58415bcf0b08547f3645406acc5b9624
Server/TMSM/p_tmsm_7160/tmsme68a1_offline.cpp,Server/TMSM,backend_source,scanned,True,afb10bfffed569caf7c8630358f91cf79fb69aa01d52722b87c34d20bd0bccd0
Server/TMSM/p_tmsm_7160/tmsme68a1_upd.cpp,Server/TMSM,backend_source,scanned,True,757aabd89d3e8759b67c74be2cf8c4e8eda660a586c0657e6785b975d94d5293
Server/TMSM/p_tmsm_7160/tmsme69_inq.cpp,Server/TMSM,backend_source,scanned,True,13db0d73d320ab75f65afd95317941665701ac6936bbde4845c1a3f09fc1ce56
Server/TMSM/p_tmsm_7160/tmsme69a1_del.cpp,Server/TMSM,backend_source,scanned,True,82d3b5bb859a11877826ec1ac382a3ecb1e1b41f119760fa049ed6914b40c5b8
Server/TMSM/p_tmsm_7160/tmsme69a1_ins.cpp,Server/TMSM,backend_source,scanned,True,f064b7ea7230052ead9aa933d5776b5b67b0fcc67db58ef74685cff6c02df863
Server/TMSM/p_tmsm_7160/tmsme69a1_upd.cpp,Server/TMSM,backend_source,scanned,True,8087b2fdb2b06adde8700be36f8662d1cac949f0bdb098ceffe82ace4b7a2ec3
Server/TMSM/p_tmsm_7160/tmsme91_inq1.cpp,Server/TMSM,backend_source,scanned,True,15fd20ed6a20f3b16315daf845610dba1ed4f55c05ad7cf2ebefa164fa7da200
Server/TMSM/p_tmsm_7160/tmsme91_inq2.cpp,Server/TMSM,backend_source,scanned,True,53ed29a2d556c940b6f8f6b08c74d96bdf4a445d92a8747ca02936be9a0aa30a
Server/TMSM/p_tmsm_7160/tmsme91a1_act.cpp,Server/TMSM,backend_source,scanned,True,cf5ae57f022a0a49c3801140469090a86ab3ab0b5a28445d724578e18c18708c
Server/TMSM/p_tmsm_7160/tmsme91a1_bake.cpp,Server/TMSM,backend_source,scanned,True,bad15365ecdee9d1b43bbd36c09b93089c556eee07cc2c0f3347558725bc1042
Server/TMSM/p_tmsm_7160/tmsme91a1_check.cpp,Server/TMSM,backend_source,scanned,True,e0686125d15928f051b763b094d24ee903845502519dfb6bb74b7d4bf698620d
Server/TMSM/p_tmsm_7160/tmsme91a1_del.cpp,Server/TMSM,backend_source,scanned,True,3b6cb5f1ca7f1b5a427e5190ed269ffef82c1d9f3a188f2545b17e45a5970fb5
Server/TMSM/p_tmsm_7160/tmsme91a1_ins.cpp,Server/TMSM,backend_source,scanned,True,5c365239addf4dd237a63c3a654d465a7b0032c86c67b6f3fec82b6501687ac9
Server/TMSM/p_tmsm_7160/tmsme91a1_rep.cpp,Server/TMSM,backend_source,scanned,True,b0d82a89b4c1b19890f24b82d17c38b74814fa01aa1e0022f892b9929ac9a5b7
Server/TMSM/p_tmsm_7160/tmsme91a1_upd.cpp,Server/TMSM,backend_source,scanned,True,00a7dde31767c1fe31afc4cdd170398b9dac48a5d59af523acc4b0dcf07be472
Server/TMSM/p_tmsm_7160/tmsme91a1_use.cpp,Server/TMSM,backend_source,scanned,True,4b21810a7e99b74240a435a95cb7c72961f10b953e44f58a485ae5d0df85f1c4
Server/TMSM/p_tmsm_7160/tmsme95_inq1.cpp,Server/TMSM,backend_source,scanned,True,1a3968bbbb6cf319e60a3c51be813f87f88ea8a94dcb917d18af71ef9ce738a8
Server/TMSM/p_tmsm_7160/tmsme96_inq.cpp,Server/TMSM,backend_source,scanned,True,7f020c82b253411282699eee2549d1a591f3cca6d57914ef7b952e2c0e8c838a
Server/WM00/.env.production,Server/WM00,environment_config_values_not_exported,scanned,True,9e081b9bf045cadfa90704718c14c3539f9b9b9905596be0de63f514853b4aec
Server/WM00/.gitignore,Server/WM00,backend_source,scanned,False,168b695ee2329648ea1a0cf0a25d2639c5459ae5f63eccf64302aaaef259e3a4
Server/WM00/.vscode/settings.json,Server/WM00,config_or_resource,scanned,False,83de1c525e74033f7864b25fa68815340f22366846ea5739a4769a0f860a52ad
Server/WM00/README.md,Server/WM00,document_or_log,scanned,False,57f53217c7200451a2f4a55440fd641fddbab1e60eee7c483f05ff18ed96eee8
Server/WM00/libWM00/f_auto.cpp,Server/WM00,backend_source,scanned,True,ff5acf179cba6334fca6c7039b6f806ba911026870b8e2e998bc58bf8f60fe59
Server/WM00/libWM00/f_auto_sail.cpp,Server/WM00,backend_source,scanned,True,145b71d960838ca94806387dc3911d28922f7cf506410ae683e4b1a7f9b15417
Server/WM00/libWM00/f_cm_00xxn1_snd.cpp,Server/WM00,backend_source,scanned,True,3fccea76fe2c6fa5fd9d238122921427167cbcfd4777e68dcc071f0eaedca083
Server/WM00/libWM00/f_create_crane_no.cpp,Server/WM00,backend_source,scanned,True,b21854e567d73295b94a96d88c832252fbc73cdd7ec3eed96c457c7ad8da992e
Server/WM00/libWM00/f_rpn.cpp,Server/WM00,backend_source,scanned,True,ff669c31158621b496cdd51e9bc1168f629f3d555e3ff2dd290adde898e6e76f
Server/WM00/libWM00/f_wm00_cal_layerno.cpp,Server/WM00,backend_source,scanned,True,8e086c191a70a7d0f6c0fc797a69a6e7dfe04bcb4fde3bd9f304343d691d0890
Server/WM00/libWM00/f_wm00_hposition.cpp,Server/WM00,backend_source,scanned,True,b4a594f6ea9fd63ce296587babe41b7fa5e8326ea17a9ae69f1811afb215a9b7
Server/WM00/libWM00/f_wm00_mat_info_delete.cpp,Server/WM00,backend_source,scanned,True,7c8615b6d71dea428da4f5caecb9b3172af9d8cd71e528ba6c659d0e54edd0b6
Server/WM00/libWM00/f_wm00_mat_info_insert.cpp,Server/WM00,backend_source,scanned,True,e92e07b1c8baf3b56b25af966665510c23b50633fc32b3c5a448830f3dca52e5
Server/WM00/libWM00/f_wm00_mat_info_update.cpp,Server/WM00,backend_source,scanned,True,817844196fced59834eeb5774f96a87a7dacee04eb83e669c7a0437a9239d680
Server/WM00/libWM00/f_wm00_pile_comd_prod.cpp,Server/WM00,backend_source,scanned,True,ccede39623ed28256db0e95b517c12a5104da6a63ffc96ee64550ce2827b4792
Server/WM00/libWM00/f_wm00_pile_comf.cpp,Server/WM00,backend_source,scanned,True,7e34b06aa1240c8c1d8c2b0bd0380f9265571d7c3c0ca25afc0a5a698e9c0f32
Server/WM00/libWM00/f_wm00_pile_final_recom.cpp,Server/WM00,backend_source,scanned,True,e1672b285d5a3d75c6090acb2ebfa86288d27c707ef539a678f2d33116913537
Server/WM00/libWM00/f_wm00_pile_jud.cpp,Server/WM00,backend_source,scanned,True,94c8095168c0d083f8a07c49532c698f53f73357666fa81b7f2ca3f3fcdd9565
Server/WM00/libWM00/f_wm00_pile_recom.cpp,Server/WM00,backend_source,scanned,True,dd54a9a1f0269b92b27b9968f59a1054714a13f1546588e1f0291e3e4bbf49c3
Server/WM00/libWM00/f_wm00_pileinfocal.cpp,Server/WM00,backend_source,scanned,True,a4e6ea3fac100b5f1621cb214fd75e180841b002ccd891cd5d3a17a567c057b4
Server/WM00/libWM00/f_wm00_pre_deal.cpp,Server/WM00,backend_source,scanned,True,d1b2c806030c8db39de6c5494c469b0d341199de4bf59ccc3ed61630b6f0e5d3
Server/WM00/libWM00/f_wm00_queue.cpp,Server/WM00,backend_source,scanned,True,ca4850e7a5a8c04b1b7dc241f195df2a52fa781c1135c343402bbac0fabea163
Server/WM00/libWM00/f_wm00_stock_chk.cpp,Server/WM00,backend_source,scanned,True,1c0e3bcb4a2fbfdefea17069085e4dbb57482dfcbabc3cb98c3cadd631301622
Server/WM00/libWM00/f_wm00_stock_place_no.cpp,Server/WM00,backend_source,scanned,True,2b702f70e971f679d865beeb65484088a3d8c95edadc7b9daa214d31339cfed1
Server/WM00/libWM00/f_wm00_transfer_plan.cpp,Server/WM00,backend_source,scanned,True,0fc3e314ec0a6f930890a56503250644375d8d3566c3e20f2b0ef59e88ef55dd
Server/WM00/libWM00/f_wm00_transfer_plan_mat.cpp,Server/WM00,backend_source,scanned,True,31f3badd78c6cb21b2d67377cf6e6212f02b3eb7ee1e63474860a8beb1f6e2e8
Server/WM00/libWM00/f_wm00_wm01_snd.cpp,Server/WM00,backend_source,scanned,True,52295318adf4dd7a64e982ff135bfa0719ab4b55aed8c9f7cdebc2131a6d7e71
Server/WM00/libWM00/f_wm00_wm02_snd.cpp,Server/WM00,backend_source,scanned,True,f7537c6dc5a2adf7d0b67c10b30f770141aeead16b06830339be670a72c4f3e3
Server/WM00/libWM00/f_wm00_wm03_snd.cpp,Server/WM00,backend_source,scanned,True,8b5d6806d2a6242caa1441aea5c5bd27d4a150c67fb8de739ffbcfad40819205
Server/WM00/libWM00/f_wm00_wmy1_snd.cpp,Server/WM00,backend_source,scanned,True,462401114cabc96fdd0c0bedadefcf7b9c4854e55cbca2c1f8bda1752b022930
Server/WM00/libWM00/f_wmg0_error_deal.cpp,Server/WM00,backend_source,scanned,True,9d8cb1ac04b7f0ed17d663db24fd2f9d666bb4828667e22c06cb003a632a5987
Server/WM00/libWM00/f_wmg0_get_appame.cpp,Server/WM00,backend_source,scanned,True,343c16e3317869d159199d16659f2705c23641b6596dc0d2b63ec7f07787335b
Server/WM00/libWM00/f_wmxx_stock_log.cpp,Server/WM00,backend_source,scanned,True,687130d75a9a91b5d5eef12056dfc53e817eb5852f8410f930c22b8455629487
Server/WM00/libWM00/f_wmxx_stock_out.cpp,Server/WM00,backend_source,scanned,True,55eb3245953dbfa6986b9b1309fbd12785f876215eaa8a026954f5cc41427766
Server/WM00/libWM00/f_wmxx_stock_out_mmdel.cpp,Server/WM00,backend_source,scanned,True,e3f3124efab62f95601107b076e04453fb9b389eb31b7eafdfc21c5ec6970470
Server/WM00/p_wm00_8100/wm0001_inq.cpp,Server/WM00,backend_source,scanned,True,251b10cc474a09bbf3eecba6ba97944963d8cc880f8508b32396f211e54fd269
Server/WM00/p_wm00_8100/wm000c_del.cpp,Server/WM00,backend_source,scanned,True,792138094f1751a5b33fcd32021a9fbed6398b3a7ba75478856396014fcad48d
Server/WM00/p_wm00_8100/wm000c_dot.cpp,Server/WM00,backend_source,scanned,True,87347ccfec06ba0c9a3e8c16df75928213aa3e4b32f5af789ab9f997bc2579dc
Server/WM00/p_wm00_8100/wm000c_inq.cpp,Server/WM00,backend_source,scanned,True,38bb12b57bc1880f9baf844fb5314696351471a639c9facc046d728f31724244
Server/WM00/p_wm00_8100/wm000c_ins.cpp,Server/WM00,backend_source,scanned,True,ab5b82bd544129ec4e7d74329bc011e2d05df1bbf16f9da307b1075ae8b0cf1e
Server/WM00/p_wm00_8100/wm000e_del.cpp,Server/WM00,backend_source,scanned,True,9983325a4710c4b4d98f7ea07a0f5d804e3e1ab44083c0ed88eb98dd528ac847
Server/WM00/p_wm00_8100/wm000e_inq.cpp,Server/WM00,backend_source,scanned,True,3bafdc1cbb9b1dca35c85f33c82e30da8e672fc008d4a69d3439a8fda7dc62a1
Server/WM00/p_wm00_8100/wm000e_ins.cpp,Server/WM00,backend_source,scanned,True,2d3f633f2bb9e57404e131b724d67dc4e0ea3c8bdc6f732f79ffa93ff5ce7c81
Server/WM00/p_wm00_8100/wm000n_del.cpp,Server/WM00,backend_source,scanned,True,10f29e65fd1b8a7a521668bd3d0becf726f5930ad81d420b9829d5143c6c10d3
Server/WM00/p_wm00_8100/wm000n_inq.cpp,Server/WM00,backend_source,scanned,True,23bf68600b71ecaa80acf2e57cc97109cdc9aa92fd3c128c0082034b3685220c
Server/WM00/p_wm00_8100/wm000n_ins.cpp,Server/WM00,backend_source,scanned,True,e6a327bee00818e415b10176fb45579b639f17ac46e4ed95e663dae43b762b63
Server/WM00/p_wm00_8100/wm000n_upt.cpp,Server/WM00,backend_source,scanned,True,eca9ec35f6c258b02164bc7414009dffbf09de4373e134e508de4ba0130645a0
Server/WM00/p_wm00_8100/wm00_code.cpp,Server/WM00,backend_source,scanned,True,89c7d101daade58785d474d3c61614946c7c0ec2e6da8859b93f390c24e078f1
Server/WM00/p_wm00_8100/wm00_codeDesc.cpp,Server/WM00,backend_source,scanned,True,a5b424ecbd45877bc19feb75aca7bcbb0bdcf4f33bafb8fa847d14c4d38f4f17
Server/WM00/p_wm00_8100/wm00_config_inq.cpp,Server/WM00,backend_source,scanned,True,3a926f0f55c3aa18d606890c66196b5db0ccffe52e29077942b6e07e7763e7fd
Server/WM00/p_wm00_8100/wm00_craneNo.cpp,Server/WM00,backend_source,scanned,True,b77eb4e61a1da315638d3692019cc21d32a0fa74ca83eceb93b879091de64120
Server/WM00/p_wm00_8100/wm00_form_get.cpp,Server/WM00,backend_source,scanned,True,1ff8f6eebc8ffc294c151bfac84b06893df0388d74a81dedcd8b067022f77159
Server/WM00/p_wm00_8100/wm00_getFormConfig.cpp,Server/WM00,backend_source,scanned,True,324f0be44e877b27884810a50869f59d633a0f8b1570d90f15bb0ad6d71e779d
Server/WM00/p_wm00_8100/wm00_hallNo.cpp,Server/WM00,backend_source,scanned,True,57093ba317c2b38ffeab1e5ba555ad1a3e15e6dd79308b054baaeed8cbed9bc4
Server/WM00/p_wm00_8100/wm00_in_stockNo.cpp,Server/WM00,backend_source,scanned,True,e2b4d115aa8be4730c1f4102c1fcde3e654f8ce584c1d1224205b85f147d6cf8
Server/WM00/p_wm00_8100/wm00_max.cpp,Server/WM00,backend_source,scanned,True,204955a706b92166794d6f20d9cce52fef415ce44296f4bccd5d5b7bad313c0c
Server/WM00/p_wm00_8100/wm00_stockNo.cpp,Server/WM00,backend_source,scanned,True,96529d0e3f0328cbe71b0d0507281f4e4213c870fc6aca26b01815cb6fe096d3
Server/WM00/p_wm00_8100/wm00_stockNo1.cpp,Server/WM00,backend_source,scanned,True,af3aaf886293a5a39a67c873022d9e3dc88cf86a4b600719dd5648c1dd363b33
Server/WM00/p_wm00_8100/wm00_text.cpp,Server/WM00,backend_source,scanned,True,de345b85f990e00d6b551f0f56f70451ee8c9c7b3b11c6fe577aed8f117b5dd6
Server/WM00/p_wm00_8100/wm00_unit_code.cpp,Server/WM00,backend_source,scanned,True,c8a54667382bfb0600a91ebd89cfb08582d4529c35811f5c0745874a43652aa9
Server/WM00/p_wm00_8100/wm0123_del.cpp,Server/WM00,backend_source,scanned,True,97acd71454b561513941484cf15be93263f308508dfef7aa9cf480498c86c1a2
Server/WM00/p_wm00_8100/wm0123_inq.cpp,Server/WM00,backend_source,scanned,True,d5e61b6d44667fefd24c2f55f4afec5e32272a47afcb0429a46fd18e3793a5c5
Server/WM00/p_wm00_8100/wm0123_ins.cpp,Server/WM00,backend_source,scanned,True,05d8b43d4e8f03523766d3bffb3eadfe8137e11d69b5b62e954df5a134d1b0c6
Server/WM00/p_wm00_8100/wm0123_upt.cpp,Server/WM00,backend_source,scanned,True,29d80448d5dd61533d256812b9b3fbad320f8185799395306403f5d6e3ade3aa
Server/WM00/p_wm00_8100/wm01_del.cpp,Server/WM00,backend_source,scanned,True,9a38cdc3be5d38d7f9390554180c1496872c7ce294d323f43970ae3d98769c21
Server/WM00/p_wm00_8100/wm01_inq.cpp,Server/WM00,backend_source,scanned,True,01f8cdb9245492e60bd19c0f5f1238427644519e8fefc781e74613912ae2026f
Server/WM00/p_wm00_8100/wm01_ins.cpp,Server/WM00,backend_source,scanned,True,08b54c209de7ba8cfd0a40061346c117d107160bb60e34103130cebbf344e0d0
Server/WM00/p_wm00_8100/wm01_upt.cpp,Server/WM00,backend_source,scanned,True,c1d70d9665bc012ff2218fb787beaa60b79e84260b43138f050d607f85d98d56
Server/WM00/p_wm00_8100/wm02_del.cpp,Server/WM00,backend_source,scanned,True,40d730399773108d995ce6ddb468e11605841b71e40f0a07f58f000b5bed4bba
Server/WM00/p_wm00_8100/wm02_inq.cpp,Server/WM00,backend_source,scanned,True,6a2508f520dab57b509756cd03a66b54c4c5740af738a573b9c15406c767a42f
Server/WM00/p_wm00_8100/wm02_ins.cpp,Server/WM00,backend_source,scanned,True,05fd2116ae8490a787f35411b9e8d1cb11b0e37991d60f004e5433ec84bf7e78
Server/WM00/p_wm00_8100/wm02_upt.cpp,Server/WM00,backend_source,scanned,True,4b6ca2c08b99db2f46acccb155a087c51d15b0f6211e12afd535491ba071f526
Server/WM00/p_wm00_8100/wm03_del.cpp,Server/WM00,backend_source,scanned,True,eb448ab59217236bd4c80fee98a4decf4c4f7d099a857ca7c2dd2699ee4b8516
Server/WM00/p_wm00_8100/wm03_inq.cpp,Server/WM00,backend_source,scanned,True,48a649c7eb3df4421b579ac9a16bcc878ab1ade2c5880124cbcbd21c7cd15d86
Server/WM00/p_wm00_8100/wm03_ins.cpp,Server/WM00,backend_source,scanned,True,afe271b5a8d7737ce434d0d40f9089eb262cf352a7c453567b5e0834a007b1b6
Server/WM00/p_wm00_8100/wm03_upt.cpp,Server/WM00,backend_source,scanned,True,42518ac3af2264cebd383e47f308764199fa3db7e319ff00b31c115eee1d2f64
Server/WM00/p_wm00_8100/wm04_del.cpp,Server/WM00,backend_source,scanned,True,eb33b9b9ab5a9a7e3e109326c7f7f1ee75b83655447ed56f1e6df8c2554e94e3
Server/WM00/p_wm00_8100/wm04_inq.cpp,Server/WM00,backend_source,scanned,True,492c33473e8b74a723ae1dd374f792ad0539c737761eeb22da084863dbdcfec5
Server/WM00/p_wm00_8100/wm04_ins.cpp,Server/WM00,backend_source,scanned,True,ac310aea20abe8a319586a03c5ca72d655ebcaf07ecf94433273dff7d1e7a611
Server/WM00/p_wm00_8100/wm04_lck.cpp,Server/WM00,backend_source,scanned,True,ad4213a4673ad2726d26acbea3b7a5c01866cb1903f687d3062f126168fa5ea4
Server/WM00/p_wm00_8100/wm04_rels.cpp,Server/WM00,backend_source,scanned,True,1f83ed5091a3578d27c3937f6cbd77164e2a40a5ce26f091ff579973d36672e4
Server/WM00/p_wm00_8100/wm04_upt.cpp,Server/WM00,backend_source,scanned,True,c19b9862b7e04ec4ded612c64580966ebebcb53bcf8c5db2c94a81e040c145da
Server/WM00/p_wm00_8100/wm05_del.cpp,Server/WM00,backend_source,scanned,True,683bc7031f824b3409708fbb8b13c1e947b249ea2294df855b96a2071d33339c
Server/WM00/p_wm00_8100/wm05_inq.cpp,Server/WM00,backend_source,scanned,True,1094511df24213761f27b290cbae30ac8b168974c58ef42a5638f93cf0ee63ee
Server/WM00/p_wm00_8100/wm05_ins.cpp,Server/WM00,backend_source,scanned,True,28eb3cb5438062ecd6002c656cca0c740caa5918ab6703950cc4e06c0a0ea500
Server/WM00/p_wm00_8100/wm06_blo.cpp,Server/WM00,backend_source,scanned,True,9d9ab802aa663a2ae52ba623f40aa693f9012d54f80f4a114d37285a49f18a71
Server/WM00/p_wm00_8100/wm06_del.cpp,Server/WM00,backend_source,scanned,True,65004317a9ed2de45fad20ff83bbf081823083e42b45d8b2f74d84c521462c0d
Server/WM00/p_wm00_8100/wm06_inq.cpp,Server/WM00,backend_source,scanned,True,e51e1ba21f96c263c74ca0304c8816aa4a4cae39abe56615b59966f40f05f9fb
Server/WM00/p_wm00_8100/wm06_ins.cpp,Server/WM00,backend_source,scanned,True,f5f37280f12b836b143614ec51af9fa0e1ddf64f42b6ab105d8d0ff538cac45c
Server/WM00/p_wm00_8100/wm06_rel.cpp,Server/WM00,backend_source,scanned,True,fddd54a9f42e6248b289aefc060521eb9fc6476eb5f28dea2123affd93c765b7
Server/WM00/p_wm00_8100/wm06_upt.cpp,Server/WM00,backend_source,scanned,True,34a53d976e7a91d02aa3ac56a69c20132d54dc9eac26ce86f43fd482a0855067
Server/WM00/p_wm00_8100/wm09_del.cpp,Server/WM00,backend_source,scanned,True,092da2c26af12b6afb5dbf8a6aad148b822f34c71782038dd727697e21fbe731
Server/WM00/p_wm00_8100/wm09_inq.cpp,Server/WM00,backend_source,scanned,True,aac3cb85264f1a18071f14279bd49e1756b9b018becfdcea010bd370cb0c42b5
Server/WM00/p_wm00_8100/wm09_ins.cpp,Server/WM00,backend_source,scanned,True,57eb21b2c232a4169d03dcb10e04ab456600224c2d15c1e3f406b230f037ad98
Server/WM00/p_wm00_8100/wm09_upt.cpp,Server/WM00,backend_source,scanned,True,7870fb6d24798655523a4c1e421e2031c9a528cfcff4878d8f1f2bc7f995b7d8
Server/WM00/p_wm00_8100/wm0a_del.cpp,Server/WM00,backend_source,scanned,True,c3ad0e49ca26bbede53860c5975149db67f5afeec525597b7ef9264acf50c984
Server/WM00/p_wm00_8100/wm0a_inq.cpp,Server/WM00,backend_source,scanned,True,e434eef851f5c984072bc102c45b1e6fe68b97e2231b3d3ef1de4a6f513574c7
Server/WM00/p_wm00_8100/wm0a_ins.cpp,Server/WM00,backend_source,scanned,True,bf45e705c12a1cf92de9eeaa60585fb18332e17bb8b0fdbbeaf2f764defd5bb0
Server/WM00/p_wm00_8100/wm0b_del.cpp,Server/WM00,backend_source,scanned,True,6d21a8c7849f1373a7f9c6a3d055edc778e89c293e9c36d8b9b129959012329e
Server/WM00/p_wm00_8100/wm0b_inq.cpp,Server/WM00,backend_source,scanned,True,b56c108f04716dfc60c8d151c6c283fbfb0c1c21db956c4ab8793d938d7dbc0f
Server/WM00/p_wm00_8100/wm0b_ins.cpp,Server/WM00,backend_source,scanned,True,4bf194580177e481dd71fdf351184b69410c0663529af6d780455ec34a265946
Server/WM00/p_wm00_8100/wm0e_del.cpp,Server/WM00,backend_source,scanned,True,ffd49387e1ffc1abd189091d8347a20a6ffe623541248c3179e46e03d2b046ba
Server/WM00/p_wm00_8100/wm0e_inq.cpp,Server/WM00,backend_source,scanned,True,7485db9bd07626aad166b10c46037093323b6cb6ad8de4f54c52e09e983c923d
Server/WM00/p_wm00_8100/wm0e_ins.cpp,Server/WM00,backend_source,scanned,True,93ec2b3d91d7835d0549c35c42c7aaa7ec0e7f58de565af9a0308678a63e218a
Server/WM00/p_wm00_8100/wm0e_upt.cpp,Server/WM00,backend_source,scanned,True,02d226cd7cf2943f0fa0c968fa4c1fc01dbb1d8500836535d23e8469924bb218
Server/WM00/p_wm00_8100/wm11_del.cpp,Server/WM00,backend_source,scanned,True,c4123059c21f6419f94d7329427ada7b94ff73327b21e0795491ee6685a5a3a6
Server/WM00/p_wm00_8100/wm11_inq.cpp,Server/WM00,backend_source,scanned,True,0aea248fcab5578450f5239017a9e80e26d08aa4cd85ca71338e66ef61a9f90e
Server/WM00/p_wm00_8100/wm11_ins.cpp,Server/WM00,backend_source,scanned,True,6a157a7b4fbc7e5d679a73ef9738d232653bf4567a2340b3d67eef06aac304ae
Server/WM00/p_wm00_8100/wm11_upt.cpp,Server/WM00,backend_source,scanned,True,a599fe0398b12a9ee2fd6072c9721215166cd0a8fb3b4839f1d451cec1f49329
Server/WM00/p_wm00_8100/wm11b_confirm.cpp,Server/WM00,backend_source,scanned,True,4a8e14c6507132f52dde781dd594fc166816068af0fac7942bdd556d9b375c1b
Server/WM00/p_wm00_8100/wm11b_inq.cpp,Server/WM00,backend_source,scanned,True,8d435ebbb32965cf7ba5dbff033f7f50e144f958ed449b47454a963f40545de0
Server/WM00/p_wm00_8100/wm20a1_del.cpp,Server/WM00,backend_source,scanned,True,52e4cc1140ab37e7a8703d788ebcb0c95864abe078b52091e4e7f5b64a8ebdef
Server/WM00/p_wm00_8100/wm20a1_inq.cpp,Server/WM00,backend_source,scanned,True,3f2a1d167fdbdce0d1019ee0385848b43d101604ec110641953c2efd8d58eac1
Server/WM00/p_wm00_8100/wm20a1_ins.cpp,Server/WM00,backend_source,scanned,True,c35e25c642123c3fe73a82e2808ad6213d85f58ad7f4cb2d2e4dc2d0dc917c25
Server/WM00/p_wm00_8100/wm20a1_upd.cpp,Server/WM00,backend_source,scanned,True,f8576ede802521df665dc18398dab4344109ad9e2af7da06fbbb3a1a1f76d68d
Server/WM00/p_wm00_8100/wm20a2_del.cpp,Server/WM00,backend_source,scanned,True,f8791bca242d4aa957274a6108d5f71df29a5960fe0ae5e3829f4a647172a7e0
Server/WM00/p_wm00_8100/wm20a2_inq.cpp,Server/WM00,backend_source,scanned,True,fcb8d883fad49dceed69075639eb9f15270ca454c2710de93188b45003f5c229
Server/WM00/p_wm00_8100/wm20a2_ins.cpp,Server/WM00,backend_source,scanned,True,1f1efbafe66c20d3d256ad14130db7db9bea61f8d0df28c924dd057b18c68954
Server/WM00/p_wm00_8100/wm20a2_upd.cpp,Server/WM00,backend_source,scanned,True,5db31639f51d512c40ff3668fa3c5bcab7cc1be786842ca0f3cdfcbeecfa5e79
Server/WM00/p_wm00_8100/wm20a3_del.cpp,Server/WM00,backend_source,scanned,True,09f369734b6c3ecd101f04a71c2acd7c412aad205e1f78ca5357add8215a8d46
Server/WM00/p_wm00_8100/wm20a3_inq.cpp,Server/WM00,backend_source,scanned,True,1b2fd64fe803414b0cbd36e49f9f1b95efccbac43968a75a83f635d1b0983f9f
Server/WM00/p_wm00_8100/wm20a3_ins.cpp,Server/WM00,backend_source,scanned,True,e493a10a387c376432a832fb06952b935eb5a935557a70aca88ac9a11064e5d9
Server/WM00/p_wm00_8100/wm20a3_upd.cpp,Server/WM00,backend_source,scanned,True,a3ca1a2b9980bc9d32ac461420670c3284760c00769551aa9a063dc637e01313
Server/WM00/p_wm00_8100/wm30a1_inq.cpp,Server/WM00,backend_source,scanned,True,50cb90b23a1e4b21ece3a287058b810b9aee9bbaf17c0a39d28b83c68478c84a
Server/WM00/p_wm00_8100/wm41_add.cpp,Server/WM00,backend_source,scanned,True,0c09d39be60d8cf02b9eec07b8a380b5db89698e89c968cda3566c0f19402759
Server/WM00/p_wm00_8100/wm41_confirm.cpp,Server/WM00,backend_source,scanned,True,88bfe6e2be60cd73a22c9ff358dcefa721bd644755e0b0d0d8b66f7c5b9ed626
Server/WM00/p_wm00_8100/wm41_del.cpp,Server/WM00,backend_source,scanned,True,ccecee3eefcfce97055970516824a24f6ebbcf07b749d8f17392fc2d37d5cce4
Server/WM00/p_wm00_8100/wm41_inq_m.cpp,Server/WM00,backend_source,scanned,True,4f1562b722a7b578bf2f06f35f2cfaf1f4c43b6c9a02850e3db96340b9efa2ac
Server/WM00/p_wm00_8100/wm41_inq_m_v.cpp,Server/WM00,backend_source,scanned,True,9db2cebfeeb6ca21c8cbe1cec7f0ad5c42e56528e778c9854c49e8fdab9e28ef
Server/WM00/p_wm00_8100/wm41_inq_s_m.cpp,Server/WM00,backend_source,scanned,True,4bc080a0ac397f85c6bf3fcdb7f275ef3f2a30310a1cd3e2988d050c0ae14ade
Server/WM00/p_wm00_8100/wm41_inq_v.cpp,Server/WM00,backend_source,scanned,True,99814013aa59273f2efedd82c0950398b09c7e7c9640d88d431df1855b3490f8
Server/WM00/p_wm00_8100/wm41_inq_v_m.cpp,Server/WM00,backend_source,scanned,True,345c9d78fa94c72cc674a9fd73b7664330c84a9b2d22f04e5cbb240ba7d7a81d
Server/WM00/p_wm00_8100/wm41_inq_v_r.cpp,Server/WM00,backend_source,scanned,True,54ca7fd4c41f80191fd0bf7bd67522226363a27fb0a3cd02f7f4604e129d1bd7
Server/WM00/p_wm00_8100/wm41_inq_v_z.cpp,Server/WM00,backend_source,scanned,True,5711b3f6fd3d5ea2520efa6c2f3fddfb5d996050d3a53e4d0d650b6ef03e8bc2
Server/WM00/p_wm00_8100/wm41_mat_inq_r.cpp,Server/WM00,backend_source,scanned,True,51b9f1b53a470981a94270f1fd4caf8a67f00f8de3eca8482773066a83c67147
Server/WM00/p_wm00_8100/wm41_mat_inq_s.cpp,Server/WM00,backend_source,scanned,True,62d035a0c6d3bb6d50567ef012afd3242206f188d88a650585e5220917b09e19
Server/WM00/p_wm00_8100/wm41_plan_completion.cpp,Server/WM00,backend_source,scanned,True,63e1a376e4af3afc9476dceeb5a1f62ff6fa3a6f96ddc6ba577f1638593d6855
Server/WM00/p_wm00_8100/wm41_revoke.cpp,Server/WM00,backend_source,scanned,True,624583ac3026538087832ee280d7781f2ecd02a0c07463b57d4a4d1127bf51ed
Server/WM00/p_wm00_8100/wm41_transfer_inq_p.cpp,Server/WM00,backend_source,scanned,True,424a472f0ccc3c5a3efe527801ed07ee7c5c8e134a29588f2b51a863f89ed692
Server/WM00/p_wm00_8100/wm41_transfer_out.cpp,Server/WM00,backend_source,scanned,True,53a16442df35a6fd6a50d980234342f1f830cdb3cd6cae1bc7d761d0f22d34fe
Server/WM00/p_wm00_8100/wm41mg_comfirm.cpp,Server/WM00,backend_source,scanned,True,28ded338a0dc7923517d4634f81f19e99e724f5ad26ba9f9276cdd6deb2f886e
Server/WM00/p_wm00_8100/wm41mg_del.cpp,Server/WM00,backend_source,scanned,True,4273866df94ff1242e4561cb7871087dc5b9b71b0cea06a76ad1f770fbb2e071
Server/WM00/p_wm00_8100/wm41mg_inq.cpp,Server/WM00,backend_source,scanned,True,f080883d42c81204f90a3bedbd73ebc6444918b94a4fd97e1d3dcaca89d0aabc
Server/WM00/p_wm00_8100/wm41mg_inq2.cpp,Server/WM00,backend_source,scanned,True,c5bc485a5e79e02b082bc2fea00b028c7a3c3092e309c40858e3a0312fe18f31
Server/WM00/p_wm00_8100/wm41mg_inq3.cpp,Server/WM00,backend_source,scanned,True,3df715e258faa65813f5605b9c1b23a2787fea3c2302ecafe53ae08811d63c42
Server/WM00/p_wm00_8100/wm_dyn_sql.cpp,Server/WM00,backend_source,scanned,True,7a3d6e563ce7085c8c220973ca8640e788f46db80aeeef5d77e1fc1b7b7f361e
Server/WM00/p_wm00_8100/wm_stockplace.cpp,Server/WM00,backend_source,scanned,True,551d51969b3e3d0cc25655931e986d479f2f978324c7566a131cb2cfc39ba5ab
Server/WM00/p_wm00_8100/wm_stockplace_search.cpp,Server/WM00,backend_source,scanned,True,6d00e589563f15fdeba6e1f7c55f66ba9e620a788606ad3037ad8fc4658197ad
Server/WM00/p_wm00_8100/wm_transfer_del.cpp,Server/WM00,backend_source,scanned,True,582fe6646364f845beaf31919a63cc45a8d10bd874f29a53a0728a46aa1f7b99
Server/WM00/p_wm00_8100/wm_transfer_inq_m.cpp,Server/WM00,backend_source,scanned,True,952f6d9d92463b75dcc2168f600dc87e83b2c064fd54ec123378398acd54e9ec
Server/WM00/p_wm00_8100/wm_transfer_inq_p.cpp,Server/WM00,backend_source,scanned,True,703ec1516124895add9469b1d35729928a0cb51b951f4511ec8b4f9de9a08de1
Server/WM00/p_wm00_8100/wm_transfer_out.cpp,Server/WM00,backend_source,scanned,True,5bca74c96edb1c0697fbd01730162fcaf84fed159098f4b43665f368c4f52106
Server/WM00/p_wm00_8100/wma0b_confirm.cpp,Server/WM00,backend_source,scanned,True,e9a7406b7698e5979d8f6437d1209132de2de51794dc368a857c9e36b1c158c1
Server/WM00/p_wm00_8100/wma0b_inq.cpp,Server/WM00,backend_source,scanned,True,15729a3d940ba0e403b583c5adb8180d37628fe0b25c6b20abfb743f6fd7ffaf
Server/WM00/p_wm00_8100/wma3_inq.cpp,Server/WM00,backend_source,scanned,True,86bff6e388e95c40d1daffb1b10a24259d5bf8fef6f09f49d96c898b4cf280e7
Server/WM00/p_wm00_8100/wma3_upd.cpp,Server/WM00,backend_source,scanned,True,40d1b487a30189d81ddb874891e72a0be0c64221fcc910664d2410001232531a
Server/WM00/p_wm00_8100/wmc1_check.cpp,Server/WM00,backend_source,scanned,True,ef0dbdbf5a2b2da1e9b37044dcfb61223583adab359007d4e48a365a55f7452a
Server/WM00/p_wm00_8100/wmc1_del.cpp,Server/WM00,backend_source,scanned,True,735b2c549f4768bd62384deb78a1f0e1532a0dc3c113e3d53c16d26fbf3339e2
Server/WM00/p_wm00_8100/wmc1_del_obj.cpp,Server/WM00,backend_source,scanned,True,89b0d73a916dd3bf1fd617086c96c665914b3fa16fca79918679884a96bf3458
Server/WM00/p_wm00_8100/wmc1_inq.cpp,Server/WM00,backend_source,scanned,True,9b78f38f19d531a9564477b0870ec9a36614de4608f56ab2479f024c8fb7e468
Server/WM00/p_wm00_8100/wmc1_inq_check.cpp,Server/WM00,backend_source,scanned,True,72792d1890c6aafbd552f0b83c9f0b2489203f0fff7d059aa892426c6a89bb32
Server/WM00/p_wm00_8100/wmc1_inq_sys.cpp,Server/WM00,backend_source,scanned,True,4c6a6f0ce60406e430e2822663b7d787bf4ad6cdf0ac40e620ceda8f5fe7e9c0
Server/WM00/p_wm00_8100/wmc1_ins.cpp,Server/WM00,backend_source,scanned,True,23018b28b7d7344db4ba17399d626762306a342fb1873fabd5b5ccfd525ca340
Server/WM00/p_wm00_8100/wmc1_upt.cpp,Server/WM00,backend_source,scanned,True,d65df8d12c28fe8e6f71ed14cbd1e398eaebb02a5ca0fa42f6fa1a4b4e182f2f
Server/WM00/p_wm00_8100/wmre_inq.cpp,Server/WM00,backend_source,scanned,True,df93c949acd75d2528a5b43ba0eac4fb45779aff0f7cef49f483bec3198a7dac
Server/WM00/p_wm00_8100/wmyk_inq.cpp,Server/WM00,backend_source,scanned,True,474b49296f31dd92663007791521456c0fb84c054e4662b5ec491c51c66ac6d5
Server/WM00/p_wm00_8200/wm0001_inq.cpp,Server/WM00,backend_source,scanned,True,251b10cc474a09bbf3eecba6ba97944963d8cc880f8508b32396f211e54fd269
Server/WM00/p_wm00_8200/wm000c_del.cpp,Server/WM00,backend_source,scanned,True,3031ab46b74c30c6d1f3a5c6c8109a5db02c402f17e6724359c655daf1427af9
Server/WM00/p_wm00_8200/wm000c_dot.cpp,Server/WM00,backend_source,scanned,True,87347ccfec06ba0c9a3e8c16df75928213aa3e4b32f5af789ab9f997bc2579dc
Server/WM00/p_wm00_8200/wm000c_inq.cpp,Server/WM00,backend_source,scanned,True,f7043a7feb731271d7978479762b8c7b5dbf79f4ba76bd0862e4283801dc4952
Server/WM00/p_wm00_8200/wm000c_ins.cpp,Server/WM00,backend_source,scanned,True,05570d3c1389e21b072f04cc8d94ad08ad9e0c78292fa72647e860cba71b4ea8
Server/WM00/p_wm00_8200/wm000e_del.cpp,Server/WM00,backend_source,scanned,True,fe798fd7220be4181fb98b23958921d8290755fd7fcafbe4e1cefec9fce1270d
Server/WM00/p_wm00_8200/wm000e_inq.cpp,Server/WM00,backend_source,scanned,True,24c87016f6f2b2212c7396e26b37ae9739deb5f694ba125fb2759bfb88b8fb25
Server/WM00/p_wm00_8200/wm000e_ins.cpp,Server/WM00,backend_source,scanned,True,cd75517e42ff5e7d39a3f551684f6e6aeb05a7e7a1214e1b2357340be83caa18
Server/WM00/p_wm00_8200/wm00_code.cpp,Server/WM00,backend_source,scanned,True,89c7d101daade58785d474d3c61614946c7c0ec2e6da8859b93f390c24e078f1
Server/WM00/p_wm00_8200/wm00_craneNo.cpp,Server/WM00,backend_source,scanned,True,b77eb4e61a1da315638d3692019cc21d32a0fa74ca83eceb93b879091de64120
Server/WM00/p_wm00_8200/wm00_hallNo.cpp,Server/WM00,backend_source,scanned,True,57093ba317c2b38ffeab1e5ba555ad1a3e15e6dd79308b054baaeed8cbed9bc4
Server/WM00/p_wm00_8200/wm00_in_stockNo.cpp,Server/WM00,backend_source,scanned,True,fb9a6d23f040cca62a03584aeb9e2f3bae8eaeffb98ed2cd8df106f48308d9d8
Server/WM00/p_wm00_8200/wm00_stockNo.cpp,Server/WM00,backend_source,scanned,True,9ba1837811aca3ac7810eb80a46ea73c3b6484dca5b1773fd019ff7d1d160c01
Server/WM00/p_wm00_8200/wm00_stockNo1.cpp,Server/WM00,backend_source,scanned,True,af3aaf886293a5a39a67c873022d9e3dc88cf86a4b600719dd5648c1dd363b33
Server/WM00/p_wm00_8200/wm00_text.cpp,Server/WM00,backend_source,scanned,True,de345b85f990e00d6b551f0f56f70451ee8c9c7b3b11c6fe577aed8f117b5dd6
Server/WM00/p_wm00_8200/wm00_unit_code.cpp,Server/WM00,backend_source,scanned,True,c8a54667382bfb0600a91ebd89cfb08582d4529c35811f5c0745874a43652aa9
Server/WM00/p_wm00_8200/wm0123_del.cpp,Server/WM00,backend_source,scanned,True,89394aab5353410de065e3fee41592fee2765792c23067f3cd70adedf6479a97
Server/WM00/p_wm00_8200/wm0123_inq.cpp,Server/WM00,backend_source,scanned,True,5cda8a6821f3924696c463d571542bb47f39e26d7f7156adf3d543ea8427e9a3
Server/WM00/p_wm00_8200/wm0123_ins.cpp,Server/WM00,backend_source,scanned,True,e882c4a295ebb723e52b2fe54e1e4c1de284973ecd4cc1c6910bc4cfb842d69a
Server/WM00/p_wm00_8200/wm0123_upt.cpp,Server/WM00,backend_source,scanned,True,58ec2daf8ae2be710212ac35e8a686ffd9bedf8bb56178d0e0237378487aed49
Server/WM00/p_wm00_8200/wm01_del.cpp,Server/WM00,backend_source,scanned,True,5ea26311ed0c394288c54f141d4c6eb884b1bfc71d3c8a64632c4293f5d31bc6
Server/WM00/p_wm00_8200/wm01_inq.cpp,Server/WM00,backend_source,scanned,True,e2e93491841112ad61196dfdf6be0402e0e1c4a329ad2a3ad383e16dbaf7d90c
Server/WM00/p_wm00_8200/wm01_ins.cpp,Server/WM00,backend_source,scanned,True,17821bc7c90c7d809c66537e80d77d33ee328c42d9af21fbcddd9c2606cc7457
Server/WM00/p_wm00_8200/wm01_upt.cpp,Server/WM00,backend_source,scanned,True,26ed51e43065a20c3ad3df04e853cd6bd13f30ade49d292a5705f7a9117f7188
Server/WM00/p_wm00_8200/wm02_del.cpp,Server/WM00,backend_source,scanned,True,b9f4261f45a171a02b3080599d5c96a016252f364d5db911d62ea51757f03b37
Server/WM00/p_wm00_8200/wm02_inq.cpp,Server/WM00,backend_source,scanned,True,50684b49a8b98998642e15a92cc146d74617c6bebb033fc9049655245f20dfb0
Server/WM00/p_wm00_8200/wm02_ins.cpp,Server/WM00,backend_source,scanned,True,7ff5004cbe8d925b8531d7f1ec899d4965494c607912e2a482611076f819bfb9
Server/WM00/p_wm00_8200/wm02_upt.cpp,Server/WM00,backend_source,scanned,True,c96680d074d8779a4388ebf09e5840c9f48d68148bfd7c2ddc4b25957a53ab77
Server/WM00/p_wm00_8200/wm03_del.cpp,Server/WM00,backend_source,scanned,True,7776e9497ce063a72936d1f00b2c30244e0535a6593b44649fda537f60c61eff
Server/WM00/p_wm00_8200/wm03_inq.cpp,Server/WM00,backend_source,scanned,True,9ad6b8b7c22fff3ae678088e0c999eb008fdb10f881800a1d4a7f46ab5bb56cd
Server/WM00/p_wm00_8200/wm03_ins.cpp,Server/WM00,backend_source,scanned,True,876b49bc1c5f6194307e5c1557bf3423fff823f285c81f92d1c147e72e89d36f
Server/WM00/p_wm00_8200/wm03_upt.cpp,Server/WM00,backend_source,scanned,True,06ecea1f1c3f8bca5b882e4b4b1d78d5eee67e39f7b9b9036c9e401ac487547b
Server/WM00/p_wm00_8200/wm04_del.cpp,Server/WM00,backend_source,scanned,True,c89c33cc62accd5c246fbb6bd4a4907a80a2c418d0009ee12598dd1fa8d555bf
Server/WM00/p_wm00_8200/wm04_inq.cpp,Server/WM00,backend_source,scanned,True,d6f33e8e29b62f0e28f6dca94a4b0a599918b53bd4388251d3a0ffece5e4cd40
Server/WM00/p_wm00_8200/wm04_ins.cpp,Server/WM00,backend_source,scanned,True,877a478a44417418a5f6bc36b234f2d0031900605ac566116e59ccbd90105146
Server/WM00/p_wm00_8200/wm04_lck.cpp,Server/WM00,backend_source,scanned,True,a98b8176c295630e70e83ba2eeb0aa02e3b9ec4d5f5335697566e70c38c9adfb
Server/WM00/p_wm00_8200/wm04_rels.cpp,Server/WM00,backend_source,scanned,True,7bceda4549bc39715d79c7f0c75503d3ba9413eee77d5101bfad96d8f5a3658b
Server/WM00/p_wm00_8200/wm04_upt.cpp,Server/WM00,backend_source,scanned,True,8063de1e2db25eef3b27ce641fda679de5ffe4cbda0ccaf481ad6e06c64d1978
Server/WM00/p_wm00_8200/wm05_del.cpp,Server/WM00,backend_source,scanned,True,877a49d8ed240061b922f3a394e2fb1eefd43b1b0a1dec7952b9a4edfe54fb62
Server/WM00/p_wm00_8200/wm05_inq.cpp,Server/WM00,backend_source,scanned,True,497744c524e0c47558d5c89a3ffe8bc9089c2695235fef1039497aeec5157603
Server/WM00/p_wm00_8200/wm05_ins.cpp,Server/WM00,backend_source,scanned,True,92a14b0572ed49cf9e6a93396f43b3e48f32cb5ff2b035d9dd55e6522bbaab42
Server/WM00/p_wm00_8200/wm06_del.cpp,Server/WM00,backend_source,scanned,True,8d33f399b936f3d92d0430f1ced74e9797e1513948e60653d7efb17cbb5d5b17
Server/WM00/p_wm00_8200/wm06_inq.cpp,Server/WM00,backend_source,scanned,True,9b4a27219ba31a3ceabfe008464c0c4f9b353d3b612998a90d931334cd9445c0
Server/WM00/p_wm00_8200/wm06_ins.cpp,Server/WM00,backend_source,scanned,True,29340ce208a00ca31a10491099ffec486a66758b26909a2bfc233afaeb8595c6
Server/WM00/p_wm00_8200/wm06_upt.cpp,Server/WM00,backend_source,scanned,True,ca7f8fa19f383d7ae496eaffdace891ef204951e5b60c586dc6c9217e0735954
Server/WM00/p_wm00_8200/wm09_del.cpp,Server/WM00,backend_source,scanned,True,74657bbf419f332748f11f85b8be06ca6e58a0af4505ac774be82fd2cfd3752e
Server/WM00/p_wm00_8200/wm09_inq.cpp,Server/WM00,backend_source,scanned,True,62ac6b0b67110e95971a6a0e77c881ca530630fc0d9d14fd29180927007a2a5d
Server/WM00/p_wm00_8200/wm09_ins.cpp,Server/WM00,backend_source,scanned,True,9c7701ba54ac6a5cac39951e87d1a10f8c9905e512d2f176173b7cf5bd78a4c5
Server/WM00/p_wm00_8200/wm09_upt.cpp,Server/WM00,backend_source,scanned,True,bb1a3bf94536d8b39a6fdf5e6d1bd233116c25351a5810bfd186a68af5f8c13a
Server/WM00/p_wm00_8200/wm0a_del.cpp,Server/WM00,backend_source,scanned,True,c3ad0e49ca26bbede53860c5975149db67f5afeec525597b7ef9264acf50c984
Server/WM00/p_wm00_8200/wm0a_inq.cpp,Server/WM00,backend_source,scanned,True,e434eef851f5c984072bc102c45b1e6fe68b97e2231b3d3ef1de4a6f513574c7
Server/WM00/p_wm00_8200/wm0a_ins.cpp,Server/WM00,backend_source,scanned,True,bf45e705c12a1cf92de9eeaa60585fb18332e17bb8b0fdbbeaf2f764defd5bb0
Server/WM00/p_wm00_8200/wm0b_del.cpp,Server/WM00,backend_source,scanned,True,6d21a8c7849f1373a7f9c6a3d055edc778e89c293e9c36d8b9b129959012329e
Server/WM00/p_wm00_8200/wm0b_inq.cpp,Server/WM00,backend_source,scanned,True,b56c108f04716dfc60c8d151c6c283fbfb0c1c21db956c4ab8793d938d7dbc0f
Server/WM00/p_wm00_8200/wm0b_ins.cpp,Server/WM00,backend_source,scanned,True,4bf194580177e481dd71fdf351184b69410c0663529af6d780455ec34a265946
Server/WM00/p_wm00_8200/wm11b_confirm.cpp,Server/WM00,backend_source,scanned,True,4a8e14c6507132f52dde781dd594fc166816068af0fac7942bdd556d9b375c1b
Server/WM00/p_wm00_8200/wm11b_inq.cpp,Server/WM00,backend_source,scanned,True,8d435ebbb32965cf7ba5dbff033f7f50e144f958ed449b47454a963f40545de0
Server/WM00/p_wm00_8200/wm20a1_del.cpp,Server/WM00,backend_source,scanned,True,52e4cc1140ab37e7a8703d788ebcb0c95864abe078b52091e4e7f5b64a8ebdef
Server/WM00/p_wm00_8200/wm20a1_inq.cpp,Server/WM00,backend_source,scanned,True,3f2a1d167fdbdce0d1019ee0385848b43d101604ec110641953c2efd8d58eac1
Server/WM00/p_wm00_8200/wm20a1_ins.cpp,Server/WM00,backend_source,scanned,True,c35e25c642123c3fe73a82e2808ad6213d85f58ad7f4cb2d2e4dc2d0dc917c25
Server/WM00/p_wm00_8200/wm20a1_upd.cpp,Server/WM00,backend_source,scanned,True,f8576ede802521df665dc18398dab4344109ad9e2af7da06fbbb3a1a1f76d68d
Server/WM00/p_wm00_8200/wm20a2_del.cpp,Server/WM00,backend_source,scanned,True,f8791bca242d4aa957274a6108d5f71df29a5960fe0ae5e3829f4a647172a7e0
Server/WM00/p_wm00_8200/wm20a2_inq.cpp,Server/WM00,backend_source,scanned,True,fcb8d883fad49dceed69075639eb9f15270ca454c2710de93188b45003f5c229
Server/WM00/p_wm00_8200/wm20a2_ins.cpp,Server/WM00,backend_source,scanned,True,1f1efbafe66c20d3d256ad14130db7db9bea61f8d0df28c924dd057b18c68954
Server/WM00/p_wm00_8200/wm20a2_upd.cpp,Server/WM00,backend_source,scanned,True,5db31639f51d512c40ff3668fa3c5bcab7cc1be786842ca0f3cdfcbeecfa5e79
Server/WM00/p_wm00_8200/wm20a3_del.cpp,Server/WM00,backend_source,scanned,True,09f369734b6c3ecd101f04a71c2acd7c412aad205e1f78ca5357add8215a8d46
Server/WM00/p_wm00_8200/wm20a3_inq.cpp,Server/WM00,backend_source,scanned,True,1b2fd64fe803414b0cbd36e49f9f1b95efccbac43968a75a83f635d1b0983f9f
Server/WM00/p_wm00_8200/wm20a3_ins.cpp,Server/WM00,backend_source,scanned,True,e493a10a387c376432a832fb06952b935eb5a935557a70aca88ac9a11064e5d9
Server/WM00/p_wm00_8200/wm20a3_upd.cpp,Server/WM00,backend_source,scanned,True,a3ca1a2b9980bc9d32ac461420670c3284760c00769551aa9a063dc637e01313
Server/WM00/p_wm00_8200/wm30a1_inq.cpp,Server/WM00,backend_source,scanned,True,50cb90b23a1e4b21ece3a287058b810b9aee9bbaf17c0a39d28b83c68478c84a
Server/WM00/p_wm00_8200/wm_dyn_sql.cpp,Server/WM00,backend_source,scanned,True,7a3d6e563ce7085c8c220973ca8640e788f46db80aeeef5d77e1fc1b7b7f361e
Server/WM00/p_wm00_8200/wm_stockplace.cpp,Server/WM00,backend_source,scanned,True,c3266004356f1a3cce26d9384e048835fa34859826c47522e779e6f15c8c0a2c
Server/WM00/p_wm00_8200/wm_transfer_del.cpp,Server/WM00,backend_source,scanned,True,b2ec1586f64bdc3e4dfd272cb9bfdc0caa6b4ea00d1776608146951d0f081fe6
Server/WM00/p_wm00_8200/wm_transfer_inq_m.cpp,Server/WM00,backend_source,scanned,True,952f6d9d92463b75dcc2168f600dc87e83b2c064fd54ec123378398acd54e9ec
Server/WM00/p_wm00_8200/wm_transfer_inq_p.cpp,Server/WM00,backend_source,scanned,True,628ed89d19433b97e474bee064ec703055d272cbef8dadeaf6920411a42e1ebe
Server/WM00/p_wm00_8200/wm_transfer_out.cpp,Server/WM00,backend_source,scanned,True,33cabf5b905440e6dcb77a920ab119a34a4a9625aa414faf4668de64d51eeb79
Server/WM00/p_wm00_8200/wma0b_confirm.cpp,Server/WM00,backend_source,scanned,True,5860ba96dbae1e38c3f9ee817f97c346a46405a2e374ca3409fd05d1dfa1d54e
Server/WM00/p_wm00_8200/wma0b_inq.cpp,Server/WM00,backend_source,scanned,True,b50f93a84855ab82683e2d2bb1060bb5860a5bd38a13aa52de30d396b8e99e52
Server/WM00/p_wm00_8200/wma3_inq.cpp,Server/WM00,backend_source,scanned,True,86bff6e388e95c40d1daffb1b10a24259d5bf8fef6f09f49d96c898b4cf280e7
Server/WM00/p_wm00_8200/wma3_upd.cpp,Server/WM00,backend_source,scanned,True,2e81bd216d7eb210f48bb9280747fd7a4486ff7b5bb2b8ae3cb0e6c0953aa7f8
Server/WM00/p_wm00_8200/wmc1_check.cpp,Server/WM00,backend_source,scanned,True,2407be479f4353c137e870b9a5e4960af2898f6f154b28111a192bce2fb60eda
Server/WM00/p_wm00_8200/wmc1_del.cpp,Server/WM00,backend_source,scanned,True,badc94f98092d1a19a95e47f816aa5e150e79fc30c6c9948706391f8a0b42f32
Server/WM00/p_wm00_8200/wmc1_del_obj.cpp,Server/WM00,backend_source,scanned,True,ec945c8595babbe1134f59e29d01ec9d11f83db67d6ebd0a30683085a096cc96
Server/WM00/p_wm00_8200/wmc1_inq.cpp,Server/WM00,backend_source,scanned,True,0f16569373c952d25c38a6f5d83cd4b04b93c07b61a21d9f2ab46bc37e59de27
Server/WM00/p_wm00_8200/wmc1_inq_check.cpp,Server/WM00,backend_source,scanned,True,c5c8fd17b57e6be2fd96b05cc2e64f7d721cd2cbdfb9ebb6a63bd78e58756ca5
Server/WM00/p_wm00_8200/wmc1_inq_sys.cpp,Server/WM00,backend_source,scanned,True,ddd325437b5b30bde9167e012d7cd519a207e346923ffed78c24f3b013b2ce40
Server/WM00/p_wm00_8200/wmc1_ins.cpp,Server/WM00,backend_source,scanned,True,5a72bb63613dc9d29ffe4b1b00218672d9f052b1fbd0055b0d531f0d012a21d0
Server/WM00/p_wm00_8200/wmc1_upt.cpp,Server/WM00,backend_source,scanned,True,d65df8d12c28fe8e6f71ed14cbd1e398eaebb02a5ca0fa42f6fa1a4b4e182f2f
Server/WM00/p_wm00_8200/wmre_inq.cpp,Server/WM00,backend_source,scanned,True,df93c949acd75d2528a5b43ba0eac4fb45779aff0f7cef49f483bec3198a7dac
Server/WM00/p_wm00_8200/wmyk_inq.cpp,Server/WM00,backend_source,scanned,True,474b49296f31dd92663007791521456c0fb84c054e4662b5ec491c51c66ac6d5
Server/WM10/.env.production,Server/WM10,environment_config_values_not_exported,scanned,True,57c84f46a295187bb1527ef9865e3aa4170427b3b79fdfa7bbdfcf5ee514d53d
Server/WM10/.gitignore,Server/WM10,backend_source,scanned,False,168b695ee2329648ea1a0cf0a25d2639c5459ae5f63eccf64302aaaef259e3a4
Server/WM10/.vscode/settings.json,Server/WM10,config_or_resource,scanned,False,83de1c525e74033f7864b25fa68815340f22366846ea5739a4769a0f860a52ad
Server/WM10/README.md,Server/WM10,document_or_log,scanned,False,b96fe0472c79b9ee90f0e30e8f7248ff27daa0bce25b2dd5bb2f8d0f745e95de
Server/WM10/libWM10/f_gettable_name.cpp,Server/WM10,backend_source,scanned,True,c7b004ee920ba01dbe3dc74894eca10497e6d027ff56e4a23d6b82144e79f24e
Server/WM10/libWM10/f_wm_mm0099.cpp,Server/WM10,backend_source,scanned,True,224e873ec5e3ba11a3ce259809d8c3bea85a582018c7ca759c50370da7d271af
Server/WM10/libWM10/f_wm_modi_pile_layerno.cpp,Server/WM10,backend_source,scanned,True,8dd90f28d21338b8d969f25437b66e4c0329a37006d47b0312337f784ee2cbf5
Server/WM10/libWM10/f_wm_pm0099.cpp,Server/WM10,backend_source,scanned,True,434dad8475de73b68a2a91559b0bbce325496a82c0f8eef3132af7ee4bc12c50
Server/WM10/libWM10/f_wm_ps0099.cpp,Server/WM10,backend_source,scanned,True,6bd3a82cee0b56017adf612441ff6538efd5497fb805bdb019b00e3cc0c52209
Server/WM10/libWM10/f_wm_stock.cpp,Server/WM10,backend_source,scanned,True,21740216cf63347628e31e96881e9da7e56859c34cc29137110bd1de070e46a4
Server/WM10/libWM10/f_wm_stock_in.cpp,Server/WM10,backend_source,scanned,True,d102e7efe835c7bccf13975769d90bc03eea050895180072664aab7049b2d889
Server/WM10/libWM10/f_wm_stock_log.cpp,Server/WM10,backend_source,scanned,True,e22da433570681b8af7a19d179349413abe21e292ac3d92a80be9970edbf8062
Server/WM10/libWM10/f_wm_stock_move.cpp,Server/WM10,backend_source,scanned,True,fa15deca85b761425e0a1adc35f1e4f7453f20a9af88cd237804695b937e1d63
Server/WM10/libWM10/f_wm_stock_out.cpp,Server/WM10,backend_source,scanned,True,4a7e72f1848181dc1b04dea0a4b5ff6413b84f86ee884bbecde19534aa9c16c1
Server/WM10/libWM10/f_wm_stock_update.cpp,Server/WM10,backend_source,scanned,True,8eeda69a52e88d5db4e666f41d4078dceb54159c8b6500377ba7ada76d79793c
Server/WM10/libWM10/f_wmhrhr_crane_down.cpp,Server/WM10,backend_source,scanned,True,65a724d9a141c71148d7ed2f5b2054e2a5b96c2c9df9c0346538b1d177f5e91e
Server/WM10/libWM10/f_wmhrhr_crane_make.cpp,Server/WM10,backend_source,scanned,True,fff441d07007f10e9ff6a5cbad4ff0e09c444d0fe259dea235a8052a85ba6aaf
Server/WM10/libWM10/f_wmhrhr_crane_up.cpp,Server/WM10,backend_source,scanned,True,875a5f106337d2757996104e479fb0aa616c5b2149456edf0f85a0ea28594bde
Server/WM10/p_wm10_8630/wm11_inq.cpp,Server/WM10,backend_source,scanned,True,25b29bfc62b2920f0a2c039118f966632ddfe5df819ad2fb8d9520d1d5045157
Server/WM10/p_wm10_8630/wm12_inq.cpp,Server/WM10,backend_source,scanned,True,9ce37a15e50e4a6ed1cb561a6b6f06dd69cfdd943632894f89d6500bbea1e681
Server/WM10/p_wm10_8630/wm17_inq.cpp,Server/WM10,backend_source,scanned,True,aa5ef3406f1f1a469ecc10d5b83b6f95bd4a3fdef060f6ec234bb02b18e04915
Server/WM10/p_wm10_8630/wm17_inq_mat.cpp,Server/WM10,backend_source,scanned,True,eac6a24b430886e889fc351ce323d2346a8aa611c54b2d36e8d15345e2996743
Server/WM10/p_wm10_8630/wma2_inq.cpp,Server/WM10,backend_source,scanned,True,95121a4ee1612c0507e5a725ad17445d49f18caa092688b985682fae976f90cc
Server/WM10/p_wm10_8630/wma4_inq.cpp,Server/WM10,backend_source,scanned,True,1a6bd99666b9aa54a6884ad93fdac8dfabe7d0e4231dac35ef225593a360ba7d
Server/WM10/p_wm10_8640/wm11_in_reject.cpp,Server/WM10,backend_source,scanned,True,66169f96b2fbb8895c82bc5da3eea052d3baff8603fd0ee2c41481c75ff2ec4c
Server/WM10/p_wm10_8640/wm11_instock.cpp,Server/WM10,backend_source,scanned,True,a1f8c4f2a62c5a62f1997fef92dbe35f613f1ac936111dda873bd05fe370018a
Server/WM10/p_wm10_8640/wm12_outstock.cpp,Server/WM10,backend_source,scanned,True,c275c63846a80e4ef25da6a4e4127e7e2045e3ef2d8443d1e60c1e9310467e32
Server/WM10/p_wm10_8640/wm17_adj.cpp,Server/WM10,backend_source,scanned,True,a15cc6b89d6287213e7e5f7c7adc8e601e7796e0afd437bcc8c532ef1c5b6088
Server/WM10/p_wm10_8640/wm17_cmd.cpp,Server/WM10,backend_source,scanned,True,1e606bddd72376321568152ac09fd008d9cd5e0cbff50c97fd26fb338b2675d5
Server/WM10/p_wm10_8640/wm17_mov.cpp,Server/WM10,backend_source,scanned,True,dbb0b41443ccf04946b5360525286f8b8b17269f2a6c5e356ac97ff1af63427a
Server/WMSM/.env.production,Server/WMSM,environment_config_values_not_exported,scanned,True,f5b33a1d90ef25a0b43db3d88da2454e4c88c45919662277d2cfc6f9413d9115
Server/WMSM/.gitignore,Server/WMSM,backend_source,scanned,False,168b695ee2329648ea1a0cf0a25d2639c5459ae5f63eccf64302aaaef259e3a4
Server/WMSM/.vscode/settings.json,Server/WMSM,config_or_resource,scanned,False,83de1c525e74033f7864b25fa68815340f22366846ea5739a4769a0f860a52ad
Server/WMSM/README.md,Server/WMSM,document_or_log,scanned,False,d4d68a2d180c053c7e2df51e9667f8a7a33e4f2837bff9d9c5b7e81838323ae2
Server/WMSM/libWMSM/f_auto.cpp,Server/WMSM,backend_source,scanned,True,19181e4c1cfe488256a2f9c0e5b013c825b3f3332bfbcf276e3056ea6b0b8269
Server/WMSM/libWMSM/f_auto_sm.cpp,Server/WMSM,backend_source,scanned,True,33cfb2dca90b9a3699840abdaa3b11b159cc6fb4e069558376ec69623d10cdfe
Server/WMSM/libWMSM/f_wmhrsm_cmd_auto.cpp,Server/WMSM,backend_source,scanned,True,78263e6aa84899db4dbf9a8c4e5badfec7f550d731b5bd5cd71580792b37d2c6
Server/WMSM/libWMSM/f_wmhrsm_cmd_del.cpp,Server/WMSM,backend_source,scanned,True,2e3b6f775fe68503edb649b28a05e1fcf708be1f4d6e7791ebd8fd08bd23cb6b
Server/WMSM/libWMSM/f_wmhrsm_cmd_down.cpp,Server/WMSM,backend_source,scanned,True,6539982216905f066ed1b3fdaf4129025c340e479d36ed17f11ce4bf314228b8
Server/WMSM/libWMSM/f_wmhrsm_cmd_follow.cpp,Server/WMSM,backend_source,scanned,True,09d934561b0faa8d1d945fb3f20880b5be8de3223745646897c1177b590dbb77
Server/WMSM/libWMSM/f_wmhrsm_cmd_upt.cpp,Server/WMSM,backend_source,scanned,True,982607a28b6ae86ea4de0ef01786e3e57712eee16e5f725a4f10922466c59bb0
Server/WMSM/libWMSM/f_wmhrsm_cranecmd_make.cpp,Server/WMSM,backend_source,scanned,True,b73ca35999a0f2278b1665f8b1dfa096ec406359e2e4605d2dfa51200ba6d2fd
Server/WMSM/libWMSM/f_wmsm_21a006_snd.cpp,Server/WMSM,backend_source,scanned,True,52431ca50bc8dc3a6025f9f3139f701dd4e01cdd1ce337ed1d5b6d3b9a9742c9
Server/WMSM/libWMSM/f_wmsm_21a007_snd.cpp,Server/WMSM,backend_source,scanned,True,284d4004caaa06af6772c360acf8a5c283e6e3de4306d0745b4a78f2fc5f4a2a
Server/WMSM/libWMSM/f_wmsm_21a008_snd.cpp,Server/WMSM,backend_source,scanned,True,6160e220a6bc2dd9f0ae14081044e55d0b9584aae2ab3f145ac488a7bc7954a0
Server/WMSM/libWMSM/f_wmsm_21a009_snd.cpp,Server/WMSM,backend_source,scanned,True,7c4fce1dcac8a7cdd3ce1999b91affe310b600ce88f36a9e3a9ac7d0019cb3d4
Server/WMSM/libWMSM/f_wmsm_21a009_snd1.cpp,Server/WMSM,backend_source,scanned,True,4c85abc680129b7669269a9e0212fc3d58388afc704678352b4e2af46da7379d
Server/WMSM/libWMSM/f_wmsm_21a010_snd.cpp,Server/WMSM,backend_source,scanned,True,dd1801c6c8c3f47a647e8ed7a8ad245d95e13392bc876968818a2eeccb021cc1
Server/WMSM/libWMSM/f_wmsm_21a015_snd.cpp,Server/WMSM,backend_source,scanned,True,a052de2723e79c7c7b1410965c8396caf5612f65ec033ff9834939a7dc3a62d7
Server/WMSM/libWMSM/f_wmsm_21a017_snd.cpp,Server/WMSM,backend_source,scanned,True,4bb80d1563650083b7dfc50c2c733712b668b7499c260482b3cfbac17a26b69d
Server/WMSM/libWMSM/f_wmsm_21a019_snd.cpp,Server/WMSM,backend_source,scanned,True,3b5ed1a227ef35dc4a3dc34083a84f5356de1ded7ab2a29f1854416e98e5afe6
Server/WMSM/libWMSM/f_wmsm_6380.cpp,Server/WMSM,backend_source,scanned,True,4283a181f035229f27e8d0a9c7f10b61faffbea9b0c18436bc08b02fc6f31259
Server/WMSM/libWMSM/f_wmsm_CraneCmd_C_Make.cpp,Server/WMSM,backend_source,scanned,True,39082f48671aa8774c7351b1d5d114b5db0d5bb0e6487986c6be309dbdee7cab
Server/WMSM/libWMSM/f_wmsm_CraneCmd_C_follow.cpp,Server/WMSM,backend_source,scanned,True,a6dbaf667795cc76071605a230908c84d4356e4a08c5b34ff68077f132bfe528
Server/WMSM/libWMSM/f_wmsm_CraneCmd_S_Make.cpp,Server/WMSM,backend_source,scanned,True,f593f804524defd94b7d70f076c5e43e236dedc0086bb4e8766d60e9938661cd
Server/WMSM/libWMSM/f_wmsm_auto_db.cpp,Server/WMSM,backend_source,scanned,True,8c63481e3ddce33136d3695a7a8a12cb87fd7c6a3e3530df0159a21e421cc0d0
Server/WMSM/libWMSM/f_wmsm_craneCmdGrp_judge.cpp,Server/WMSM,backend_source,scanned,True,231d390327a8fecd516e38d3c3be2aadeb0a7d9c335f223f9fc53516f8c222b4
Server/WMSM/libWMSM/f_wmsm_craneCmdMake.cpp,Server/WMSM,backend_source,scanned,True,c9741fd34d683c31211a0b2c538ed10f763434b16fe8b04c1b8bb765f003fef9
Server/WMSM/libWMSM/f_wmsm_craneCmd_C_2E.cpp,Server/WMSM,backend_source,scanned,True,dcd5760cdec169c030cfd0269767a64821f6c1305699809e6f4a28d2a899d117
Server/WMSM/libWMSM/f_wmsm_craneCmd_C_delete.cpp,Server/WMSM,backend_source,scanned,True,59a076e31a4700aa28238e90ff424fb9e9972579672f3cceeca6626b0eb007fe
Server/WMSM/libWMSM/f_wmsm_craneCmd_C_layer_update.cpp,Server/WMSM,backend_source,scanned,True,11385f9b3d0d15f8fa401d02c8573e94f82e8e363f879e4180cb4acebbb20a7c
Server/WMSM/libWMSM/f_wmsm_craneCmd_S_2C_do.cpp,Server/WMSM,backend_source,scanned,True,93e8d2325be95b16167c296414d6cbd306baa932efc0d52b17746924e643c871
Server/WMSM/libWMSM/f_wmsm_craneCmd_S_delete.cpp,Server/WMSM,backend_source,scanned,True,b43675562229f4aedf0328787d59f644725b329555a3849ba073b386c9b405c1
Server/WMSM/libWMSM/f_wmsm_craneCmd_S_follow.cpp,Server/WMSM,backend_source,scanned,True,ac4c13bc0ca5d695a768e38363c19300255c51de771fe70c01c86ea6405971c7
Server/WMSM/libWMSM/f_wmsm_craneCmd_layer_update.cpp,Server/WMSM,backend_source,scanned,True,b49c9871a5557902dbd55a05316681b7ea6428bb8150dbb3261343affd14f4c4
Server/WMSM/libWMSM/f_wmsm_craneCmd_seq_update.cpp,Server/WMSM,backend_source,scanned,True,e499a9a253bc9973a2435aaea2603636223346dd85f1e5e1fc36035833baa4a5
Server/WMSM/libWMSM/f_wmsm_cranecmd_S_2E_do.cpp,Server/WMSM,backend_source,scanned,True,4abfc1e05e1df8b1d8e98ba01d610f7ba8703523b95c9fc6fcf493aea526a329
Server/WMSM/libWMSM/f_wmsm_cranecmd_update.cpp,Server/WMSM,backend_source,scanned,True,171c4d418e0a28d244fa68002d15e7e39c6587f5dffd0074bf346eda5c584dd2
Server/WMSM/libWMSM/f_wmsm_e2t8m1_miss.cpp,Server/WMSM,backend_source,scanned,True,1012b37b1da491e4e6f38d79204f1dc64dce67420be58f74d59065815582f96d
Server/WMSM/libWMSM/f_wmsm_load_d_proc.cpp,Server/WMSM,backend_source,scanned,True,6a91dc350e1d9e6ede4206ba6c1ddaaffa735d1aa0965cd9bfb2cb87aa3e0ccb
Server/WMSM/libWMSM/f_wmsm_load_proc.cpp,Server/WMSM,backend_source,scanned,True,60bb5c7b41e11c8076e14c3ca0cf2ca7b60a28ed051f1d21f11cb8c41bd29c1d
Server/WMSM/libWMSM/f_wmsm_slab_check.cpp,Server/WMSM,backend_source,scanned,True,1cbf69f00870060882b39377b27794e546f911c7815b7027dbb886fb030c9131
Server/WMSM/libWMSM/f_wmsm_slab_no.cpp,Server/WMSM,backend_source,scanned,True,58915bc899747c81daf452ecadf8060d5e7313e6d2edbec4004701eaf3c0a53b
Server/WMSM/libWMSM/f_wmsm_slab_weight.cpp,Server/WMSM,backend_source,scanned,True,ebda29c87845dd24f4f3596ea57a5349a916e4cb88d2043081abaaf9d0a82196
Server/WMSM/libWMSM/f_wmsm_t80ry0_snd.cpp,Server/WMSM,backend_source,scanned,True,2c5a58b304efddb474f23bdfaa536f49fae70bd91483edb841ecbc077ac358e0
Server/WMSM/libWMSM/f_wmsm_t80ryd.cpp,Server/WMSM,backend_source,scanned,True,1bc96f9011d338673ee716ae2935e942d3174268fe07d7c54be14e7669a975f5
Server/WMSM/libWMSM/f_wmsm_t8p301_snd.cpp,Server/WMSM,backend_source,scanned,True,acce6b296e30272f07b82d4b2f2e124f7ddfea36f57afc9985145e4579b0c931
Server/WMSM/libWMSM/f_wmsm_t8p302_snd.cpp,Server/WMSM,backend_source,scanned,True,7c4e3a870ab22e6413ec1c8ab412155f7acb0d5bad89373377875b32348e5e2d
Server/WMSM/libWMSM/f_wmsm_t8p303_snd.cpp,Server/WMSM,backend_source,scanned,True,278ae4597a89e897f31c7b1082628269be579a21817b967b1f8214e8787f33b0
Server/WMSM/libWMSM/f_wmsm_upperMat_autoCmd.cpp,Server/WMSM,backend_source,scanned,True,9f03bc9e974742ea502d276db0331fbdc4e5a798fb51d476e2b995d07e549e7b
Server/WMSM/libWMSM/f_wmsm_wm07_proc.cpp,Server/WMSM,backend_source,scanned,True,2dfe0951f6d5a63769b9bfbda9a93b9271e203dc8df9ec0228048fb7eb99ffcc
Server/WMSM/libWMSM/f_wmsmsm13_proc.cpp,Server/WMSM,backend_source,scanned,True,9a8a9f0774cac2e05360304d3c8476ccb5090125e2a464563fc52762bca0a9c7
Server/WMSM/libWMSM/f_wmsmsm_allot_snd.cpp,Server/WMSM,backend_source,scanned,True,e1d5abd85e198ee831b17ab8edc7d8f68d335a5b8ea4b7dfda8abc5271029b83
Server/WMSM/libWMSM/f_wmsmsm_crane_down.cpp,Server/WMSM,backend_source,scanned,True,2b90bc0a6bb5f1e6facd4a00310cb7053d02b7368463547bda49d077779953af
Server/WMSM/libWMSM/f_wmsmsm_crane_up.cpp,Server/WMSM,backend_source,scanned,True,6463152752013f1677220454e99dd7f1fb5bcd3fee737ca7f4b39007e7ba3690
Server/WMSM/libWMSM/f_wmsmsm_cranecmd_check.cpp,Server/WMSM,backend_source,scanned,True,d44ef167e6a0ca6468800f0241eea09292631bf050dc2cbb7416aa62837b6e8e
Server/WMSM/libWMSM/f_wmsmsm_cranecmd_delete.cpp,Server/WMSM,backend_source,scanned,True,c73b4ac0a65297bcfb5bc9df0c30ef03d1199baa333f61554c9c657273e96724
Server/WMSM/libWMSM/f_wmsmsm_cranecmd_follow.cpp,Server/WMSM,backend_source,scanned,True,f8029ae77285fffb2fc0715bd073dbe2ee5e918ffedb8e87dc003fa4533cc897
Server/WMSM/libWMSM/f_wmsmsm_cranecmd_group.cpp,Server/WMSM,backend_source,scanned,True,d4cddf0e3f4ed84604d85973f97dcde235761c7e65492029c4d25dcda1c52c73
Server/WMSM/libWMSM/f_wmsmsm_cranecmd_make.cpp,Server/WMSM,backend_source,scanned,True,69a66576fcd1c75ed6ac57a6aecebf0d8bc89f79d45cd64f9e273d5094113057
Server/WMSM/libWMSM/f_wmsmsm_cranecmd_seq_upt.cpp,Server/WMSM,backend_source,scanned,True,0ccca8000b05e31ad0d170906585dabcd6197d1f7581e34546aee638cbc303c0
Server/WMSM/libWMSM/f_wmsmsm_cranecmd_shipping.cpp,Server/WMSM,backend_source,scanned,True,b108f7d07ce50ff28602cb132e2d38f115df232a0b1b259b67eb128290658c9d
Server/WMSM/libWMSM/f_wmsmsm_cranecmd_tr_rem.cpp,Server/WMSM,backend_source,scanned,True,16f982d4169f6c2aed1aafd05006cb76ac954080fe9b506fae2c27223719b870
Server/WMSM/libWMSM/f_wmsmsm_cranecmd_update.cpp,Server/WMSM,backend_source,scanned,True,7d1c840a9e34cfb63eadb09d612cfa9e7403fd68f04a93a049a59bebce16b6eb
Server/WMSM/libWMSM/f_wmsmsm_mm0099.cpp,Server/WMSM,backend_source,scanned,True,094f46c090d36538de07563017fe7188bdb5f6de23a7301b775aa63830d753f8
Server/WMSM/libWMSM/f_wmsmsm_modi_pile_layerno.cpp,Server/WMSM,backend_source,scanned,True,2c4a00fe6d569c8d4f7156365403fcdf271729202a6dc7585f0874a1870f9762
Server/WMSM/libWMSM/f_wmsmsm_pm0099.cpp,Server/WMSM,backend_source,scanned,True,c9dbc9a1b9ec6092adc6f3acf14bfc5d3a9734256f1d83b4bc866df74d9b5e43
Server/WMSM/libWMSM/f_wmsmsm_ps0099.cpp,Server/WMSM,backend_source,scanned,True,2315a1e2a39ec3d71c25604c0742e733aa1977540b4be0b9eff0420eed284c64
Server/WMSM/libWMSM/f_wmsmsm_stock_back.cpp,Server/WMSM,backend_source,scanned,True,dfb5089fed6e370da7cf7defb67bf70b767757593a1c509ee5bd3f5710f71e2c
Server/WMSM/libWMSM/f_wmsmsm_stock_in.cpp,Server/WMSM,backend_source,scanned,True,6834e1d27561b60645d44502b78afef0cfc7ebe43ccb8c7cece4b404202adf33
Server/WMSM/libWMSM/f_wmsmsm_stock_log.cpp,Server/WMSM,backend_source,scanned,True,d48b0324acb7c09376afd83861a5da7ad8414ad59e09178734897f0c39f0040c
Server/WMSM/libWMSM/f_wmsmsm_stock_move.cpp,Server/WMSM,backend_source,scanned,True,9dd6229de091dc2b701c62d677e55dcd1f2eddf7911a6da9578a91b30159130b
Server/WMSM/libWMSM/f_wmsmsm_stock_out.cpp,Server/WMSM,backend_source,scanned,True,ec66f0ed658fd3061109538fb968bd2d09f69947b83d5f0de6ba71d655073e56
Server/WMSM/libWMSM/f_wmsmsm_stock_out_db.cpp,Server/WMSM,backend_source,scanned,True,7923d2d1ed56ebeae8f96dee0b0f92a880a3b9615dfc1ebd6de55c78c665c4f9
Server/WMSM/libWMSM/f_wmsmsm_stock_out_tg.cpp,Server/WMSM,backend_source,scanned,True,654a605f21f6b8498258ef61aedc7039283d12f4b7512a990607c17ead8f753e
Server/WMSM/libWMSM/f_wmsmsm_stock_update.cpp,Server/WMSM,backend_source,scanned,True,39ee40053d82b2fe69c6021fa571a19936bde9102fe478823e44997ee4f36fac
Server/WMSM/p_wmsm_8110/wm0c_inq.cpp,Server/WMSM,backend_source,scanned,True,ba86271cadfcd85eaad00e2e75ee7d2d522f5f55b80912e404d19952fb568008
Server/WMSM/p_wmsm_8110/wmsm01gg_inq.cpp,Server/WMSM,backend_source,scanned,True,262684e9af0ec5cc49ee87d83b4964d3abe45ceb0699133eba0b6a19b5a5ad96
Server/WMSM/p_wmsm_8110/wmsm01gg_inq1.cpp,Server/WMSM,backend_source,scanned,True,c50e035ef3256055aa24f59d938d6d3644f689025657152b8a7e6d806c1424ae
Server/WMSM/p_wmsm_8110/wmsmbp_inq.cpp,Server/WMSM,backend_source,scanned,True,406de74162b1cf49c7a18df1c927d2cad874a4d0380e5c5f8613228394b6bc94
Server/WMSM/p_wmsm_8110/wmsmdb_inq.cpp,Server/WMSM,backend_source,scanned,True,9a2ad11bad4e1a0adb15ed466d8c301fc7effb7650aa7e840418de2d5cc5f740
Server/WMSM/p_wmsm_8110/wmsmgdtl_inq.cpp,Server/WMSM,backend_source,scanned,True,c85421963750f18f12c77f51feb4b726d1690c4c16403fd3b67e23be3fb3c9a4
Server/WMSM/p_wmsm_8110/wmsmkqkc_inq.cpp,Server/WMSM,backend_source,scanned,True,f612398268349ddcdffb8eb8c18bc4fd6871193211cdd0f333c4f9ab7e64932c
Server/WMSM/p_wmsm_8110/wmsmkqkc_inq1.cpp,Server/WMSM,backend_source,scanned,True,8a008fdd1b0caac2a4186a099170e43ca6189591be23fdc111006a50add9afcf
Server/WMSM/p_wmsm_8110/wmsmldkc_inq.cpp,Server/WMSM,backend_source,scanned,True,3a25f457f8f53779763e6c4fdc394f74c4792d2f0101bc87aa74b46889ff3025
Server/WMSM/p_wmsm_8110/wmsmlgf_inq.cpp,Server/WMSM,backend_source,scanned,True,582c3167500bbfc9e24eece574d0d9410249fc0ea57c032673af2cd47a756bb2
Server/WMSM/p_wmsm_8110/wmsmlgpb_inq.cpp,Server/WMSM,backend_source,scanned,True,9b3ef46b65d7a637d58de666cba4391f1d9871ae9b511a06cfe4cb060af09fc3
Server/WMSM/p_wmsm_8110/wmsmplan_inq.cpp,Server/WMSM,backend_source,scanned,True,97740f8fb216f81a21d80a338fd7336a5ae3e7bf3cef1a6de337d88ea1f9013e
Server/WMSM/p_wmsm_8110/wmsmsm11_inq.cpp,Server/WMSM,backend_source,scanned,True,ae6a6a3e863005ec6dc0affd0f87f94991d3ea6f7a634c3ffbb4bf10b0dd5f1a
Server/WMSM/p_wmsm_8110/wmsmsm12S_inq1.cpp,Server/WMSM,backend_source,scanned,True,000359fca46aa870e3655e767e0667806bd485e8ec17b90b854a8816e46eb704
Server/WMSM/p_wmsm_8110/wmsmsm12S_inq2.cpp,Server/WMSM,backend_source,scanned,True,3c79a20958faa997dfeb06d296eb4d6245e6f5d07263e45cbc3b0cdcc62085e6
Server/WMSM/p_wmsm_8110/wmsmsm12S_inq3.cpp,Server/WMSM,backend_source,scanned,True,47f9bc95802be4ee05ec07d9fe021169cfb7501c1480fa415890682be89aaa6f
Server/WMSM/p_wmsm_8110/wmsmsm12S_inq4.cpp,Server/WMSM,backend_source,scanned,True,2ba40717fc85a91e110787bf945ac5b3406ccdd373a9d21f1b96036971949a7f
Server/WMSM/p_wmsm_8110/wmsmsm12S_inq5.cpp,Server/WMSM,backend_source,scanned,True,74f3451c4af7d2d98189e05f41ec374074bb4769e185c1f459dab428fc1f6d05
Server/WMSM/p_wmsm_8110/wmsmsm12_inq.cpp,Server/WMSM,backend_source,scanned,True,07a7ee6d09c3f2d1f8388dcf0852b68d19d14153c2ac541f19292f0a2a60f5dd
Server/WMSM/p_wmsm_8110/wmsmsm12zk_inq.cpp,Server/WMSM,backend_source,scanned,True,b14f0f990ebb5c9fcc77e0c38f0eb69cde6ee35410ca3fa93aad5c8f64c39030
Server/WMSM/p_wmsm_8110/wmsmsm12zklog_inq.cpp,Server/WMSM,backend_source,scanned,True,3be667cc6efcbba265ec7d2c784ec88a019eafac8837cc2861a3d3386980cc30
Server/WMSM/p_wmsm_8110/wmsmsm13_detail.cpp,Server/WMSM,backend_source,scanned,True,522f5c257c4a5efea846a78b98e5ff88437751dc0a3a88918cb3776a8bfc4e90
Server/WMSM/p_wmsm_8110/wmsmsm13_inq.cpp,Server/WMSM,backend_source,scanned,True,d4adf127a87ed3910d75a1286ebe36443b2389dfd335dc8c0acde6dd3f66994d
Server/WMSM/p_wmsm_8110/wmsmsm17_inq.cpp,Server/WMSM,backend_source,scanned,True,013fb2c4ab6059a98523d5d438350a07da522aee3364afc57d05e96d41c52b23
Server/WMSM/p_wmsm_8110/wmsmsm17_inq_mat.cpp,Server/WMSM,backend_source,scanned,True,9dc772587f1c0a58d174666888f04e639f8fe4150350314f42419edffa2caf0b
Server/WMSM/p_wmsm_8110/wmsmsma2_inq.cpp,Server/WMSM,backend_source,scanned,True,50ee16b48be4ac2a10c5a8e38c52b699374894ccd4ca9e0946108cb96cf74787
Server/WMSM/p_wmsm_8110/wmsmsma2_inq_h.cpp,Server/WMSM,backend_source,scanned,True,5c4ee6c1c46d022f856c0414e1bb4574f5975e97d80e8d6ac8e00e4b7b223b52
Server/WMSM/p_wmsm_8110/wmsmsma2_inq_m.cpp,Server/WMSM,backend_source,scanned,True,7bf21660cbb12b2b97b69a399795b3dd23f34ba7b701b50218ae9271ce3b2195
Server/WMSM/p_wmsm_8110/wmsmsma2_wt_inq.cpp,Server/WMSM,backend_source,scanned,True,dd754e618ae44251a129460e65d710da13d2879b15f6784b9d941175de976981
Server/WMSM/p_wmsm_8110/wmsmsma2b_inq.cpp,Server/WMSM,backend_source,scanned,True,65bf0b8c607dba0d2eb2e16437d3486cab751db0c15408c7a2373f2a8384a3b2
Server/WMSM/p_wmsm_8110/wmsmsma4_inq.cpp,Server/WMSM,backend_source,scanned,True,a32a5d305f18c0d955698ff6abb9554f8db238b62d7a7e25b876ee9d10ef54e7
Server/WMSM/p_wmsm_8110/wmsmsmdwtj_inq.cpp,Server/WMSM,backend_source,scanned,True,eca02f1910391fc90d43e31866c05d1d4dd023ee1329fd6584a5d2be69c67ff9
Server/WMSM/p_wmsm_8110/wmsmsmhq_inq.cpp,Server/WMSM,backend_source,scanned,True,2ab896e1cc205f0f9e5935f5302a1c9f6319bb09524d5d32f6d5e57bb66d5851
Server/WMSM/p_wmsm_8110/wmsmsmj1_inq.cpp,Server/WMSM,backend_source,scanned,True,4fbf80cc2ecc21b699131ab69a49ed6b45ea0329e52af5424e72567495d50d4f
Server/WMSM/p_wmsm_8110/wmsmsmj2_inq1.cpp,Server/WMSM,backend_source,scanned,True,f63794e022a2d08609b150e1b28fd8e55abeab13055b81a71bee0764779a388e
Server/WMSM/p_wmsm_8110/wmsmsmj2_inq2.cpp,Server/WMSM,backend_source,scanned,True,c614ec114f3ddc006fdc7593dff3c66ec9837c049d754e01a704fa8f1004c9c7
Server/WMSM/p_wmsm_8110/wmsmsmj3_inq.cpp,Server/WMSM,backend_source,scanned,True,93b7ebf9b37086f93f3e347fda7a786791105a5b4f4d7b996053dbd2ee5073fa
Server/WMSM/p_wmsm_8110/wmsmsmlzh_cs.cpp,Server/WMSM,backend_source,scanned,True,c676e04e4e18459f7f6d6a4e5691c8a7442a42ff547dd98775b366ec596bbc2e
Server/WMSM/p_wmsm_8110/wmsmsmwode_inq.cpp,Server/WMSM,backend_source,scanned,True,a41f91f7749bb32b4f80d1f0fe62709fe8ee18b074fd452dedfe53d76e0f5ea7
Server/WMSM/p_wmsm_8110/wmsmsmwode_inq2.cpp,Server/WMSM,backend_source,scanned,True,acb9102990d1195bf2d81b7eddbee5e1a1f5af1fe35668b28e9fac03e9d9d4aa
Server/WMSM/p_wmsm_8110/wmsmsmwode_ins.cpp,Server/WMSM,backend_source,scanned,True,e5eda2e2521e4c4a922bf2bbaae00175d52b9c01910deed68cb8b8921c324dd9
Server/WMSM/p_wmsm_8110/wmsmsskc_inq.cpp,Server/WMSM,backend_source,scanned,True,396e39464283f049991f7c9ef220d9d34be3af668484ee01167c50c438313e3c
Server/WMSM/p_wmsm_8110/wmsmsskc_inq1.cpp,Server/WMSM,backend_source,scanned,True,a45946bb8985e1687971580327b3882a2b7aeddfdce48e56ffeb2ae042c1c5b8
Server/WMSM/p_wmsm_8120/wm0c_app.cpp,Server/WMSM,backend_source,scanned,True,1e47cf706682503977fa9fa4fb154a3f06c8ec9c8f20f13073faf0ff100fb5ab
Server/WMSM/p_wmsm_8120/wm0c_planCancel.cpp,Server/WMSM,backend_source,scanned,True,0219a866190bcfc1932cc5109d0d0192ff7f568a2c6811f088d03d9635aaca27
Server/WMSM/p_wmsm_8120/wmsmbp_f3.cpp,Server/WMSM,backend_source,scanned,True,b3b47b525f0cc25f35f47a6aeb9ba1e7345c7db49ffe45a8c7c817f8ba135625
Server/WMSM/p_wmsm_8120/wmsmdp_f4.cpp,Server/WMSM,backend_source,scanned,True,f7b077c349baa2807e6249eb55a1ea327f0ca495e8d96fd4e37fcf6284c4202b
Server/WMSM/p_wmsm_8120/wmsmdp_inq.cpp,Server/WMSM,backend_source,scanned,True,2a75a3fad02c3e495eef5430ee9fddeca243419bd70db85ad9b0a51143f87188
Server/WMSM/p_wmsm_8120/wmsmgdtl_f3.cpp,Server/WMSM,backend_source,scanned,True,ac00e646e8a3adbd7534fe4e2c11cf415bd35bd8b81e7d63c9a8a1e2c4ca696d
Server/WMSM/p_wmsm_8120/wmsmgdtl_f4.cpp,Server/WMSM,backend_source,scanned,True,9f48d9a17a2fbdc56fc053df6c7b23239cb039cb219785408d79bdea4907cf7d
Server/WMSM/p_wmsm_8120/wmsmlgpb_f3.cpp,Server/WMSM,backend_source,scanned,True,0487e00a503a095277007d2a2ac08e98cd158d43e2c413e5931cb66659b8ee2b
Server/WMSM/p_wmsm_8120/wmsmplan_f3.cpp,Server/WMSM,backend_source,scanned,True,456efbd90aee52ba8c2c211ebf13f264138549191e91f491810790dcac2990a4
Server/WMSM/p_wmsm_8120/wmsmplan_f4.cpp,Server/WMSM,backend_source,scanned,True,034ed018c4a75cf6178b648db39303d4557176bd0107afedf6a18b29caeae1a5
Server/WMSM/p_wmsm_8120/wmsmsm11_in_reject.cpp,Server/WMSM,backend_source,scanned,True,cd1d1297d8718e07c962062f060ecce948d70a3223fe13a87117732c8c4bb86e
Server/WMSM/p_wmsm_8120/wmsmsm11_instock.cpp,Server/WMSM,backend_source,scanned,True,199be6eed65e14910e14cce8691991608b0c32bb1e7c5ded6600a59ea77148c3
Server/WMSM/p_wmsm_8120/wmsmsm12_cencel.cpp,Server/WMSM,backend_source,scanned,True,7a784031aba6495a47d1e5c93349703bf4af7eddee69f7a290a8c0522ddd2ea2
Server/WMSM/p_wmsm_8120/wmsmsm12_outstock.cpp,Server/WMSM,backend_source,scanned,True,4915aa7a1db2f68b307526e17bb9a12658f98a85c74e80c631bcd91f42cc6fbe
Server/WMSM/p_wmsm_8120/wmsmsm12_outstock_db.cpp,Server/WMSM,backend_source,scanned,True,5b80fc21972ee279ee936639b6922259a0d6deca87d3240a86af43e3ed8c34e5
Server/WMSM/p_wmsm_8120/wmsmsm12_outstock_tg.cpp,Server/WMSM,backend_source,scanned,True,3a1e89d861bcc9f182fd85c2fe98568facfb23fddc2f0f038b436a8d7fdc4cb3
Server/WMSM/p_wmsm_8120/wmsmsm12p_cencel.cpp,Server/WMSM,backend_source,scanned,True,160147002daf1197f07f1a4b03772ec45742b5a665d205e65a6e898df7cb77d6
Server/WMSM/p_wmsm_8120/wmsmsm12p_conf.cpp,Server/WMSM,backend_source,scanned,True,450599de39f2880c15ba2c67ba467ebe4548a96675b91d879b2743194f9c6326
Server/WMSM/p_wmsm_8120/wmsmsm12p_fre.cpp,Server/WMSM,backend_source,scanned,True,5a6b068ed6b05a2d2073e6309a9c6b8602bfe9aab2870de37aaedbc6e47c09c5
Server/WMSM/p_wmsm_8120/wmsmsm12p_inq.cpp,Server/WMSM,backend_source,scanned,True,1bd1d0798d90b7c4af1aadd344c09dbc0d270bce986dc8b6e278710698ed3180
Server/WMSM/p_wmsm_8120/wmsmsm12p_inq1.cpp,Server/WMSM,backend_source,scanned,True,6643dd292982ef195532f02dda81d1a0784472b35fe1d9eee28befbdca787142
Server/WMSM/p_wmsm_8120/wmsmsm12p_zc.cpp,Server/WMSM,backend_source,scanned,True,53f845f79d1a2f71db1940a04dc0686716a4fab8bfbbb2a43f2b46524798cb32
Server/WMSM/p_wmsm_8120/wmsmsm12zk_outstock.cpp,Server/WMSM,backend_source,scanned,True,cafb595a9a858fa9cba7f6e71da93fed8cf2574a586cb771b284504c21678868
Server/WMSM/p_wmsm_8120/wmsmsm12zklg_upd.cpp,Server/WMSM,backend_source,scanned,True,898a2c4d8dcdc138664c481469cd9c446a1ad66b2773251052b710bc50dcf928
Server/WMSM/p_wmsm_8120/wmsmsm13_downline.cpp,Server/WMSM,backend_source,scanned,True,fc90d019420a5dcc8186a2d09e513926343b1b67028d25a21fe3a2cf15b84d38
Server/WMSM/p_wmsm_8120/wmsmsm13_downline1.cpp,Server/WMSM,backend_source,scanned,True,12b8f082044cda8dfb3e53566b7227480c3207475dc200768080a67201ddff93
Server/WMSM/p_wmsm_8120/wmsmsm13_out.cpp,Server/WMSM,backend_source,scanned,True,b2f154d3c060e79dc34863783bd815d6ae20bf38ca86668d09385f7ee03c762d
Server/WMSM/p_wmsm_8120/wmsmsm13_out_f.cpp,Server/WMSM,backend_source,scanned,True,451d5a5dfc6bef3b55f8da8097f49b6b8820217d3035b5f26257640a270439bb
Server/WMSM/p_wmsm_8120/wmsmsm17_adj.cpp,Server/WMSM,backend_source,scanned,True,fd6493d356bb1a9b1a0f3c5d975bd1f1bd66e82a6d385a7be3ae7f7a96296ad0
Server/WMSM/p_wmsm_8120/wmsmsm17_cmd.cpp,Server/WMSM,backend_source,scanned,False,e3b0c44298fc1c149afbf4c8996fb92427ae41e4649b934ca495991b7852b855
Server/WMSM/p_wmsm_8120/wmsmsm17_mov.cpp,Server/WMSM,backend_source,scanned,True,32bf2c4315e5b3f63cc7f3e857191cf78e57e07682db37655decc19cdc9ba54d
Server/WMSM/p_wmsm_8120/wmsmsm17_mov1.cpp,Server/WMSM,backend_source,scanned,True,0114f56d8c39702681239f42ac9db825495219527a8ad3923c5b1dc5b95f4f48
Server/WMSM/p_wmsm_8120/wmsmsm1_inq.cpp,Server/WMSM,backend_source,scanned,True,2e54596f559b04efe119c2c889bc3211b2b88a689f05e98e7cffd5aaa3b28633
Server/WMSM/p_wmsm_8120/wmsmsm60_inq.cpp,Server/WMSM,backend_source,scanned,True,b3b38b160fc8df24c0de419edd9b6dde7c2d2e1e15967fcedb4c5a9fed1b60ff
Server/WMSM/p_wmsm_8120/wmsmsm61_inq.cpp,Server/WMSM,backend_source,scanned,True,17b94396ce8fd02608cb50313c133a6a7c1dbcf0d2404b439d21f5eb4f4d5424
Server/WMSM/p_wmsm_8120/wmsmsma2_out.cpp,Server/WMSM,backend_source,scanned,True,be42237892714d1b20f3fb4335b9e45ccfec9cdeeeec92fa40ab1e94e61d7275
Server/WMSM/p_wmsm_8120/wmsmsma2_out_cmd.cpp,Server/WMSM,backend_source,scanned,True,08c9426151a6a7dbcf78bf911eac846249b167d4b6dd602edaf4e245d2481a17
Server/WMSM/p_wmsm_8120/wmsmsma2_send.cpp,Server/WMSM,backend_source,scanned,True,d99e846a1be84206bcfd5bb9703e090f1b515766402aa0e74792b14aac6367e5
Server/WMSM/p_wmsm_8120/wmsmsma2mg_f12.cpp,Server/WMSM,backend_source,scanned,True,5eb92274bd6a75be1eecbb98de3dbd6f21b2ff13375fc52785b67a0b519d3cf9
Server/WMSM/p_wmsm_8120/wmsmsma2mg_f6.cpp,Server/WMSM,backend_source,scanned,True,d594a0c2c667be464d348bc709919ff9c5482de7d94f1eec34e0228c77fd556b
Server/WMSM/p_wmsm_8120/wmsmsma2mg_f7.cpp,Server/WMSM,backend_source,scanned,True,8602c8b8d4436b8d6fab11239195abea9a217ceab3dbe3e16fced0f1f15060ec
Server/WMSM/p_wmsm_8120/wmsmsma7_crane_com.cpp,Server/WMSM,backend_source,scanned,True,9d3174df643f87df20a60b90578da3bbe8479a1ebffa4b1698152d8d4d5acf08
Server/WMSM/p_wmsm_8120/wmsmsmdwtj_dwtj.cpp,Server/WMSM,backend_source,scanned,True,45303b8e2aa02f5459bb5962fb5cd41adbff987259bb7131e6d1aa536eb2da79
Server/WMSM/p_wmsm_8120/wmsmsmj1_del.cpp,Server/WMSM,backend_source,scanned,True,f89c58b49c29d8857ed117065956b3a281e16a5d7f3208cf218702da0aacf9b3
Server/WMSM/p_wmsm_8120/wmsmsmj1_upd.cpp,Server/WMSM,backend_source,scanned,True,977a3f9b9f8ce3b1550c1820ff6edb0f459e905c73458adb54be85ae08d0dbb5
Server/WMSM/p_wmsm_8120/wmsmsmj3_crane.cpp,Server/WMSM,backend_source,scanned,True,034769068a9c1bee161638ed0638470c579d5231fd82f6d1240e0ae43b01895d
Server/WMSM/p_wmsm_8120/wmsmsmj3_rcm.cpp,Server/WMSM,backend_source,scanned,True,6aa0c067e62445adfffd9ef2633b702a64cb03b490c84e831005559a73af89a0
Server/WMSM/p_wmsm_8130/tmsm14av_inq.cpp,Server/WMSM,backend_source,scanned,True,e6ca7f93e0f3e816eb4a0db2ed0b3d8116bb89a629b2ff4dc12019041b291ec3
Server/WMSM/p_wmsm_8130/wmsm01_crane_ins.cpp,Server/WMSM,backend_source,scanned,True,f76f7768f9278407b6c21d15f4666cb33a992805ef8315540a5dcfd04526c9d1
Server/WMSM/p_wmsm_8130/wmsm01_dep_find.cpp,Server/WMSM,backend_source,scanned,True,7ec514a3f6c544eb2be2e7bc190ff0fef605f91da698992b1fe6d314f8da2bba
Server/WMSM/p_wmsm_8130/wmsm01_layer_upd.cpp,Server/WMSM,backend_source,scanned,True,d10c1aa95736907f833595eaffb3059d658fbd64205f6871c7a988c2df7cea8b
Server/WMSM/p_wmsm_8130/wmsm01_out_stockno.cpp,Server/WMSM,backend_source,scanned,True,77d74abf435ddd38ef8a4587ff72c63fdf6e6b20ad1edf030d0e4e76dec45de2
Server/WMSM/p_wmsm_8130/wmsm01_ponoslab_inq.cpp,Server/WMSM,backend_source,scanned,True,02808625f3521b33bce8b57a81740ff7d9dc8f2659cde2f281ea0aac61ba7881
Server/WMSM/p_wmsm_8130/wmsm01_wt_hand.cpp,Server/WMSM,backend_source,scanned,True,29d60136f199cb0ed6d9515aaabd1ad3fd03377c71e11738fdba8f4e703a6903
Server/WMSM/p_wmsm_8130/wmsm01_wt_snd.cpp,Server/WMSM,backend_source,scanned,True,316b3b1f6846140e1b4ba7833635459de2d05618fc9fcc45c212ab8cb0ba7d2d
Server/WMSM/p_wmsm_8130/wmsm01q0_cal.cpp,Server/WMSM,backend_source,scanned,True,1cc214e0b40e1b1d59f2ded8917db6d53ce4c7da2ef80025c6a108ba8401ce1b
Server/WMSM/p_wmsm_8130/wmsm01q0_cfupd.cpp,Server/WMSM,backend_source,scanned,True,089b8f5644063e8fdd23ad249775c0b1585e60eec0d452446f4c66bf598b41b2
Server/WMSM/p_wmsm_8130/wmsm01q0_gua.cpp,Server/WMSM,backend_source,scanned,True,5c50882eed17fd09084a3d4eec9ef78e47743a2209790460c1846844e77a74c7
Server/WMSM/p_wmsm_8130/wmsm01q0_gua1.cpp,Server/WMSM,backend_source,scanned,True,0b900eef6f19aa0fd64bf68f99b548ebcba336274cb6f3deb1a924e078f8b01d
Server/WMSM/p_wmsm_8130/wmsm01q0_inq.cpp,Server/WMSM,backend_source,scanned,True,033db38e13a19f0c48084f8562cb3df46d23d82966d0c2a38572becad0786a8c
Server/WMSM/p_wmsm_8130/wmsm01q0_inq1.cpp,Server/WMSM,backend_source,scanned,True,db201e75bc5f01b933af7351ebb2bfb393959e80b0826ac6a7328142e20319a6
Server/WMSM/p_wmsm_8130/wmsm01q0_qxupd.cpp,Server/WMSM,backend_source,scanned,True,c19548ff81e679ac3840e6219b3cd3c7b47993f67d977d95805c10b341a10f93
Server/WMSM/p_wmsm_8130/wmsm01q0_snd.cpp,Server/WMSM,backend_source,scanned,True,1a4446f9c848110194a4db6e16a82e4327e3bbaf70104601fd004ca9c7c5b6a2
Server/WMSM/p_wmsm_8130/wmsm01q0_tuo.cpp,Server/WMSM,backend_source,scanned,True,cc11dc501deded992f138dc8f1601791ff230b11f7d784cd0137815f1c439cba
Server/WMSM/p_wmsm_8130/wmsm01q0q_inq.cpp,Server/WMSM,backend_source,scanned,True,db6a9dbed333a49ec9b012d986799f24291e09293a013d227cf7d52d6ff41b1d
Server/WMSM/p_wmsm_8130/wmsm01q0q_inq1.cpp,Server/WMSM,backend_source,scanned,True,b1aa78e93592859ac3ea5c6d8ea76454410dcdda9f7e8aae52d3d443f4672122
Server/WMSM/p_wmsm_8130/wmsm01s2n_contrast.cpp,Server/WMSM,backend_source,scanned,True,0f5baf6538f37a4d1574c2417772d4925e7cd5c3f0a8cea783d0d87e5b900b0d
Server/WMSM/p_wmsm_8130/wmsm02_del.cpp,Server/WMSM,backend_source,scanned,True,9860f096bfde4961aea0d3434068de0ee5defac118c92b77b80eb1f9aeedce3d
Server/WMSM/p_wmsm_8130/wmsm02_out_stockno.cpp,Server/WMSM,backend_source,scanned,True,e11323799665bc933f879360f7d433e08054bfc9ad10c34da9b1d2b3975a3f16
Server/WMSM/p_wmsm_8130/wmsm02_sg_inq.cpp,Server/WMSM,backend_source,scanned,True,c7207978a4ba9c78e1bfa6dbbc9150071202eaf3920d9b3a899d6d515e74a0be
Server/WMSM/p_wmsm_8130/wmsm02_show_inq.cpp,Server/WMSM,backend_source,scanned,True,cf701e0640b61478ab29264be21608d3ef404e200d17184326323764918efa63
Server/WMSM/p_wmsm_8130/wmsmjhkd_inq.cpp,Server/WMSM,backend_source,scanned,True,41ed1526a630c2f2fabd79e533c5163231e2cbf4cf6fc5f92d65c2a79a00e958
Server/WMSM/p_wmsm_8130/wmsmjhkd_pro.cpp,Server/WMSM,backend_source,scanned,True,3e0a6eace9a1824b8795db5f7835853f1738c9ae0330b80e454e515c9bff8378
Server/WMSM/p_wmsm_8130/wmsmqm11_del.cpp,Server/WMSM,backend_source,scanned,True,038594d2c0f6922baef4e4a207d2959e21f1776df0a37c65fba42a812236ea8f
Server/WMSM/p_wmsm_8130/wmsmqm11_inq.cpp,Server/WMSM,backend_source,scanned,True,eb9b54036eead6691ffeb8360e4b7e7aa2bc4f9cbf0dd833e0d411f6620eb23d
Server/WMSM/p_wmsm_8130/wmsmqm11_pro.cpp,Server/WMSM,backend_source,scanned,True,7e6d918aeb44ad605f07daa791d32b89bba3e1e34990a6cb5b98e315684dbf81
Server/WMSM/p_wmsm_8130/wmsmsm12_db_feedback.cpp,Server/WMSM,backend_source,scanned,True,cb3aca824194a4acd9df1bf6d97915d032be167fbd3b4e22d7b5c9f9fbfb8e7b
Server/WMSM/p_wmsm_8130/wmsmsm12_push.cpp,Server/WMSM,backend_source,scanned,True,8f577cb585b0596e85e678628b1320148182733c2bc265f68a24eb99aa077873
Server/WMSM/p_wmsm_8130/wmsmsm12_reset.cpp,Server/WMSM,backend_source,scanned,True,317605b24613997ca0e67102ed81b1a651a4afd7e1ef45917811e9b9ed5f59ee
Server/WMSM/p_wmsm_8130/wmsmsm12_ruturn_verify.cpp,Server/WMSM,backend_source,scanned,True,6f44791e13ab0f44abf7bbcec7048d72fc67b602d1878591d85f60e5d3b95dbf
Server/WMSM/p_wmsm_8130/wmsmsm1sg_inq.cpp,Server/WMSM,backend_source,scanned,True,dd08b2854daeeac894dc975ac93dfb8d3a7e321af8042c2e14d3c585b404e80a
Server/WMSM/p_wmsm_8130/wmsmsm2ht_inq.cpp,Server/WMSM,backend_source,scanned,True,0bbca9f47c655cb18ada4232489a2746ed51148f3054c83d0e958fd0117306ea
Server/WMSM/p_wmsm_8130/wmsmsm3ec_dd.cpp,Server/WMSM,backend_source,scanned,True,df21a19bd06669ed91bee4f15d18f35e5873002be8e55da7774c685f7cb08832
Server/WMSM/p_wmsm_8130/wmsmzd_inq.cpp,Server/WMSM,backend_source,scanned,True,ee71526e4c4e59448d89f9a1ecb0108205841b54c5c1117d10748d6761d2bf37
Server/WMSM/p_wmsm_8130/wmsmzd_inq1.cpp,Server/WMSM,backend_source,scanned,True,f4a75ef1c9a40b139fc660fd3121da2fd368a3de14cc4091d37363d7b08c3cd8
Server/WMSM/p_wmsm_8130/wmsmzd_pro.cpp,Server/WMSM,backend_source,scanned,True,47a8d83945aa365b9bca237063b3d0dbf7bc267aed2a990b5f454a81b2cafd39
Server/WMSM/p_wmsm_8130/wmsmzdkd_inq.cpp,Server/WMSM,backend_source,scanned,True,89827597959fbee32321e77acb280a6db48f91900977851de4f4a0225e2df0e6
Server/WMSM/p_wmsm_8130/wmsmzdkd_upd.cpp,Server/WMSM,backend_source,scanned,True,d77976c3f719e7e7693072717ac47feb7195c71a6edcaa4dd3e4f946b1cf9cc1
Server/WMSM/p_wmsm_8130/wmsmzdqx_inq.cpp,Server/WMSM,backend_source,scanned,True,920e104cacfdfec27637e439d8bcb89b1f351c5841582e283856acac02ffeb45
Server/WMSM/p_wmsm_8130/wmsmzdqx_upd.cpp,Server/WMSM,backend_source,scanned,True,a727952236076b1942c1befd2c871b988d70208083fe933d7efd00ff549d1c38
Server/WMSM/p_wmsm_8140/mmsmxmjs_inq.cpp,Server/WMSM,backend_source,scanned,True,530b20955566fc112e824dd5c39afa34ca29602f52d01728f693bcbeacb3d61c
Server/WMSM/p_wmsm_8140/sm0004_inq_m1.cpp,Server/WMSM,backend_source,scanned,True,361b957409ab71c92550369df4fc1da8e302ffb08d65ec86f636b3c3d5982dca
Server/WMSM/p_wmsm_8140/sm00_BillOfLadingNO.cpp,Server/WMSM,backend_source,scanned,True,84e81c07ff3899b1396cf4cf20e0ca6644c9315ea687b033da99072b11f900a9
Server/WMSM/p_wmsm_8140/sm00_OrderNO.cpp,Server/WMSM,backend_source,scanned,True,760f51e3d8e96bd0799946631310a8cf78ba1f376ed946c3327811b438180ba3
Server/WMSM/p_wmsm_8140/smsm02_cancel1.cpp,Server/WMSM,backend_source,scanned,True,d73b71d76b79fc85afe3c440e369f1b5a697b961481df8b552abcd24a01aa526
Server/WMSM/p_wmsm_8140/smsm02_confm1.cpp,Server/WMSM,backend_source,scanned,True,d956c3fd9513e9f1e7fe50912c25b381a5908a9cb69f192d484cfb1f91b0c18b
Server/WMSM/p_wmsm_8140/smsm02_inq_m1.cpp,Server/WMSM,backend_source,scanned,True,0bdce8ac906f071e05e58a56a44a1665117bcc4cfaa6e388704c329ae8d1ebcb
Server/WMSM/p_wmsm_8140/smsm02_ins1.cpp,Server/WMSM,backend_source,scanned,True,0ae89f2129a9ff4f575d39b8f5cd6e6885a8464dbee30d2ca2213dcb5118e66e
Server/WMSM/p_wmsm_8140/wm00_TransferPlanNo.cpp,Server/WMSM,backend_source,scanned,True,234d463794af4df17dcb78043628a618eef68618d6637d5cc46a37c877f960b5
Server/WMSM/p_wmsm_8140/wm00_hallNo1.cpp,Server/WMSM,backend_source,scanned,True,e227294f3948c3360f2dbb9cf839b5541e0be0893d2c3fcb2615805609e7d96b
Server/WMSM/p_wmsm_8140/wm00_stNo.cpp,Server/WMSM,backend_source,scanned,True,68351e0e5278faf5431bd73f1d0e8212a1a4d70972283a7452d1ed114995e44e
Server/WMSM/p_wmsm_8140/wm00_stockNo2.cpp,Server/WMSM,backend_source,scanned,True,c4f171a12d23828a71209799fa5d4cab134e268f9a5cdc615e2fe017358294bc
Server/WMSM/p_wmsm_8140/wm00_stockPlace.cpp,Server/WMSM,backend_source,scanned,True,8dc68d331be9fed4121b35937630edc269501381cc3b6f00507982eaf75fd855
Server/WMSM/p_wmsm_8140/wm00_truckNo1.cpp,Server/WMSM,backend_source,scanned,True,ad9ec5b6b4db200732eb1e35da5a30ec84c4f0a01189b8877af1501f399cb688
Server/WMSM/p_wmsm_8140/wm00_truckNo2.cpp,Server/WMSM,backend_source,scanned,True,057663d17fbd1368de2ff8c4e7a3816ef4c7e6747c6c93c793f40c01b6975cd8
Server/WMSM/p_wmsm_8140/wm_transfer_inq_m1.cpp,Server/WMSM,backend_source,scanned,True,44b306123775ae2a3d20b119437807b19637961c05835230dcca32adaa2405f5
Server/WMSM/p_wmsm_8140/wm_transfer_out1.cpp,Server/WMSM,backend_source,scanned,True,92777857e485a8f438e1e2b33ab87aea61e37306cb6786a02790b2ed2257592b
Server/WMSM/p_wmsm_8140/wmsm301.cpp,Server/WMSM,backend_source,scanned,True,a85c5b3378ff4805e180986feaa7c570263c5f4fb07e8b64fdcaa34e59d9796c
Server/WMSM/p_wmsm_8140/wmsm302.cpp,Server/WMSM,backend_source,scanned,True,e8622f6e1facbe3a27efbb9ba252d05d0476a0c71c1e9c1a9c858239e5ae562f
Server/WMSM/p_wmsm_8140/wmsm30c_F7.cpp,Server/WMSM,backend_source,scanned,True,27348d94025f92aea9d91ee0d64f9a2ab5cd079e9c6093823d2dc6c7ce82b707
Server/WMSM/p_wmsm_8140/wmsm30c_f6.cpp,Server/WMSM,backend_source,scanned,True,4a61b7d60fd15436a3570e8d3a6872a192e348427a840be1118717782f7c2170
Server/WMSM/p_wmsm_8140/wmsm30c_f8.cpp,Server/WMSM,backend_source,scanned,True,af586e50de56354985e294b87271dc0c5dad70082bbf141b4b0bea4bcab02a00
Server/WMSM/p_wmsm_8140/wmsm30c_inq.cpp,Server/WMSM,backend_source,scanned,True,c4d12f46a70885b16909ddf2d0e4a785aeec26e420f84a16695f8840d24ea66a
Server/WMSM/p_wmsm_8140/wmsm30c_inq1.cpp,Server/WMSM,backend_source,scanned,True,74183b4a8b3dcb545e3da94a7efd550b3b0f181878c4a2e7fa337438cf3cad10
Server/WMSM/p_wmsm_8140/wmsm30c_mat_inq.cpp,Server/WMSM,backend_source,scanned,True,d0eaf3bb0b0fe63b0ed77e9c9f6fe8d4ca8c64d806c17a63c38e87efa86225ad
Server/WMSM/p_wmsm_8140/wmsm30c_save.cpp,Server/WMSM,backend_source,scanned,True,74e7683a4fcaf3f3f0285b5e7b8a07d0db8cc5db0d4bf6ec94f55d0837690be0
Server/WMSM/p_wmsm_8140/wmsm30c_save1.cpp,Server/WMSM,backend_source,scanned,True,baa95237fdd11f672928746290dd299108680ae187f30c765394f099d8d39bc5
Server/WMSM/p_wmsm_8140/wmsm32_f6.cpp,Server/WMSM,backend_source,scanned,True,6de0b3ab352df689aad9b71319848911ccacf49aff09f74c5a2de3e2cb2ecae3
Server/WMSM/p_wmsm_8140/wmsm32_f7.cpp,Server/WMSM,backend_source,scanned,True,b06f639f52991bc363c1aead7062bbccaefc38f6e521d6455e771a666cbc5f35
Server/WMSM/p_wmsm_8140/wmsm32_inq.cpp,Server/WMSM,backend_source,scanned,True,2aad4bda23d5da12ade12adef1da323f6fb4277d35fa70f2623e54c599c874a1
Server/WMSM/p_wmsm_8140/wmsm32_inq1.cpp,Server/WMSM,backend_source,scanned,True,ea2d4a3b4c6f471467a54f295d817ac95ffdf0b720bbdb4c48347a22faa38902
Server/WMSM/p_wmsm_8140/wmsm32_mat_inq.cpp,Server/WMSM,backend_source,scanned,True,b70f4564e9378c5f12185afe8862e1b7ea86b3224633a425a549bb18ec5c90e1
Server/WMSM/p_wmsm_8140/wmsm_heatno_turn.cpp,Server/WMSM,backend_source,scanned,True,d66cbee66a202779fe50f7e7a89d4f76c8925981f63d9ba705908ab84b79a1d4
Server/WMSM/p_wmsm_8140/wmsmcpjk_auto.cpp,Server/WMSM,backend_source,scanned,True,b890561ee5a8df87d5c442bd0a3c86242ea9d7cebcd181af30de7406b25249b6
Server/WMSM/p_wmsm_8140/wmsmdm_auto.cpp,Server/WMSM,backend_source,scanned,True,81fc3701427f733123a706ca1225e1bd97c41c1b3702107724f7ef16b867b51f
Server/WMSM/p_wmsm_8140/wmsmgdwg_inq.cpp,Server/WMSM,backend_source,scanned,True,f7a2823291d7aaef9db7f1020ebe7d816a1bf0406c95ab146c970d4516946231
Server/WMSM/p_wmsm_8140/wmsmggjl_inq.cpp,Server/WMSM,backend_source,scanned,True,63ac31afd6275c7f3da34ef73b1eed71993eac2ba8ff6ec0c2816729596e6420
Server/WMSM/p_wmsm_8140/wmsmhrzc_auto.cpp,Server/WMSM,backend_source,scanned,True,831ca9b7e826d30d84aab276289073455bb5a437e5920fd832d7ccf0e4ea33d8
Server/WMSM/p_wmsm_8140/wmsmhrzc_inq.cpp,Server/WMSM,backend_source,scanned,True,b586ea4ef5f0a35aa908e1d2704ce02949de369199135e07cb01733fd882ca04
Server/WMSM/p_wmsm_8140/wmsmhsl_inq.cpp,Server/WMSM,backend_source,scanned,True,e3c311e2d1e68f9dbaa291896adb0c86c4e3e13494d17508800646a3773735f9
Server/WMSM/p_wmsm_8140/wmsmrsl_inq.cpp,Server/WMSM,backend_source,scanned,True,a256a8c4a991b2bb398793f9ab75d0e976f4b56a78c4de290635bf557eacbcea
Server/WMSM/p_wmsm_8140/wmsmsc_inq.cpp,Server/WMSM,backend_source,scanned,True,7ec306a04a0b667f184fd506987f2117c033d8dd6a71aeabc1125000587a7638
Server/WMSM/p_wmsm_8140/wmsmsc_inq1.cpp,Server/WMSM,backend_source,scanned,True,5ea6503977f83d8019413c890f5457379a77e6fe1945bad0321b153f2f9db49a
Server/WMSM/p_wmsm_8140/wmsmscjc_auto.cpp,Server/WMSM,backend_source,scanned,True,be043b518f23fcbfe1e424b655ae1bb677e6a032998e5add099276eff49545bd
Server/WMSM/p_wmsm_8140/wmsmsjwz_auto.cpp,Server/WMSM,backend_source,scanned,True,c213bcddbec00da0e2b3d7b30e953f3d7e312bd75f820de16f3cf6fb82261854
Server/WMSM/p_wmsm_8140/wmsmsm11_in_reject1.cpp,Server/WMSM,backend_source,scanned,True,026530b8f178f752aab83e13e6cab37aaf3f6da875be987e206e2ea8a794254b
Server/WMSM/p_wmsm_8140/wmsmsm11_inq1.cpp,Server/WMSM,backend_source,scanned,True,361da3c74c0ce02650b9deb2e27d68ba7ea941ce7e920ed7baf502b7d8896f7c
Server/WMSM/p_wmsm_8140/wmsmsm11_instock1.cpp,Server/WMSM,backend_source,scanned,True,c3fcf3e7d54605e110652759ba8e136bcfed1169540c3c9c6446c5f63210084a
Server/WMSM/p_wmsm_8140/wmsmsm12_inq1.cpp,Server/WMSM,backend_source,scanned,True,150da5d9446ee368673f39f62e3d389a3de1175df8c841274ac35557316db9d1
Server/WMSM/p_wmsm_8140/wmsmsm12_outstock1.cpp,Server/WMSM,backend_source,scanned,True,bb4529e30346041783c0a2b6ce130bd0f49ab47bbd684d1b90bf7d9b0dcbb420
Server/WMSM/p_wmsm_8140/wmsmsm12o_inq1.cpp,Server/WMSM,backend_source,scanned,True,fd27c4e099d67a2b435b204d99fba3cfc7065f56617f16ae4a4671a76e06c88d
Server/WMSM/p_wmsm_8140/wmsmsm12o_outstock1.cpp,Server/WMSM,backend_source,scanned,True,9959b33a5cc00c597af3c2ff603f5ec0cd5ec3eaf013951b34da30b0adc9a08f
Server/WMSM/p_wmsm_8140/wmsmsm17_adj1.cpp,Server/WMSM,backend_source,scanned,True,3c873f95172e461c31d81bb364b00f0ecb226273e570e425a5e2b087237d1e0a
Server/WMSM/p_wmsm_8140/wmsmsm17_inq_mat1.cpp,Server/WMSM,backend_source,scanned,True,3c47340058766a8dcc58f1a390672831dd06efbb023ba217a86e53bd4b026414
Server/WMSM/p_wmsm_8140/wmsmsm17_mov1.cpp,Server/WMSM,backend_source,scanned,True,d5b7025dfb415b68d44e01e1b0d69ce6fa34c3b91d5d7a5f5290afd161d64684
Server/WMSM/p_wmsm_8140/wmsmsm20bd_bat.cpp,Server/WMSM,backend_source,scanned,True,c1e2cd26f5a967655ddf79824e9619e0ed0d47ed440b4015900e87458ab4a0e9
Server/WMSM/p_wmsm_8140/wmsmsm20bd_inq.cpp,Server/WMSM,backend_source,scanned,True,30af3d4556920006c4db4ff134b62c71d9d46dfc472ebe6c51f1d18f45de4819
Server/WMSM/p_wmsm_8140/wmsmsm20bd_upd.cpp,Server/WMSM,backend_source,scanned,True,6f7ccbe2f900dbe1b18b6cb7b17e6dbde61c964c8ce5185d86b445b52c7d943e
Server/WMSM/p_wmsm_8140/wmsmsm20bm_bat.cpp,Server/WMSM,backend_source,scanned,True,0452093631cdbb7ffd2cf887e59d3920ed1c435eeeb944f6dc31102fbf841617
Server/WMSM/p_wmsm_8140/wmsmsm20bm_inq.cpp,Server/WMSM,backend_source,scanned,True,75af3f44ec270e66c774c1ef7ab2b9dcc4172162d4586646fc07231c733bc898
Server/WMSM/p_wmsm_8140/wmsmsm20bm_upd.cpp,Server/WMSM,backend_source,scanned,True,fef3e35defafac43b51cd7453f899a10310b0146be57586b93de6693a699128a
Server/WMSM/p_wmsm_8140/wmsmsma2_inq1.cpp,Server/WMSM,backend_source,scanned,True,2a141035d9415a4ae9939035439a9a5f6531e41952151fc45b47ba4e435e2d54
Server/WMSM/p_wmsm_8140/wmsmsma7_del.cpp,Server/WMSM,backend_source,scanned,True,d439b46fa6e2a0c40491cc38ee832d9dbf14fc9ab4e6695c1a83a416b1060842
Server/WMSM/p_wmsm_8140/wmsmsma7_dwon.cpp,Server/WMSM,backend_source,scanned,True,eb5d7b76432317b700db1407738f9f06374585853f418a5f7dd25569bc8d57bb
Server/WMSM/p_wmsm_8140/wmsmsma7_inq.cpp,Server/WMSM,backend_source,scanned,True,821bf127b3f38f2f83f6c25109c7e137447c0704e58e0a4e592d940b63a22537
Server/WMSM/p_wmsm_8140/wmsmsma7_inq1.cpp,Server/WMSM,backend_source,scanned,True,1855d0b603a93413aeb3552a7b1ec5a21d4d1bb3275f5007bffa6bbddaf470e7
Server/WMSM/p_wmsm_8140/wmsmsma7_send.cpp,Server/WMSM,backend_source,scanned,True,2d3d801ce70669fc81e96c77343884e31c2e62fa05f898dbeea3e16e26844b0f
Server/WMSM/p_wmsm_8140/wmsmsma7_unload.cpp,Server/WMSM,backend_source,scanned,True,1314481bcfbc1a0852444c1a377796e1c4926b4b112b59e4a1f6f4f955b5a8d8
Server/WMSM/p_wmsm_8140/wmsmsma7_up.cpp,Server/WMSM,backend_source,scanned,True,68aee886b8880a51ee45d7b01b26f96e244eab094c90a86567351ea1a76ca279
Server/WMSM/p_wmsm_8140/wmsmsma7_upt.cpp,Server/WMSM,backend_source,scanned,True,46fc30ed96942ed0b5b0fe57d42a92f9d343fd33683a597106da4fd7b3762740
Server/WMSM/p_wmsm_8140/wmsmturn_inq.cpp,Server/WMSM,backend_source,scanned,True,d6e50760ce27996a23b0cc2d08a2b16ae6a2078def69739a04e87ef511112b2f
Server/WMSM/p_wmsm_8140/wmsmxc_inq.cpp,Server/WMSM,backend_source,scanned,True,6ddf4139769f1a78406ef953ef4abbf484cc3a496a853e39a381c34ab21c8161
Server/WMSM/p_wmsm_8140/wmsmxc_inq1.cpp,Server/WMSM,backend_source,scanned,True,dfd3fa13c69c4a6b40bc2cd0b9acf0f846cc93a96b65bc9359946605dcf8906c
Server/WMSM/p_wmsm_8140/wmsmyz_inq.cpp,Server/WMSM,backend_source,scanned,True,19320cac050f06b20e23e09a9e0e7d76674f2bbdf5ca31b1548669f0c3ba714c
Server/WMSM/p_wmsm_8140/wmsmyz_inq1.cpp,Server/WMSM,backend_source,scanned,True,9b22472447395f3a4bcdbcef56b91bac7532fd1483f78ad8f90c6e54b1dbcdd1
Server/WMSM/p_wmsm_8140/wmsmzc_inq.cpp,Server/WMSM,backend_source,scanned,True,ef6f259a87cf46aed0213424f84c3533cd6f2bfa6dbd9b25de9a8328c09e199a
Server/WMSM/p_wmsm_8140/wmsmzc_inq1.cpp,Server/WMSM,backend_source,scanned,True,51b41363b1e7c5e94d464eee6eb689696c3190991df773cd805e4d14d8466812
Server/WMSM/p_wmsm_8140/wmsmzdkd_inq.cpp,Server/WMSM,backend_source,scanned,False,e3b0c44298fc1c149afbf4c8996fb92427ae41e4649b934ca495991b7852b855
Server/WMSM/p_wmsm_8140/wmsmzdqx_auto.cpp,Server/WMSM,backend_source,scanned,True,8d9d0afa764b1a07859b47364d89920581b843b199f0e85c1059b031a494ce67
Server/WMSM/p_wmsm_8140/wmsmzhiliu_auto.cpp,Server/WMSM,backend_source,scanned,True,8076ad8b04012551f452bed0c9eda946969f8341c9531193d1835bb374ce49cc
Server/WMSM/p_wmsm_8170/fosmt00b_init.cpp,Server/WMSM,backend_source,scanned,True,48281af03e7a0c9c2f76cbea30271eec0b5857087f3254ecc9ae82a6d0c4763d
Server/WMSM/p_wmsm_8170/fosmt00b_inq.cpp,Server/WMSM,backend_source,scanned,True,64505533419078b4034b7efd0f2302f8b182f11b001991ed64eb3f74eceb1794
Server/WMSM/p_wmsm_8170/wmfm01_inq.cpp,Server/WMSM,backend_source,scanned,True,28102104447a0b2d86c29a0f9be0e9ef43f018c76bf321ce0f2b5b100990aa47
Server/WMSM/p_wmsm_8170/wmsm33c_f10.cpp,Server/WMSM,backend_source,scanned,True,f28f82efc858058092e73fa7939026b723bdf88f1e7081062fede3237b6b82dc
Server/WMSM/p_wmsm_8170/wmsm33c_f2.cpp,Server/WMSM,backend_source,scanned,True,10a196cd391527a746cef3b58e72cb17004032bced94de23be8320973efce601
Server/WMSM/p_wmsm_8170/wmsm33c_f3.cpp,Server/WMSM,backend_source,scanned,True,7f14d3a09d7d3f11a621aaa13e133a9ffa8dff265aa89d417c503c77a0ea4b39
Server/WMSM/p_wmsm_8170/wmsm33c_f4.cpp,Server/WMSM,backend_source,scanned,True,be50bc7d7916fcfe178f4e638b6662261eaa99cc5e2fefe4dae88ed794424194
Server/WMSM/p_wmsm_8170/wmsm33c_f5.cpp,Server/WMSM,backend_source,scanned,True,e51cb9db957a02f3af5a95cd329424c30793e9547a55fd6641e1d69d3da2f890
Server/WMSM/p_wmsm_8170/wmsm33c_f6.cpp,Server/WMSM,backend_source,scanned,True,c695ecedb7aa4b8e6dfd4f7f3cd23e1b2b085d5a39a4ac1fcd199a403ab5de94
Server/WMSM/p_wmsm_8170/wmsm33c_f7.cpp,Server/WMSM,backend_source,scanned,True,98687dfc79e1d9b4af8a1504c3a4ec3ccda25b3b67cb94eda20f5436474447eb
Server/WMSM/p_wmsm_8170/wmsm33c_f8.cpp,Server/WMSM,backend_source,scanned,True,0adfacfde420c7640e87c27833256b240ce6d7168a118259b65a34c1fac6b8fe
Server/WMSM/p_wmsm_8170/wmsm33c_f9.cpp,Server/WMSM,backend_source,scanned,True,a96290eb2f81b38165f25890a889980a6a250e099fbf81f052b273694641c4cc
Server/WMSM/p_wmsm_8170/wmsm33c_inq.cpp,Server/WMSM,backend_source,scanned,True,603d1c6d14576025674da667591b101decc0b64799fd1638b812ca0c01e9f8ea
Server/WMSM/p_wmsm_8170/wmsm33c_inq1.cpp,Server/WMSM,backend_source,scanned,True,d4e251086be9f37d6407469e7092857acb5f2446783989952c87e77e14e46200
Server/WMSM/p_wmsm_8170/wmsm33c_inq2.cpp,Server/WMSM,backend_source,scanned,True,6a0252aa1d80096a8f30546846feb9c4f34320aa65d54c76f23ef985c0f661d0
Server/WMSM/p_wmsm_8180/wmsm_form_save.cpp,Server/WMSM,backend_source,scanned,True,295b3a5dac0837c480f2b948eeffe6ab1233990060aa96ec509e7ccde3a31400
Server/WMSM/p_wmsm_8180/wmsmcpaod1_inq.cpp,Server/WMSM,backend_source,scanned,True,dc0252b9a9848c489701dadc57ae7205c74ad6fe37f0b5b45646eda010cb2d7c
Server/WMSM/p_wmsm_8180/wmsmczts_inq.cpp,Server/WMSM,backend_source,scanned,True,87829c1dc3df4ca9f2c1a0bde8373067fbd365582d06b0043e290b7e8871e6ef
Server/WMSM/p_wmsm_8180/wmsmczts_n_inq.cpp,Server/WMSM,backend_source,scanned,True,20d791fc69373ab250badc8938ffa427367c58ebbcc75f19d6b83ef79a485952
Server/WMSM/p_wmsm_8180/wmsmcztscp_inq.cpp,Server/WMSM,backend_source,scanned,True,316b8694096976bef4341cdc0f1fe26da2f1619ed23fe6a43a586d1a6d71c609
Server/WMSM/p_wmsm_8180/wmsmform_inq.cpp,Server/WMSM,backend_source,scanned,True,6c40c686eedefcf02616030f515f946b46c3081b26be1f666a0de44ac4df4f0b
Server/WMSM/p_wmsm_8180/wmsmfosm_auto.cpp,Server/WMSM,backend_source,scanned,True,43138edf38cf22765ab44ea4dae5a7a1b27373941555873d4b73280d83d310a1
Server/WMSM/p_wmsm_8180/wmsmfosmc_inq.cpp,Server/WMSM,backend_source,scanned,True,79d3c2466ee547f94f2ea25254278f3fc873ea8c7cc68ba7f514beee775ea6e9
Server/WMSM/p_wmsm_8180/wmsmfosmq_inq.cpp,Server/WMSM,backend_source,scanned,True,dc62d2945d68645fe156cb5c7fc324526130dfd95579ce03eefdb218961c90b2
Server/WMSM/p_wmsm_8180/wmsmfosms_inq.cpp,Server/WMSM,backend_source,scanned,True,b41c68748a9d0c0a4f9d93afeac0965028b4c373bc0d415c76ed533420a1307a
Server/WMSM/p_wmsm_8180/wmsmgclr_ins.cpp,Server/WMSM,backend_source,scanned,True,ef6bd6f74757955f2e42a2c9611f52b7576d05f39d060cfe1f0602aaadf90b95
Server/WMSM/p_wmsm_8180/wmsmpcgz_inq.cpp,Server/WMSM,backend_source,scanned,True,87dfc93d2e66fa7272e6db5a02ff8bd10d0b4aed051d74ac4bf1228d000e8c6d
Server/WMSM/p_wmsm_8180/wmsmshow_init.cpp,Server/WMSM,backend_source,scanned,True,04377c6d16e97066e90e486d190319d2e07f608d48c5449aa7fb4addb30a4317
Server/WMSM/p_wmsm_8180/wmsmshow_inq.cpp,Server/WMSM,backend_source,scanned,True,522aa31edaf2161809e90202b60bd8301ff4a7834439d823aa7512b14954c08c
Server/WMSM/p_wmsm_8180/wmsmyry_inq.cpp,Server/WMSM,backend_source,scanned,True,ae38f4dea92d201e64ba13e5448365aadf15752eb088031ca017b94b5e1ade54
Server/WMSM/p_wmsm_8180/wmsmyry_upd.cpp,Server/WMSM,backend_source,scanned,True,f3cf8fc285b6f63f93576a3a8879570bdf316a7320e6bb82f64172a3e6bb142a
Server/WMSM/p_wmsm_8180/wmsmyryccm_inq.cpp,Server/WMSM,backend_source,scanned,True,7c5135b4f86faccc823c31b9a3839470fc6a714f2d443366c9821a1b3e2784c6
Server/WMSM/p_wmsm_8180/wmsmyx_pro.cpp,Server/WMSM,backend_source,scanned,True,f08c69ba3025d069eac5adec60539ac3c740551d8373c04794a816d1f8e445a2
Server/WMSM/p_wmsm_8190/cm_002162_rcv.cpp,Server/WMSM,backend_source,scanned,True,e5a532f4e3b91b594272afc5e175bf1333857ada71a15f782b1339360a5d5688
Server/WMSM/p_wmsm_8190/cm_24t801_rcv.cpp,Server/WMSM,backend_source,scanned,True,5c446647732725ea158e844de6d390be14f8fa461a187811ffe4d9be9ee1dc0c
Server/WMSM/p_wmsm_8190/cm_6021yx_rcv.cpp,Server/WMSM,backend_source,scanned,True,a7eaeeb4746d5b022b89f69c025cf064c75731e6feeb050bc485c19d0f8d2a1d
Server/WMSM/p_wmsm_8190/cm_a02102_rcv.cpp,Server/WMSM,backend_source,scanned,True,d4bcf52dc1a26b5d99702bd6ed06a26079d45ac0f298965e2a240be37982369d
Server/WMSM/p_wmsm_8190/cm_a02103_rcv.cpp,Server/WMSM,backend_source,scanned,True,9d0456c6bb5165ba99c19e16898c69d07f50bda167506aae26d32810ff9fb307
Server/WMSM/p_wmsm_8190/cm_a02104_rcv.cpp,Server/WMSM,backend_source,scanned,True,d2b8fb6a2d8e6febbbe2d3dd03affb56b006745135448045a539ce158d9aa3f5
Server/WMSM/p_wmsm_8190/cm_a02105_rcv.cpp,Server/WMSM,backend_source,scanned,True,85799a668a59224765009289f79d0eb09c6ec480bc6d19bd4206818e8de7e33b
Server/WMSM/p_wmsm_8190/cm_a02106_rcv.cpp,Server/WMSM,backend_source,scanned,True,fb7c8fcdd883aa42e4e13d22d8866dd3c8791bf335e9aa0efcdced5aeb1efa22
Server/WMSM/p_wmsm_8190/cm_a02107_rcv.cpp,Server/WMSM,backend_source,scanned,True,beeab37c0949741f53c95d445a098f2f693fc21416792c1358eb66b974c42e40
Server/WMSM/p_wmsm_8190/cm_a02108_rcv.cpp,Server/WMSM,backend_source,scanned,True,31c8b9a5b7a2c759e17dcc5329c1a81059eeac6961af3936e938b148f4b6b88c
Server/WMSM/p_wmsm_8190/cm_a02109_rcv.cpp,Server/WMSM,backend_source,scanned,True,796fb4e933d95103a5527a8262ad59ee64722b78849b1554537f2f571f506964
Server/WMSM/p_wmsm_8190/cm_a02110_rcv.cpp,Server/WMSM,backend_source,scanned,True,a6efe96690ba0ed971027fc93cbdffbeaa261956895327e43796bf1c969d7961
Server/WMSM/p_wmsm_8190/cm_a02111_rcv.cpp,Server/WMSM,backend_source,scanned,True,f1e5c33e8222573fe95bca8fb33d13b7d44f5b64d21290a3f3927f2cbf3d23a5
Server/WMSM/p_wmsm_8190/cm_a02112_rcv.cpp,Server/WMSM,backend_source,scanned,True,e1a4ca940696dfd29e04c732ca683fba201fa24c3121e53246cc89701ef2541a
Server/WMSM/p_wmsm_8190/cm_a02113_rcv.cpp,Server/WMSM,backend_source,scanned,True,c850ccf12d9b326a85c72b324f00356a3f252aa17c490847414d36e19095a22a
Server/WMSM/p_wmsm_8190/cm_a02114_rcv.cpp,Server/WMSM,backend_source,scanned,True,4255e9b3201bdd2223852248d2c3417484daf705a329b023a83d07fcfcf283d0
Server/WMSM/p_wmsm_8190/cm_g0t801_rcv.cpp,Server/WMSM,backend_source,scanned,True,d758c6d9bd4c025247647e81d95b09201143d249c6109ca3037dcf12d253a336
Server/WMSM/p_wmsm_8190/cm_m7t801_rcv.cpp,Server/WMSM,backend_source,scanned,True,e679dd3d8010c1c86c86bb714098c167b8bdb595c4d19c3bf42cc33e4bc93298
Server/WMSM/p_wmsm_8190/cm_m9t801_rcv.cpp,Server/WMSM,backend_source,scanned,True,579fe56142f4288b5c686c1e8a3d3b57c541be13c869994f6282e4a7cef27695
Server/WMSM/p_wmsm_8190/cm_p0t801_rcv.cpp,Server/WMSM,backend_source,scanned,True,a66d7933c600ade7bde1db53167382fa0e00673c3206097d6608ed8398ac8c52
Server/WMSM/p_wmsm_8190/cm_p3t801_rcv.cpp,Server/WMSM,backend_source,scanned,True,cca8a3abff9090470f6c60b38fa3c29a6923e293595e4942fa9db7bc5aecd290
Server/WMSM/p_wmsm_8190/cm_p3t802_rcv.cpp,Server/WMSM,backend_source,scanned,True,c4a3182354f883cc7f1a059f0ad998e1607eea17d80076c49853714d532a8d4e
Server/WMSM/p_wmsm_8190/cm_t7t801_rcv.cpp,Server/WMSM,backend_source,scanned,True,0af60c76314cea312717d02ac6547e3da4e8e72f844e4bc11c382b552b70c2cf
Server/WMSM/p_wmsm_8190/cm_u0t801_rcv.cpp,Server/WMSM,backend_source,scanned,True,58140865f77c1f628388a9d12807b0bbf2b0f9c5666cafbfff7a1be0fd474500
Server/WMSM/p_wmsm_8190/cm_v0t801_rcv.cpp,Server/WMSM,backend_source,scanned,True,72a29338b40afbc4b47750b14b1954c3ac2767f72ee4614ec9fd48ee453f0f29
Server/WMSM/p_wmsm_8190/wmsm60_snd_bat.cpp,Server/WMSM,backend_source,scanned,True,31693dd9a5455b2217a9b257c15ed558f0a92679ec5515a2193002dde0284fde
