archive,member,feature,line
Client/xr-mmsm-ag/src/views/MMSM96S2N.zip,MMSM96S2N/MMSM96S2N.ts,string_functions,117
Client/xr-mmsm-ag/src/views/MMSM96S2N.zip,MMSM96S2N/MMSM96S2N.ts,null_blank_semantics,23
Client/xr-mmsm-ag/src/views/MMSM96S2N.zip,MMSM96S2N/MMSM96S2N.ts,null_blank_semantics,29
Client/xr-mmsm-ag/src/views/MMSM96S2N.zip,MMSM96S2N/MMSM96S2N.ts,null_blank_semantics,117
Client/xr-mmsm-ag/src/views/MMSM96S2N.zip,MMSM96S2N/MMSM96S2N.ts,null_blank_semantics,165
Client/xr-mmsm-ag/src/views/MMSM96S2N.zip,MMSM96S2N/MMSM96S2N.vue,sql_bind_marker,3
Client/xr-mmsm-ag/src/views/MMSM96S2N.zip,MMSM96S2N/MMSM96S2N.vue,sql_bind_marker,13
Client/xr-mmsm-ag/src/views/MMSM96S2N.zip,MMSM96S2N/MMSM96S2N.vue,sql_bind_marker,61
Client/xr-mmsm-ag/src/views/MMSM96S2N.zip,MMSM96S2N/MMSM96S2N.vue,sql_bind_marker,79
Client/xr-mmsm-ag/src/views/MMSM96S2N.zip,MMSM96S2N/MMSM96S2N.vue,query_service_names,5
Client/xr-mmsm-ag/src/views/MMSM96S2N.zip,MMSM96S2N/MMSM96S2N.vue,query_service_names,12
Client/xr-mmsm-ag/src/views/MMSM96S2N.zip,MMSM96S2N/MMSM96S2N.vue,query_service_names,28
Client/xr-mmsm-ag/src/views/MMSM96S2N.zip,MMSM96S2N/MMSM96S2N.vue,query_service_names,32
Client/xr-mmsm-ag/src/views/MMSM96S2N.zip,MMSM96S2N/MMSM96S2N.vue,query_service_names,36
Client/xr-mmsm-ag/src/views/MMSM96S2N.zip,MMSM96S2N/MMSM96S2N.vue,query_service_names,40
Client/xr-mmsm-ag/src/views/MMSM96S2N.zip,MMSM96S2N/MMSM96S2N.vue,query_service_names,44
Client/xr-mmsm-ag/src/views/MMSM96S2N.zip,MMSM96S2N/MMSM96S2N.vue,query_service_names,48
Client/xr-mmsm-ag/src/views/MMSM96S2N.zip,MMSM96S2N/MMSM96S2N.vue,query_service_names,52
Client/xr-mmsm-ag/src/views/MMSM96S2N.zip,MMSM96S2N/MMSM96S2N.vue,query_service_names,61
Client/xr-mmsm-ag/src/views/MMSM96S2N.zip,MMSM01A1S2N/MMSM01A1S2N.ts,string_functions,96
Client/xr-mmsm-ag/src/views/MMSM96S2N.zip,MMSM01A1S2N/MMSM01A1S2N.ts,string_functions,128
Client/xr-mmsm-ag/src/views/MMSM96S2N.zip,MMSM01A1S2N/MMSM01A1S2N.ts,string_functions,137
Client/xr-mmsm-ag/src/views/MMSM96S2N.zip,MMSM01A1S2N/MMSM01A1S2N.ts,string_functions,143
Client/xr-mmsm-ag/src/views/MMSM96S2N.zip,MMSM01A1S2N/MMSM01A1S2N.ts,string_functions,151
Client/xr-mmsm-ag/src/views/MMSM96S2N.zip,MMSM01A1S2N/MMSM01A1S2N.ts,string_functions,159
Client/xr-mmsm-ag/src/views/MMSM96S2N.zip,MMSM01A1S2N/MMSM01A1S2N.ts,string_functions,165
Client/xr-mmsm-ag/src/views/MMSM96S2N.zip,MMSM01A1S2N/MMSM01A1S2N.ts,string_functions,449
Client/xr-mmsm-ag/src/views/MMSM96S2N.zip,MMSM01A1S2N/MMSM01A1S2N.ts,string_functions,469
Client/xr-mmsm-ag/src/views/MMSM96S2N.zip,MMSM01A1S2N/MMSM01A1S2N.ts,string_functions,470
Client/xr-mmsm-ag/src/views/MMSM96S2N.zip,MMSM01A1S2N/MMSM01A1S2N.ts,string_functions,472
Client/xr-mmsm-ag/src/views/MMSM96S2N.zip,MMSM01A1S2N/MMSM01A1S2N.ts,string_functions,473
Client/xr-mmsm-ag/src/views/MMSM96S2N.zip,MMSM01A1S2N/MMSM01A1S2N.ts,string_functions,479
Client/xr-mmsm-ag/src/views/MMSM96S2N.zip,MMSM01A1S2N/MMSM01A1S2N.ts,string_functions,480
Client/xr-mmsm-ag/src/views/MMSM96S2N.zip,MMSM01A1S2N/MMSM01A1S2N.ts,string_functions,481
Client/xr-mmsm-ag/src/views/MMSM96S2N.zip,MMSM01A1S2N/MMSM01A1S2N.ts,string_functions,482
Client/xr-mmsm-ag/src/views/MMSM96S2N.zip,MMSM01A1S2N/MMSM01A1S2N.ts,string_functions,490
Client/xr-mmsm-ag/src/views/MMSM96S2N.zip,MMSM01A1S2N/MMSM01A1S2N.ts,string_functions,491
Client/xr-mmsm-ag/src/views/MMSM96S2N.zip,MMSM01A1S2N/MMSM01A1S2N.ts,string_functions,492
Client/xr-mmsm-ag/src/views/MMSM96S2N.zip,MMSM01A1S2N/MMSM01A1S2N.ts,string_functions,493
Client/xr-mmsm-ag/src/views/MMSM96S2N.zip,MMSM01A1S2N/MMSM01A1S2N.ts,string_functions,494
Client/xr-mmsm-ag/src/views/MMSM96S2N.zip,MMSM01A1S2N/MMSM01A1S2N.ts,string_functions,505
Client/xr-mmsm-ag/src/views/MMSM96S2N.zip,MMSM01A1S2N/MMSM01A1S2N.ts,string_functions,511
Client/xr-mmsm-ag/src/views/MMSM96S2N.zip,MMSM01A1S2N/MMSM01A1S2N.ts,string_functions,520
Client/xr-mmsm-ag/src/views/MMSM96S2N.zip,MMSM01A1S2N/MMSM01A1S2N.ts,string_functions,521
Client/xr-mmsm-ag/src/views/MMSM96S2N.zip,MMSM01A1S2N/MMSM01A1S2N.ts,string_functions,524
Client/xr-mmsm-ag/src/views/MMSM96S2N.zip,MMSM01A1S2N/MMSM01A1S2N.ts,string_functions,532
Client/xr-mmsm-ag/src/views/MMSM96S2N.zip,MMSM01A1S2N/MMSM01A1S2N.ts,string_functions,534
Client/xr-mmsm-ag/src/views/MMSM96S2N.zip,MMSM01A1S2N/MMSM01A1S2N.ts,string_functions,535
Client/xr-mmsm-ag/src/views/MMSM96S2N.zip,MMSM01A1S2N/MMSM01A1S2N.ts,string_functions,536
Client/xr-mmsm-ag/src/views/MMSM96S2N.zip,MMSM01A1S2N/MMSM01A1S2N.ts,string_functions,543
Client/xr-mmsm-ag/src/views/MMSM96S2N.zip,MMSM01A1S2N/MMSM01A1S2N.ts,string_functions,545
Client/xr-mmsm-ag/src/views/MMSM96S2N.zip,MMSM01A1S2N/MMSM01A1S2N.ts,string_functions,566
Client/xr-mmsm-ag/src/views/MMSM96S2N.zip,MMSM01A1S2N/MMSM01A1S2N.ts,string_functions,585
Client/xr-mmsm-ag/src/views/MMSM96S2N.zip,MMSM01A1S2N/MMSM01A1S2N.ts,string_functions,586
Client/xr-mmsm-ag/src/views/MMSM96S2N.zip,MMSM01A1S2N/MMSM01A1S2N.ts,string_functions,592
Client/xr-mmsm-ag/src/views/MMSM96S2N.zip,MMSM01A1S2N/MMSM01A1S2N.ts,string_functions,593
Client/xr-mmsm-ag/src/views/MMSM96S2N.zip,MMSM01A1S2N/MMSM01A1S2N.ts,string_functions,594
Client/xr-mmsm-ag/src/views/MMSM96S2N.zip,MMSM01A1S2N/MMSM01A1S2N.ts,string_functions,595
Client/xr-mmsm-ag/src/views/MMSM96S2N.zip,MMSM01A1S2N/MMSM01A1S2N.ts,string_functions,602
Client/xr-mmsm-ag/src/views/MMSM96S2N.zip,MMSM01A1S2N/MMSM01A1S2N.ts,string_functions,603
Client/xr-mmsm-ag/src/views/MMSM96S2N.zip,MMSM01A1S2N/MMSM01A1S2N.ts,string_functions,604
Client/xr-mmsm-ag/src/views/MMSM96S2N.zip,MMSM01A1S2N/MMSM01A1S2N.ts,string_functions,605
Client/xr-mmsm-ag/src/views/MMSM96S2N.zip,MMSM01A1S2N/MMSM01A1S2N.ts,string_functions,606
Client/xr-mmsm-ag/src/views/MMSM96S2N.zip,MMSM01A1S2N/MMSM01A1S2N.ts,string_functions,616
Client/xr-mmsm-ag/src/views/MMSM96S2N.zip,MMSM01A1S2N/MMSM01A1S2N.ts,string_functions,622
Client/xr-mmsm-ag/src/views/MMSM96S2N.zip,MMSM01A1S2N/MMSM01A1S2N.ts,string_functions,631
Client/xr-mmsm-ag/src/views/MMSM96S2N.zip,MMSM01A1S2N/MMSM01A1S2N.ts,string_functions,632
Client/xr-mmsm-ag/src/views/MMSM96S2N.zip,MMSM01A1S2N/MMSM01A1S2N.ts,string_functions,635
Client/xr-mmsm-ag/src/views/MMSM96S2N.zip,MMSM01A1S2N/MMSM01A1S2N.ts,string_functions,636
Client/xr-mmsm-ag/src/views/MMSM96S2N.zip,MMSM01A1S2N/MMSM01A1S2N.ts,string_functions,637
Client/xr-mmsm-ag/src/views/MMSM96S2N.zip,MMSM01A1S2N/MMSM01A1S2N.ts,string_functions,664
Client/xr-mmsm-ag/src/views/MMSM96S2N.zip,MMSM01A1S2N/MMSM01A1S2N.ts,string_functions,683
Client/xr-mmsm-ag/src/views/MMSM96S2N.zip,MMSM01A1S2N/MMSM01A1S2N.ts,string_functions,684
Client/xr-mmsm-ag/src/views/MMSM96S2N.zip,MMSM01A1S2N/MMSM01A1S2N.ts,string_functions,686
Client/xr-mmsm-ag/src/views/MMSM96S2N.zip,MMSM01A1S2N/MMSM01A1S2N.ts,string_functions,687
Client/xr-mmsm-ag/src/views/MMSM96S2N.zip,MMSM01A1S2N/MMSM01A1S2N.ts,string_functions,693
Client/xr-mmsm-ag/src/views/MMSM96S2N.zip,MMSM01A1S2N/MMSM01A1S2N.ts,string_functions,694
Client/xr-mmsm-ag/src/views/MMSM96S2N.zip,MMSM01A1S2N/MMSM01A1S2N.ts,string_functions,695
Client/xr-mmsm-ag/src/views/MMSM96S2N.zip,MMSM01A1S2N/MMSM01A1S2N.ts,string_functions,696
Client/xr-mmsm-ag/src/views/MMSM96S2N.zip,MMSM01A1S2N/MMSM01A1S2N.ts,string_functions,703
Client/xr-mmsm-ag/src/views/MMSM96S2N.zip,MMSM01A1S2N/MMSM01A1S2N.ts,string_functions,704
Client/xr-mmsm-ag/src/views/MMSM96S2N.zip,MMSM01A1S2N/MMSM01A1S2N.ts,string_functions,705
Client/xr-mmsm-ag/src/views/MMSM96S2N.zip,MMSM01A1S2N/MMSM01A1S2N.ts,string_functions,706
Client/xr-mmsm-ag/src/views/MMSM96S2N.zip,MMSM01A1S2N/MMSM01A1S2N.ts,string_functions,707
Client/xr-mmsm-ag/src/views/MMSM96S2N.zip,MMSM01A1S2N/MMSM01A1S2N.ts,string_functions,717
Client/xr-mmsm-ag/src/views/MMSM96S2N.zip,MMSM01A1S2N/MMSM01A1S2N.ts,string_functions,723
Client/xr-mmsm-ag/src/views/MMSM96S2N.zip,MMSM01A1S2N/MMSM01A1S2N.ts,string_functions,732
Client/xr-mmsm-ag/src/views/MMSM96S2N.zip,MMSM01A1S2N/MMSM01A1S2N.ts,string_functions,733
Client/xr-mmsm-ag/src/views/MMSM96S2N.zip,MMSM01A1S2N/MMSM01A1S2N.ts,string_functions,736
Client/xr-mmsm-ag/src/views/MMSM96S2N.zip,MMSM01A1S2N/MMSM01A1S2N.ts,string_functions,744
Client/xr-mmsm-ag/src/views/MMSM96S2N.zip,MMSM01A1S2N/MMSM01A1S2N.ts,string_functions,746
Client/xr-mmsm-ag/src/views/MMSM96S2N.zip,MMSM01A1S2N/MMSM01A1S2N.ts,string_functions,747
Client/xr-mmsm-ag/src/views/MMSM96S2N.zip,MMSM01A1S2N/MMSM01A1S2N.ts,string_functions,748
Client/xr-mmsm-ag/src/views/MMSM96S2N.zip,MMSM01A1S2N/MMSM01A1S2N.ts,string_functions,754
Client/xr-mmsm-ag/src/views/MMSM96S2N.zip,MMSM01A1S2N/MMSM01A1S2N.ts,string_functions,756
Client/xr-mmsm-ag/src/views/MMSM96S2N.zip,MMSM01A1S2N/MMSM01A1S2N.ts,string_functions,767
Client/xr-mmsm-ag/src/views/MMSM96S2N.zip,MMSM01A1S2N/MMSM01A1S2N.ts,string_functions,786
Client/xr-mmsm-ag/src/views/MMSM96S2N.zip,MMSM01A1S2N/MMSM01A1S2N.ts,string_functions,787
Client/xr-mmsm-ag/src/views/MMSM96S2N.zip,MMSM01A1S2N/MMSM01A1S2N.ts,string_functions,789
Client/xr-mmsm-ag/src/views/MMSM96S2N.zip,MMSM01A1S2N/MMSM01A1S2N.ts,string_functions,790
Client/xr-mmsm-ag/src/views/MMSM96S2N.zip,MMSM01A1S2N/MMSM01A1S2N.ts,string_functions,796
Client/xr-mmsm-ag/src/views/MMSM96S2N.zip,MMSM01A1S2N/MMSM01A1S2N.ts,string_functions,797
Client/xr-mmsm-ag/src/views/MMSM96S2N.zip,MMSM01A1S2N/MMSM01A1S2N.ts,string_functions,798
Client/xr-mmsm-ag/src/views/MMSM96S2N.zip,MMSM01A1S2N/MMSM01A1S2N.ts,string_functions,799
Client/xr-mmsm-ag/src/views/MMSM96S2N.zip,MMSM01A1S2N/MMSM01A1S2N.ts,string_functions,806
Client/xr-mmsm-ag/src/views/MMSM96S2N.zip,MMSM01A1S2N/MMSM01A1S2N.ts,string_functions,807
Client/xr-mmsm-ag/src/views/MMSM96S2N.zip,MMSM01A1S2N/MMSM01A1S2N.ts,string_functions,808
Client/xr-mmsm-ag/src/views/MMSM96S2N.zip,MMSM01A1S2N/MMSM01A1S2N.ts,string_functions,809
Client/xr-mmsm-ag/src/views/MMSM96S2N.zip,MMSM01A1S2N/MMSM01A1S2N.ts,string_functions,810
Client/xr-mmsm-ag/src/views/MMSM96S2N.zip,MMSM01A1S2N/MMSM01A1S2N.ts,string_functions,820
Client/xr-mmsm-ag/src/views/MMSM96S2N.zip,MMSM01A1S2N/MMSM01A1S2N.ts,null_blank_semantics,28
Client/xr-mmsm-ag/src/views/MMSM96S2N.zip,MMSM01A1S2N/MMSM01A1S2N.ts,null_blank_semantics,32
Client/xr-mmsm-ag/src/views/MMSM96S2N.zip,MMSM01A1S2N/MMSM01A1S2N.ts,null_blank_semantics,41
Client/xr-mmsm-ag/src/views/MMSM96S2N.zip,MMSM01A1S2N/MMSM01A1S2N.ts,null_blank_semantics,42
Client/xr-mmsm-ag/src/views/MMSM96S2N.zip,MMSM01A1S2N/MMSM01A1S2N.ts,null_blank_semantics,96
Client/xr-mmsm-ag/src/views/MMSM96S2N.zip,MMSM01A1S2N/MMSM01A1S2N.ts,null_blank_semantics,143
Client/xr-mmsm-ag/src/views/MMSM96S2N.zip,MMSM01A1S2N/MMSM01A1S2N.ts,null_blank_semantics,159
Client/xr-mmsm-ag/src/views/MMSM96S2N.zip,MMSM01A1S2N/MMSM01A1S2N.ts,null_blank_semantics,222
Client/xr-mmsm-ag/src/views/MMSM96S2N.zip,MMSM01A1S2N/MMSM01A1S2N.ts,null_blank_semantics,223
Client/xr-mmsm-ag/src/views/MMSM96S2N.zip,MMSM01A1S2N/MMSM01A1S2N.ts,null_blank_semantics,224
Client/xr-mmsm-ag/src/views/MMSM96S2N.zip,MMSM01A1S2N/MMSM01A1S2N.ts,null_blank_semantics,225
Client/xr-mmsm-ag/src/views/MMSM96S2N.zip,MMSM01A1S2N/MMSM01A1S2N.ts,null_blank_semantics,226
Client/xr-mmsm-ag/src/views/MMSM96S2N.zip,MMSM01A1S2N/MMSM01A1S2N.ts,null_blank_semantics,469
Client/xr-mmsm-ag/src/views/MMSM96S2N.zip,MMSM01A1S2N/MMSM01A1S2N.ts,null_blank_semantics,472
Client/xr-mmsm-ag/src/views/MMSM96S2N.zip,MMSM01A1S2N/MMSM01A1S2N.ts,null_blank_semantics,520
Client/xr-mmsm-ag/src/views/MMSM96S2N.zip,MMSM01A1S2N/MMSM01A1S2N.ts,null_blank_semantics,525
Client/xr-mmsm-ag/src/views/MMSM96S2N.zip,MMSM01A1S2N/MMSM01A1S2N.ts,null_blank_semantics,585
Client/xr-mmsm-ag/src/views/MMSM96S2N.zip,MMSM01A1S2N/MMSM01A1S2N.ts,null_blank_semantics,631
Client/xr-mmsm-ag/src/views/MMSM96S2N.zip,MMSM01A1S2N/MMSM01A1S2N.ts,null_blank_semantics,683
Client/xr-mmsm-ag/src/views/MMSM96S2N.zip,MMSM01A1S2N/MMSM01A1S2N.ts,null_blank_semantics,686
Client/xr-mmsm-ag/src/views/MMSM96S2N.zip,MMSM01A1S2N/MMSM01A1S2N.ts,null_blank_semantics,732
Client/xr-mmsm-ag/src/views/MMSM96S2N.zip,MMSM01A1S2N/MMSM01A1S2N.ts,null_blank_semantics,737
Client/xr-mmsm-ag/src/views/MMSM96S2N.zip,MMSM01A1S2N/MMSM01A1S2N.ts,null_blank_semantics,786
Client/xr-mmsm-ag/src/views/MMSM96S2N.zip,MMSM01A1S2N/MMSM01A1S2N.ts,null_blank_semantics,789
Client/xr-mmsm-ag/src/views/MMSM96S2N.zip,MMSM01A1S2N/MMSM01A1S2N.ts,null_blank_semantics,905
Client/xr-mmsm-ag/src/views/MMSM96S2N.zip,MMSM01A1S2N/MMSM01A1S2N.ts,null_blank_semantics,906
Client/xr-mmsm-ag/src/views/MMSM96S2N.zip,MMSM01A1S2N/MMSM01A1S2N.ts,null_blank_semantics,907
Client/xr-mmsm-ag/src/views/MMSM96S2N.zip,MMSM01A1S2N/MMSM01A1S2N.ts,null_blank_semantics,908
Client/xr-mmsm-ag/src/views/MMSM96S2N.zip,MMSM01A1S2N/MMSM01A1S2N.ts,null_blank_semantics,909
Client/xr-mmsm-ag/src/views/MMSM96S2N.zip,MMSM01A1S2N/MMSM01A1S2N.ts,concat_operator,96
Client/xr-mmsm-ag/src/views/MMSM96S2N.zip,MMSM01A1S2N/MMSM01A1S2N.ts,concat_operator,99
Client/xr-mmsm-ag/src/views/MMSM96S2N.zip,MMSM01A1S2N/MMSM01A1S2N.ts,concat_operator,107
Client/xr-mmsm-ag/src/views/MMSM96S2N.zip,MMSM01A1S2N/MMSM01A1S2N.ts,concat_operator,118
Client/xr-mmsm-ag/src/views/MMSM96S2N.zip,MMSM01A1S2N/MMSM01A1S2N.ts,concat_operator,128
Client/xr-mmsm-ag/src/views/MMSM96S2N.zip,MMSM01A1S2N/MMSM01A1S2N.ts,concat_operator,900
Client/xr-mmsm-ag/src/views/MMSM96S2N.zip,MMSM01A1S2N/MMSM01A1S2N.vue,sql_bind_marker,4
Client/xr-mmsm-ag/src/views/MMSM96S2N.zip,MMSM01A1S2N/MMSM01A1S2N.vue,sql_bind_marker,14
Client/xr-mmsm-ag/src/views/MMSM96S2N.zip,MMSM01A1S2N/MMSM01A1S2N.vue,sql_bind_marker,20
Client/xr-mmsm-ag/src/views/MMSM96S2N.zip,MMSM01A1S2N/MMSM01A1S2N.vue,sql_bind_marker,56
Client/xr-mmsm-ag/src/views/MMSM96S2N.zip,MMSM01A1S2N/MMSM01A1S2N.vue,query_service_names,6
Client/xr-mmsm-ag/src/views/MMSM96S2N.zip,MMSM01A1S2N/MMSM01A1S2N.vue,query_service_names,13
Client/xr-mmsm-ag/src/views/MMSM96S2N.zip,MMSM01A1S2N/MMSM01A1S2N.vue,query_service_names,22
Client/xr-mmsm-ag/src/views/MMSM96S2N.zip,MMSM01A1S2N/MMSM01A1S2N.vue,query_service_names,26
Client/xr-mmsm-ag/src/views/MMSM96S2N.zip,MMSM01A1S2N/MMSM01A1S2N.vue,query_service_names,30
Client/xr-mmsm-ag/src/views/MMSM96S2N.zip,MMSM01A1S2N/MMSM01A1S2N.vue,query_service_names,34
Client/xr-mmsm-ag/src/views/MMSM96S2N.zip,MMSM01A1S2N/MMSM01A1S2N.vue,query_service_names,38
Client/xr-mmsm-ag/src/views/MMSM96S2N.zip,MMSM01A1S2N/MMSM01A1S2N.vue,query_service_names,42
Client/xr-tmsmx/src.zip,src/App.vue,sql_bind_marker,2
Client/xr-tmsmx/src.zip,src/App.vue,sql_bind_marker,3
Client/xr-tmsmx/src.zip,src/App.vue,sql_bind_marker,4
Client/xr-tmsmx/src.zip,src/App.vue,sql_bind_marker,5
Client/xr-tmsmx/src.zip,src/App.vue,sql_bind_marker,6
Client/xr-tmsmx/src.zip,src/App.vue,sql_bind_marker,24
Client/xr-tmsmx/src.zip,src/App.vue,query_service_names,41
Client/xr-tmsmx/src.zip,src/App.vue,query_service_names,45
Client/xr-tmsmx/src.zip,src/App.vue,query_service_names,50
Client/xr-tmsmx/src.zip,src/App.vue,query_service_names,56
Client/xr-tmsmx/src.zip,src/components/Result/svg/unauthorized.vue,sql_bind_marker,2
Client/xr-tmsmx/src.zip,src/components/Result/svg/unauthorized.vue,sql_bind_marker,3
Client/xr-tmsmx/src.zip,src/components/Result/svg/unauthorized.vue,sql_bind_marker,4
Client/xr-tmsmx/src.zip,src/components/Result/svg/unauthorized.vue,sql_bind_marker,5
Client/xr-tmsmx/src.zip,src/components/Result/svg/unauthorized.vue,sql_bind_marker,6
Client/xr-tmsmx/src.zip,src/components/TMSMGT_MENU/TMSMGT_MENU.ts,string_functions,186
Client/xr-tmsmx/src.zip,src/components/TMSMGT_MENU/TMSMGT_MENU.ts,null_blank_semantics,102
Client/xr-tmsmx/src.zip,src/components/TMSMGT_MENU/TMSMGT_MENU.ts,concat_operator,81
Client/xr-tmsmx/src.zip,src/components/TMSMGT_MENU/TMSMGT_MENU.ts,concat_operator,83
Client/xr-tmsmx/src.zip,src/components/TMSMGT_MENU/TMSMGT_MENU.ts,concat_operator,169
Client/xr-tmsmx/src.zip,src/components/TMSMGT_MENU/TMSMGT_MENU.vue,sql_bind_marker,7
Client/xr-tmsmx/src.zip,src/components/TMSMGT_MENU/TMSMGT_MENU.vue,sql_bind_marker,13
Client/xr-tmsmx/src.zip,src/components/TMSMGT_MENU/TMSMGT_MENU.vue,sql_bind_marker,14
Client/xr-tmsmx/src.zip,src/components/TMSMGT_MENU/TMSMGT_MENU.vue,sql_bind_marker,15
Client/xr-tmsmx/src.zip,src/components/TMSMGT_MENU/TMSMGT_MENU.vue,sql_bind_marker,28
Client/xr-tmsmx/src.zip,src/components/TMSMGT_MENU/TMSMGT_MENU.vue,sql_bind_marker,41
Client/xr-tmsmx/src.zip,src/components/TMSMGT_MENU/TMSMGT_MENU.vue,sql_bind_marker,48
Client/xr-tmsmx/src.zip,src/components/TMSMGT_MENU/TMSMGT_MENU.vue,sql_bind_marker,56
Client/xr-tmsmx/src.zip,src/components/TMSMGT_MENU/TMSMGT_MENU.vue,sql_bind_marker,63
Client/xr-tmsmx/src.zip,src/components/TMSMGT_MENU/TMSMGT_MENU.vue,sql_bind_marker,71
Client/xr-tmsmx/src.zip,src/components/TMSMGT_MENU/TMSMGT_MENU.vue,sql_bind_marker,78
Client/xr-tmsmx/src.zip,src/components/TMSMGT_QY/TMSMGT_QY.vue,sql_bind_marker,5
Client/xr-tmsmx/src.zip,src/components/TMSMGT_QY/TMSMGT_QY.vue,sql_bind_marker,6
Client/xr-tmsmx/src.zip,src/components/TMSMGT_QY/TMSMGT_QY.vue,sql_bind_marker,12
Client/xr-tmsmx/src.zip,src/components/TMSMGT_TANK/TMSMGT_TANK.vue,sql_bind_marker,10
Client/xr-tmsmx/src.zip,src/components/TMSMGT_TANK/TMSMGT_TANK.vue,sql_bind_marker,24
Client/xr-tmsmx/src.zip,src/components/TMSMGT_TANK/TMSMGT_TANK.vue,sql_bind_marker,26
Client/xr-tmsmx/src.zip,src/components/TMSMGT_TANK/TMSMGT_TANK.vue,sql_bind_marker,27
Client/xr-tmsmx/src.zip,src/components/TMSMGT_TANK/TMSMGT_TANK.vue,sql_bind_marker,28
Client/xr-tmsmx/src.zip,src/components/TMSMGT_TANK/TMSMGT_TANK.vue,sql_bind_marker,29
Client/xr-tmsmx/src.zip,src/components/TMSMGT_TANK/TMSMGT_TANK.vue,sql_bind_marker,30
Client/xr-tmsmx/src.zip,src/components/TMSMGT_TANK/TMSMGT_TANK.vue,sql_bind_marker,392
Client/xr-tmsmx/src.zip,src/main.ts,sql_bind_marker,2
Client/xr-tmsmx/src.zip,src/main.ts,sql_bind_marker,3
Client/xr-tmsmx/src.zip,src/main.ts,sql_bind_marker,4
Client/xr-tmsmx/src.zip,src/main.ts,sql_bind_marker,5
Client/xr-tmsmx/src.zip,src/main.ts,sql_bind_marker,6
Client/xr-tmsmx/src.zip,src/main.ts,sql_bind_marker,152
Client/xr-tmsmx/src.zip,src/main.ts,concat_operator,118
Client/xr-tmsmx/src.zip,src/main.ts,concat_operator,184
Client/xr-tmsmx/src.zip,src/main.ts,concat_operator,186
Client/xr-tmsmx/src.zip,src/model/data.d.ts,sql_bind_marker,2
Client/xr-tmsmx/src.zip,src/model/data.d.ts,sql_bind_marker,3
Client/xr-tmsmx/src.zip,src/model/data.d.ts,sql_bind_marker,4
Client/xr-tmsmx/src.zip,src/model/data.d.ts,sql_bind_marker,5
Client/xr-tmsmx/src.zip,src/model/data.d.ts,sql_bind_marker,6
Client/xr-tmsmx/src.zip,src/router/index.ts,sql_bind_marker,2
Client/xr-tmsmx/src.zip,src/router/index.ts,sql_bind_marker,3
Client/xr-tmsmx/src.zip,src/router/index.ts,sql_bind_marker,4
Client/xr-tmsmx/src.zip,src/router/index.ts,sql_bind_marker,5
Client/xr-tmsmx/src.zip,src/router/index.ts,sql_bind_marker,6
Client/xr-tmsmx/src.zip,src/router/index.ts,string_functions,17
Client/xr-tmsmx/src.zip,src/router/index.ts,string_functions,43
Client/xr-tmsmx/src.zip,src/utils/i18n/local.zh.ts,sql_keywords,100
Client/xr-tmsmx/src.zip,src/utils/i18n/local.zh.ts,sql_keywords,101
Client/xr-tmsmx/src.zip,src/utils/i18n/local.zh.ts,sql_keywords,105
Client/xr-tmsmx/src.zip,src/utils/i18n/local.zh.ts,sql_keywords,106
Client/xr-tmsmx/src.zip,src/utils/i18n/local.zh.ts,sql_keywords,352
Client/xr-tmsmx/src.zip,src/utils/i18n/local.zh.ts,sql_keywords,370
Client/xr-tmsmx/src.zip,src/utils/i18n/local.zh.ts,sql_keywords,396
Client/xr-tmsmx/src.zip,src/utils/i18n/local.zh.ts,sql_keywords,397
Client/xr-tmsmx/src.zip,src/utils/i18n/local.zh.ts,sql_keywords,404
Client/xr-tmsmx/src.zip,src/utils/i18n/local.zh.ts,sql_keywords,405
Client/xr-tmsmx/src.zip,src/utils/i18n/local.zh.ts,sql_keywords,406
Client/xr-tmsmx/src.zip,src/utils/i18n/local.zh.ts,group_hierarchy_window,193
Client/xr-tmsmx/src.zip,src/utils/i18n/local.zh.ts,group_hierarchy_window,194
Client/xr-tmsmx/src.zip,src/utils/i18n/local.zh.ts,group_hierarchy_window,230
Client/xr-tmsmx/src.zip,src/utils/i18n/local.zh.ts,group_hierarchy_window,328
Client/xr-tmsmx/src.zip,src/utils/theme.ts,sql_bind_marker,2
Client/xr-tmsmx/src.zip,src/utils/theme.ts,sql_bind_marker,3
Client/xr-tmsmx/src.zip,src/utils/theme.ts,sql_bind_marker,4
Client/xr-tmsmx/src.zip,src/utils/theme.ts,sql_bind_marker,5
Client/xr-tmsmx/src.zip,src/utils/theme.ts,sql_bind_marker,6
Client/xr-tmsmx/src.zip,src/utils/theme.ts,concat_operator,10
Client/xr-tmsmx/src.zip,src/views/404/index.vue,sql_bind_marker,2
Client/xr-tmsmx/src.zip,src/views/404/index.vue,sql_bind_marker,3
Client/xr-tmsmx/src.zip,src/views/404/index.vue,sql_bind_marker,4
Client/xr-tmsmx/src.zip,src/views/404/index.vue,sql_bind_marker,5
Client/xr-tmsmx/src.zip,src/views/404/index.vue,sql_bind_marker,6
Client/xr-tmsmx/src.zip,src/views/TM0097AV/TM0097AV.ts,null_blank_semantics,51
Client/xr-tmsmx/src.zip,src/views/TM0097AV/TM0097AV.ts,null_blank_semantics,53
Client/xr-tmsmx/src.zip,src/views/TM0097AV/TM0097AV.ts,null_blank_semantics,261
Client/xr-tmsmx/src.zip,src/views/TM0097AV/TM0097AV.ts,concat_operator,188
Client/xr-tmsmx/src.zip,src/views/TM0097AV/TM0097AV.ts,concat_operator,189
Client/xr-tmsmx/src.zip,src/views/TM0097AV/TM0097AV.ts,concat_operator,190
Client/xr-tmsmx/src.zip,src/views/TM0097AV/TM0097AV.ts,concat_operator,191
Client/xr-tmsmx/src.zip,src/views/TM0097AV/TM0097AV.ts,concat_operator,192
Client/xr-tmsmx/src.zip,src/views/TM0097AV/TM0097AV.ts,query_service_names,131
Client/xr-tmsmx/src.zip,src/views/TM0097AV/TM0097AV.ts,query_service_names,132
Client/xr-tmsmx/src.zip,src/views/TM0097AV/TM0097AV.ts,query_service_names,133
Client/xr-tmsmx/src.zip,src/views/TM0097AV/TM0097AV.ts,query_service_names,134
Client/xr-tmsmx/src.zip,src/views/TM0097AV/TM0097AV.vue,sql_bind_marker,3
Client/xr-tmsmx/src.zip,src/views/TM0097AV/TM0097AV.vue,sql_bind_marker,28
Client/xr-tmsmx/src.zip,src/views/TM0097AV/TM0097AV.vue,sql_bind_marker,29
Client/xr-tmsmx/src.zip,src/views/TM0097AV/TM0097AV.vue,sql_bind_marker,48
Client/xr-tmsmx/src.zip,src/views/TM0097AV/TM0097AV.vue,sql_bind_marker,63
Client/xr-tmsmx/src.zip,src/views/TM0097AV/TM0097AV.vue,sql_bind_marker,74
Client/xr-tmsmx/src.zip,src/views/TM0097AV/TM0097AV.vue,sql_bind_marker,84
Client/xr-tmsmx/src.zip,src/views/TM0097AV/TM0097AV.vue,sql_bind_marker,99
Client/xr-tmsmx/src.zip,src/views/TM0097AV/TM0097AV.vue,sql_bind_marker,106
Client/xr-tmsmx/src.zip,src/views/TM0097AV/TM0097AV.vue,sql_bind_marker,114
Client/xr-tmsmx/src.zip,src/views/TM0097AV/TM0097AV.vue,query_service_names,13
Client/xr-tmsmx/src.zip,src/views/TM0097AV/TM0097AV.vue,query_service_names,25
Client/xr-tmsmx/src.zip,src/views/TM0097AV/TM0097AV.vue,query_service_names,45
Client/xr-tmsmx/src.zip,src/views/TM0097AV/TM0097AV.vue,query_service_names,80
Client/xr-tmsmx/src.zip,src/views/TMSM121S2N/TMSM121S2N.ts,sql_keywords,102
Client/xr-tmsmx/src.zip,src/views/TMSM121S2N/TMSM121S2N.ts,sql_keywords,164
Client/xr-tmsmx/src.zip,src/views/TMSM121S2N/TMSM121S2N.ts,sql_keywords,226
Client/xr-tmsmx/src.zip,src/views/TMSM121S2N/TMSM121S2N.ts,direct_client_query,102
Client/xr-tmsmx/src.zip,src/views/TMSM121S2N/TMSM121S2N.ts,direct_client_query,164
Client/xr-tmsmx/src.zip,src/views/TMSM121S2N/TMSM121S2N.ts,direct_client_query,226
Client/xr-tmsmx/src.zip,src/views/TMSM121S2N/TMSM121S2N.ts,dynamic_sql_payload,102
Client/xr-tmsmx/src.zip,src/views/TMSM121S2N/TMSM121S2N.ts,dynamic_sql_payload,164
Client/xr-tmsmx/src.zip,src/views/TMSM121S2N/TMSM121S2N.ts,dynamic_sql_payload,226
Client/xr-tmsmx/src.zip,src/views/TMSM121S2N/TMSM121S2N.ts,string_functions,102
Client/xr-tmsmx/src.zip,src/views/TMSM121S2N/TMSM121S2N.ts,string_functions,164
Client/xr-tmsmx/src.zip,src/views/TMSM121S2N/TMSM121S2N.ts,string_functions,226
Client/xr-tmsmx/src.zip,src/views/TMSM121S2N/TMSM121S2N.ts,string_functions,408
Client/xr-tmsmx/src.zip,src/views/TMSM121S2N/TMSM121S2N.ts,numeric_conversion,429
Client/xr-tmsmx/src.zip,src/views/TMSM121S2N/TMSM121S2N.ts,numeric_conversion,435
Client/xr-tmsmx/src.zip,src/views/TMSM121S2N/TMSM121S2N.ts,numeric_conversion,436
Client/xr-tmsmx/src.zip,src/views/TMSM121S2N/TMSM121S2N.ts,numeric_conversion,437
Client/xr-tmsmx/src.zip,src/views/TMSM121S2N/TMSM121S2N.ts,numeric_conversion,438
Client/xr-tmsmx/src.zip,src/views/TMSM121S2N/TMSM121S2N.ts,numeric_conversion,439
Client/xr-tmsmx/src.zip,src/views/TMSM121S2N/TMSM121S2N.ts,numeric_conversion,440
Client/xr-tmsmx/src.zip,src/views/TMSM121S2N/TMSM121S2N.ts,numeric_conversion,441
Client/xr-tmsmx/src.zip,src/views/TMSM121S2N/TMSM121S2N.ts,null_blank_semantics,50
Client/xr-tmsmx/src.zip,src/views/TMSM121S2N/TMSM121S2N.ts,null_blank_semantics,51
Client/xr-tmsmx/src.zip,src/views/TMSM121S2N/TMSM121S2N.ts,null_blank_semantics,103
Client/xr-tmsmx/src.zip,src/views/TMSM121S2N/TMSM121S2N.ts,null_blank_semantics,111
Client/xr-tmsmx/src.zip,src/views/TMSM121S2N/TMSM121S2N.ts,null_blank_semantics,165
Client/xr-tmsmx/src.zip,src/views/TMSM121S2N/TMSM121S2N.ts,null_blank_semantics,173
Client/xr-tmsmx/src.zip,src/views/TMSM121S2N/TMSM121S2N.ts,null_blank_semantics,227
Client/xr-tmsmx/src.zip,src/views/TMSM121S2N/TMSM121S2N.ts,null_blank_semantics,235
Client/xr-tmsmx/src.zip,src/views/TMSM121S2N/TMSM121S2N.ts,null_blank_semantics,408
Client/xr-tmsmx/src.zip,src/views/TMSM121S2N/TMSM121S2N.ts,concat_operator,102
Client/xr-tmsmx/src.zip,src/views/TMSM121S2N/TMSM121S2N.ts,concat_operator,164
Client/xr-tmsmx/src.zip,src/views/TMSM121S2N/TMSM121S2N.ts,concat_operator,226
Client/xr-tmsmx/src.zip,src/views/TMSM121S2N/TMSM121S2N.ts,query_service_names,25
Client/xr-tmsmx/src.zip,src/views/TMSM121S2N/TMSM121S2N.ts,query_service_names,396
Client/xr-tmsmx/src.zip,src/views/TMSM121S2N/TMSM121S2N.ts,query_service_names,398
Client/xr-tmsmx/src.zip,src/views/TMSM121S2N/TMSM121S2N.ts,query_service_names,400
Client/xr-tmsmx/src.zip,src/views/TMSM121S2N/TMSM121S2N.ts,query_service_names,407
Client/xr-tmsmx/src.zip,src/views/TMSM121S2N/TMSM121S2N.ts,query_service_names,410
Client/xr-tmsmx/src.zip,src/views/TMSM121S2N/TMSM121S2N.ts,query_service_names,416
Client/xr-tmsmx/src.zip,src/views/TMSM121S2N/TMSM121S2N.ts,query_service_names,417
Client/xr-tmsmx/src.zip,src/views/TMSM121S2N/TMSM121S2N.ts,query_service_names,419
Client/xr-tmsmx/src.zip,src/views/TMSM121S2N/TMSM121S2N.ts,query_service_names,429
Client/xr-tmsmx/src.zip,src/views/TMSM121S2N/TMSM121S2N.ts,query_service_names,430
Client/xr-tmsmx/src.zip,src/views/TMSM121S2N/TMSM121S2N.ts,query_service_names,443
Client/xr-tmsmx/src.zip,src/views/TMSM121S2N/TMSM121S2N.ts,query_service_names,444
Client/xr-tmsmx/src.zip,src/views/TMSM121S2N/TMSM121S2N.ts,query_service_names,446
Client/xr-tmsmx/src.zip,src/views/TMSM121S2N/TMSM121S2N.ts,query_service_names,451
Client/xr-tmsmx/src.zip,src/views/TMSM121S2N/TMSM121S2N.ts,query_service_names,452
Client/xr-tmsmx/src.zip,src/views/TMSM121S2N/TMSM121S2N.ts,query_service_names,454
Client/xr-tmsmx/src.zip,src/views/TMSM121S2N/TMSM121S2N.vue,sql_bind_marker,3
Client/xr-tmsmx/src.zip,src/views/TMSM121S2N/TMSM121S2N.vue,sql_bind_marker,14
Client/xr-tmsmx/src.zip,src/views/TMSM121S2N/TMSM121S2N.vue,sql_bind_marker,23
Client/xr-tmsmx/src.zip,src/views/TMSM121S2N/TMSM121S2N.vue,sql_bind_marker,32
Client/xr-tmsmx/src.zip,src/views/TMSM121S2N/TMSM121S2N.vue,sql_bind_marker,46
Client/xr-tmsmx/src.zip,src/views/TMSM121S2N/TMSM121S2N.vue,query_service_names,7
Client/xr-tmsmx/src.zip,src/views/TMSM121S2N/TMSM121S2N.vue,query_service_names,13
Client/xr-tmsmx/src.zip,src/views/TMSM121S2N/TMSM121S2N.vue,query_service_names,22
Client/xr-tmsmx/src.zip,src/views/TMSM121S2N/TMSM121S2N.vue,query_service_names,31
Client/xr-tmsmx/src.zip,src/views/TMSM12AV/TMSM12AV.ts,null_blank_semantics,48
Client/xr-tmsmx/src.zip,src/views/TMSM12AV/TMSM12AV.ts,null_blank_semantics,49
Client/xr-tmsmx/src.zip,src/views/TMSM12AV/TMSM12AV.ts,null_blank_semantics,209
Client/xr-tmsmx/src.zip,src/views/TMSM12AV/TMSM12AV.ts,query_service_names,25
Client/xr-tmsmx/src.zip,src/views/TMSM12AV/TMSM12AV.ts,query_service_names,245
Client/xr-tmsmx/src.zip,src/views/TMSM12AV/TMSM12AV.ts,query_service_names,247
Client/xr-tmsmx/src.zip,src/views/TMSM12AV/TMSM12AV.ts,query_service_names,249
Client/xr-tmsmx/src.zip,src/views/TMSM12AV/TMSM12AV.ts,query_service_names,250
Client/xr-tmsmx/src.zip,src/views/TMSM12AV/TMSM12AV.ts,query_service_names,251
Client/xr-tmsmx/src.zip,src/views/TMSM12AV/TMSM12AV.vue,sql_bind_marker,3
Client/xr-tmsmx/src.zip,src/views/TMSM12AV/TMSM12AV.vue,sql_bind_marker,14
Client/xr-tmsmx/src.zip,src/views/TMSM12AV/TMSM12AV.vue,sql_bind_marker,27
Client/xr-tmsmx/src.zip,src/views/TMSM12AV/TMSM12AV.vue,query_service_names,7
Client/xr-tmsmx/src.zip,src/views/TMSM12AV/TMSM12AV.vue,query_service_names,13
Client/xr-tmsmx/src.zip,src/views/TMSM13AV/TMSM13AV.ts,null_blank_semantics,42
Client/xr-tmsmx/src.zip,src/views/TMSM13AV/TMSM13AV.ts,null_blank_semantics,48
Client/xr-tmsmx/src.zip,src/views/TMSM13AV/TMSM13AV.ts,query_service_names,25
Client/xr-tmsmx/src.zip,src/views/TMSM13AV/TMSM13AV.vue,sql_bind_marker,3
Client/xr-tmsmx/src.zip,src/views/TMSM13AV/TMSM13AV.vue,sql_bind_marker,13
Client/xr-tmsmx/src.zip,src/views/TMSM13AV/TMSM13AV.vue,sql_bind_marker,25
Client/xr-tmsmx/src.zip,src/views/TMSM13AV/TMSM13AV.vue,sql_bind_marker,37
Client/xr-tmsmx/src.zip,src/views/TMSM13AV/TMSM13AV.vue,sql_bind_marker,51
Client/xr-tmsmx/src.zip,src/views/TMSM13AV/TMSM13AV.vue,query_service_names,5
Client/xr-tmsmx/src.zip,src/views/TMSM13AV/TMSM13AV.vue,query_service_names,13
Client/xr-tmsmx/src.zip,src/views/TMSM13AV/TMSM13AV.vue,query_service_names,25
Client/xr-tmsmx/src.zip,src/views/TMSM13AV/TMSM13AV.vue,query_service_names,37
Client/xr-tmsmx/src.zip,src/views/TMSM14AV/TMSM14AV.ts,string_functions,66
Client/xr-tmsmx/src.zip,src/views/TMSM14AV/TMSM14AV.ts,string_functions,67
Client/xr-tmsmx/src.zip,src/views/TMSM14AV/TMSM14AV.ts,string_functions,69
Client/xr-tmsmx/src.zip,src/views/TMSM14AV/TMSM14AV.ts,string_functions,70
Client/xr-tmsmx/src.zip,src/views/TMSM14AV/TMSM14AV.ts,string_functions,71
Client/xr-tmsmx/src.zip,src/views/TMSM14AV/TMSM14AV.ts,null_blank_semantics,39
Client/xr-tmsmx/src.zip,src/views/TMSM14AV/TMSM14AV.vue,sql_bind_marker,3
Client/xr-tmsmx/src.zip,src/views/TMSM14AV/TMSM14AV.vue,sql_bind_marker,13
Client/xr-tmsmx/src.zip,src/views/TMSM14AV/TMSM14AV.vue,sql_bind_marker,25
Client/xr-tmsmx/src.zip,src/views/TMSM14AV/TMSM14AV.vue,query_service_names,5
Client/xr-tmsmx/src.zip,src/views/TMSM14AV/TMSM14AV.vue,query_service_names,12
Client/xr-tmsmx/src.zip,src/views/TMSM15AV/TMSM15AV.ts,sql_keywords,185
Client/xr-tmsmx/src.zip,src/views/TMSM15AV/TMSM15AV.ts,sql_generation,185
Client/xr-tmsmx/src.zip,src/views/TMSM15AV/TMSM15AV.ts,direct_client_query,189
Client/xr-tmsmx/src.zip,src/views/TMSM15AV/TMSM15AV.ts,dynamic_sql_payload,189
Client/xr-tmsmx/src.zip,src/views/TMSM15AV/TMSM15AV.ts,sql_building_extended,185
Client/xr-tmsmx/src.zip,src/views/TMSM15AV/TMSM15AV.ts,string_functions,74
Client/xr-tmsmx/src.zip,src/views/TMSM15AV/TMSM15AV.ts,string_functions,75
Client/xr-tmsmx/src.zip,src/views/TMSM15AV/TMSM15AV.ts,string_functions,76
Client/xr-tmsmx/src.zip,src/views/TMSM15AV/TMSM15AV.ts,string_functions,78
Client/xr-tmsmx/src.zip,src/views/TMSM15AV/TMSM15AV.ts,string_functions,79
Client/xr-tmsmx/src.zip,src/views/TMSM15AV/TMSM15AV.ts,string_functions,80
Client/xr-tmsmx/src.zip,src/views/TMSM15AV/TMSM15AV.ts,string_functions,81
Client/xr-tmsmx/src.zip,src/views/TMSM15AV/TMSM15AV.ts,string_functions,82
Client/xr-tmsmx/src.zip,src/views/TMSM15AV/TMSM15AV.ts,string_functions,83
Client/xr-tmsmx/src.zip,src/views/TMSM15AV/TMSM15AV.ts,string_functions,85
Client/xr-tmsmx/src.zip,src/views/TMSM15AV/TMSM15AV.ts,date_time_extra,115
Client/xr-tmsmx/src.zip,src/views/TMSM15AV/TMSM15AV.ts,date_time_extra,116
Client/xr-tmsmx/src.zip,src/views/TMSM15AV/TMSM15AV.ts,date_time_extra,117
Client/xr-tmsmx/src.zip,src/views/TMSM15AV/TMSM15AV.ts,date_time_extra,119
Client/xr-tmsmx/src.zip,src/views/TMSM15AV/TMSM15AV.ts,null_blank_semantics,40
Client/xr-tmsmx/src.zip,src/views/TMSM15AV/TMSM15AV.vue,sql_bind_marker,3
Client/xr-tmsmx/src.zip,src/views/TMSM15AV/TMSM15AV.vue,sql_bind_marker,10
Client/xr-tmsmx/src.zip,src/views/TMSM15AV/TMSM15AV.vue,sql_bind_marker,15
Client/xr-tmsmx/src.zip,src/views/TMSM15AV/TMSM15AV.vue,sql_bind_marker,23
Client/xr-tmsmx/src.zip,src/views/TMSM15AV/TMSM15AV.vue,sql_bind_marker,35
Client/xr-tmsmx/src.zip,src/views/TMSM15AV/TMSM15AV.vue,query_service_names,6
Client/xr-tmsmx/src.zip,src/views/TMSM15AV/TMSM15AV.vue,query_service_names,14
Client/xr-tmsmx/src.zip,src/views/TMSM15AV/TMSM15AV.vue,query_service_names,22
Client/xr-tmsmx/src.zip,src/views/TMSM181AV/TMSM181AV.ts,string_functions,64
Client/xr-tmsmx/src.zip,src/views/TMSM181AV/TMSM181AV.ts,string_functions,65
Client/xr-tmsmx/src.zip,src/views/TMSM181AV/TMSM181AV.ts,string_functions,67
Client/xr-tmsmx/src.zip,src/views/TMSM181AV/TMSM181AV.ts,string_functions,68
Client/xr-tmsmx/src.zip,src/views/TMSM181AV/TMSM181AV.ts,string_functions,69
Client/xr-tmsmx/src.zip,src/views/TMSM181AV/TMSM181AV.ts,null_blank_semantics,39
Client/xr-tmsmx/src.zip,src/views/TMSM181AV/TMSM181AV.vue,sql_bind_marker,3
Client/xr-tmsmx/src.zip,src/views/TMSM181AV/TMSM181AV.vue,sql_bind_marker,12
Client/xr-tmsmx/src.zip,src/views/TMSM181AV/TMSM181AV.vue,sql_bind_marker,23
Client/xr-tmsmx/src.zip,src/views/TMSM181AV/TMSM181AV.vue,query_service_names,4
Client/xr-tmsmx/src.zip,src/views/TMSM181AV/TMSM181AV.vue,query_service_names,11
Client/xr-tmsmx/src.zip,src/views/TMSM200AV/TMSM200AV.ts,sql_keywords,121
Client/xr-tmsmx/src.zip,src/views/TMSM200AV/TMSM200AV.ts,sql_bind_marker,2
Client/xr-tmsmx/src.zip,src/views/TMSM200AV/TMSM200AV.ts,sql_generation,121
Client/xr-tmsmx/src.zip,src/views/TMSM200AV/TMSM200AV.ts,direct_client_query,123
Client/xr-tmsmx/src.zip,src/views/TMSM200AV/TMSM200AV.ts,dynamic_sql_payload,123
Client/xr-tmsmx/src.zip,src/views/TMSM200AV/TMSM200AV.ts,sql_building_extended,121
Client/xr-tmsmx/src.zip,src/views/TMSM200AV/TMSM200AV.ts,string_functions,92
Client/xr-tmsmx/src.zip,src/views/TMSM200AV/TMSM200AV.ts,string_functions,93
Client/xr-tmsmx/src.zip,src/views/TMSM200AV/TMSM200AV.ts,string_functions,95
Client/xr-tmsmx/src.zip,src/views/TMSM200AV/TMSM200AV.ts,string_functions,96
Client/xr-tmsmx/src.zip,src/views/TMSM200AV/TMSM200AV.ts,string_functions,97
Client/xr-tmsmx/src.zip,src/views/TMSM200AV/TMSM200AV.ts,string_functions,98
Client/xr-tmsmx/src.zip,src/views/TMSM200AV/TMSM200AV.ts,string_functions,99
Client/xr-tmsmx/src.zip,src/views/TMSM200AV/TMSM200AV.ts,string_functions,132
Client/xr-tmsmx/src.zip,src/views/TMSM200AV/TMSM200AV.ts,string_functions,197
Client/xr-tmsmx/src.zip,src/views/TMSM200AV/TMSM200AV.ts,string_functions,208
Client/xr-tmsmx/src.zip,src/views/TMSM200AV/TMSM200AV.ts,string_functions,211
Client/xr-tmsmx/src.zip,src/views/TMSM200AV/TMSM200AV.ts,string_functions,221
Client/xr-tmsmx/src.zip,src/views/TMSM200AV/TMSM200AV.ts,string_functions,228
Client/xr-tmsmx/src.zip,src/views/TMSM200AV/TMSM200AV.ts,string_functions,242
Client/xr-tmsmx/src.zip,src/views/TMSM200AV/TMSM200AV.ts,numeric_conversion,225
Client/xr-tmsmx/src.zip,src/views/TMSM200AV/TMSM200AV.ts,date_time_extra,159
Client/xr-tmsmx/src.zip,src/views/TMSM200AV/TMSM200AV.ts,date_time_extra,160
Client/xr-tmsmx/src.zip,src/views/TMSM200AV/TMSM200AV.ts,date_time_extra,161
Client/xr-tmsmx/src.zip,src/views/TMSM200AV/TMSM200AV.ts,date_time_extra,162
Client/xr-tmsmx/src.zip,src/views/TMSM200AV/TMSM200AV.ts,date_time_extra,163
Client/xr-tmsmx/src.zip,src/views/TMSM200AV/TMSM200AV.ts,date_time_extra,164
Client/xr-tmsmx/src.zip,src/views/TMSM200AV/TMSM200AV.ts,date_time_extra,165
Client/xr-tmsmx/src.zip,src/views/TMSM200AV/TMSM200AV.ts,date_time_extra,176
Client/xr-tmsmx/src.zip,src/views/TMSM200AV/TMSM200AV.ts,date_time_extra,177
Client/xr-tmsmx/src.zip,src/views/TMSM200AV/TMSM200AV.ts,date_time_extra,178
Client/xr-tmsmx/src.zip,src/views/TMSM200AV/TMSM200AV.ts,date_time_extra,180
Client/xr-tmsmx/src.zip,src/views/TMSM200AV/TMSM200AV.ts,date_time_extra,225
Client/xr-tmsmx/src.zip,src/views/TMSM200AV/TMSM200AV.ts,null_blank_semantics,52
Client/xr-tmsmx/src.zip,src/views/TMSM200AV/TMSM200AV.ts,null_blank_semantics,84
Client/xr-tmsmx/src.zip,src/views/TMSM200AV/TMSM200AV.ts,concat_operator,190
Client/xr-tmsmx/src.zip,src/views/TMSM200AV/TMSM200AV.ts,query_service_names,32
Client/xr-tmsmx/src.zip,src/views/TMSM200AV/TMSM200AV.vue,sql_bind_marker,3
Client/xr-tmsmx/src.zip,src/views/TMSM200AV/TMSM200AV.vue,sql_bind_marker,15
Client/xr-tmsmx/src.zip,src/views/TMSM200AV/TMSM200AV.vue,sql_bind_marker,22
Client/xr-tmsmx/src.zip,src/views/TMSM200AV/TMSM200AV.vue,sql_bind_marker,24
Client/xr-tmsmx/src.zip,src/views/TMSM200AV/TMSM200AV.vue,sql_bind_marker,32
Client/xr-tmsmx/src.zip,src/views/TMSM200AV/TMSM200AV.vue,query_service_names,6
Client/xr-tmsmx/src.zip,src/views/TMSM200AV/TMSM200AV.vue,query_service_names,14
Client/xr-tmsmx/src.zip,src/views/TMSM97AV/TMSM97AV.vue,sql_bind_marker,3
Client/xr-tmsmx/src.zip,src/views/TMSM97AV/TMSM97AV.vue,sql_bind_marker,28
Client/xr-tmsmx/src.zip,src/views/TMSM97AV/TMSM97AV.vue,sql_bind_marker,47
Client/xr-tmsmx/src.zip,src/views/TMSM97AV/TMSM97AV.vue,query_service_names,19
Client/xr-tmsmx/src.zip,src/views/TMSM97AV/TMSM97AV.vue,query_service_names,27
Client/xr-tmsmx/src.zip,src/views/TMSM97AV/TMSM97AV.vue,query_service_names,36
Client/xr-tmsmx/src.zip,src/views/TMSMADDAV/TMSMADDAV.vue,sql_bind_marker,2
Client/xr-tmsmx/src.zip,src/views/TMSMADDAV/TMSMADDAV.vue,sql_bind_marker,3
Client/xr-tmsmx/src.zip,src/views/TMSMADDAV/TMSMADDAV.vue,sql_bind_marker,4
Client/xr-tmsmx/src.zip,src/views/TMSMADDAV/TMSMADDAV.vue,sql_bind_marker,5
Client/xr-tmsmx/src.zip,src/views/TMSMADDAV/TMSMADDAV.vue,sql_bind_marker,6
Client/xr-tmsmx/src.zip,src/views/TMSMADDAV/TMSMADDAV.vue,sql_bind_marker,12
Client/xr-tmsmx/src.zip,src/views/TMSMADDAV/TMSMADDAV.vue,sql_bind_marker,13
Client/xr-tmsmx/src.zip,src/views/TMSMADDAV/TMSMADDAV.vue,sql_bind_marker,30
Client/xr-tmsmx/src.zip,src/views/TMSMADDAV/TMSMADDAV.vue,query_service_names,19
Client/xr-tmsmx/src.zip,src/views/TMSMDR/TMSMDR.ts,sql_keywords,95
Client/xr-tmsmx/src.zip,src/views/TMSMDR/TMSMDR.ts,sql_generation,95
Client/xr-tmsmx/src.zip,src/views/TMSMDR/TMSMDR.ts,direct_client_query,96
Client/xr-tmsmx/src.zip,src/views/TMSMDR/TMSMDR.ts,dynamic_sql_payload,96
Client/xr-tmsmx/src.zip,src/views/TMSMDR/TMSMDR.ts,sql_building_extended,95
Client/xr-tmsmx/src.zip,src/views/TMSMDR/TMSMDR.ts,string_functions,216
Client/xr-tmsmx/src.zip,src/views/TMSMDR/TMSMDR.ts,ordering_limit,95
Client/xr-tmsmx/src.zip,src/views/TMSMDR/TMSMDR.ts,null_blank_semantics,42
Client/xr-tmsmx/src.zip,src/views/TMSMDR/TMSMDR.ts,null_blank_semantics,48
Client/xr-tmsmx/src.zip,src/views/TMSMDR/TMSMDR.ts,query_service_names,25
Client/xr-tmsmx/src.zip,src/views/TMSMDR/TMSMDR.vue,sql_bind_marker,3
Client/xr-tmsmx/src.zip,src/views/TMSMDR/TMSMDR.vue,sql_bind_marker,6
Client/xr-tmsmx/src.zip,src/views/TMSMDR/TMSMDR.vue,sql_bind_marker,10
Client/xr-tmsmx/src.zip,src/views/TMSMDR/TMSMDR.vue,sql_bind_marker,24
Client/xr-tmsmx/src.zip,src/views/TMSMDR/TMSMDR.vue,query_service_names,9
Client/xr-tmsmx/src.zip,src/views/TMSMGT/TMSMGT.ts,concat_operator,268
Client/xr-tmsmx/src.zip,src/views/TMSMGT/TMSMGT.vue,sql_keywords,20
Client/xr-tmsmx/src.zip,src/views/TMSMGT/TMSMGT.vue,sql_keywords,62
Client/xr-tmsmx/src.zip,src/views/TMSMGT/TMSMGT.vue,sql_bind_marker,15
Client/xr-tmsmx/src.zip,src/views/TMSMGT/TMSMGT.vue,sql_bind_marker,16
Client/xr-tmsmx/src.zip,src/views/TMSMGT/TMSMGT.vue,sql_bind_marker,17
Client/xr-tmsmx/src.zip,src/views/TMSMGT/TMSMGT.vue,sql_bind_marker,18
Client/xr-tmsmx/src.zip,src/views/TMSMGT/TMSMGT.vue,sql_bind_marker,30
Client/xr-tmsmx/src.zip,src/views/TMSMGT/TMSMGT.vue,sql_bind_marker,37
Client/xr-tmsmx/src.zip,src/views/TMSMGT/TMSMGT.vue,sql_bind_marker,44
Client/xr-tmsmx/src.zip,src/views/TMSMGT/TMSMGT.vue,sql_bind_marker,52
Client/xr-tmsmx/src.zip,src/views/TMSMGT/TMSMGT.vue,sql_bind_marker,59
Client/xr-tmsmx/src.zip,src/views/TMSMGT/TMSMGT.vue,sql_bind_marker,69
Client/xr-tmsmx/src.zip,src/views/TMSMGT/TMSMGT.vue,sql_bind_marker,70
Client/xr-tmsmx/src.zip,src/views/TMSMGT/TMSMGT.vue,sql_bind_marker,71
Client/xr-tmsmx/src.zip,src/views/TMSMGT/TMSMGT.vue,sql_bind_marker,72
Client/xr-tmsmx/src.zip,src/views/TMSMGT/TMSMGT.vue,sql_bind_marker,138
Client/xr-tmsmx/src.zip,src/views/TMSMGT/TMSMGT.vue,sql_bind_marker,139
Client/xr-tmsmx/src.zip,src/views/TMSMGT/TMSMGT.vue,sql_bind_marker,140
Client/xr-tmsmx/src.zip,src/views/TMSMGT/TMSMGT.vue,sql_bind_marker,141
Client/xr-tmsmx/src.zip,src/views/TMSMGT/TMSMGT.vue,sql_bind_marker,156
Client/xr-tmsmx/src.zip,src/views/TMSMGT/TMSMGT.vue,sql_bind_marker,157
Client/xr-tmsmx/src.zip,src/views/TMSMGT/TMSMGT.vue,sql_bind_marker,158
Client/xr-tmsmx/src.zip,src/views/TMSMGT/TMSMGT.vue,sql_bind_marker,159
Client/xr-tmsmx/src.zip,src/views/TMSMGT/TMSMGT.vue,sql_bind_marker,174
Client/xr-tmsmx/src.zip,src/views/TMSMGT/TMSMGT.vue,sql_bind_marker,175
Client/xr-tmsmx/src.zip,src/views/TMSMGT/TMSMGT.vue,sql_bind_marker,176
Client/xr-tmsmx/src.zip,src/views/TMSMGT/TMSMGT.vue,sql_bind_marker,177
Client/xr-tmsmx/src.zip,src/views/TMSMGT/TMSMGT.vue,sql_bind_marker,192
Client/xr-tmsmx/src.zip,src/views/TMSMGT/TMSMGT.vue,sql_bind_marker,193
Client/xr-tmsmx/src.zip,src/views/TMSMGT/TMSMGT.vue,sql_bind_marker,194
Client/xr-tmsmx/src.zip,src/views/TMSMGT/TMSMGT.vue,sql_bind_marker,195
Client/xr-tmsmx/src.zip,src/views/TMSMGT/TMSMGT.vue,sql_bind_marker,210
Client/xr-tmsmx/src.zip,src/views/TMSMGT/TMSMGT.vue,sql_bind_marker,211
Client/xr-tmsmx/src.zip,src/views/TMSMGT/TMSMGT.vue,sql_bind_marker,212
Client/xr-tmsmx/src.zip,src/views/TMSMGT/TMSMGT.vue,sql_bind_marker,213
Client/xr-tmsmx/src.zip,src/views/TMSMGT/TMSMGT.vue,sql_bind_marker,228
Client/xr-tmsmx/src.zip,src/views/TMSMGT/TMSMGT.vue,sql_bind_marker,229
Client/xr-tmsmx/src.zip,src/views/TMSMGT/TMSMGT.vue,sql_bind_marker,230
Client/xr-tmsmx/src.zip,src/views/TMSMGT/TMSMGT.vue,sql_bind_marker,231
Client/xr-tmsmx/src.zip,src/views/TMSMGT/TMSMGT.vue,sql_bind_marker,246
Client/xr-tmsmx/src.zip,src/views/TMSMGT/TMSMGT.vue,sql_bind_marker,247
Client/xr-tmsmx/src.zip,src/views/TMSMGT/TMSMGT.vue,sql_bind_marker,248
Client/xr-tmsmx/src.zip,src/views/TMSMGT/TMSMGT.vue,sql_bind_marker,249
Client/xr-tmsmx/src.zip,src/views/TMSMGT/TMSMGT.vue,sql_bind_marker,264
Client/xr-tmsmx/src.zip,src/views/TMSMGT/TMSMGT.vue,sql_bind_marker,265
Client/xr-tmsmx/src.zip,src/views/TMSMGT/TMSMGT.vue,sql_bind_marker,266
Client/xr-tmsmx/src.zip,src/views/TMSMGT/TMSMGT.vue,sql_bind_marker,267
Client/xr-tmsmx/src.zip,src/views/TMSMGT/TMSMGT.vue,sql_bind_marker,282
Client/xr-tmsmx/src.zip,src/views/TMSMGT/TMSMGT.vue,sql_bind_marker,283
Client/xr-tmsmx/src.zip,src/views/TMSMGT/TMSMGT.vue,sql_bind_marker,284
Client/xr-tmsmx/src.zip,src/views/TMSMGT/TMSMGT.vue,sql_bind_marker,285
Client/xr-tmsmx/src.zip,src/views/TMSMGT/TMSMGT.vue,sql_bind_marker,300
Client/xr-tmsmx/src.zip,src/views/TMSMGT/TMSMGT.vue,sql_bind_marker,301
Client/xr-tmsmx/src.zip,src/views/TMSMGT/TMSMGT.vue,sql_bind_marker,302
Client/xr-tmsmx/src.zip,src/views/TMSMGT/TMSMGT.vue,sql_bind_marker,303
Client/xr-tmsmx/src.zip,src/views/TMSMGT/TMSMGT.vue,sql_bind_marker,317
Client/xr-tmsmx/src.zip,src/views/TMSMGT/TMSMGT.vue,sql_bind_marker,318
Client/xr-tmsmx/src.zip,src/views/TMSMGT/TMSMGT.vue,sql_bind_marker,319
Client/xr-tmsmx/src.zip,src/views/TMSMGT/TMSMGT.vue,sql_bind_marker,320
Client/xr-tmsmx/src.zip,src/views/TMSMGT/TMSMGT.vue,sql_bind_marker,335
Client/xr-tmsmx/src.zip,src/views/TMSMGT/TMSMGT.vue,sql_bind_marker,336
Client/xr-tmsmx/src.zip,src/views/TMSMGT/TMSMGT.vue,sql_bind_marker,337
Client/xr-tmsmx/src.zip,src/views/TMSMGT/TMSMGT.vue,sql_bind_marker,338
Client/xr-tmsmx/src.zip,src/views/TMSMGT/TMSMGT.vue,sql_bind_marker,353
Client/xr-tmsmx/src.zip,src/views/TMSMGT/TMSMGT.vue,sql_bind_marker,354
Client/xr-tmsmx/src.zip,src/views/TMSMGT/TMSMGT.vue,sql_bind_marker,355
Client/xr-tmsmx/src.zip,src/views/TMSMGT/TMSMGT.vue,sql_bind_marker,356
Client/xr-tmsmx/src.zip,src/views/TMSMGT/TMSMGT.vue,sql_bind_marker,370
Client/xr-tmsmx/src.zip,src/views/TMSMGT/TMSMGT.vue,sql_bind_marker,371
Client/xr-tmsmx/src.zip,src/views/TMSMGT/TMSMGT.vue,sql_bind_marker,372
Client/xr-tmsmx/src.zip,src/views/TMSMGT/TMSMGT.vue,sql_bind_marker,373
Client/xr-tmsmx/src.zip,src/views/TMSMGT/TMSMGT.vue,sql_bind_marker,389
Client/xr-tmsmx/src.zip,src/views/TMSMGT/TMSMGT.vue,sql_bind_marker,390
Client/xr-tmsmx/src.zip,src/views/TMSMGT/TMSMGT.vue,sql_bind_marker,391
Client/xr-tmsmx/src.zip,src/views/TMSMGT/TMSMGT.vue,sql_bind_marker,392
Client/xr-tmsmx/src.zip,src/views/TMSMGT/TMSMGT.vue,sql_bind_marker,407
Client/xr-tmsmx/src.zip,src/views/TMSMGT/TMSMGT.vue,sql_bind_marker,408
Client/xr-tmsmx/src.zip,src/views/TMSMGT/TMSMGT.vue,sql_bind_marker,409
Client/xr-tmsmx/src.zip,src/views/TMSMGT/TMSMGT.vue,sql_bind_marker,410
Client/xr-tmsmx/src.zip,src/views/TMSMGT/TMSMGT.vue,sql_bind_marker,425
Client/xr-tmsmx/src.zip,src/views/TMSMGT/TMSMGT.vue,sql_bind_marker,426
Client/xr-tmsmx/src.zip,src/views/TMSMGT/TMSMGT.vue,sql_bind_marker,427
Client/xr-tmsmx/src.zip,src/views/TMSMGT/TMSMGT.vue,sql_bind_marker,428
Client/xr-tmsmx/src.zip,src/views/TMSMGT/TMSMGT.vue,sql_bind_marker,444
Client/xr-tmsmx/src.zip,src/views/TMSMGT/TMSMGT.vue,sql_bind_marker,445
Client/xr-tmsmx/src.zip,src/views/TMSMGT/TMSMGT.vue,sql_bind_marker,446
Client/xr-tmsmx/src.zip,src/views/TMSMGT/TMSMGT.vue,sql_bind_marker,447
Client/xr-tmsmx/src.zip,src/views/TMSMGT/TMSMGT.vue,sql_bind_marker,462
Client/xr-tmsmx/src.zip,src/views/TMSMGT/TMSMGT.vue,sql_bind_marker,463
Client/xr-tmsmx/src.zip,src/views/TMSMGT/TMSMGT.vue,sql_bind_marker,464
Client/xr-tmsmx/src.zip,src/views/TMSMGT/TMSMGT.vue,sql_bind_marker,465
Client/xr-tmsmx/src.zip,src/views/TMSMGT/TMSMGT.vue,sql_bind_marker,480
Client/xr-tmsmx/src.zip,src/views/TMSMGT/TMSMGT.vue,sql_bind_marker,481
Client/xr-tmsmx/src.zip,src/views/TMSMGT/TMSMGT.vue,sql_bind_marker,482
Client/xr-tmsmx/src.zip,src/views/TMSMGT/TMSMGT.vue,sql_bind_marker,483
Client/xr-tmsmx/src.zip,src/views/TMSMGT/TMSMGT.vue,sql_bind_marker,499
Client/xr-tmsmx/src.zip,src/views/TMSMGT/TMSMGT.vue,sql_bind_marker,500
Client/xr-tmsmx/src.zip,src/views/TMSMGT/TMSMGT.vue,sql_bind_marker,501
Client/xr-tmsmx/src.zip,src/views/TMSMGT/TMSMGT.vue,sql_bind_marker,502
Client/xr-tmsmx/src.zip,src/views/TMSMGT/TMSMGT.vue,sql_bind_marker,517
Client/xr-tmsmx/src.zip,src/views/TMSMGT/TMSMGT.vue,sql_bind_marker,518
Client/xr-tmsmx/src.zip,src/views/TMSMGT/TMSMGT.vue,sql_bind_marker,519
Client/xr-tmsmx/src.zip,src/views/TMSMGT/TMSMGT.vue,sql_bind_marker,520
Client/xr-tmsmx/src.zip,src/views/TMSMGT/TMSMGT.vue,sql_bind_marker,535
Client/xr-tmsmx/src.zip,src/views/TMSMGT/TMSMGT.vue,sql_bind_marker,536
Client/xr-tmsmx/src.zip,src/views/TMSMGT/TMSMGT.vue,sql_bind_marker,537
Client/xr-tmsmx/src.zip,src/views/TMSMGT/TMSMGT.vue,sql_bind_marker,538
Client/xr-tmsmx/src.zip,src/views/TMSMGT/TMSMGT.vue,sql_bind_marker,554
Client/xr-tmsmx/src.zip,src/views/TMSMGT/TMSMGT.vue,sql_bind_marker,555
Client/xr-tmsmx/src.zip,src/views/TMSMGT/TMSMGT.vue,sql_bind_marker,556
Client/xr-tmsmx/src.zip,src/views/TMSMGT/TMSMGT.vue,sql_bind_marker,557
Client/xr-tmsmx/src.zip,src/views/TMSMGT/TMSMGT.vue,sql_bind_marker,572
Client/xr-tmsmx/src.zip,src/views/TMSMGT/TMSMGT.vue,sql_bind_marker,573
Client/xr-tmsmx/src.zip,src/views/TMSMGT/TMSMGT.vue,sql_bind_marker,574
Client/xr-tmsmx/src.zip,src/views/TMSMGT/TMSMGT.vue,sql_bind_marker,575
Client/xr-tmsmx/src.zip,src/views/TMSMGT/TMSMGT.vue,sql_bind_marker,591
Client/xr-tmsmx/src.zip,src/views/TMSMGT/TMSMGT.vue,sql_bind_marker,592
Client/xr-tmsmx/src.zip,src/views/TMSMGT/TMSMGT.vue,sql_bind_marker,593
Client/xr-tmsmx/src.zip,src/views/TMSMGT/TMSMGT.vue,sql_bind_marker,594
Client/xr-tmsmx/src.zip,src/views/TMSMGT/TMSMGT.vue,sql_bind_marker,609
Client/xr-tmsmx/src.zip,src/views/TMSMGT/TMSMGT.vue,sql_bind_marker,610
Client/xr-tmsmx/src.zip,src/views/TMSMGT/TMSMGT.vue,sql_bind_marker,611
Client/xr-tmsmx/src.zip,src/views/TMSMGT/TMSMGT.vue,sql_bind_marker,612
Client/xr-tmsmx/src.zip,src/views/TMSMGT/TMSMGT.vue,sql_bind_marker,627
Client/xr-tmsmx/src.zip,src/views/TMSMGT/TMSMGT.vue,sql_bind_marker,628
Client/xr-tmsmx/src.zip,src/views/TMSMGT/TMSMGT.vue,sql_bind_marker,629
Client/xr-tmsmx/src.zip,src/views/TMSMGT/TMSMGT.vue,sql_bind_marker,630
Client/xr-tmsmx/src.zip,src/views/TMSMGT/TMSMGT.vue,sql_bind_marker,645
Client/xr-tmsmx/src.zip,src/views/TMSMGT/TMSMGT.vue,sql_bind_marker,646
Client/xr-tmsmx/src.zip,src/views/TMSMGT/TMSMGT.vue,sql_bind_marker,647
Client/xr-tmsmx/src.zip,src/views/TMSMGT/TMSMGT.vue,sql_bind_marker,648
Client/xr-tmsmx/src.zip,src/views/TMSMGT/TMSMGT.vue,sql_bind_marker,664
Client/xr-tmsmx/src.zip,src/views/TMSMGT/TMSMGT.vue,sql_bind_marker,665
Client/xr-tmsmx/src.zip,src/views/TMSMGT/TMSMGT.vue,sql_bind_marker,666
Client/xr-tmsmx/src.zip,src/views/TMSMGT/TMSMGT.vue,sql_bind_marker,667
Client/xr-tmsmx/src.zip,src/views/TMSMGT/TMSMGT.vue,sql_bind_marker,682
Client/xr-tmsmx/src.zip,src/views/TMSMGT/TMSMGT.vue,sql_bind_marker,683
Client/xr-tmsmx/src.zip,src/views/TMSMGT/TMSMGT.vue,sql_bind_marker,684
Client/xr-tmsmx/src.zip,src/views/TMSMGT/TMSMGT.vue,sql_bind_marker,685
Client/xr-tmsmx/src.zip,src/views/TMSMGT/TMSMGT.vue,sql_bind_marker,700
Client/xr-tmsmx/src.zip,src/views/TMSMGT/TMSMGT.vue,sql_bind_marker,701
Client/xr-tmsmx/src.zip,src/views/TMSMGT/TMSMGT.vue,sql_bind_marker,702
Client/xr-tmsmx/src.zip,src/views/TMSMGT/TMSMGT.vue,sql_bind_marker,703
Client/xr-tmsmx/src.zip,src/views/TMSMGT/TMSMGT.vue,sql_bind_marker,718
Client/xr-tmsmx/src.zip,src/views/TMSMGT/TMSMGT.vue,sql_bind_marker,719
Client/xr-tmsmx/src.zip,src/views/TMSMGT/TMSMGT.vue,sql_bind_marker,720
Client/xr-tmsmx/src.zip,src/views/TMSMGT/TMSMGT.vue,sql_bind_marker,721
Client/xr-tmsmx/src.zip,src/views/TMSMGT/TMSMGT.vue,sql_bind_marker,736
Client/xr-tmsmx/src.zip,src/views/TMSMGT/TMSMGT.vue,sql_bind_marker,737
Client/xr-tmsmx/src.zip,src/views/TMSMGT/TMSMGT.vue,sql_bind_marker,738
Client/xr-tmsmx/src.zip,src/views/TMSMGT/TMSMGT.vue,sql_bind_marker,739
Client/xr-tmsmx/src.zip,src/views/TMSMGT/TMSMGT.vue,sql_bind_marker,754
Client/xr-tmsmx/src.zip,src/views/TMSMGT/TMSMGT.vue,sql_bind_marker,755
Client/xr-tmsmx/src.zip,src/views/TMSMGT/TMSMGT.vue,sql_bind_marker,756
Client/xr-tmsmx/src.zip,src/views/TMSMGT/TMSMGT.vue,sql_bind_marker,757
Client/xr-tmsmx/src.zip,src/views/TMSMGT/TMSMGT.vue,sql_bind_marker,773
Client/xr-tmsmx/src.zip,src/views/TMSMGT/TMSMGT.vue,sql_bind_marker,774
Client/xr-tmsmx/src.zip,src/views/TMSMGT/TMSMGT.vue,sql_bind_marker,775
Client/xr-tmsmx/src.zip,src/views/TMSMGT/TMSMGT.vue,sql_bind_marker,776
Client/xr-tmsmx/src.zip,src/views/TMSMGT/TMSMGT.vue,sql_bind_marker,791
Client/xr-tmsmx/src.zip,src/views/TMSMGT/TMSMGT.vue,sql_bind_marker,792
Client/xr-tmsmx/src.zip,src/views/TMSMGT/TMSMGT.vue,sql_bind_marker,793
Client/xr-tmsmx/src.zip,src/views/TMSMGT/TMSMGT.vue,sql_bind_marker,794
Client/xr-tmsmx/src.zip,src/views/TMSMGT/TMSMGT.vue,sql_bind_marker,810
Client/xr-tmsmx/src.zip,src/views/TMSMGT/TMSMGT.vue,sql_bind_marker,811
Client/xr-tmsmx/src.zip,src/views/TMSMGT/TMSMGT.vue,sql_bind_marker,812
Client/xr-tmsmx/src.zip,src/views/TMSMGT/TMSMGT.vue,sql_bind_marker,813
Client/xr-tmsmx/src.zip,src/views/TMSMGT/TMSMGT.vue,sql_bind_marker,828
Client/xr-tmsmx/src.zip,src/views/TMSMGT/TMSMGT.vue,sql_bind_marker,829
Client/xr-tmsmx/src.zip,src/views/TMSMGT/TMSMGT.vue,sql_bind_marker,830
Client/xr-tmsmx/src.zip,src/views/TMSMGT/TMSMGT.vue,sql_bind_marker,831
Client/xr-tmsmx/src.zip,src/views/TMSMGT/TMSMGT.vue,sql_bind_marker,847
Client/xr-tmsmx/src.zip,src/views/TMSMGT/TMSMGT.vue,sql_bind_marker,848
Client/xr-tmsmx/src.zip,src/views/TMSMGT/TMSMGT.vue,sql_bind_marker,849
Client/xr-tmsmx/src.zip,src/views/TMSMGT/TMSMGT.vue,sql_bind_marker,850
Client/xr-tmsmx/src.zip,src/views/TMSMGT/TMSMGT.vue,sql_bind_marker,865
Client/xr-tmsmx/src.zip,src/views/TMSMGT/TMSMGT.vue,sql_bind_marker,866
Client/xr-tmsmx/src.zip,src/views/TMSMGT/TMSMGT.vue,sql_bind_marker,867
Client/xr-tmsmx/src.zip,src/views/TMSMGT/TMSMGT.vue,sql_bind_marker,868
Client/xr-tmsmx/src.zip,src/views/TMSMGT/TMSMGT.vue,sql_bind_marker,884
Client/xr-tmsmx/src.zip,src/views/TMSMGT/TMSMGT.vue,sql_bind_marker,885
Client/xr-tmsmx/src.zip,src/views/TMSMGT/TMSMGT.vue,sql_bind_marker,886
Client/xr-tmsmx/src.zip,src/views/TMSMGT/TMSMGT.vue,sql_bind_marker,887
Client/xr-tmsmx/src.zip,src/views/TMSMGT/TMSMGT.vue,sql_bind_marker,902
Client/xr-tmsmx/src.zip,src/views/TMSMGT/TMSMGT.vue,sql_bind_marker,903
Client/xr-tmsmx/src.zip,src/views/TMSMGT/TMSMGT.vue,sql_bind_marker,904
Client/xr-tmsmx/src.zip,src/views/TMSMGT/TMSMGT.vue,sql_bind_marker,905
Client/xr-tmsmx/src.zip,src/views/TMSMGT/TMSMGT.vue,sql_bind_marker,921
Client/xr-tmsmx/src.zip,src/views/TMSMGT/TMSMGT.vue,sql_bind_marker,922
Client/xr-tmsmx/src.zip,src/views/TMSMGT/TMSMGT.vue,sql_bind_marker,923
Client/xr-tmsmx/src.zip,src/views/TMSMGT/TMSMGT.vue,sql_bind_marker,924
Client/xr-tmsmx/src.zip,src/views/TMSMGT/TMSMGT.vue,sql_bind_marker,939
Client/xr-tmsmx/src.zip,src/views/TMSMGT/TMSMGT.vue,sql_bind_marker,940
Client/xr-tmsmx/src.zip,src/views/TMSMGT/TMSMGT.vue,sql_bind_marker,941
Client/xr-tmsmx/src.zip,src/views/TMSMGT/TMSMGT.vue,sql_bind_marker,942
Client/xr-tmsmx/src.zip,src/views/TMSMGT/TMSMGT.vue,sql_bind_marker,957
Client/xr-tmsmx/src.zip,src/views/TMSMGT/TMSMGT.vue,sql_bind_marker,958
Client/xr-tmsmx/src.zip,src/views/TMSMGT/TMSMGT.vue,sql_bind_marker,959
Client/xr-tmsmx/src.zip,src/views/TMSMGT/TMSMGT.vue,sql_bind_marker,960
Client/xr-tmsmx/src.zip,src/views/TMSMGT/TMSMGT.vue,sql_bind_marker,975
Client/xr-tmsmx/src.zip,src/views/TMSMGT/TMSMGT.vue,sql_bind_marker,976
Client/xr-tmsmx/src.zip,src/views/TMSMGT/TMSMGT.vue,sql_bind_marker,977
Client/xr-tmsmx/src.zip,src/views/TMSMGT/TMSMGT.vue,sql_bind_marker,978
Client/xr-tmsmx/src.zip,src/views/TMSMGT/TMSMGT.vue,sql_bind_marker,993
Client/xr-tmsmx/src.zip,src/views/TMSMGT/TMSMGT.vue,sql_bind_marker,994
Client/xr-tmsmx/src.zip,src/views/TMSMGT/TMSMGT.vue,sql_bind_marker,995
Client/xr-tmsmx/src.zip,src/views/TMSMGT/TMSMGT.vue,sql_bind_marker,996
Client/xr-tmsmx/src.zip,src/views/TMSMGT/TMSMGT.vue,sql_bind_marker,1011
Client/xr-tmsmx/src.zip,src/views/TMSMGT/TMSMGT.vue,sql_bind_marker,1012
Client/xr-tmsmx/src.zip,src/views/TMSMGT/TMSMGT.vue,sql_bind_marker,1013
Client/xr-tmsmx/src.zip,src/views/TMSMGT/TMSMGT.vue,sql_bind_marker,1014
Client/xr-tmsmx/src.zip,src/views/TMSMGT/TMSMGT.vue,sql_bind_marker,1029
Client/xr-tmsmx/src.zip,src/views/TMSMGT/TMSMGT.vue,sql_bind_marker,1030
Client/xr-tmsmx/src.zip,src/views/TMSMGT/TMSMGT.vue,sql_bind_marker,1031
Client/xr-tmsmx/src.zip,src/views/TMSMGT/TMSMGT.vue,sql_bind_marker,1032
Client/xr-tmsmx/src.zip,src/views/TMSMGT/TMSMGT.vue,sql_bind_marker,1047
Client/xr-tmsmx/src.zip,src/views/TMSMGT/TMSMGT.vue,sql_bind_marker,1048
Client/xr-tmsmx/src.zip,src/views/TMSMGT/TMSMGT.vue,sql_bind_marker,1049
Client/xr-tmsmx/src.zip,src/views/TMSMGT/TMSMGT.vue,sql_bind_marker,1050
Client/xr-tmsmx/src.zip,src/views/TMSMGT/TMSMGT.vue,sql_bind_marker,1065
Client/xr-tmsmx/src.zip,src/views/TMSMGT/TMSMGT.vue,sql_bind_marker,1066
Client/xr-tmsmx/src.zip,src/views/TMSMGT/TMSMGT.vue,sql_bind_marker,1067
Client/xr-tmsmx/src.zip,src/views/TMSMGT/TMSMGT.vue,sql_bind_marker,1068
Client/xr-tmsmx/src.zip,src/views/TMSMGT/TMSMGT.vue,sql_bind_marker,1083
Client/xr-tmsmx/src.zip,src/views/TMSMGT/TMSMGT.vue,sql_bind_marker,1084
Client/xr-tmsmx/src.zip,src/views/TMSMGT/TMSMGT.vue,sql_bind_marker,1085
Client/xr-tmsmx/src.zip,src/views/TMSMGT/TMSMGT.vue,sql_bind_marker,1086
Client/xr-tmsmx/src.zip,src/views/TMSMGT/TMSMGT.vue,sql_bind_marker,1102
Client/xr-tmsmx/src.zip,src/views/TMSMGT/TMSMGT.vue,sql_bind_marker,1103
Client/xr-tmsmx/src.zip,src/views/TMSMGT/TMSMGT.vue,sql_bind_marker,1104
Client/xr-tmsmx/src.zip,src/views/TMSMGT/TMSMGT.vue,sql_bind_marker,1105
Client/xr-tmsmx/src.zip,src/views/TMSMGT/TMSMGT.vue,sql_bind_marker,1120
Client/xr-tmsmx/src.zip,src/views/TMSMGT/TMSMGT.vue,sql_bind_marker,1121
Client/xr-tmsmx/src.zip,src/views/TMSMGT/TMSMGT.vue,sql_bind_marker,1122
Client/xr-tmsmx/src.zip,src/views/TMSMGT/TMSMGT.vue,sql_bind_marker,1123
Client/xr-tmsmx/src.zip,src/views/TMSMGT/TMSMGT.vue,sql_bind_marker,1139
Client/xr-tmsmx/src.zip,src/views/TMSMGT/TMSMGT.vue,sql_bind_marker,1140
Client/xr-tmsmx/src.zip,src/views/TMSMGT/TMSMGT.vue,sql_bind_marker,1141
Client/xr-tmsmx/src.zip,src/views/TMSMGT/TMSMGT.vue,sql_bind_marker,1142
Client/xr-tmsmx/src.zip,src/views/TMSMGT/TMSMGT.vue,sql_bind_marker,1157
Client/xr-tmsmx/src.zip,src/views/TMSMGT/TMSMGT.vue,sql_bind_marker,1158
Client/xr-tmsmx/src.zip,src/views/TMSMGT/TMSMGT.vue,sql_bind_marker,1159
Client/xr-tmsmx/src.zip,src/views/TMSMGT/TMSMGT.vue,sql_bind_marker,1160
Client/xr-tmsmx/src.zip,src/views/TMSMGT/TMSMGT.vue,sql_bind_marker,1169
Client/xr-tmsmx/src.zip,src/views/TMSMGT/TMSMGT.vue,sql_bind_marker,1175
Client/xr-tmsmx/src.zip,src/views/TMSMGT/TMSMGT.vue,sql_bind_marker,1183
Client/xr-tmsmx/src.zip,src/views/TMSMGT/TMSMGT.vue,sql_bind_marker,1191
Client/xr-tmsmx/src.zip,src/views/TMSMGT/TMSMGT.vue,sql_bind_marker,1192
Client/xr-tmsmx/src.zip,src/views/TMSMGT/TMSMGT.vue,sql_bind_marker,1202
Client/xr-tmsmx/src.zip,src/views/TMSMGT_ADD/TMSMGT_ADD.vue,sql_bind_marker,4
Client/xr-tmsmx/src.zip,src/views/TMSMGT_ADD/TMSMGT_ADD.vue,sql_bind_marker,5
Client/xr-tmsmx/src.zip,src/views/TMSMGT_ADD/TMSMGT_ADD.vue,sql_bind_marker,9
Client/xr-tmsmx/src.zip,src/views/TMSMGT_ADD/TMSMGT_ADD.vue,sql_bind_marker,10
Client/xr-tmsmx/src.zip,src/views/TMSMGT_ADD/TMSMGT_ADD.vue,sql_bind_marker,45
Client/xr-tmsmx/src.zip,src/views/TMSMGT_ADD/TMSMGT_ADD.vue,sql_bind_marker,129
Client/xr-tmsmx/src.zip,src/views/TMSMGT_ADD/TMSMGT_ADD.vue,query_service_names,21
Client/xr-tmsmx/src.zip,src/views/TMSMGT_ADD/TMSMGT_ADD.vue,query_service_names,26
Client/xr-tmsmx/src.zip,src/views/TMSMGT_ADD/TMSMGT_ADD.vue,query_service_names,31
Client/xr-tmsmx/src.zip,src/views/TMSMGT_ADD/TMSMGT_ADD.vue,query_service_names,36
Client/xr-tmsmx/src.zip,src/views/TMSMGT_ADD/TMSMGT_ADD.vue,query_service_names,43
Client/xr-tmsmx/src.zip,src/views/TMSMGT_ADD/TMSMGT_ADD.vue,query_service_names,55
Client/xr-tmsmx/src.zip,src/views/TMSMGT_ADD/TMSMGT_ADD.vue,query_service_names,60
Client/xr-tmsmx/src.zip,src/views/TMSMGT_ADD/TMSMGT_ADD.vue,query_service_names,65
Client/xr-tmsmx/src.zip,src/views/TMSMGT_ADD/TMSMGT_ADD.vue,query_service_names,70
Client/xr-tmsmx/src.zip,src/views/TMSMGT_ADD/TMSMGT_ADD.vue,query_service_names,75
Client/xr-tmsmx/src.zip,src/views/TMSMGT_ADD/TMSMGT_ADD.vue,query_service_names,94
Client/xr-tmsmx/src.zip,src/views/TMSMGT_ADD/TMSMGT_ADD.vue,query_service_names,103
Client/xr-tmsmx/src.zip,src/views/TMSMGT_ADD/TMSMGT_ADD.vue,query_service_names,114
Client/xr-tmsmx/src.zip,src/views/TMSMGT_HANDLE/TMSMGT_HANDLE.ts,concat_operator,107
Client/xr-tmsmx/src.zip,src/views/TMSMGT_HANDLE/TMSMGT_HANDLE.vue,sql_bind_marker,4
Client/xr-tmsmx/src.zip,src/views/TMSMGT_HANDLE/TMSMGT_HANDLE.vue,sql_bind_marker,5
Client/xr-tmsmx/src.zip,src/views/TMSMGT_HANDLE/TMSMGT_HANDLE.vue,sql_bind_marker,8
Client/xr-tmsmx/src.zip,src/views/TMSMGT_HANDLE/TMSMGT_HANDLE.vue,query_service_names,56
Client/xr-tmsmx/src.zip,src/views/TMSMGT_HK/TMSMGT_HK.ts,null_blank_semantics,95
Client/xr-tmsmx/src.zip,src/views/TMSMGT_HK/TMSMGT_HK.ts,null_blank_semantics,96
Client/xr-tmsmx/src.zip,src/views/TMSMGT_HK/TMSMGT_HK.ts,null_blank_semantics,97
Client/xr-tmsmx/src.zip,src/views/TMSMGT_HK/TMSMGT_HK.ts,concat_operator,95
Client/xr-tmsmx/src.zip,src/views/TMSMGT_HK/TMSMGT_HK.ts,concat_operator,96
Client/xr-tmsmx/src.zip,src/views/TMSMGT_HK/TMSMGT_HK.ts,concat_operator,97
Client/xr-tmsmx/src.zip,src/views/TMSMGT_HK/TMSMGT_HK.ts,concat_operator,98
Client/xr-tmsmx/src.zip,src/views/TMSMGT_HK/TMSMGT_HK.ts,concat_operator,99
Client/xr-tmsmx/src.zip,src/views/TMSMGT_HK/TMSMGT_HK.vue,sql_bind_marker,2
Client/xr-tmsmx/src.zip,src/views/TMSMGT_HK/TMSMGT_HK.vue,sql_bind_marker,7
Client/xr-tmsmx/src.zip,src/views/TMSMGT_HK/TMSMGT_HK.vue,sql_bind_marker,13
Client/xr-tmsmx/src.zip,src/views/TMSMGT_HK/TMSMGT_HK.vue,sql_bind_marker,16
Client/xr-tmsmx/src.zip,src/views/TMSMGT_HK/TMSMGT_HK.vue,query_service_names,6
Client/xr-tmsmx/src.zip,src/views/TMSMGT_SHOW/TMSMGT_SHOW.ts,string_functions,53
Client/xr-tmsmx/src.zip,src/views/TMSMGT_SHOW/TMSMGT_SHOW.ts,string_functions,54
Client/xr-tmsmx/src.zip,src/views/TMSMGT_SHOW/TMSMGT_SHOW.vue,sql_bind_marker,2
Client/xr-tmsmx/src.zip,src/views/TMSMGT_SHOW/TMSMGT_SHOW.vue,sql_bind_marker,26
Client/xr-tmsmx/src.zip,src/views/TMSMGT_SHOW/TMSMGT_SHOW.vue,query_service_names,6
Client/xr-tmsmx/src.zip,src/views/TMSMGT_SHOW/TMSMGT_SHOW.vue,query_service_names,14
Client/xr-tmsmx/src.zip,src/views/TMSMGT_WX/TMSMGT_WX.ts,string_functions,91
Client/xr-tmsmx/src.zip,src/views/TMSMGT_WX/TMSMGT_WX.ts,string_functions,94
Client/xr-tmsmx/src.zip,src/views/TMSMGT_WX/TMSMGT_WX.ts,string_functions,97
Client/xr-tmsmx/src.zip,src/views/TMSMGT_WX/TMSMGT_WX.ts,null_blank_semantics,114
Client/xr-tmsmx/src.zip,src/views/TMSMGT_WX/TMSMGT_WX.ts,null_blank_semantics,115
Client/xr-tmsmx/src.zip,src/views/TMSMGT_WX/TMSMGT_WX.ts,null_blank_semantics,116
Client/xr-tmsmx/src.zip,src/views/TMSMGT_WX/TMSMGT_WX.ts,concat_operator,114
Client/xr-tmsmx/src.zip,src/views/TMSMGT_WX/TMSMGT_WX.ts,concat_operator,115
Client/xr-tmsmx/src.zip,src/views/TMSMGT_WX/TMSMGT_WX.vue,sql_bind_marker,2
Client/xr-tmsmx/src.zip,src/views/TMSMGT_WX/TMSMGT_WX.vue,sql_bind_marker,66
Client/xr-tmsmx/src.zip,src/views/TMSMGT_WX/TMSMGT_WX.vue,sql_bind_marker,71
Client/xr-tmsmx/src.zip,src/views/TMSMGT_WX/TMSMGT_WX.vue,sql_bind_marker,74
Client/xr-tmsmx/src.zip,src/views/TMSMGT_WX/TMSMGT_WX.vue,query_service_names,6
Client/xr-tmsmx/src.zip,src/views/TMSMGT_WX/TMSMGT_WX.vue,query_service_names,64
Client/xr-tmsmx/src.zip,src/views/TMSMPZ/TMSMPZ.ts,null_blank_semantics,42
Client/xr-tmsmx/src.zip,src/views/TMSMPZ/TMSMPZ.ts,null_blank_semantics,48
Client/xr-tmsmx/src.zip,src/views/TMSMPZ/TMSMPZ.ts,query_service_names,25
Client/xr-tmsmx/src.zip,src/views/TMSMPZ/TMSMPZ.ts,query_service_names,118
Client/xr-tmsmx/src.zip,src/views/TMSMPZ/TMSMPZ.ts,query_service_names,120
Client/xr-tmsmx/src.zip,src/views/TMSMPZ/TMSMPZ.ts,query_service_names,122
Client/xr-tmsmx/src.zip,src/views/TMSMPZ/TMSMPZ.ts,query_service_names,123
Client/xr-tmsmx/src.zip,src/views/TMSMPZ/TMSMPZ.ts,query_service_names,125
Client/xr-tmsmx/src.zip,src/views/TMSMPZ/TMSMPZ.vue,sql_bind_marker,3
Client/xr-tmsmx/src.zip,src/views/TMSMPZ/TMSMPZ.vue,sql_bind_marker,13
Client/xr-tmsmx/src.zip,src/views/TMSMPZ/TMSMPZ.vue,sql_bind_marker,25
Client/xr-tmsmx/src.zip,src/views/TMSMPZ/TMSMPZ.vue,sql_bind_marker,40
Client/xr-tmsmx/src.zip,src/views/TMSMPZ/TMSMPZ.vue,query_service_names,13
Client/xr-tmsmx/src.zip,src/views/TMSMPZ/TMSMPZ.vue,query_service_names,25
Client/xr-tmsmx/src.zip,src/views/TMSMQXDRS2N/TMSMQXDRS2N.ts,sql_bind_marker,3
Client/xr-tmsmx/src.zip,src/views/TMSMQXDRS2N/TMSMQXDRS2N.ts,sql_bind_marker,4
Client/xr-tmsmx/src.zip,src/views/TMSMQXDRS2N/TMSMQXDRS2N.ts,concat_operator,181
Client/xr-tmsmx/src.zip,src/views/TMSMQXDRS2N/TMSMQXDRS2N.ts,concat_operator,182
Client/xr-tmsmx/src.zip,src/views/TMSMQXDRS2N/TMSMQXDRS2N.ts,query_service_names,14
Client/xr-tmsmx/src.zip,src/views/TMSMQXDRS2N/TMSMQXDRS2N.vue,sql_bind_marker,3
Client/xr-tmsmx/src.zip,src/views/TMSMQXDRS2N/TMSMQXDRS2N.vue,sql_bind_marker,5
Client/xr-tmsmx/src.zip,src/views/TMSMQXDRS2N/TMSMQXDRS2N.vue,sql_bind_marker,16
Client/xr-tmsmx/src.zip,src/views/TMSMQXDRS2N/TMSMQXDRS2N.vue,sql_bind_marker,29
Client/xr-tmsmx/src.zip,src/views/TMSMQXDRS2N/TMSMQXDRS2N.vue,sql_bind_marker,30
Client/xr-tmsmx/src.zip,src/views/TMSMQXDRS2N/TMSMQXDRS2N.vue,sql_bind_marker,35
Client/xr-tmsmx/src.zip,src/views/TMSMQXDRS2N/TMSMQXDRS2N.vue,sql_bind_marker,46
Client/xr-tmsmx/src.zip,src/views/TMSMQXDRS2N/TMSMQXDRS2N.vue,sql_bind_marker,48
Client/xr-tmsmx/src.zip,src/views/TMSMQXDRS2N/TMSMQXDRS2N.vue,sql_bind_marker,68
Client/xr-tmsmx/src.zip,src/views/TMSMQXDRS2N/TMSMQXDRS2N.vue,date_time_extra,45
Client/xr-tmsmx/src.zip,src/views/TMSMQXDRS2N/TMSMQXDRS2N.vue,query_service_names,4
Client/xr-tmsmx/src.zip,src/views/TMSMQXDRS2N/TMSMQXDRS2N.vue,query_service_names,15
Client/xr-tmsmx/src.zip,src/views/TMSMQXDRS2N/TMSMQXDRS2N.vue,query_service_names,34
Client/xr-tmsmx/src.zip,src/views/TMSMSCS2N/TMSMSCS2N.ts,sql_bind_marker,29
Client/xr-tmsmx/src.zip,src/views/TMSMSCS2N/TMSMSCS2N.ts,model_crud,216
Client/xr-tmsmx/src.zip,src/views/TMSMSCS2N/TMSMSCS2N.ts,string_functions,181
Client/xr-tmsmx/src.zip,src/views/TMSMSCS2N/TMSMSCS2N.ts,string_functions,188
Client/xr-tmsmx/src.zip,src/views/TMSMSCS2N/TMSMSCS2N.ts,string_functions,266
Client/xr-tmsmx/src.zip,src/views/TMSMSCS2N/TMSMSCS2N.ts,concat_operator,267
Client/xr-tmsmx/src.zip,src/views/TMSMSCS2N/TMSMSCS2N.ts,concat_operator,271
Client/xr-tmsmx/src.zip,src/views/TMSMSCS2N/TMSMSCS2N.vue,sql_bind_marker,2
Client/xr-tmsmx/src.zip,src/views/TMSMSCS2N/TMSMSCS2N.vue,sql_bind_marker,3
Client/xr-tmsmx/src.zip,src/views/TMSMSCS2N/TMSMSCS2N.vue,sql_bind_marker,4
Client/xr-tmsmx/src.zip,src/views/TMSMSCS2N/TMSMSCS2N.vue,sql_bind_marker,5
Client/xr-tmsmx/src.zip,src/views/TMSMSCS2N/TMSMSCS2N.vue,sql_bind_marker,6
Client/xr-tmsmx/src.zip,src/views/TMSMSCS2N/TMSMSCS2N.vue,sql_bind_marker,10
Client/xr-tmsmx/src.zip,src/views/TMSMSCS2N/TMSMSCS2N.vue,sql_bind_marker,11
Client/xr-tmsmx/src.zip,src/views/TMSMSCS2N/TMSMSCS2N.vue,sql_bind_marker,32
Client/xr-tmsmx/src.zip,src/views/TMSMSCS2N/TMSMSCS2N.vue,sql_bind_marker,34
Client/xr-tmsmx/src.zip,src/views/TMSMSCS2N/TMSMSCS2N.vue,sql_bind_marker,39
Client/xr-tmsmx/src.zip,src/views/TMSMSCS2N/TMSMSCS2N.vue,sql_bind_marker,44
Client/xr-tmsmx/src.zip,src/views/TMSMSCS2N/TMSMSCS2N.vue,sql_bind_marker,60
Client/xr-tmsmx/src.zip,src/views/TMSMSCS2N/TMSMSCS2N.vue,query_service_names,13
Client/xr-tmsmx/src.zip,src/views/TMSMXXAV/TMSMXXAV.ts,null_blank_semantics,42
Client/xr-tmsmx/src.zip,src/views/TMSMXXAV/TMSMXXAV.ts,null_blank_semantics,48
Client/xr-tmsmx/src.zip,src/views/TMSMXXAV/TMSMXXAV.ts,null_blank_semantics,50
Client/xr-tmsmx/src.zip,src/views/TMSMXXAV/TMSMXXAV.ts,query_service_names,25
Client/xr-tmsmx/src.zip,src/views/TMSMXXAV/TMSMXXAV.ts,query_service_names,90
Client/xr-tmsmx/src.zip,src/views/TMSMXXAV/TMSMXXAV.ts,query_service_names,91
Client/xr-tmsmx/src.zip,src/views/TMSMXXAV/TMSMXXAV.ts,query_service_names,92
Client/xr-tmsmx/src.zip,src/views/TMSMXXAV/TMSMXXAV.ts,query_service_names,93
Client/xr-tmsmx/src.zip,src/views/TMSMXXAV/TMSMXXAV.ts,query_service_names,94
Client/xr-tmsmx/src.zip,src/views/TMSMXXAV/TMSMXXAV.ts,query_service_names,95
Client/xr-tmsmx/src.zip,src/views/TMSMXXAV/TMSMXXAV.ts,query_service_names,96
Client/xr-tmsmx/src.zip,src/views/TMSMXXAV/TMSMXXAV.ts,query_service_names,97
Client/xr-tmsmx/src.zip,src/views/TMSMXXAV/TMSMXXAV.ts,query_service_names,111
Client/xr-tmsmx/src.zip,src/views/TMSMXXAV/TMSMXXAV.ts,query_service_names,113
Client/xr-tmsmx/src.zip,src/views/TMSMXXAV/TMSMXXAV.ts,query_service_names,143
Client/xr-tmsmx/src.zip,src/views/TMSMXXAV/TMSMXXAV.ts,query_service_names,146
Client/xr-tmsmx/src.zip,src/views/TMSMXXAV/TMSMXXAV.ts,query_service_names,176
Client/xr-tmsmx/src.zip,src/views/TMSMXXAV/TMSMXXAV.ts,query_service_names,179
Client/xr-tmsmx/src.zip,src/views/TMSMXXAV/TMSMXXAV.ts,query_service_names,209
Client/xr-tmsmx/src.zip,src/views/TMSMXXAV/TMSMXXAV.ts,query_service_names,222
Client/xr-tmsmx/src.zip,src/views/TMSMXXAV/TMSMXXAV.ts,query_service_names,223
Client/xr-tmsmx/src.zip,src/views/TMSMXXAV/TMSMXXAV.ts,query_service_names,242
Client/xr-tmsmx/src.zip,src/views/TMSMXXAV/TMSMXXAV.ts,query_service_names,271
Client/xr-tmsmx/src.zip,src/views/TMSMXXAV/TMSMXXAV.ts,query_service_names,326
Client/xr-tmsmx/src.zip,src/views/TMSMXXAV/TMSMXXAV.ts,query_service_names,330
Client/xr-tmsmx/src.zip,src/views/TMSMXXAV/TMSMXXAV.ts,query_service_names,334
Client/xr-tmsmx/src.zip,src/views/TMSMXXAV/TMSMXXAV.ts,query_service_names,338
Client/xr-tmsmx/src.zip,src/views/TMSMXXAV/TMSMXXAV.ts,query_service_names,342
Client/xr-tmsmx/src.zip,src/views/TMSMXXAV/TMSMXXAV.ts,query_service_names,349
Client/xr-tmsmx/src.zip,src/views/TMSMXXAV/TMSMXXAV.ts,query_service_names,350
Client/xr-tmsmx/src.zip,src/views/TMSMXXAV/TMSMXXAV.ts,query_service_names,357
Client/xr-tmsmx/src.zip,src/views/TMSMXXAV/TMSMXXAV.ts,query_service_names,358
Client/xr-tmsmx/src.zip,src/views/TMSMXXAV/TMSMXXAV.ts,query_service_names,376
Client/xr-tmsmx/src.zip,src/views/TMSMXXAV/TMSMXXAV.ts,query_service_names,393
Client/xr-tmsmx/src.zip,src/views/TMSMXXAV/TMSMXXAV.ts,query_service_names,410
Client/xr-tmsmx/src.zip,src/views/TMSMXXAV/TMSMXXAV.ts,query_service_names,437
Client/xr-tmsmx/src.zip,src/views/TMSMXXAV/TMSMXXAV.ts,query_service_names,455
Client/xr-tmsmx/src.zip,src/views/TMSMXXAV/TMSMXXAV.ts,query_service_names,508
Client/xr-tmsmx/src.zip,src/views/TMSMXXAV/TMSMXXAV.ts,query_service_names,527
Client/xr-tmsmx/src.zip,src/views/TMSMXXAV/TMSMXXAV.ts,query_service_names,546
Client/xr-tmsmx/src.zip,src/views/TMSMXXAV/TMSMXXAV.ts,query_service_names,565
Client/xr-tmsmx/src.zip,src/views/TMSMXXAV/TMSMXXAV.vue,sql_bind_marker,4
Client/xr-tmsmx/src.zip,src/views/TMSMXXAV/TMSMXXAV.vue,sql_bind_marker,30
Client/xr-tmsmx/src.zip,src/views/TMSMXXAV/TMSMXXAV.vue,sql_bind_marker,43
Client/xr-tmsmx/src.zip,src/views/TMSMXXAV/TMSMXXAV.vue,sql_bind_marker,96
Client/xr-tmsmx/src.zip,src/views/TMSMXXAV/TMSMXXAV.vue,query_service_names,18
Client/xr-tmsmx/src.zip,src/views/TMSMXXAV/TMSMXXAV.vue,query_service_names,29
Client/xr-tmsmx/src.zip,src/views/TMSMXXAV/TMSMXXAV.vue,query_service_names,50
Client/xr-tmsmx/src.zip,src/views/TMSMXXAV/TMSMXXAV.vue,query_service_names,60
Client/xr-tmsmx/src.zip,src/views/TMSMXXAV/TMSMXXAV.vue,query_service_names,70
Client/xr-tmsmx/src.zip,src/views/TMSMXXAV/TMSMXXAV.vue,query_service_names,80
Client/xr-tmsmx/src.zip,src/vite-env.d.ts,sql_bind_marker,2
Client/xr-tmsmx/src.zip,src/vite-env.d.ts,sql_bind_marker,3
Client/xr-tmsmx/src.zip,src/vite-env.d.ts,sql_bind_marker,4
Client/xr-tmsmx/src.zip,src/vite-env.d.ts,sql_bind_marker,5
Client/xr-tmsmx/src.zip,src/vite-env.d.ts,sql_bind_marker,6
Client/xr-tmsmx/src.zip,src/vite-env.d.ts,sql_bind_marker,30
Client/xr-tmsmx/src.zip,src/vite-env.d.ts,sql_bind_marker,33
Client/xr-tmsmx/src.zip,src/vite-env.d.ts,sql_bind_marker,36
Client/xr-tmsmx/src.zip,src/vite-env.d.ts,sql_bind_marker,39
Client/xr-tmsmx/src.zip,src/vite-env.d.ts,sql_bind_marker,42
Client/xr-tmsmx/src.zip,src/vite-env.d.ts,sql_bind_marker,43
Client/xr-tmsmx/src/views/TMSM200AV.zip,TMSM200AV/TMSM200AV.ts,sql_keywords,126
Client/xr-tmsmx/src/views/TMSM200AV.zip,TMSM200AV/TMSM200AV.ts,sql_bind_marker,2
Client/xr-tmsmx/src/views/TMSM200AV.zip,TMSM200AV/TMSM200AV.ts,sql_generation,126
Client/xr-tmsmx/src/views/TMSM200AV.zip,TMSM200AV/TMSM200AV.ts,direct_client_query,128
Client/xr-tmsmx/src/views/TMSM200AV.zip,TMSM200AV/TMSM200AV.ts,dynamic_sql_payload,128
Client/xr-tmsmx/src/views/TMSM200AV.zip,TMSM200AV/TMSM200AV.ts,sql_building_extended,126
Client/xr-tmsmx/src/views/TMSM200AV.zip,TMSM200AV/TMSM200AV.ts,string_functions,96
Client/xr-tmsmx/src/views/TMSM200AV.zip,TMSM200AV/TMSM200AV.ts,string_functions,97
Client/xr-tmsmx/src/views/TMSM200AV.zip,TMSM200AV/TMSM200AV.ts,string_functions,99
Client/xr-tmsmx/src/views/TMSM200AV.zip,TMSM200AV/TMSM200AV.ts,string_functions,100
Client/xr-tmsmx/src/views/TMSM200AV.zip,TMSM200AV/TMSM200AV.ts,string_functions,101
Client/xr-tmsmx/src/views/TMSM200AV.zip,TMSM200AV/TMSM200AV.ts,string_functions,102
Client/xr-tmsmx/src/views/TMSM200AV.zip,TMSM200AV/TMSM200AV.ts,string_functions,103
Client/xr-tmsmx/src/views/TMSM200AV.zip,TMSM200AV/TMSM200AV.ts,string_functions,104
Client/xr-tmsmx/src/views/TMSM200AV.zip,TMSM200AV/TMSM200AV.ts,string_functions,137
Client/xr-tmsmx/src/views/TMSM200AV.zip,TMSM200AV/TMSM200AV.ts,string_functions,205
Client/xr-tmsmx/src/views/TMSM200AV.zip,TMSM200AV/TMSM200AV.ts,string_functions,216
Client/xr-tmsmx/src/views/TMSM200AV.zip,TMSM200AV/TMSM200AV.ts,string_functions,219
Client/xr-tmsmx/src/views/TMSM200AV.zip,TMSM200AV/TMSM200AV.ts,string_functions,229
Client/xr-tmsmx/src/views/TMSM200AV.zip,TMSM200AV/TMSM200AV.ts,string_functions,236
Client/xr-tmsmx/src/views/TMSM200AV.zip,TMSM200AV/TMSM200AV.ts,string_functions,250
Client/xr-tmsmx/src/views/TMSM200AV.zip,TMSM200AV/TMSM200AV.ts,numeric_conversion,233
Client/xr-tmsmx/src/views/TMSM200AV.zip,TMSM200AV/TMSM200AV.ts,date_time_extra,164
Client/xr-tmsmx/src/views/TMSM200AV.zip,TMSM200AV/TMSM200AV.ts,date_time_extra,165
Client/xr-tmsmx/src/views/TMSM200AV.zip,TMSM200AV/TMSM200AV.ts,date_time_extra,166
Client/xr-tmsmx/src/views/TMSM200AV.zip,TMSM200AV/TMSM200AV.ts,date_time_extra,167
Client/xr-tmsmx/src/views/TMSM200AV.zip,TMSM200AV/TMSM200AV.ts,date_time_extra,168
Client/xr-tmsmx/src/views/TMSM200AV.zip,TMSM200AV/TMSM200AV.ts,date_time_extra,169
Client/xr-tmsmx/src/views/TMSM200AV.zip,TMSM200AV/TMSM200AV.ts,date_time_extra,170
Client/xr-tmsmx/src/views/TMSM200AV.zip,TMSM200AV/TMSM200AV.ts,date_time_extra,181
Client/xr-tmsmx/src/views/TMSM200AV.zip,TMSM200AV/TMSM200AV.ts,date_time_extra,182
Client/xr-tmsmx/src/views/TMSM200AV.zip,TMSM200AV/TMSM200AV.ts,date_time_extra,183
Client/xr-tmsmx/src/views/TMSM200AV.zip,TMSM200AV/TMSM200AV.ts,date_time_extra,185
Client/xr-tmsmx/src/views/TMSM200AV.zip,TMSM200AV/TMSM200AV.ts,date_time_extra,233
Client/xr-tmsmx/src/views/TMSM200AV.zip,TMSM200AV/TMSM200AV.ts,null_blank_semantics,53
Client/xr-tmsmx/src/views/TMSM200AV.zip,TMSM200AV/TMSM200AV.ts,null_blank_semantics,87
Client/xr-tmsmx/src/views/TMSM200AV.zip,TMSM200AV/TMSM200AV.ts,null_blank_semantics,94
Client/xr-tmsmx/src/views/TMSM200AV.zip,TMSM200AV/TMSM200AV.ts,concat_operator,197
Client/xr-tmsmx/src/views/TMSM200AV.zip,TMSM200AV/TMSM200AV.ts,concat_operator,644
Client/xr-tmsmx/src/views/TMSM200AV.zip,TMSM200AV/TMSM200AV.ts,concat_operator,645
Client/xr-tmsmx/src/views/TMSM200AV.zip,TMSM200AV/TMSM200AV.ts,concat_operator,646
Client/xr-tmsmx/src/views/TMSM200AV.zip,TMSM200AV/TMSM200AV.ts,query_service_names,32
Client/xr-tmsmx/src/views/TMSM200AV.zip,TMSM200AV/TMSM200AV.vue,sql_bind_marker,3
Client/xr-tmsmx/src/views/TMSM200AV.zip,TMSM200AV/TMSM200AV.vue,sql_bind_marker,15
Client/xr-tmsmx/src/views/TMSM200AV.zip,TMSM200AV/TMSM200AV.vue,sql_bind_marker,16
Client/xr-tmsmx/src/views/TMSM200AV.zip,TMSM200AV/TMSM200AV.vue,sql_bind_marker,23
Client/xr-tmsmx/src/views/TMSM200AV.zip,TMSM200AV/TMSM200AV.vue,sql_bind_marker,25
Client/xr-tmsmx/src/views/TMSM200AV.zip,TMSM200AV/TMSM200AV.vue,sql_bind_marker,33
Client/xr-tmsmx/src/views/TMSM200AV.zip,TMSM200AV/TMSM200AV.vue,query_service_names,6
Client/xr-tmsmx/src/views/TMSM200AV.zip,TMSM200AV/TMSM200AV.vue,query_service_names,14
Client/xr-wmgh/src.zip,src/App.vue,sql_bind_marker,2
Client/xr-wmgh/src.zip,src/App.vue,sql_bind_marker,3
Client/xr-wmgh/src.zip,src/App.vue,sql_bind_marker,4
Client/xr-wmgh/src.zip,src/App.vue,sql_bind_marker,5
Client/xr-wmgh/src.zip,src/App.vue,sql_bind_marker,6
Client/xr-wmgh/src.zip,src/App.vue,sql_bind_marker,24
Client/xr-wmgh/src.zip,src/App.vue,query_service_names,41
Client/xr-wmgh/src.zip,src/App.vue,query_service_names,45
Client/xr-wmgh/src.zip,src/App.vue,query_service_names,50
Client/xr-wmgh/src.zip,src/App.vue,query_service_names,56
Client/xr-wmgh/src.zip,src/components/disPlayDiy/ChartCons.vue,sql_bind_marker,2
Client/xr-wmgh/src.zip,src/components/disPlayDiy/ChartCons.vue,numeric_conversion,49
Client/xr-wmgh/src.zip,src/components/disPlayDiy/ChartCons.vue,numeric_conversion,50
Client/xr-wmgh/src.zip,src/components/disPlayDiy/DisFosm.vue,sql_bind_marker,2
Client/xr-wmgh/src.zip,src/components/disPlayDiy/DisFosm.vue,sql_bind_marker,20
Client/xr-wmgh/src.zip,src/components/disPlayDiy/DisFosm.vue,sql_bind_marker,21
Client/xr-wmgh/src.zip,src/components/disPlayDiy/DisFosm.vue,sql_bind_marker,28
Client/xr-wmgh/src.zip,src/components/disPlayDiy/DisFosm.vue,sql_bind_marker,33
Client/xr-wmgh/src.zip,src/components/disPlayDiy/DisFosm.vue,sql_bind_marker,35
Client/xr-wmgh/src.zip,src/components/disPlayDiy/DisFosm.vue,sql_bind_marker,46
Client/xr-wmgh/src.zip,src/components/disPlayDiy/DisFosm.vue,sql_bind_marker,47
Client/xr-wmgh/src.zip,src/components/disPlayDiy/DisFosm.vue,sql_bind_marker,50
Client/xr-wmgh/src.zip,src/components/disPlayDiy/DisFosm.vue,sql_bind_marker,61
Client/xr-wmgh/src.zip,src/components/disPlayDiy/DisFosm.vue,string_functions,227
Client/xr-wmgh/src.zip,src/components/disPlayDiy/DisFosm.vue,numeric_conversion,161
Client/xr-wmgh/src.zip,src/components/disPlayDiy/DisFosm.vue,numeric_conversion,162
Client/xr-wmgh/src.zip,src/components/disPlayDiy/display-widget/list-widget.vue,sql_bind_marker,88
Client/xr-wmgh/src.zip,src/components/disPlayDiy/display-widget/list-widget.vue,sql_bind_marker,93
Client/xr-wmgh/src.zip,src/components/disPlayDiy/display-widget/list-widget.vue,sql_bind_marker,98
Client/xr-wmgh/src.zip,src/components/disPlayDiy/display-widget/list-widget.vue,sql_bind_marker,103
Client/xr-wmgh/src.zip,src/components/disPlayDiy/display-widget/quarter-widget.vue,sql_bind_marker,103
Client/xr-wmgh/src.zip,src/components/disPlayDiy/display-widget/quarter-widget.vue,sql_bind_marker,108
Client/xr-wmgh/src.zip,src/components/disPlayDiy/display-widget/quarter-widget.vue,sql_bind_marker,113
Client/xr-wmgh/src.zip,src/components/disPlayDiy/display-widget/quarter-widget.vue,sql_bind_marker,118
Client/xr-wmgh/src.zip,src/components/disPlayDiy/display-widget/quarter-widget.vue,null_blank_semantics,47
Client/xr-wmgh/src.zip,src/components/disPlayDiy/display-widget/single-widget.vue,sql_bind_marker,45
Client/xr-wmgh/src.zip,src/components/disPlayDiy/display-widget/single-widget.vue,sql_bind_marker,50
Client/xr-wmgh/src.zip,src/components/disPlayDiy/display-widget/single-widget.vue,sql_bind_marker,55
Client/xr-wmgh/src.zip,src/components/disPlayDiy/display-widget/single-widget.vue,sql_bind_marker,60
Client/xr-wmgh/src.zip,src/components/disPlayDiy/display-widget/steps-widget.vue,sql_bind_marker,105
Client/xr-wmgh/src.zip,src/components/disPlayDiy/display-widget/steps-widget.vue,sql_bind_marker,110
Client/xr-wmgh/src.zip,src/components/disPlayDiy/display-widget/steps-widget.vue,sql_bind_marker,115
Client/xr-wmgh/src.zip,src/components/disPlayDiy/display-widget/steps-widget.vue,sql_bind_marker,120
Client/xr-wmgh/src.zip,src/components/disPlayDiy/ListTabs.vue,sql_bind_marker,5
Client/xr-wmgh/src.zip,src/components/disPlayDiy/ListTabs.vue,sql_bind_marker,6
Client/xr-wmgh/src.zip,src/components/disPlayDiy/ListTabs.vue,config_query_framework,37
Client/xr-wmgh/src.zip,src/components/disPlayDiy/ListTabs.vue,config_query_framework,43
Client/xr-wmgh/src.zip,src/components/disPlayDiy/ListTabs.vue,config_query_framework,59
Client/xr-wmgh/src.zip,src/components/disPlayDiy/ListTabs.vue,config_query_framework,60
Client/xr-wmgh/src.zip,src/components/disPlayDiy/ListTabs.vue,numeric_conversion,72
Client/xr-wmgh/src.zip,src/components/disPlayDiy/ListTabs.vue,date_time_extra,8
Client/xr-wmgh/src.zip,src/components/diyconfig.ts,concat_operator,5
Client/xr-wmgh/src.zip,src/components/diyconfig.ts,query_service_names,3
Client/xr-wmgh/src.zip,src/components/Result/svg/unauthorized.vue,sql_bind_marker,2
Client/xr-wmgh/src.zip,src/components/Result/svg/unauthorized.vue,sql_bind_marker,3
Client/xr-wmgh/src.zip,src/components/Result/svg/unauthorized.vue,sql_bind_marker,4
Client/xr-wmgh/src.zip,src/components/Result/svg/unauthorized.vue,sql_bind_marker,5
Client/xr-wmgh/src.zip,src/components/Result/svg/unauthorized.vue,sql_bind_marker,6
Client/xr-wmgh/src.zip,src/components/RichTextEditor.vue,sql_keywords,43
Client/xr-wmgh/src.zip,src/components/RichTextEditor.vue,sql_bind_marker,7
Client/xr-wmgh/src.zip,src/components/RichTextEditor.vue,sql_bind_marker,13
Client/xr-wmgh/src.zip,src/components/RichTextEditor.vue,sql_bind_marker,16
Client/xr-wmgh/src.zip,src/components/RichTextEditor.vue,sql_bind_marker,19
Client/xr-wmgh/src.zip,src/components/RichTextEditor.vue,sql_bind_marker,20
Client/xr-wmgh/src.zip,src/components/RichTextEditor.vue,sql_generation,43
Client/xr-wmgh/src.zip,src/components/RichTextEditor.vue,direct_client_query,44
Client/xr-wmgh/src.zip,src/components/RichTextEditor.vue,dynamic_sql_payload,44
Client/xr-wmgh/src.zip,src/components/RichTextEditor.vue,sql_building_extended,43
Client/xr-wmgh/src.zip,src/components/RichTextEditor.vue,query_service_names,4
Client/xr-wmgh/src.zip,src/components/RichTextEditor.vue,query_service_names,7
Client/xr-wmgh/src.zip,src/components/RichTextEditor.vue,query_service_names,19
Client/xr-wmgh/src.zip,src/components/RichTextEditor.vue,query_service_names,68
Client/xr-wmgh/src.zip,src/components/RichTextEditor.vue,query_service_names,70
Client/xr-wmgh/src.zip,src/components/RichTextEditor.vue,query_service_names,141
Client/xr-wmgh/src.zip,src/components/RichTextEditor.vue,query_service_names,142
Client/xr-wmgh/src.zip,src/components/utils/util.ts,string_functions,138
Client/xr-wmgh/src.zip,src/components/utils/util.ts,string_functions,139
Client/xr-wmgh/src.zip,src/components/utils/util.ts,string_functions,140
Client/xr-wmgh/src.zip,src/components/utils/util.ts,null_blank_semantics,39
Client/xr-wmgh/src.zip,src/components/utils/util.ts,null_blank_semantics,61
Client/xr-wmgh/src.zip,src/components/utils/util.ts,null_blank_semantics,77
Client/xr-wmgh/src.zip,src/components/utils/util.ts,null_blank_semantics,114
Client/xr-wmgh/src.zip,src/main.ts,sql_bind_marker,2
Client/xr-wmgh/src.zip,src/main.ts,sql_bind_marker,3
Client/xr-wmgh/src.zip,src/main.ts,sql_bind_marker,4
Client/xr-wmgh/src.zip,src/main.ts,sql_bind_marker,5
Client/xr-wmgh/src.zip,src/main.ts,sql_bind_marker,6
Client/xr-wmgh/src.zip,src/main.ts,sql_bind_marker,35
Client/xr-wmgh/src.zip,src/main.ts,sql_bind_marker,158
Client/xr-wmgh/src.zip,src/main.ts,concat_operator,121
Client/xr-wmgh/src.zip,src/main.ts,concat_operator,190
Client/xr-wmgh/src.zip,src/main.ts,concat_operator,192
Client/xr-wmgh/src.zip,src/model/data.d.ts,sql_bind_marker,2
Client/xr-wmgh/src.zip,src/model/data.d.ts,sql_bind_marker,3
Client/xr-wmgh/src.zip,src/model/data.d.ts,sql_bind_marker,4
Client/xr-wmgh/src.zip,src/model/data.d.ts,sql_bind_marker,5
Client/xr-wmgh/src.zip,src/model/data.d.ts,sql_bind_marker,6
Client/xr-wmgh/src.zip,src/router/index.ts,sql_bind_marker,2
Client/xr-wmgh/src.zip,src/router/index.ts,sql_bind_marker,3
Client/xr-wmgh/src.zip,src/router/index.ts,sql_bind_marker,4
Client/xr-wmgh/src.zip,src/router/index.ts,sql_bind_marker,5
Client/xr-wmgh/src.zip,src/router/index.ts,sql_bind_marker,6
Client/xr-wmgh/src.zip,src/router/index.ts,string_functions,17
Client/xr-wmgh/src.zip,src/router/index.ts,string_functions,43
Client/xr-wmgh/src.zip,src/utils/i18n/local.zh.ts,sql_keywords,100
Client/xr-wmgh/src.zip,src/utils/i18n/local.zh.ts,sql_keywords,101
Client/xr-wmgh/src.zip,src/utils/i18n/local.zh.ts,sql_keywords,105
Client/xr-wmgh/src.zip,src/utils/i18n/local.zh.ts,sql_keywords,106
Client/xr-wmgh/src.zip,src/utils/i18n/local.zh.ts,sql_keywords,352
Client/xr-wmgh/src.zip,src/utils/i18n/local.zh.ts,sql_keywords,370
Client/xr-wmgh/src.zip,src/utils/i18n/local.zh.ts,sql_keywords,396
Client/xr-wmgh/src.zip,src/utils/i18n/local.zh.ts,sql_keywords,397
Client/xr-wmgh/src.zip,src/utils/i18n/local.zh.ts,sql_keywords,404
Client/xr-wmgh/src.zip,src/utils/i18n/local.zh.ts,sql_keywords,405
Client/xr-wmgh/src.zip,src/utils/i18n/local.zh.ts,sql_keywords,406
Client/xr-wmgh/src.zip,src/utils/i18n/local.zh.ts,group_hierarchy_window,193
Client/xr-wmgh/src.zip,src/utils/i18n/local.zh.ts,group_hierarchy_window,194
Client/xr-wmgh/src.zip,src/utils/i18n/local.zh.ts,group_hierarchy_window,230
Client/xr-wmgh/src.zip,src/utils/i18n/local.zh.ts,group_hierarchy_window,328
Client/xr-wmgh/src.zip,src/utils/theme.ts,sql_bind_marker,2
Client/xr-wmgh/src.zip,src/utils/theme.ts,sql_bind_marker,3
Client/xr-wmgh/src.zip,src/utils/theme.ts,sql_bind_marker,4
Client/xr-wmgh/src.zip,src/utils/theme.ts,sql_bind_marker,5
Client/xr-wmgh/src.zip,src/utils/theme.ts,sql_bind_marker,6
Client/xr-wmgh/src.zip,src/utils/theme.ts,concat_operator,10
Client/xr-wmgh/src.zip,src/views/404/index.vue,sql_bind_marker,2
Client/xr-wmgh/src.zip,src/views/404/index.vue,sql_bind_marker,3
Client/xr-wmgh/src.zip,src/views/404/index.vue,sql_bind_marker,4
Client/xr-wmgh/src.zip,src/views/404/index.vue,sql_bind_marker,5
Client/xr-wmgh/src.zip,src/views/404/index.vue,sql_bind_marker,6
Client/xr-wmgh/src.zip,src/views/MRBWFOSM/MRBWFOSM.ts,config_query_framework,37
Client/xr-wmgh/src.zip,src/views/MRBWFOSM/MRBWFOSM.ts,config_query_framework,79
Client/xr-wmgh/src.zip,src/views/MRBWFOSM/MRBWFOSM.ts,config_query_framework,80
Client/xr-wmgh/src.zip,src/views/MRBWFOSM/MRBWFOSM.ts,config_query_framework,82
Client/xr-wmgh/src.zip,src/views/MRBWFOSM/MRBWFOSM.ts,config_query_framework,108
Client/xr-wmgh/src.zip,src/views/MRBWFOSM/MRBWFOSM.ts,config_query_framework,109
Client/xr-wmgh/src.zip,src/views/MRBWFOSM/MRBWFOSM.ts,config_query_framework,111
Client/xr-wmgh/src.zip,src/views/MRBWFOSM/MRBWFOSM.ts,config_query_framework,136
Client/xr-wmgh/src.zip,src/views/MRBWFOSM/MRBWFOSM.vue,sql_bind_marker,2
Client/xr-wmgh/src.zip,src/views/MRBWFOSM/MRBWFOSM.vue,sql_bind_marker,8
Client/xr-wmgh/src.zip,src/views/MRBWFOSM/MRBWFOSM.vue,config_query_framework,4
Client/xr-wmgh/src.zip,src/views/MRBWGRID/MRBWGRID.vue,sql_bind_marker,6
Client/xr-wmgh/src.zip,src/views/MRBWGRID/MRBWGRID.vue,sql_bind_marker,8
Client/xr-wmgh/src.zip,src/views/MRBWSHOW/MRBWSHOW.scss,sql_bind_marker,1
Client/xr-wmgh/src.zip,src/views/MRBWSHOW/MRBWSHOW.ts,null_blank_semantics,65
Client/xr-wmgh/src.zip,src/views/MRBWSHOW/MRBWSHOW.vue,sql_bind_marker,3
Client/xr-wmgh/src.zip,src/views/MRBWSHOW/MRBWSHOW.vue,sql_bind_marker,6
Client/xr-wmgh/src.zip,src/views/MRBWSHOW/MRBWSHOW.vue,sql_bind_marker,48
Client/xr-wmgh/src.zip,src/views/WMSMCZTSCPS2N/WMSMCZTSCPS2N.scss,sql_bind_marker,53
Client/xr-wmgh/src.zip,src/views/WMSMCZTSCPS2N/WMSMCZTSCPS2N.ts,sql_keywords,145
Client/xr-wmgh/src.zip,src/views/WMSMCZTSCPS2N/WMSMCZTSCPS2N.ts,sql_keywords,153
Client/xr-wmgh/src.zip,src/views/WMSMCZTSCPS2N/WMSMCZTSCPS2N.ts,sql_keywords,160
Client/xr-wmgh/src.zip,src/views/WMSMCZTSCPS2N/WMSMCZTSCPS2N.ts,sql_bind_marker,23
Client/xr-wmgh/src.zip,src/views/WMSMCZTSCPS2N/WMSMCZTSCPS2N.ts,sql_generation,145
Client/xr-wmgh/src.zip,src/views/WMSMCZTSCPS2N/WMSMCZTSCPS2N.ts,sql_generation,153
Client/xr-wmgh/src.zip,src/views/WMSMCZTSCPS2N/WMSMCZTSCPS2N.ts,sql_generation,160
Client/xr-wmgh/src.zip,src/views/WMSMCZTSCPS2N/WMSMCZTSCPS2N.ts,direct_client_query,146
Client/xr-wmgh/src.zip,src/views/WMSMCZTSCPS2N/WMSMCZTSCPS2N.ts,direct_client_query,154
Client/xr-wmgh/src.zip,src/views/WMSMCZTSCPS2N/WMSMCZTSCPS2N.ts,direct_client_query,161
Client/xr-wmgh/src.zip,src/views/WMSMCZTSCPS2N/WMSMCZTSCPS2N.ts,dynamic_sql_payload,146
Client/xr-wmgh/src.zip,src/views/WMSMCZTSCPS2N/WMSMCZTSCPS2N.ts,dynamic_sql_payload,154
Client/xr-wmgh/src.zip,src/views/WMSMCZTSCPS2N/WMSMCZTSCPS2N.ts,dynamic_sql_payload,161
Client/xr-wmgh/src.zip,src/views/WMSMCZTSCPS2N/WMSMCZTSCPS2N.ts,sql_building_extended,145
Client/xr-wmgh/src.zip,src/views/WMSMCZTSCPS2N/WMSMCZTSCPS2N.ts,sql_building_extended,153
Client/xr-wmgh/src.zip,src/views/WMSMCZTSCPS2N/WMSMCZTSCPS2N.ts,sql_building_extended,160
Client/xr-wmgh/src.zip,src/views/WMSMCZTSCPS2N/WMSMCZTSCPS2N.ts,string_functions,123
Client/xr-wmgh/src.zip,src/views/WMSMCZTSCPS2N/WMSMCZTSCPS2N.ts,string_functions,160
Client/xr-wmgh/src.zip,src/views/WMSMCZTSCPS2N/WMSMCZTSCPS2N.ts,string_functions,167
Client/xr-wmgh/src.zip,src/views/WMSMCZTSCPS2N/WMSMCZTSCPS2N.ts,string_functions,306
Client/xr-wmgh/src.zip,src/views/WMSMCZTSCPS2N/WMSMCZTSCPS2N.ts,date_time_extra,75
Client/xr-wmgh/src.zip,src/views/WMSMCZTSCPS2N/WMSMCZTSCPS2N.ts,date_time_extra,85
Client/xr-wmgh/src.zip,src/views/WMSMCZTSCPS2N/WMSMCZTSCPS2N.ts,group_hierarchy_window,23
Client/xr-wmgh/src.zip,src/views/WMSMCZTSCPS2N/WMSMCZTSCPS2N.ts,group_hierarchy_window,33
Client/xr-wmgh/src.zip,src/views/WMSMCZTSCPS2N/WMSMCZTSCPS2N.ts,ordering_limit,160
Client/xr-wmgh/src.zip,src/views/WMSMCZTSCPS2N/WMSMCZTSCPS2N.ts,null_blank_semantics,52
Client/xr-wmgh/src.zip,src/views/WMSMCZTSCPS2N/WMSMCZTSCPS2N.ts,null_blank_semantics,55
Client/xr-wmgh/src.zip,src/views/WMSMCZTSCPS2N/WMSMCZTSCPS2N.ts,null_blank_semantics,59
Client/xr-wmgh/src.zip,src/views/WMSMCZTSCPS2N/WMSMCZTSCPS2N.ts,null_blank_semantics,60
Client/xr-wmgh/src.zip,src/views/WMSMCZTSCPS2N/WMSMCZTSCPS2N.ts,null_blank_semantics,67
Client/xr-wmgh/src.zip,src/views/WMSMCZTSCPS2N/WMSMCZTSCPS2N.ts,null_blank_semantics,225
Client/xr-wmgh/src.zip,src/views/WMSMCZTSCPS2N/WMSMCZTSCPS2N.ts,null_blank_semantics,282
Client/xr-wmgh/src.zip,src/views/WMSMCZTSCPS2N/WMSMCZTSCPS2N.ts,null_blank_semantics,283
Client/xr-wmgh/src.zip,src/views/WMSMCZTSCPS2N/WMSMCZTSCPS2N.ts,null_blank_semantics,293
Client/xr-wmgh/src.zip,src/views/WMSMCZTSCPS2N/WMSMCZTSCPS2N.ts,null_blank_semantics,294
Client/xr-wmgh/src.zip,src/views/WMSMCZTSCPS2N/WMSMCZTSCPS2N.ts,null_blank_semantics,302
Client/xr-wmgh/src.zip,src/views/WMSMCZTSCPS2N/WMSMCZTSCPS2N.ts,concat_operator,102
Client/xr-wmgh/src.zip,src/views/WMSMCZTSCPS2N/WMSMCZTSCPS2N.ts,concat_operator,167
Client/xr-wmgh/src.zip,src/views/WMSMCZTSCPS2N/WMSMCZTSCPS2N.vue,sql_keywords,11
Client/xr-wmgh/src.zip,src/views/WMSMCZTSCPS2N/WMSMCZTSCPS2N.vue,sql_keywords,14
Client/xr-wmgh/src.zip,src/views/WMSMCZTSCPS2N/WMSMCZTSCPS2N.vue,sql_keywords,18
Client/xr-wmgh/src.zip,src/views/WMSMCZTSCPS2N/WMSMCZTSCPS2N.vue,sql_keywords,23
Client/xr-wmgh/src.zip,src/views/WMSMCZTSCPS2N/WMSMCZTSCPS2N.vue,sql_bind_marker,2
Client/xr-wmgh/src.zip,src/views/WMSMCZTSCPS2N/WMSMCZTSCPS2N.vue,sql_bind_marker,5
Client/xr-wmgh/src.zip,src/views/WMSMCZTSCPS2N/WMSMCZTSCPS2N.vue,sql_bind_marker,15
Client/xr-wmgh/src.zip,src/views/WMSMCZTSCPS2N/WMSMCZTSCPS2N.vue,sql_bind_marker,19
Client/xr-wmgh/src.zip,src/views/WMSMCZTSCPS2N/WMSMCZTSCPS2N.vue,sql_bind_marker,26
Client/xr-wmgh/src.zip,src/views/WMSMCZTSCPS2N/WMSMCZTSCPS2N.vue,sql_bind_marker,33
Client/xr-wmgh/src.zip,src/views/WMSMCZTSCPS2N/WMSMCZTSCPS2N.vue,sql_bind_marker,42
Client/xr-wmgh/src.zip,src/views/WMSMCZTSCPS2N/WMSMCZTSCPS2N.vue,sql_bind_marker,43
Client/xr-wmgh/src.zip,src/views/WMSMCZTSCPS2N/WMSMCZTSCPS2N.vue,sql_bind_marker,135
Client/xr-wmgh/src.zip,src/views/WMSMCZTSCPS2N/WMSMCZTSCPS2N.vue,group_hierarchy_window,20
Client/xr-wmgh/src.zip,src/views/WMSMCZTSCPS2N/WMSMCZTSCPS2N.vue,null_blank_semantics,62
Client/xr-wmgh/src.zip,src/views/WMSMCZTSCPS2N/WMSMCZTSCPS2N.vue,null_blank_semantics,95
Client/xr-wmgh/src.zip,src/views/WMSMCZTSCPS2N/WMSMCZTSCPS2N.vue,query_service_names,3
Client/xr-wmgh/src.zip,src/views/WMSMCZTSCPS2N/WMSMCZTSCPS2N.vue,query_service_names,41
Client/xr-wmgh/src.zip,src/views/WMSMCZTSCPS2N/WMSMCZTSCPS2N.vue,query_service_names,52
Client/xr-wmgh/src.zip,src/views/WMSMCZTSS2N/WMSMCZTSS2N.scss,sql_bind_marker,53
Client/xr-wmgh/src.zip,src/views/WMSMCZTSS2N/WMSMCZTSS2N.ts,sql_keywords,142
Client/xr-wmgh/src.zip,src/views/WMSMCZTSS2N/WMSMCZTSS2N.ts,sql_keywords,150
Client/xr-wmgh/src.zip,src/views/WMSMCZTSS2N/WMSMCZTSS2N.ts,sql_keywords,157
Client/xr-wmgh/src.zip,src/views/WMSMCZTSS2N/WMSMCZTSS2N.ts,sql_keywords,285
Client/xr-wmgh/src.zip,src/views/WMSMCZTSS2N/WMSMCZTSS2N.ts,sql_keywords,286
Client/xr-wmgh/src.zip,src/views/WMSMCZTSS2N/WMSMCZTSS2N.ts,row_number_paging,285
Client/xr-wmgh/src.zip,src/views/WMSMCZTSS2N/WMSMCZTSS2N.ts,sql_bind_marker,23
Client/xr-wmgh/src.zip,src/views/WMSMCZTSS2N/WMSMCZTSS2N.ts,sql_generation,142
Client/xr-wmgh/src.zip,src/views/WMSMCZTSS2N/WMSMCZTSS2N.ts,sql_generation,150
Client/xr-wmgh/src.zip,src/views/WMSMCZTSS2N/WMSMCZTSS2N.ts,sql_generation,157
Client/xr-wmgh/src.zip,src/views/WMSMCZTSS2N/WMSMCZTSS2N.ts,sql_generation,285
Client/xr-wmgh/src.zip,src/views/WMSMCZTSS2N/WMSMCZTSS2N.ts,direct_client_query,143
Client/xr-wmgh/src.zip,src/views/WMSMCZTSS2N/WMSMCZTSS2N.ts,direct_client_query,151
Client/xr-wmgh/src.zip,src/views/WMSMCZTSS2N/WMSMCZTSS2N.ts,direct_client_query,158
Client/xr-wmgh/src.zip,src/views/WMSMCZTSS2N/WMSMCZTSS2N.ts,direct_client_query,290
Client/xr-wmgh/src.zip,src/views/WMSMCZTSS2N/WMSMCZTSS2N.ts,dynamic_sql_payload,143
Client/xr-wmgh/src.zip,src/views/WMSMCZTSS2N/WMSMCZTSS2N.ts,dynamic_sql_payload,151
Client/xr-wmgh/src.zip,src/views/WMSMCZTSS2N/WMSMCZTSS2N.ts,dynamic_sql_payload,158
Client/xr-wmgh/src.zip,src/views/WMSMCZTSS2N/WMSMCZTSS2N.ts,dynamic_sql_payload,290
Client/xr-wmgh/src.zip,src/views/WMSMCZTSS2N/WMSMCZTSS2N.ts,sql_building_extended,142
Client/xr-wmgh/src.zip,src/views/WMSMCZTSS2N/WMSMCZTSS2N.ts,sql_building_extended,150
Client/xr-wmgh/src.zip,src/views/WMSMCZTSS2N/WMSMCZTSS2N.ts,sql_building_extended,157
Client/xr-wmgh/src.zip,src/views/WMSMCZTSS2N/WMSMCZTSS2N.ts,sql_building_extended,285
Client/xr-wmgh/src.zip,src/views/WMSMCZTSS2N/WMSMCZTSS2N.ts,string_functions,120
Client/xr-wmgh/src.zip,src/views/WMSMCZTSS2N/WMSMCZTSS2N.ts,string_functions,164
Client/xr-wmgh/src.zip,src/views/WMSMCZTSS2N/WMSMCZTSS2N.ts,string_functions,250
Client/xr-wmgh/src.zip,src/views/WMSMCZTSS2N/WMSMCZTSS2N.ts,string_functions,267
Client/xr-wmgh/src.zip,src/views/WMSMCZTSS2N/WMSMCZTSS2N.ts,string_functions,274
Client/xr-wmgh/src.zip,src/views/WMSMCZTSS2N/WMSMCZTSS2N.ts,string_functions,283
Client/xr-wmgh/src.zip,src/views/WMSMCZTSS2N/WMSMCZTSS2N.ts,string_functions,384
Client/xr-wmgh/src.zip,src/views/WMSMCZTSS2N/WMSMCZTSS2N.ts,string_functions,420
Client/xr-wmgh/src.zip,src/views/WMSMCZTSS2N/WMSMCZTSS2N.ts,string_functions,437
Client/xr-wmgh/src.zip,src/views/WMSMCZTSS2N/WMSMCZTSS2N.ts,string_functions,444
Client/xr-wmgh/src.zip,src/views/WMSMCZTSS2N/WMSMCZTSS2N.ts,string_functions,530
Client/xr-wmgh/src.zip,src/views/WMSMCZTSS2N/WMSMCZTSS2N.ts,date_time_extra,72
Client/xr-wmgh/src.zip,src/views/WMSMCZTSS2N/WMSMCZTSS2N.ts,date_time_extra,82
Client/xr-wmgh/src.zip,src/views/WMSMCZTSS2N/WMSMCZTSS2N.ts,group_hierarchy_window,23
Client/xr-wmgh/src.zip,src/views/WMSMCZTSS2N/WMSMCZTSS2N.ts,group_hierarchy_window,33
Client/xr-wmgh/src.zip,src/views/WMSMCZTSS2N/WMSMCZTSS2N.ts,group_hierarchy_window,285
Client/xr-wmgh/src.zip,src/views/WMSMCZTSS2N/WMSMCZTSS2N.ts,ordering_limit,157
Client/xr-wmgh/src.zip,src/views/WMSMCZTSS2N/WMSMCZTSS2N.ts,ordering_limit,285
Client/xr-wmgh/src.zip,src/views/WMSMCZTSS2N/WMSMCZTSS2N.ts,null_blank_semantics,52
Client/xr-wmgh/src.zip,src/views/WMSMCZTSS2N/WMSMCZTSS2N.ts,null_blank_semantics,55
Client/xr-wmgh/src.zip,src/views/WMSMCZTSS2N/WMSMCZTSS2N.ts,null_blank_semantics,59
Client/xr-wmgh/src.zip,src/views/WMSMCZTSS2N/WMSMCZTSS2N.ts,null_blank_semantics,60
Client/xr-wmgh/src.zip,src/views/WMSMCZTSS2N/WMSMCZTSS2N.ts,null_blank_semantics,64
Client/xr-wmgh/src.zip,src/views/WMSMCZTSS2N/WMSMCZTSS2N.ts,null_blank_semantics,221
Client/xr-wmgh/src.zip,src/views/WMSMCZTSS2N/WMSMCZTSS2N.ts,null_blank_semantics,228
Client/xr-wmgh/src.zip,src/views/WMSMCZTSS2N/WMSMCZTSS2N.ts,null_blank_semantics,229
Client/xr-wmgh/src.zip,src/views/WMSMCZTSS2N/WMSMCZTSS2N.ts,null_blank_semantics,237
Client/xr-wmgh/src.zip,src/views/WMSMCZTSS2N/WMSMCZTSS2N.ts,null_blank_semantics,238
Client/xr-wmgh/src.zip,src/views/WMSMCZTSS2N/WMSMCZTSS2N.ts,null_blank_semantics,246
Client/xr-wmgh/src.zip,src/views/WMSMCZTSS2N/WMSMCZTSS2N.ts,null_blank_semantics,288
Client/xr-wmgh/src.zip,src/views/WMSMCZTSS2N/WMSMCZTSS2N.ts,null_blank_semantics,397
Client/xr-wmgh/src.zip,src/views/WMSMCZTSS2N/WMSMCZTSS2N.ts,null_blank_semantics,398
Client/xr-wmgh/src.zip,src/views/WMSMCZTSS2N/WMSMCZTSS2N.ts,null_blank_semantics,407
Client/xr-wmgh/src.zip,src/views/WMSMCZTSS2N/WMSMCZTSS2N.ts,null_blank_semantics,409
Client/xr-wmgh/src.zip,src/views/WMSMCZTSS2N/WMSMCZTSS2N.ts,null_blank_semantics,416
Client/xr-wmgh/src.zip,src/views/WMSMCZTSS2N/WMSMCZTSS2N.ts,concat_operator,99
Client/xr-wmgh/src.zip,src/views/WMSMCZTSS2N/WMSMCZTSS2N.ts,concat_operator,164
Client/xr-wmgh/src.zip,src/views/WMSMCZTSS2N/WMSMCZTSS2N.ts,concat_operator,267
Client/xr-wmgh/src.zip,src/views/WMSMCZTSS2N/WMSMCZTSS2N.ts,concat_operator,274
Client/xr-wmgh/src.zip,src/views/WMSMCZTSS2N/WMSMCZTSS2N.ts,concat_operator,437
Client/xr-wmgh/src.zip,src/views/WMSMCZTSS2N/WMSMCZTSS2N.ts,concat_operator,444
Client/xr-wmgh/src.zip,src/views/WMSMCZTSS2N/WMSMCZTSS2N.vue,sql_keywords,11
Client/xr-wmgh/src.zip,src/views/WMSMCZTSS2N/WMSMCZTSS2N.vue,sql_keywords,14
Client/xr-wmgh/src.zip,src/views/WMSMCZTSS2N/WMSMCZTSS2N.vue,sql_keywords,18
Client/xr-wmgh/src.zip,src/views/WMSMCZTSS2N/WMSMCZTSS2N.vue,sql_keywords,23
Client/xr-wmgh/src.zip,src/views/WMSMCZTSS2N/WMSMCZTSS2N.vue,sql_bind_marker,2
Client/xr-wmgh/src.zip,src/views/WMSMCZTSS2N/WMSMCZTSS2N.vue,sql_bind_marker,5
Client/xr-wmgh/src.zip,src/views/WMSMCZTSS2N/WMSMCZTSS2N.vue,sql_bind_marker,15
Client/xr-wmgh/src.zip,src/views/WMSMCZTSS2N/WMSMCZTSS2N.vue,sql_bind_marker,19
Client/xr-wmgh/src.zip,src/views/WMSMCZTSS2N/WMSMCZTSS2N.vue,sql_bind_marker,26
Client/xr-wmgh/src.zip,src/views/WMSMCZTSS2N/WMSMCZTSS2N.vue,sql_bind_marker,33
Client/xr-wmgh/src.zip,src/views/WMSMCZTSS2N/WMSMCZTSS2N.vue,sql_bind_marker,41
Client/xr-wmgh/src.zip,src/views/WMSMCZTSS2N/WMSMCZTSS2N.vue,sql_bind_marker,57
Client/xr-wmgh/src.zip,src/views/WMSMCZTSS2N/WMSMCZTSS2N.vue,sql_bind_marker,129
Client/xr-wmgh/src.zip,src/views/WMSMCZTSS2N/WMSMCZTSS2N.vue,group_hierarchy_window,20
Client/xr-wmgh/src.zip,src/views/WMSMCZTSS2N/WMSMCZTSS2N.vue,null_blank_semantics,59
Client/xr-wmgh/src.zip,src/views/WMSMCZTSS2N/WMSMCZTSS2N.vue,null_blank_semantics,89
Client/xr-wmgh/src.zip,src/views/WMSMCZTSS2N/WMSMCZTSS2N.vue,query_service_names,3
Client/xr-wmgh/src.zip,src/views/WMSMCZTSS2N/WMSMCZTSS2N.vue,query_service_names,40
Client/xr-wmgh/src.zip,src/views/WMSMCZTSS2N/WMSMCZTSS2N.vue,query_service_names,49
Client/xr-wmgh/src.zip,src/views/WMSMCZTSYLS2N/WMSMCZTSYLS2N.scss,sql_bind_marker,64
Client/xr-wmgh/src.zip,src/views/WMSMCZTSYLS2N/WMSMCZTSYLS2N.ts,sql_keywords,146
Client/xr-wmgh/src.zip,src/views/WMSMCZTSYLS2N/WMSMCZTSYLS2N.ts,sql_keywords,154
Client/xr-wmgh/src.zip,src/views/WMSMCZTSYLS2N/WMSMCZTSYLS2N.ts,sql_keywords,161
Client/xr-wmgh/src.zip,src/views/WMSMCZTSYLS2N/WMSMCZTSYLS2N.ts,sql_bind_marker,23
Client/xr-wmgh/src.zip,src/views/WMSMCZTSYLS2N/WMSMCZTSYLS2N.ts,sql_generation,146
Client/xr-wmgh/src.zip,src/views/WMSMCZTSYLS2N/WMSMCZTSYLS2N.ts,sql_generation,154
Client/xr-wmgh/src.zip,src/views/WMSMCZTSYLS2N/WMSMCZTSYLS2N.ts,sql_generation,161
Client/xr-wmgh/src.zip,src/views/WMSMCZTSYLS2N/WMSMCZTSYLS2N.ts,direct_client_query,147
Client/xr-wmgh/src.zip,src/views/WMSMCZTSYLS2N/WMSMCZTSYLS2N.ts,direct_client_query,155
Client/xr-wmgh/src.zip,src/views/WMSMCZTSYLS2N/WMSMCZTSYLS2N.ts,direct_client_query,162
Client/xr-wmgh/src.zip,src/views/WMSMCZTSYLS2N/WMSMCZTSYLS2N.ts,dynamic_sql_payload,147
Client/xr-wmgh/src.zip,src/views/WMSMCZTSYLS2N/WMSMCZTSYLS2N.ts,dynamic_sql_payload,155
Client/xr-wmgh/src.zip,src/views/WMSMCZTSYLS2N/WMSMCZTSYLS2N.ts,dynamic_sql_payload,162
Client/xr-wmgh/src.zip,src/views/WMSMCZTSYLS2N/WMSMCZTSYLS2N.ts,sql_building_extended,146
Client/xr-wmgh/src.zip,src/views/WMSMCZTSYLS2N/WMSMCZTSYLS2N.ts,sql_building_extended,154
Client/xr-wmgh/src.zip,src/views/WMSMCZTSYLS2N/WMSMCZTSYLS2N.ts,sql_building_extended,161
Client/xr-wmgh/src.zip,src/views/WMSMCZTSYLS2N/WMSMCZTSYLS2N.ts,string_functions,124
Client/xr-wmgh/src.zip,src/views/WMSMCZTSYLS2N/WMSMCZTSYLS2N.ts,string_functions,161
Client/xr-wmgh/src.zip,src/views/WMSMCZTSYLS2N/WMSMCZTSYLS2N.ts,string_functions,168
Client/xr-wmgh/src.zip,src/views/WMSMCZTSYLS2N/WMSMCZTSYLS2N.ts,string_functions,307
Client/xr-wmgh/src.zip,src/views/WMSMCZTSYLS2N/WMSMCZTSYLS2N.ts,date_time_extra,76
Client/xr-wmgh/src.zip,src/views/WMSMCZTSYLS2N/WMSMCZTSYLS2N.ts,date_time_extra,86
Client/xr-wmgh/src.zip,src/views/WMSMCZTSYLS2N/WMSMCZTSYLS2N.ts,group_hierarchy_window,23
Client/xr-wmgh/src.zip,src/views/WMSMCZTSYLS2N/WMSMCZTSYLS2N.ts,group_hierarchy_window,33
Client/xr-wmgh/src.zip,src/views/WMSMCZTSYLS2N/WMSMCZTSYLS2N.ts,ordering_limit,161
Client/xr-wmgh/src.zip,src/views/WMSMCZTSYLS2N/WMSMCZTSYLS2N.ts,null_blank_semantics,52
Client/xr-wmgh/src.zip,src/views/WMSMCZTSYLS2N/WMSMCZTSYLS2N.ts,null_blank_semantics,55
Client/xr-wmgh/src.zip,src/views/WMSMCZTSYLS2N/WMSMCZTSYLS2N.ts,null_blank_semantics,59
Client/xr-wmgh/src.zip,src/views/WMSMCZTSYLS2N/WMSMCZTSYLS2N.ts,null_blank_semantics,60
Client/xr-wmgh/src.zip,src/views/WMSMCZTSYLS2N/WMSMCZTSYLS2N.ts,null_blank_semantics,68
Client/xr-wmgh/src.zip,src/views/WMSMCZTSYLS2N/WMSMCZTSYLS2N.ts,null_blank_semantics,226
Client/xr-wmgh/src.zip,src/views/WMSMCZTSYLS2N/WMSMCZTSYLS2N.ts,null_blank_semantics,283
Client/xr-wmgh/src.zip,src/views/WMSMCZTSYLS2N/WMSMCZTSYLS2N.ts,null_blank_semantics,284
Client/xr-wmgh/src.zip,src/views/WMSMCZTSYLS2N/WMSMCZTSYLS2N.ts,null_blank_semantics,294
Client/xr-wmgh/src.zip,src/views/WMSMCZTSYLS2N/WMSMCZTSYLS2N.ts,null_blank_semantics,295
Client/xr-wmgh/src.zip,src/views/WMSMCZTSYLS2N/WMSMCZTSYLS2N.ts,null_blank_semantics,303
Client/xr-wmgh/src.zip,src/views/WMSMCZTSYLS2N/WMSMCZTSYLS2N.ts,concat_operator,103
Client/xr-wmgh/src.zip,src/views/WMSMCZTSYLS2N/WMSMCZTSYLS2N.ts,concat_operator,168
Client/xr-wmgh/src.zip,src/views/WMSMCZTSYLS2N/WMSMCZTSYLS2N.vue,sql_keywords,11
Client/xr-wmgh/src.zip,src/views/WMSMCZTSYLS2N/WMSMCZTSYLS2N.vue,sql_keywords,14
Client/xr-wmgh/src.zip,src/views/WMSMCZTSYLS2N/WMSMCZTSYLS2N.vue,sql_keywords,18
Client/xr-wmgh/src.zip,src/views/WMSMCZTSYLS2N/WMSMCZTSYLS2N.vue,sql_keywords,23
Client/xr-wmgh/src.zip,src/views/WMSMCZTSYLS2N/WMSMCZTSYLS2N.vue,sql_bind_marker,2
Client/xr-wmgh/src.zip,src/views/WMSMCZTSYLS2N/WMSMCZTSYLS2N.vue,sql_bind_marker,5
Client/xr-wmgh/src.zip,src/views/WMSMCZTSYLS2N/WMSMCZTSYLS2N.vue,sql_bind_marker,15
Client/xr-wmgh/src.zip,src/views/WMSMCZTSYLS2N/WMSMCZTSYLS2N.vue,sql_bind_marker,19
Client/xr-wmgh/src.zip,src/views/WMSMCZTSYLS2N/WMSMCZTSYLS2N.vue,sql_bind_marker,26
Client/xr-wmgh/src.zip,src/views/WMSMCZTSYLS2N/WMSMCZTSYLS2N.vue,sql_bind_marker,33
Client/xr-wmgh/src.zip,src/views/WMSMCZTSYLS2N/WMSMCZTSYLS2N.vue,sql_bind_marker,42
Client/xr-wmgh/src.zip,src/views/WMSMCZTSYLS2N/WMSMCZTSYLS2N.vue,sql_bind_marker,43
Client/xr-wmgh/src.zip,src/views/WMSMCZTSYLS2N/WMSMCZTSYLS2N.vue,sql_bind_marker,100
Client/xr-wmgh/src.zip,src/views/WMSMCZTSYLS2N/WMSMCZTSYLS2N.vue,group_hierarchy_window,20
Client/xr-wmgh/src.zip,src/views/WMSMCZTSYLS2N/WMSMCZTSYLS2N.vue,null_blank_semantics,59
Client/xr-wmgh/src.zip,src/views/WMSMCZTSYLS2N/WMSMCZTSYLS2N.vue,query_service_names,3
Client/xr-wmgh/src.zip,src/views/WMSMCZTSYLS2N/WMSMCZTSYLS2N.vue,query_service_names,41
Client/xr-wmgh/src.zip,src/views/WMSMCZTSYLS2N/WMSMCZTSYLS2N.vue,query_service_names,52
Client/xr-wmgh/src.zip,src/views/WMSMFOSM/WMSMFOSM.scss,sql_bind_marker,1
Client/xr-wmgh/src.zip,src/views/WMSMFOSM/WMSMFOSM.vue,sql_bind_marker,2
Client/xr-wmgh/src.zip,src/views/WMSMFOSM/WMSMFOSM.vue,sql_bind_marker,3
Client/xr-wmgh/src.zip,src/views/WMSMFOSM/WMSMFOSM.vue,sql_bind_marker,48
Client/xr-wmgh/src.zip,src/views/WMSMFOSMC/WMSMFOSMC.scss,sql_bind_marker,1
Client/xr-wmgh/src.zip,src/views/WMSMFOSMC/WMSMFOSMC.scss,sql_bind_marker,6
Client/xr-wmgh/src.zip,src/views/WMSMFOSMC/WMSMFOSMC.scss,sql_bind_marker,11
Client/xr-wmgh/src.zip,src/views/WMSMFOSMC/WMSMFOSMC.scss,sql_bind_marker,16
Client/xr-wmgh/src.zip,src/views/WMSMFOSMC/WMSMFOSMC.ts,string_functions,460
Client/xr-wmgh/src.zip,src/views/WMSMFOSMC/WMSMFOSMC.ts,string_functions,461
Client/xr-wmgh/src.zip,src/views/WMSMFOSMC/WMSMFOSMC.ts,string_functions,462
Client/xr-wmgh/src.zip,src/views/WMSMFOSMC/WMSMFOSMC.ts,numeric_conversion,320
Client/xr-wmgh/src.zip,src/views/WMSMFOSMC/WMSMFOSMC.ts,numeric_conversion,334
Client/xr-wmgh/src.zip,src/views/WMSMFOSMC/WMSMFOSMC.ts,numeric_conversion,335
Client/xr-wmgh/src.zip,src/views/WMSMFOSMC/WMSMFOSMC.ts,numeric_conversion,336
Client/xr-wmgh/src.zip,src/views/WMSMFOSMC/WMSMFOSMC.ts,numeric_conversion,337
Client/xr-wmgh/src.zip,src/views/WMSMFOSMC/WMSMFOSMC.ts,numeric_conversion,387
Client/xr-wmgh/src.zip,src/views/WMSMFOSMC/WMSMFOSMC.ts,numeric_conversion,401
Client/xr-wmgh/src.zip,src/views/WMSMFOSMC/WMSMFOSMC.ts,numeric_conversion,402
Client/xr-wmgh/src.zip,src/views/WMSMFOSMC/WMSMFOSMC.ts,numeric_conversion,403
Client/xr-wmgh/src.zip,src/views/WMSMFOSMC/WMSMFOSMC.ts,numeric_conversion,404
Client/xr-wmgh/src.zip,src/views/WMSMFOSMC/WMSMFOSMC.vue,sql_bind_marker,180
Client/xr-wmgh/src.zip,src/views/WMSMFOSMQ/WMSMFOSMQ.scss,sql_bind_marker,1
Client/xr-wmgh/src.zip,src/views/WMSMFOSMQ/WMSMFOSMQ.scss,sql_bind_marker,6
Client/xr-wmgh/src.zip,src/views/WMSMFOSMQ/WMSMFOSMQ.scss,sql_bind_marker,11
Client/xr-wmgh/src.zip,src/views/WMSMFOSMQ/WMSMFOSMQ.scss,sql_bind_marker,16
Client/xr-wmgh/src.zip,src/views/WMSMFOSMQ/WMSMFOSMQ.ts,numeric_conversion,126
Client/xr-wmgh/src.zip,src/views/WMSMFOSMQ/WMSMFOSMQ.ts,numeric_conversion,146
Client/xr-wmgh/src.zip,src/views/WMSMFOSMQ/WMSMFOSMQ.ts,numeric_conversion,164
Client/xr-wmgh/src.zip,src/views/WMSMFOSMQ/WMSMFOSMQ.ts,numeric_conversion,165
Client/xr-wmgh/src.zip,src/views/WMSMFOSMQ/WMSMFOSMQ.ts,numeric_conversion,166
Client/xr-wmgh/src.zip,src/views/WMSMFOSMQ/WMSMFOSMQ.ts,numeric_conversion,167
Client/xr-wmgh/src.zip,src/views/WMSMFOSMQ/WMSMFOSMQ.ts,numeric_conversion,206
Client/xr-wmgh/src.zip,src/views/WMSMFOSMQ/WMSMFOSMQ.ts,numeric_conversion,223
Client/xr-wmgh/src.zip,src/views/WMSMFOSMQ/WMSMFOSMQ.ts,numeric_conversion,224
Client/xr-wmgh/src.zip,src/views/WMSMFOSMQ/WMSMFOSMQ.ts,numeric_conversion,225
Client/xr-wmgh/src.zip,src/views/WMSMFOSMQ/WMSMFOSMQ.ts,numeric_conversion,226
Client/xr-wmgh/src.zip,src/views/WMSMFOSMQ/WMSMFOSMQ.ts,numeric_conversion,265
Client/xr-wmgh/src.zip,src/views/WMSMFOSMQ/WMSMFOSMQ.ts,numeric_conversion,282
Client/xr-wmgh/src.zip,src/views/WMSMFOSMQ/WMSMFOSMQ.ts,numeric_conversion,283
Client/xr-wmgh/src.zip,src/views/WMSMFOSMQ/WMSMFOSMQ.ts,numeric_conversion,284
Client/xr-wmgh/src.zip,src/views/WMSMFOSMQ/WMSMFOSMQ.ts,numeric_conversion,285
Client/xr-wmgh/src.zip,src/views/WMSMFOSMQ/WMSMFOSMQ.vue,sql_bind_marker,125
Client/xr-wmgh/src.zip,src/views/WMSMFOSMS/WMSMFOSMS.scss,sql_bind_marker,1
Client/xr-wmgh/src.zip,src/views/WMSMFOSMS/WMSMFOSMS.scss,sql_bind_marker,6
Client/xr-wmgh/src.zip,src/views/WMSMFOSMS/WMSMFOSMS.scss,sql_bind_marker,11
Client/xr-wmgh/src.zip,src/views/WMSMFOSMS/WMSMFOSMS.scss,sql_bind_marker,16
Client/xr-wmgh/src.zip,src/views/WMSMFOSMS/WMSMFOSMS.ts,string_functions,298
Client/xr-wmgh/src.zip,src/views/WMSMFOSMS/WMSMFOSMS.ts,string_functions,299
Client/xr-wmgh/src.zip,src/views/WMSMFOSMS/WMSMFOSMS.ts,string_functions,300
Client/xr-wmgh/src.zip,src/views/WMSMFOSMS/WMSMFOSMS.vue,sql_bind_marker,304
Client/xr-wmgh/src.zip,src/views/WMSMGCLRS2N/WMSMGCLRS2N.ts,sql_keywords,99
Client/xr-wmgh/src.zip,src/views/WMSMGCLRS2N/WMSMGCLRS2N.ts,sql_generation,99
Client/xr-wmgh/src.zip,src/views/WMSMGCLRS2N/WMSMGCLRS2N.ts,direct_client_query,101
Client/xr-wmgh/src.zip,src/views/WMSMGCLRS2N/WMSMGCLRS2N.ts,dynamic_sql_payload,101
Client/xr-wmgh/src.zip,src/views/WMSMGCLRS2N/WMSMGCLRS2N.ts,sql_building_extended,99
Client/xr-wmgh/src.zip,src/views/WMSMGCLRS2N/WMSMGCLRS2N.ts,string_functions,56
Client/xr-wmgh/src.zip,src/views/WMSMGCLRS2N/WMSMGCLRS2N.ts,string_functions,108
Client/xr-wmgh/src.zip,src/views/WMSMGCLRS2N/WMSMGCLRS2N.ts,string_functions,112
Client/xr-wmgh/src.zip,src/views/WMSMGCLRS2N/WMSMGCLRS2N.ts,string_functions,116
Client/xr-wmgh/src.zip,src/views/WMSMGCLRS2N/WMSMGCLRS2N.ts,null_blank_semantics,108
Client/xr-wmgh/src.zip,src/views/WMSMGCLRS2N/WMSMGCLRS2N.ts,null_blank_semantics,112
Client/xr-wmgh/src.zip,src/views/WMSMGCLRS2N/WMSMGCLRS2N.ts,null_blank_semantics,116
Client/xr-wmgh/src.zip,src/views/WMSMGCLRS2N/WMSMGCLRS2N.vue,sql_bind_marker,2
Client/xr-wmgh/src.zip,src/views/WMSMGCLRS2N/WMSMGCLRS2N.vue,sql_bind_marker,7
Client/xr-wmgh/src.zip,src/views/WMSMGCLRS2N/WMSMGCLRS2N.vue,sql_bind_marker,17
Client/xr-wmgh/src.zip,src/views/WMSMGCLRS2N/WMSMGCLRS2N.vue,query_service_names,3
Client/xr-wmgh/src.zip,src/views/WMSMYRYS2N/WMSMYRYS2N.ts,sql_bind_marker,12
Client/xr-wmgh/src.zip,src/views/WMSMYRYS2N/WMSMYRYS2N.ts,string_functions,344
Client/xr-wmgh/src.zip,src/views/WMSMYRYS2N/WMSMYRYS2N.ts,string_functions,345
Client/xr-wmgh/src.zip,src/views/WMSMYRYS2N/WMSMYRYS2N.ts,string_functions,346
Client/xr-wmgh/src.zip,src/views/WMSMYRYS2N/WMSMYRYS2N.ts,string_functions,347
Client/xr-wmgh/src.zip,src/views/WMSMYRYS2N/WMSMYRYS2N.ts,string_functions,348
Client/xr-wmgh/src.zip,src/views/WMSMYRYS2N/WMSMYRYS2N.ts,string_functions,349
Client/xr-wmgh/src.zip,src/views/WMSMYRYS2N/WMSMYRYS2N.ts,string_functions,414
Client/xr-wmgh/src.zip,src/views/WMSMYRYS2N/WMSMYRYS2N.ts,string_functions,415
Client/xr-wmgh/src.zip,src/views/WMSMYRYS2N/WMSMYRYS2N.ts,string_functions,634
Client/xr-wmgh/src.zip,src/views/WMSMYRYS2N/WMSMYRYS2N.ts,string_functions,635
Client/xr-wmgh/src.zip,src/views/WMSMYRYS2N/WMSMYRYS2N.ts,string_functions,636
Client/xr-wmgh/src.zip,src/views/WMSMYRYS2N/WMSMYRYS2N.ts,string_functions,637
Client/xr-wmgh/src.zip,src/views/WMSMYRYS2N/WMSMYRYS2N.ts,string_functions,638
Client/xr-wmgh/src.zip,src/views/WMSMYRYS2N/WMSMYRYS2N.ts,string_functions,639
Client/xr-wmgh/src.zip,src/views/WMSMYRYS2N/WMSMYRYS2N.ts,string_functions,823
Client/xr-wmgh/src.zip,src/views/WMSMYRYS2N/WMSMYRYS2N.ts,date_time_extra,344
Client/xr-wmgh/src.zip,src/views/WMSMYRYS2N/WMSMYRYS2N.ts,date_time_extra,345
Client/xr-wmgh/src.zip,src/views/WMSMYRYS2N/WMSMYRYS2N.ts,date_time_extra,346
Client/xr-wmgh/src.zip,src/views/WMSMYRYS2N/WMSMYRYS2N.ts,date_time_extra,347
Client/xr-wmgh/src.zip,src/views/WMSMYRYS2N/WMSMYRYS2N.ts,date_time_extra,348
Client/xr-wmgh/src.zip,src/views/WMSMYRYS2N/WMSMYRYS2N.ts,date_time_extra,349
Client/xr-wmgh/src.zip,src/views/WMSMYRYS2N/WMSMYRYS2N.ts,date_time_extra,352
Client/xr-wmgh/src.zip,src/views/WMSMYRYS2N/WMSMYRYS2N.ts,date_time_extra,357
Client/xr-wmgh/src.zip,src/views/WMSMYRYS2N/WMSMYRYS2N.ts,date_time_extra,358
Client/xr-wmgh/src.zip,src/views/WMSMYRYS2N/WMSMYRYS2N.ts,date_time_extra,359
Client/xr-wmgh/src.zip,src/views/WMSMYRYS2N/WMSMYRYS2N.ts,date_time_extra,360
Client/xr-wmgh/src.zip,src/views/WMSMYRYS2N/WMSMYRYS2N.ts,date_time_extra,361
Client/xr-wmgh/src.zip,src/views/WMSMYRYS2N/WMSMYRYS2N.ts,date_time_extra,362
Client/xr-wmgh/src.zip,src/views/WMSMYRYS2N/WMSMYRYS2N.ts,date_time_extra,364
Client/xr-wmgh/src.zip,src/views/WMSMYRYS2N/WMSMYRYS2N.ts,date_time_extra,634
Client/xr-wmgh/src.zip,src/views/WMSMYRYS2N/WMSMYRYS2N.ts,date_time_extra,635
Client/xr-wmgh/src.zip,src/views/WMSMYRYS2N/WMSMYRYS2N.ts,date_time_extra,636
Client/xr-wmgh/src.zip,src/views/WMSMYRYS2N/WMSMYRYS2N.ts,date_time_extra,637
Client/xr-wmgh/src.zip,src/views/WMSMYRYS2N/WMSMYRYS2N.ts,date_time_extra,638
Client/xr-wmgh/src.zip,src/views/WMSMYRYS2N/WMSMYRYS2N.ts,date_time_extra,639
Client/xr-wmgh/src.zip,src/views/WMSMYRYS2N/WMSMYRYS2N.ts,date_time_extra,642
Client/xr-wmgh/src.zip,src/views/WMSMYRYS2N/WMSMYRYS2N.ts,null_blank_semantics,35
Client/xr-wmgh/src.zip,src/views/WMSMYRYS2N/WMSMYRYS2N.ts,null_blank_semantics,57
Client/xr-wmgh/src.zip,src/views/WMSMYRYS2N/WMSMYRYS2N.ts,null_blank_semantics,59
Client/xr-wmgh/src.zip,src/views/WMSMYRYS2N/WMSMYRYS2N.ts,null_blank_semantics,60
Client/xr-wmgh/src.zip,src/views/WMSMYRYS2N/WMSMYRYS2N.ts,null_blank_semantics,62
Client/xr-wmgh/src.zip,src/views/WMSMYRYS2N/WMSMYRYS2N.ts,null_blank_semantics,64
Client/xr-wmgh/src.zip,src/views/WMSMYRYS2N/WMSMYRYS2N.ts,null_blank_semantics,65
Client/xr-wmgh/src.zip,src/views/WMSMYRYS2N/WMSMYRYS2N.ts,null_blank_semantics,679
Client/xr-wmgh/src.zip,src/views/WMSMYRYS2N/WMSMYRYS2N.ts,null_blank_semantics,680
Client/xr-wmgh/src.zip,src/views/WMSMYRYS2N/WMSMYRYS2N.ts,null_blank_semantics,681
Client/xr-wmgh/src.zip,src/views/WMSMYRYS2N/WMSMYRYS2N.ts,null_blank_semantics,682
Client/xr-wmgh/src.zip,src/views/WMSMYRYS2N/WMSMYRYS2N.ts,null_blank_semantics,683
Client/xr-wmgh/src.zip,src/views/WMSMYRYS2N/WMSMYRYS2N.ts,null_blank_semantics,684
Client/xr-wmgh/src.zip,src/views/WMSMYRYS2N/WMSMYRYS2N.ts,null_blank_semantics,741
Client/xr-wmgh/src.zip,src/views/WMSMYRYS2N/WMSMYRYS2N.ts,null_blank_semantics,742
Client/xr-wmgh/src.zip,src/views/WMSMYRYS2N/WMSMYRYS2N.ts,null_blank_semantics,743
Client/xr-wmgh/src.zip,src/views/WMSMYRYS2N/WMSMYRYS2N.ts,null_blank_semantics,744
Client/xr-wmgh/src.zip,src/views/WMSMYRYS2N/WMSMYRYS2N.ts,null_blank_semantics,745
Client/xr-wmgh/src.zip,src/views/WMSMYRYS2N/WMSMYRYS2N.ts,null_blank_semantics,746
Client/xr-wmgh/src.zip,src/views/WMSMYRYS2N/WMSMYRYS2N.ts,null_blank_semantics,747
Client/xr-wmgh/src.zip,src/views/WMSMYRYS2N/WMSMYRYS2N.ts,null_blank_semantics,748
Client/xr-wmgh/src.zip,src/views/WMSMYRYS2N/WMSMYRYS2N.ts,null_blank_semantics,749
Client/xr-wmgh/src.zip,src/views/WMSMYRYS2N/WMSMYRYS2N.ts,null_blank_semantics,823
Client/xr-wmgh/src.zip,src/views/WMSMYRYS2N/WMSMYRYS2N.ts,concat_operator,338
Client/xr-wmgh/src.zip,src/views/WMSMYRYS2N/WMSMYRYS2N.ts,concat_operator,628
Client/xr-wmgh/src.zip,src/views/WMSMYRYS2N/WMSMYRYS2N.ts,concat_operator,823
Client/xr-wmgh/src.zip,src/views/WMSMYRYS2N/WMSMYRYS2N.ts,query_service_names,89
Client/xr-wmgh/src.zip,src/views/WMSMYRYS2N/WMSMYRYS2N.ts,query_service_names,90
Client/xr-wmgh/src.zip,src/views/WMSMYRYS2N/WMSMYRYS2N.ts,query_service_names,95
Client/xr-wmgh/src.zip,src/views/WMSMYRYS2N/WMSMYRYS2N.ts,query_service_names,96
Client/xr-wmgh/src.zip,src/views/WMSMYRYS2N/WMSMYRYS2N.vue,sql_bind_marker,3
Client/xr-wmgh/src.zip,src/views/WMSMYRYS2N/WMSMYRYS2N.vue,sql_bind_marker,57
Client/xr-wmgh/src.zip,src/views/WMSMYRYS2N/WMSMYRYS2N.vue,query_service_names,23
Client/xr-wmgh/src.zip,src/views/WMSMYRYS2N/WMSMYRYS2N.vue,query_service_names,32
Client/xr-wmgh/src.zip,src/views/WMSMYRYS2N/WMSMYRYS2N.vue,query_service_names,41
Client/xr-wmgh/src.zip,src/views/WMSMYRYS2N/WMSMYRYS2N.vue,query_service_names,55
Client/xr-wmgh/src.zip,src/views/WMSMYRYS2N/WMSMYRYS2N.vue,query_service_names,65
Client/xr-wmgh/src.zip,src/views/WMSMYRYS2N/WMSMYRYS2N.vue,query_service_names,74
Client/xr-wmgh/src.zip,src/views/WMSMYRYS2N/WMSMYRYS2N.vue,query_service_names,83
Client/xr-wmgh/src.zip,src/views/WMSMYRYS2N/WMSMYRYS2N.vue,query_service_names,85
Client/xr-wmgh/src.zip,src/views/WMSMYRYS2N/WMSMYRYS2N.vue,query_service_names,101
Client/xr-wmgh/src.zip,src/views/WMSMYRYS2N/WMSMYRYS2N.vue,query_service_names,110
Client/xr-wmgh/src.zip,src/views/WMSMYRYS2N/WMSMYRYS2N.vue,query_service_names,119
Client/xr-wmgh/src.zip,src/views/WMSMYRYS2N/WMSMYRYS2N.vue,query_service_names,128
Client/xr-wmgh/src.zip,src/views/WMSMYRYS2N/WMSMYRYS2N.vue,query_service_names,137
Client/xr-wmgh/src.zip,src/views/WMSMYRYS2N/WMSMYRYS2N.vue,query_service_names,144
Client/xr-wmgh/src.zip,src/views/WMSMYRYS2N/WMSMYRYS2N.vue,query_service_names,158
Client/xr-wmgh/src.zip,src/views/WMSMYRYS2N/WMSMYRYS2N.vue,query_service_names,167
Client/xr-wmgh/src.zip,src/views/WMSMYRYS2N/WMSMYRYS2N.vue,query_service_names,177
Client/xr-wmgh/src.zip,src/views/WMSMYRYS2N/WMSMYRYS2N.vue,query_service_names,186
Client/xr-wmgh/src.zip,src/views/WMSMYRYS2N/WMSMYRYS2N.vue,query_service_names,196
Client/xr-wmgh/src.zip,src/views/WMSMYRYTSS2N/WMSMYRYTSS2N.ts,string_functions,176
Client/xr-wmgh/src.zip,src/views/WMSMYRYTSS2N/WMSMYRYTSS2N.ts,null_blank_semantics,35
Client/xr-wmgh/src.zip,src/views/WMSMYRYTSS2N/WMSMYRYTSS2N.ts,null_blank_semantics,44
Client/xr-wmgh/src.zip,src/views/WMSMYRYTSS2N/WMSMYRYTSS2N.ts,null_blank_semantics,46
Client/xr-wmgh/src.zip,src/views/WMSMYRYTSS2N/WMSMYRYTSS2N.ts,null_blank_semantics,47
Client/xr-wmgh/src.zip,src/views/WMSMYRYTSS2N/WMSMYRYTSS2N.ts,null_blank_semantics,48
Client/xr-wmgh/src.zip,src/views/WMSMYRYTSS2N/WMSMYRYTSS2N.ts,null_blank_semantics,50
Client/xr-wmgh/src.zip,src/views/WMSMYRYTSS2N/WMSMYRYTSS2N.ts,null_blank_semantics,176
Client/xr-wmgh/src.zip,src/views/WMSMYRYTSS2N/WMSMYRYTSS2N.ts,concat_operator,176
Client/xr-wmgh/src.zip,src/views/WMSMYRYTSS2N/WMSMYRYTSS2N.vue,sql_bind_marker,4
Client/xr-wmgh/src.zip,src/views/WMSMYRYTSS2N/WMSMYRYTSS2N.vue,sql_bind_marker,26
Client/xr-wmgh/src.zip,src/views/WMSMYRYTSS2N/WMSMYRYTSS2N.vue,query_service_names,13
Client/xr-wmgh/src.zip,src/views/WMSMYRYTSS2N/WMSMYRYTSS2N.vue,query_service_names,24
Client/xr-wmgh/src.zip,src/vite-env.d.ts,sql_bind_marker,2
Client/xr-wmgh/src.zip,src/vite-env.d.ts,sql_bind_marker,3
Client/xr-wmgh/src.zip,src/vite-env.d.ts,sql_bind_marker,4
Client/xr-wmgh/src.zip,src/vite-env.d.ts,sql_bind_marker,5
Client/xr-wmgh/src.zip,src/vite-env.d.ts,sql_bind_marker,6
Client/xr-wmgh/src.zip,src/vite-env.d.ts,sql_bind_marker,30
Client/xr-wmgh/src.zip,src/vite-env.d.ts,sql_bind_marker,33
Client/xr-wmgh/src.zip,src/vite-env.d.ts,sql_bind_marker,36
Client/xr-wmgh/src.zip,src/vite-env.d.ts,sql_bind_marker,39
Client/xr-wmgh/src.zip,src/vite-env.d.ts,sql_bind_marker,43
Client/xr-wmgh/src.zip,src/vite-env.d.ts,sql_bind_marker,44
Client/xr-wmsmx/src/views/WMSMQUERY.zip,WMSMQUERY/WMSMQUERY.ts,sql_keywords,102
Client/xr-wmsmx/src/views/WMSMQUERY.zip,WMSMQUERY/WMSMQUERY.ts,sql_keywords,110
Client/xr-wmsmx/src/views/WMSMQUERY.zip,WMSMQUERY/WMSMQUERY.ts,sql_bind_marker,102
Client/xr-wmsmx/src/views/WMSMQUERY.zip,WMSMQUERY/WMSMQUERY.ts,sql_generation,102
Client/xr-wmsmx/src/views/WMSMQUERY.zip,WMSMQUERY/WMSMQUERY.ts,sql_generation,110
Client/xr-wmsmx/src/views/WMSMQUERY.zip,WMSMQUERY/WMSMQUERY.ts,direct_client_query,103
Client/xr-wmsmx/src/views/WMSMQUERY.zip,WMSMQUERY/WMSMQUERY.ts,direct_client_query,111
Client/xr-wmsmx/src/views/WMSMQUERY.zip,WMSMQUERY/WMSMQUERY.ts,dynamic_sql_payload,103
Client/xr-wmsmx/src/views/WMSMQUERY.zip,WMSMQUERY/WMSMQUERY.ts,dynamic_sql_payload,111
Client/xr-wmsmx/src/views/WMSMQUERY.zip,WMSMQUERY/WMSMQUERY.ts,sql_building_extended,102
Client/xr-wmsmx/src/views/WMSMQUERY.zip,WMSMQUERY/WMSMQUERY.ts,sql_building_extended,110
Client/xr-wmsmx/src/views/WMSMQUERY.zip,WMSMQUERY/WMSMQUERY.ts,string_functions,57
Client/xr-wmsmx/src/views/WMSMQUERY.zip,WMSMQUERY/WMSMQUERY.ts,string_functions,59
Client/xr-wmsmx/src/views/WMSMQUERY.zip,WMSMQUERY/WMSMQUERY.ts,string_functions,60
Client/xr-wmsmx/src/views/WMSMQUERY.zip,WMSMQUERY/WMSMQUERY.ts,concat_operator,102
Client/xr-wmsmx/src/views/WMSMQUERY.zip,WMSMQUERY/WMSMQUERY.ts,concat_operator,169
Client/xr-wmsmx/src/views/WMSMQUERY.zip,WMSMQUERY/WMSMQUERY.ts,concat_operator,197
Client/xr-wmsmx/src/views/WMSMQUERY.zip,WMSMQUERY/WMSMQUERY.vue,sql_bind_marker,2
Client/xr-wmsmx/src/views/WMSMQUERY.zip,WMSMQUERY/WMSMQUERY.vue,sql_bind_marker,20
Client/xr-wmsmx/src/views/WMSMQUERY.zip,WMSMQUERY/WMSMQUERY.vue,query_service_names,4
Client/xr-wmsmx/src/views/WMSMQUERY.zip,WMSMQUERY/WMSMQUERY.vue,query_service_names,8
Client/xr-wmsmx/src/views/WMSMQUERY.zip,WMSMQUERY/WMSMQUERY.vue,query_service_names,13
Client/xr-wmsmx/src/views/WMSMZD.rar,WMSMZD/WMSMZD.ts,query_service_names,182
Client/xr-wmsmx/src/views/WMSMZD.rar,WMSMZD/WMSMZD.ts,query_service_names,184
Client/xr-wmsmx/src/views/WMSMZD.rar,WMSMZD/WMSMZD.ts,query_service_names,186
Client/xr-wmsmx/src/views/WMSMZD.rar,WMSMZD/WMSMZD.ts,query_service_names,187
Client/xr-wmsmx/src/views/WMSMZD.rar,WMSMZD/WMSMZD.ts,query_service_names,189
Client/xr-wmsmx/src/views/WMSMZD.rar,WMSMZD/WMSMZD.vue,sql_bind_marker,3
Client/xr-wmsmx/src/views/WMSMZD.rar,WMSMZD/WMSMZD.vue,sql_bind_marker,13
Client/xr-wmsmx/src/views/WMSMZD.rar,WMSMZD/WMSMZD.vue,sql_bind_marker,14
Client/xr-wmsmx/src/views/WMSMZD.rar,WMSMZD/WMSMZD.vue,sql_bind_marker,24
Client/xr-wmsmx/src/views/WMSMZD.rar,WMSMZD/WMSMZD.vue,query_service_names,6
Client/xr-wmsmx/src/views/WMSMZD.rar,WMSMZD/WMSMZD.vue,query_service_names,12
Client/xr-wmsmx/src/views/WMSMZD.rar,WMSMZD/WMSMZD.vue,query_service_names,23
