file	start	end	preview
libPSSM/f_cm_002022_snd.cpp	75	76	sqlstr = CString(" SELECT * FROM TPSSM03 WHERE PONO = @PONO ");
libPSSM/f_cm_002023_snd.cpp	92	94	sqlstr = " SELECT DISTINCT ORDER_NO FROM TPSSM03 WHERE PONO = @PONO ";
libPSSM/f_cm_002023_snd.cpp	114	116	sqlstr = " SELECT * FROM TPSSM03 WHERE PONO = @PONO AND ORDER_NO = @ORDER_NO ";
libPSSM/f_cm_200009_snd.cpp	85	87	sqlstr = " SELECT COUNT(*) FROM TPSSM01 WHERE PONO_STATUS < 83 and CAST_LOT_NO = @CAST_LOT_NO ";
libPSSM/f_cm_2000k1_snd.cpp	128	132	sqlstr = " select distinct c.ingot_code, c.prec_roll_plan_no AS PLAN_NO_CON, substr(c.prec_roll_plan_no, 1, 4) plan_backlog_code, c.SLAB_WT  "
libPSSM/f_plan_delete_snd.cpp	110	112	sqlstr = " SELECT SM_PLAN_NO FROM " + tablename3 + " MINUS SELECT SM_PLAN_NO FROM " + tablename1;
libPSSM/f_plan_delete_snd.cpp	127	128	sqlstr = " SELECT * FROM " + tablename4 + " WHERE SM_PLAN_NO IN (" + sm_plan_no + ")  ORDER BY SM_PLAN_NO, CHARGE_NO ";//AND ARRIVE_REAL_TIME = ' ' AND START_TI
libPSSM/f_plan_delete_snd.cpp	177	178	sqlstr = " SELECT MAX(SPLIT_INDICATION)  FROM " + tablename3 + " WHERE SM_PLAN_NO LIKE @SM_PLAN_NO ";
libPSSM/f_plan_delete_snd.cpp	189	190	sqlstr = " SELECT CHARGE_NO  FROM " + tablename4 + " WHERE SM_PLAN_NO = @SM_PLAN_NO AND AREA_ID = 3 ";
libPSSM/f_plan_delete_snd.cpp	456	457	sqlstr = "  SELECT PSSM_PLAN_SND_ID.nextval FROM dual  ";
libPSSM/f_plan_delete_snd2.cpp	127	128	sqlstr = " SELECT * FROM " + tablename2 + " WHERE SM_PLAN_NO IN (" + sm_plan_no + ")  ORDER BY SM_PLAN_NO, CHARGE_NO ";//AND ARRIVE_REAL_TIME = ' ' AND START_TI
libPSSM/f_plan_delete_snd2.cpp	157	158	sqlstr = " SELECT MAX(SPLIT_INDICATION)  FROM " + tablename1 + " WHERE SM_PLAN_NO LIKE @SM_PLAN_NO ";
libPSSM/f_plan_delete_snd2.cpp	418	419	sqlstr = "  SELECT PSSM_PLAN_SND_ID.nextval FROM dual  ";
libPSSM/f_plan_insert_snd.cpp	111	113	sqlstr = " SELECT SM_PLAN_NO FROM " + tablename1 + " MINUS SELECT SM_PLAN_NO FROM " + tablename3;
libPSSM/f_plan_insert_snd.cpp	128	129	sqlstr = " SELECT * FROM " + tablename2 + " WHERE SM_PLAN_NO IN (" + sm_plan_no + ")  ORDER BY SM_PLAN_NO, CHARGE_NO ";//AND ARRIVE_REAL_TIME = ' ' AND START_TI
libPSSM/f_plan_insert_snd.cpp	178	179	sqlstr = " SELECT MAX(SPLIT_INDICATION)  FROM " + tablename3 + " WHERE SM_PLAN_NO LIKE @SM_PLAN_NO ";
libPSSM/f_plan_insert_snd.cpp	190	191	sqlstr = " SELECT CHARGE_NO  FROM " + tablename4 + " WHERE SM_PLAN_NO = @SM_PLAN_NO AND AREA_ID = 3 ";
libPSSM/f_plan_insert_snd.cpp	456	457	sqlstr = "  SELECT PSSM_PLAN_SND_ID.nextval FROM dual  ";
libPSSM/f_plan_slab_snd.cpp	153	154	sqlstr = " SELECT LSLAB_NO, SUM(SLAB_SEQ_2), STRAND_NO FROM tpssm03 WHERE PONO = @PONO GROUP BY LSLAB_NO, STRAND_NO ORDER BY SUM(SLAB_SEQ_2) ";
libPSSM/f_plan_slab_snd.cpp	160	161	sqlstr = " SELECT * FROM TPSSM03 WHERE PONO = @PONO AND LSLAB_NO = @LSLAB_NO ORDER BY LSLAB_NO,SLAB_NO ";
libPSSM/f_plan_slab_snd.cpp	386	387	sqlstr = " SELECT LSLAB_NO, SUM(SLAB_SEQ_2), STRAND_NO FROM tpssm03 WHERE PONO = @PONO GROUP BY LSLAB_NO, STRAND_NO ORDER BY SUM(SLAB_SEQ_2) ";
libPSSM/f_plan_slab_snd.cpp	393	394	sqlstr = " SELECT * FROM TPSSM03 WHERE PONO = @PONO AND LSLAB_NO = @LSLAB_NO ORDER BY LSLAB_NO,SLAB_NO ";
libPSSM/f_plan_update_snd.cpp	119	120	sqlstr = " SELECT SM_PLAN_NO FROM " + tablename1 + " WHERE SM_PLAN_NO IN ( SELECT SM_PLAN_NO FROM " + tablename3 + " ) AND PONO_STATUS < 83 ";
libPSSM/f_plan_update_snd.cpp	137	138	sqlstr = " SELECT " + compare_fields11 + " FROM " + tablename1 + " WHERE SM_PLAN_NO IN(" + sm_plan_no + ") MINUS SELECT " + compare_fields11 + " FROM " + tablen
libPSSM/f_plan_update_snd.cpp	148	149	sqlstr = " SELECT " + compare_fields12 + " FROM " + tablename2 + " WHERE SM_PLAN_NO IN(" + sm_plan_no + ") MINUS SELECT " + compare_fields12 + " FROM " + tablen
libPSSM/f_plan_update_snd.cpp	165	166	sqlstr = " SELECT SM_PLAN_NO FROM " + tablename1 + " WHERE SM_PLAN_NO IN ( SELECT SM_PLAN_NO FROM " + tablename3 + " ) ";
libPSSM/f_plan_update_snd2.cpp	110	111	sqlstr = " SELECT * FROM " + tablename2 + " WHERE SM_PLAN_NO IN (" + sm_plan_no + ") ORDER BY SM_PLAN_NO, CHARGE_NO ";
libPSSM/f_plan_update_snd2.cpp	161	162	sqlstr = " SELECT MAX(SPLIT_INDICATION)  FROM " + tablename3 + " WHERE SM_PLAN_NO LIKE @SM_PLAN_NO ";
libPSSM/f_plan_update_snd2.cpp	173	174	sqlstr = " SELECT CHARGE_NO  FROM " + tablename4 + " WHERE SM_PLAN_NO = @SM_PLAN_NO AND AREA_ID = 3 ";
libPSSM/f_plan_update_snd2.cpp	451	452	sqlstr = "  SELECT PSSM_PLAN_SND_ID.nextval FROM dual  ";
libPSSM/f_pssm01_chk_capa.cpp	83	84	sqlstr = " SELECT DISTINCT STATION_ID FROM TPSSMD1 WHERE AREA_ID IN('3','4') "
libPSSM/f_pssm01_chk_capa.cpp	142	146	sqlstr = "SELECT NVL(min(PLAN_CHARGE), 0) PLAN_CHARGE "
libPSSM/f_pssm01_chk_capa.cpp	189	191	sqlstr = " SELECT * FROM TPSSMD1 WHERE AREA_ID = 5 "
libPSSM/f_pssm01_chk_capa.cpp	232	236	sqlstr = "SELECT NVL(min(PLAN_CHARGE), 0) PLAN_CHARGE "
libPSSM/f_pssm01_pour_time.cpp	113	116	sqlstr = "SELECT * "
libPSSM/f_pssm01_pour_time.cpp	132	135	sqlstr = "SELECT SLAB_THICK, BILLET_TYPE "
libPSSM/f_pssm01_pour_time.cpp	152	160	sqlstr = " SELECT SUM(SLAB_LEN * SLAB_NUM), \
libPSSM/f_pssm01_pour_time.cpp	192	200	sqlstr = " SELECT MAX(CAST_SPEED) "
libPSSM/f_pssm03_prodflag_upd.cpp	87	91	" SELECT SLAB_NUM,SLAB_CUT_NUM,SLAB_WT "
libPSSM/f_pssm03_prodflag_upd.cpp	161	163	" update TPSSM03 set SLAB_PROD_FLAG =@slab_prod_flag,SLAB_CUT_NUM = @slab_cut_num "
libPSSM/f_pssm11_del_heat_n.cpp	133	136	" SELECT * FROM TPSSM11 "
libPSSM/f_pssm11_del_heat_n.cpp	227	229	" DELETE FROM TPSSM12 "
libPSSM/f_pssm11_del_heat_n.cpp	230	233	"      SELECT SM_PLAN_NO FROM TPSSM11 "
libPSSM/f_pssm11_del_heat_n.cpp	248	248	sqlstr = " update TPSSM12Z set SM_PLAN_NO=' ',PONO=' ',ST_NO=' ',HEAT_NO=' ',SM_PLAN_NOL2=' ' where SM_PLAN_NO in ( "
libPSSM/f_pssm11_del_heat_n.cpp	249	252	"      SELECT SM_PLAN_NO FROM TPSSM11 "
libPSSM/f_pssm11_del_heat_n.cpp	277	280	" SELECT * FROM TPSSM15 "
libPSSM/f_pssm11_del_heat_n.cpp	371	373	" DELETE FROM TPSSM16 "
libPSSM/f_pssm11_del_heat_n.cpp	374	377	"      SELECT SM_PLAN_NO FROM TPSSM15 "
libPSSM/f_pssm11_file.cpp	172	178	sqlstr = " UPDATE TPSSM10 \
libPSSM/f_pssm11_file.cpp	199	199	" INSERT INTO TPSSM41 ( "
libPSSM/f_pssm11_file.cpp	200	203	" SELECT * FROM TPSSM11 "
libPSSM/f_pssm11_file.cpp	221	221	" INSERT INTO TPSSM42 ( "
libPSSM/f_pssm11_file.cpp	222	225	" SELECT * FROM TPSSM12 "
libPSSM/f_pssm11_file.cpp	245	245	" INSERT INTO TPSSM40 ( "
libPSSM/f_pssm11_file.cpp	246	249	" SELECT * FROM TPSSM10 "
libPSSM/f_pssm11_force_file.cpp	161	167	sqlstr = " UPDATE TPSSM10 \
libPSSM/f_pssm11_force_file.cpp	189	189	"INSERT INTO TPSSM41 ("
libPSSM/f_pssm11_force_file.cpp	190	193	" SELECT * FROM TPSSM11 "
libPSSM/f_pssm11_force_file.cpp	222	222	" INSERT INTO TPSSM42 ( "
libPSSM/f_pssm11_force_file.cpp	223	226	" SELECT * FROM TPSSM12 "
libPSSM/f_pssm11_force_file.cpp	245	245	" INSERT INTO TPSSM40 ( "
libPSSM/f_pssm11_force_file.cpp	246	249	" SELECT * FROM TPSSM10 "
libPSSM/f_pssm11_mix_upd.cpp	62	71	" select CC_MACH_NO,CC_SEQ,PONO_STATUS,A.ST_NO, A.PONO,A.RESTRAND_FLG,A.TD_CHG_FLG, '0' ORDER_CC_SEQ_FLAG, nvl(E.ST_NO_TO,A.ST_NO) CAN_MIX_GROUP,nvl(F.IDX_NO,A.
libPSSM/f_pssm11_planno_n.cpp	95	98	" SELECT MAX(SM_PLAN_NO) FROM TPSSM27 "
libPSSM/f_pssm11_planno_n.cpp	135	138	" SELECT MIN(SM_PLAN_NO) FROM TPSSM27 "
libPSSM/f_pssm11_planno_n.cpp	195	197	" SELECT PONO, A FROM "
libPSSM/f_pssm11_planno_n.cpp	198	204	"      SELECT CASE WHEN TRIM(START_TIME_REAL) IS NULL THEN START_TIME ELSE START_TIME_REAL END START_TIME, PONO FROM TPSSM12 "
libPSSM/f_pssm11_planno_n.cpp	209	213	" SELECT PONO_STATUS, SM_PLAN_NO, PONO "
libPSSM/f_pssm11_planno_n.cpp	280	283	sqlstr = " SELECT COUNT(*) FROM TPSSM27 "
libPSSM/f_pssm11_planno_n.cpp	314	316	sqlstr = " SELECT COUNT(1) FROM TPSSM11 "
libPSSM/f_pssm11_planno_n.cpp	335	337	sqlstr = " UPDATE TPSSM12 \
libPSSM/f_pssm11_planno_n.cpp	371	374	" SELECT MAX(SM_PLAN_NO) FROM TPSSM28 "
libPSSM/f_pssm11_planno_n.cpp	411	414	" SELECT MIN(SM_PLAN_NO) FROM TPSSM28 "
libPSSM/f_pssm11_planno_n.cpp	471	473	" SELECT PONO, A FROM "
libPSSM/f_pssm11_planno_n.cpp	474	480	"      SELECT CASE WHEN TRIM(START_TIME_REAL) IS NULL THEN START_TIME ELSE START_TIME_REAL END START_TIME, PONO FROM TPSSM16 "
libPSSM/f_pssm11_planno_n.cpp	485	489	" SELECT PONO_STATUS, SM_PLAN_NO, PONO "
libPSSM/f_pssm11_planno_n.cpp	556	559	sqlstr = " SELECT COUNT(*) FROM TPSSM28 "
libPSSM/f_pssm11_planno_n.cpp	590	592	sqlstr = " SELECT COUNT(1) FROM TPSSM15 "
libPSSM/f_pssm11_planno_n.cpp	611	613	sqlstr = " UPDATE TPSSM16 \
libPSSM/f_pssm11_pour_time.cpp	103	108	sqlstr =  "SELECT * FROM TPSSM11 "
libPSSM/f_pssm11_run_upd_n.cpp	223	226	sqlstr = " SELECT MAX(CHARGE_NO) FROM TPSSM12 "
libPSSM/f_pssm11_run_upd_n.cpp	250	254	sqlstr = " SELECT MIN(CHARGE_NO) "
libPSSM/f_pssm11_run_upd_n.cpp	293	296	sqlstr = " SELECT MAX(CHARGE_NO) FROM TPSSM12 "
libPSSM/f_pssm11_run_upd_n.cpp	338	341	sqlstr = " SELECT COUNT(1) FROM TPSSM11 "
libPSSM/f_pssm11_run_upd_n.cpp	410	412	sqlstr = " SELECT CC_SEQ, CC_MACH_NO FROM TPSSM10 "
libPSSM/f_pssm11_run_upd_n.cpp	440	447	sqlstr = " UPDATE TPSSM10 "
libPSSM/f_pssm11_run_upd_n.cpp	612	614	sqlstr = "select count(*) from " + tablename + " where heat_no = @heat_no ";
libPSSM/f_pssm11_run_upd_n.cpp	625	627	sqlstr = "update tpssm12 set pract_rcv_flag = '1' where factory_div = @factory_div and area_id = 3 and heat_no = @heat_no ";
libPSSM/f_pssm11_run_upd_n.cpp	648	650	sqlstr = "select count(*) from " + tablename + " where factory_div = @factory_div and heat_no = @heat_no and proc_no = @proc_no ";
libPSSM/f_pssm11_run_upd_n.cpp	663	665	sqlstr = "update tpssm12 set pract_rcv_flag = '1' where factory_div = @factory_div and heat_no = @heat_no and proc_no = @proc_no ";
libPSSM/f_pssm11_run_upd_n.cpp	687	689	sqlstr = "select count(*) from " + tablename + " where factory_div = @factory_div and heat_no = @heat_no and proc_no = @proc_no ";
libPSSM/f_pssm11_run_upd_n.cpp	702	704	sqlstr = "update tpssm12 set pract_rcv_flag = '1' where factory_div = @factory_div and heat_no = @heat_no and proc_no = @proc_no ";
libPSSM/f_pssm11_run_upd_n.cpp	726	728	sqlstr = "select count(*) from " + tablename + " where factory_div = @factory_div and heat_no = @heat_no and proc_no = @proc_no ";
libPSSM/f_pssm11_run_upd_n.cpp	741	743	sqlstr = "update tpssm12 set pract_rcv_flag = '1' where factory_div = @factory_div and heat_no = @heat_no and proc_no = @proc_no ";
libPSSM/f_pssm11_run_upd_n.cpp	765	767	sqlstr = "select count(*) from " + tablename + " where factory_div = @factory_div and heat_no = @heat_no and proc_no = @proc_no ";
libPSSM/f_pssm11_run_upd_n.cpp	780	782	sqlstr = "update tpssm12 set pract_rcv_flag = '1' where factory_div = @factory_div and heat_no = @heat_no and proc_no = @proc_no ";
libPSSM/f_pssm11_run_upd_n.cpp	804	806	sqlstr = "select count(*) from " + tablename + " where factory_div = @factory_div and heat_no = @heat_no and proc_no = @proc_no ";
libPSSM/f_pssm11_run_upd_n.cpp	819	821	sqlstr = "update tpssm12 set pract_rcv_flag = '1' where factory_div = @factory_div and heat_no = @heat_no and proc_no = @proc_no ";
libPSSM/f_pssm11_run_upd_n.cpp	843	845	sqlstr = "select count(*) from " + tablename + " where heat_no = @heat_no ";
libPSSM/f_pssm11_run_upd_n.cpp	856	858	sqlstr = "update tpssm12 set pract_rcv_flag = '1' where factory_div = @factory_div and heat_no = @heat_no and proc_no = @proc_no ";
libPSSM/f_pssm11_run_upd_n.cpp	966	971	sqlstr = " UPDATE TPSSM25 "
libPSSM/f_pssm11_run_upd_n.cpp	1086	1087	sqlstr_del = "  DELETE TPSSM12_ZPL  WHERE SM_PLAN_NO =@sm_plan_no ";
libPSSM/f_pssm11_run_upd_n.cpp	1092	1093	sqlstr_ins = " INSERT INTO  TPSSM12_ZPL (SELECT *  FROM TPSSM12  WHERE AREA_ID IN(2,3) AND SM_PLAN_NO =@sm_plan_no) ";
libPSSM/f_pssm11t_cast_recalc.cpp	83	86	sqlstr = " SELECT STATION_NO,DEV_CODE FROM TPSSMD1 \
libPSSM/f_pssm11t_cast_recalc.cpp	120	123	"  SELECT * FROM TPSSM26 "
libPSSM/f_pssm11t_cast_recalc.cpp	165	172	" SELECT PONO, RESTRAND_FLG, CC_SEQ, TD_CHG_FLG "
libPSSM/f_pssm11t_get_pour_time.cpp	69	78	" SELECT b.CC_REQ_TIME, b.CC_REQ_TIME_FLAG, b.CC_PREP_TIME, b.POUR_TIME, a.* "
libPSSM/f_pssm11t_ins_pono.cpp	351	359	sqlstr = " SELECT CAST_SPEED FROM TPSSMDA \
libPSSM/f_pssm11t_ins_pono.cpp	435	438	" SELECT AREA_ID FROM TPSSMD1 "
libPSSM/f_pssm11t_ins_pono.cpp	484	488	" SELECT DEV_CODE FROM TPSSMD1 "
libPSSM/f_pssm11t_ins_pono.cpp	525	528	" SELECT DEV_CODE FROM TPSSMD1 "
libPSSM/f_pssm11t_ins_pono.cpp	595	601	" SELECT * "
libPSSM/f_pssm11t_planno.cpp	86	89	" SELECT MAX(SM_PLAN_NO) FROM TPSSM27 "
libPSSM/f_pssm11t_planno.cpp	126	129	" SELECT NVL(MIN(SM_PLAN_NO),' ') FROM TPSSM27 "
libPSSM/f_pssm11t_planno.cpp	187	189	" SELECT PONO, A FROM "
libPSSM/f_pssm11t_planno.cpp	190	196	"      SELECT CASE WHEN TRIM(START_TIME_REAL) IS NULL THEN START_TIME ELSE START_TIME_REAL END START_TIME, PONO FROM TPSSM12 "
libPSSM/f_pssm11t_planno.cpp	201	205	" SELECT PONO_STATUS, SM_PLAN_NO, PONO "
libPSSM/f_pssm11t_planno.cpp	273	276	sqlstr = " SELECT COUNT(1) FROM TPSSM27 "
libPSSM/f_pssm11t_planno.cpp	302	305	" SELECT COUNT(1) FROM TPSSM11  "
libPSSM/f_pssm11t_planno.cpp	325	328	" UPDATE TPSSM11 "
libPSSM/f_pssm11t_planno.cpp	335	338	" UPDATE TPSSM12 "
libPSSM/f_pssm11t_planno.cpp	347	349	sqlstr = " UPDATE TPSSM12 \
libPSSM/f_pssm12_mm_rcv.cpp	200	201	sqlstr = " UPDATE TPSSM12 SET PRACT_RCV_FLAG = '1' WHERE DEV_CODE = @DEV_CODE AND AREA_ID = 2 AND SM_PLAN_NO = @SM_PLAN_NO AND PRACT_RCV_FLAG = ' ' AND CHARGE_N
libPSSM/f_pssm12_mm_rcv.cpp	221	222	sqlstr = " UPDATE TPSSM12 SET PRACT_RCV_FLAG = ' ' WHERE DEV_CODE = @DEV_CODE AND AREA_ID = 2 AND SM_PLAN_NO = @SM_PLAN_NO AND PRACT_RCV_FLAG = '1' AND CHARGE_N
libPSSM/f_pssm12_plan_upd.cpp	262	267	" UPDATE TPSSM12 "
libPSSM/f_pssm12_plan_upd.cpp	327	332	" UPDATE TPSSM12 "
libPSSM/f_pssm12_plan_upd.cpp	428	433	" UPDATE TPSSM12 "
libPSSM/f_pssm12_plan_upd.cpp	515	520	" UPDATE TPSSM12 "
libPSSM/f_pssm12_plan_upd.cpp	740	745	" UPDATE TPSSM12 "
libPSSM/f_pssm12_plan_upd.cpp	865	870	" UPDATE TPSSM12 "
libPSSM/f_pssm12_plan_upd.cpp	1006	1011	" UPDATE TPSSM12 "
libPSSM/f_pssm12_plan_upd.cpp	1130	1135	" UPDATE TPSSM12 "
libPSSM/f_pssm12_plan_upd.cpp	1277	1282	" UPDATE TPSSM12 "
libPSSM/f_pssm12_plan_upd.cpp	1402	1407	" UPDATE TPSSM12 "
libPSSM/f_pssm12_plan_upd.cpp	1547	1552	" UPDATE TPSSM12 "
libPSSM/f_pssm12_plan_upd.cpp	1678	1683	" UPDATE TPSSM12 "
libPSSM/f_pssm12_save_job_n.cpp	185	190	" DELETE TPSSM12 "
libPSSM/f_pssm12_save_job_n.cpp	689	694	" DELETE TPSSM16 "
libPSSM/f_pssm12_save_job_n.cpp	977	981	"SELECT CASE WHEN TRIM(START_TIME_REAL) IS NULL THEN START_TIME ELSE START_TIME_REAL END START_TIME FROM TPSSM16"
libPSSM/f_pssm12_save_job_n.cpp	1013	1017	"SELECT CASE WHEN TRIM(END_TIME_REAL) IS NULL THEN END_TIME ELSE END_TIME_REAL END END_TIME FROM TPSSM16 "
libPSSM/f_pssm12_save_job_n_2.cpp	144	147	sqlstr = "UPDATE TPSSM12 "
libPSSM/f_pssm12_save_job_n_2.cpp	302	307	sqlstr = " UPDATE TPSSM12 "
libPSSM/f_pssm12_save_job_n_2.cpp	339	343	"SELECT CASE WHEN TRIM(START_TIME_REAL) IS NULL THEN START_TIME ELSE START_TIME_REAL END START_TIME FROM TPSSM12"
libPSSM/f_pssm12_save_job_n_2.cpp	375	379	"SELECT CASE WHEN TRIM(END_TIME_REAL) IS NULL THEN END_TIME ELSE END_TIME_REAL END END_TIME FROM TPSSM12 "
libPSSM/f_pssm12_sequ_calc_n.cpp	97	100	" SELECT * FROM TPSSMD1 "
libPSSM/f_pssm12_sequ_calc_n.cpp	122	128	" SELECT COUNT(1) FROM TPSSM12"
libPSSM/f_pssm12_sequ_calc_n.cpp	129	133	"           SELECT SM_PLAN_NO FROM TPSSM11 "
libPSSM/f_pssm12_sequ_calc_n.cpp	194	198	" SELECT CURR_PROC_NO FROM TPSSM25 "
libPSSM/f_pssm12_sequ_calc_n.cpp	263	269	" SELECT * FROM TPSSM12 "
libPSSM/f_pssm12_sequ_calc_n.cpp	270	275	"           SELECT SM_PLAN_NO FROM TPSSM11 "
libPSSM/f_pssm12_sequ_calc_n.cpp	349	352	" SELECT * FROM TPSSMD1 "
libPSSM/f_pssm12_sequ_calc_n.cpp	374	380	" SELECT COUNT(1) FROM TPSSM16"
libPSSM/f_pssm12_sequ_calc_n.cpp	381	385	"           SELECT SM_PLAN_NO FROM TPSSM15 "
libPSSM/f_pssm12_sequ_calc_n.cpp	446	450	" SELECT CURR_PROC_NO FROM TPSSM29 "
libPSSM/f_pssm12_sequ_calc_n.cpp	515	521	" SELECT * FROM TPSSM16 "
libPSSM/f_pssm12_sequ_calc_n.cpp	522	527	"           SELECT SM_PLAN_NO FROM TPSSM15 "
libPSSM/f_pssm12_time_calc.cpp	99	103	" SELECT * FROM TPSSM12 "
libPSSM/f_pssm12_treatmentcount.cpp	85	90	" SELECT a.* FROM TPSSM12 a, TPSSM11 b "
libPSSM/f_pssm12_treatmentcount.cpp	139	142	" SELECT * FROM TPSSM16 "
libPSSM/f_pssm12_zpl_copy.cpp	55	56	sqlstr_1 = " DELETE TPSSM12_ZPL  ";
libPSSM/f_pssm12_zpl_copy.cpp	69	70	"  INSERT INTO TPSSM12_ZPL ( SELECT   a.* FROM TPSSM12 A  WHERE   a.AREA_ID IN(2, 3)  "
libPSSM/f_pssm12_zpl_copy.cpp	71	72	"   SELECT   a.*FROM TPSSM42 A  WHERE   a.AREA_ID IN(2, 3) AND  A.END_TIME_REAL > TO_CHAR(SYSDATE - 1, 'YYYYMMDDHH24MISS')) ");
libPSSM/f_pssm12t_sequ_calc.cpp	82	86	" SELECT * FROM TPSSMD1 "
libPSSM/f_pssm12t_sequ_calc.cpp	108	114	" SELECT COUNT(1) FROM TPSSM12"
libPSSM/f_pssm12t_sequ_calc.cpp	115	119	"           SELECT SM_PLAN_NO FROM TPSSM11 "
libPSSM/f_pssm12t_sequ_calc.cpp	142	146	" SELECT MAX(PROC_NO) "
libPSSM/f_pssm12t_sequ_calc.cpp	177	179	" SELECT PROC_NO FROM TPSSM25 "
libPSSM/f_pssm12t_sequ_calc.cpp	220	224	" SELECT * FROM TPSSM12 "
libPSSM/f_pssm12t_sequ_calc.cpp	225	230	"           SELECT SM_PLAN_NO FROM TPSSM11 "
libPSSM/f_pssm12z_combine.cpp	43	44	sqlstr = " SELECT PROC_NO,PROC_NO2,PROC_NO3,PROC_NO4 FROM TPSSM12ZT WHERE LADLE_NO = @ladle_no ";
libPSSM/f_pssm12z_combine.cpp	56	57	sqlstr = " update TPSSM12Z set SM_PLAN_NO=' ',PONO=' ',ST_NO=' ',HEAT_NO=' ',SM_PLAN_NOL2=' ' where HEAT_NO='" + heat_no + "'  ";
libPSSM/f_pssm12z_combine.cpp	64	65	sqlstr = " SELECT * FROM TPSSM12Z WHERE PROC_NO = @PROC_NO ";
libPSSM/f_pssm12z_combine.cpp	101	102	sqlstr = " SELECT * FROM TPSSM12Z WHERE PROC_NO = @PROC_NO ";
libPSSM/f_pssm12z_combine.cpp	138	139	sqlstr = " SELECT * FROM TPSSM12Z WHERE PROC_NO = @PROC_NO ";
libPSSM/f_pssm12z_combine.cpp	175	176	sqlstr = " SELECT * FROM TPSSM12Z WHERE PROC_NO = @PROC_NO ";
libPSSM/f_pssm21_capa_cal.cpp	78	82	sqlstr = " SELECT PLAN_CHARGE  \
libPSSM/f_pssm21_capa_cal.cpp	102	114	sqlstr = "SELECT nvl(sum((se-sb)*24*60), 0) stop_time \
libPSSM/f_pssm21_cast_cre_n.cpp	89	93	sqlstr =  " SELECT STATION_NO,DEV_CODE FROM TPSSMD1 "
libPSSM/f_pssm21_cast_cre_n.cpp	128	131	"SELECT * FROM TPSSM26 "
libPSSM/f_pssm21_cast_cre_n.cpp	157	164	"SELECT a.RESTRAND_FLG,a.SM_PLAN_NO,a.TD_CHG_FLG  FROM TPSSM11 a JOIN  TPSSM12 b "
libPSSM/f_pssm21_cast_cre_n.cpp	257	260	" UPDATE								  "
libPSSM/f_pssm21_cast_cre_n.cpp	261	264	" SELECT								  "
libPSSM/f_pssm21_cast_cre_n.cpp	265	278	" SELECT								  "
libPSSM/f_pssm21_cast_cre_n.cpp	301	304	"SELECT * FROM TPSSM26 "
libPSSM/f_pssm21_cast_cre_n.cpp	330	339	" SELECT * "
libPSSM/f_pssm21_cast_cre_n.cpp	340	350	" SELECT c.RESTRAND_FLG, c.SM_PLAN_NO, c.TD_CHG_FLG, d.START_TIME, '2' AS table_seq "
libPSSM/f_pssm21_cast_cre_n.cpp	412	413	sqlstr = CString("SELECT FACTORY_DIV,SM_PLAN_NO, CAST_NO FROM (SELECT * FROM TPSSM11 UNION ALL SELECT * FROM TPSSM15) WHERE FACTORY_DIV = @FACTORY_DIV AND RUN_S
libPSSM/f_pssm21_cast_cre_n.cpp	424	426	sqlstr = "SELECT MAX(CAST_DIV_NO) FROM (SELECT * FROM TPSSM11 UNION ALL SELECT * FROM TPSSM15) WHERE CAST_NO = @CAST_NO  AND FACTORY_DIV = @FACTORY_DIV ";
libPSSM/f_pssm21_chk_capa.cpp	87	88	sqlstr = " SELECT DISTINCT STATION_ID FROM TPSSMD1 WHERE AREA_ID IN('3','4') "
libPSSM/f_pssm21_chk_capa.cpp	144	148	sqlstr = "SELECT NVL(min(PLAN_CHARGE), 0) PLAN_CHARGE "
libPSSM/f_pssm21_chk_capa.cpp	191	193	sqlstr = " SELECT * FROM TPSSMD1 WHERE AREA_ID = 5 "
libPSSM/f_pssm21_chk_capa.cpp	227	231	sqlstr = "SELECT NVL(min(PLAN_CHARGE), 0) PLAN_CHARGE "
libPSSM/f_pssm21_upd.cpp	73	76	sqlstr = "UPDATE TPSSM21 "
libPSSM/f_pssm21_upd.cpp	98	102	sqlstr = " SELECT * FROM TPSSM01 "
libPSSM/f_pssm27_upd_plno_n.cpp	84	86	sqlstr = " SELECT MAX(SM_PLAN_NO) FROM TPSSM27 "
libPSSM/f_pssm27_upd_plno_n.cpp	111	113	sqlstr = "DELETE FROM TPSSM27 "
libPSSM/f_pssm27_upd_plno_n.cpp	171	173	sqlstr = " SELECT USE_STATUS FROM TPSSM27 "
libPSSM/f_pssm33_run_upd_n.cpp	151	152	sqlstr="SELECT MAX(VIEW_POS) FROM TPSSM33 WHERE PONO=@tpssm33.PONO";
libPSSM/f_pssm33_run_upd_n.cpp	212	213	sqlstr="UPDATE TPSSM33 SET HEAT_NO=' ',PONO=' ',ST_NO=' ',RUN_STATUS=0,CAST_NO=' ',CAST_DIV_NO=0,CAST_PONO_SUM=0,";
libPSSM/f_pssm34_ins_n.cpp	76	78	sqlstr = " SELECT MAX(RUN_SEQ) FROM TPSSM34 "
libPSSM/f_pssm81_plan_auto.cpp	93	95	sqlstr = "SELECT CODE_DESC_1_CONTENT FROM TEP0002 WHERE CODE_CLASS = 'PSS0' AND CODE = @v_plan_backlog_code ";
libPSSM/f_pssm81_plan_auto.cpp	124	127	sqlstr = " SELECT NVL(MAX(PLAN_EXEC_SEQ_NO),0)  FROM TPSSM81 "
libPSSM/f_pssm81_plan_auto.cpp	200	203	sqlstr = " SELECT MACH_CLEAR_DIV,MACH_CLEAR_DIF,MACH_CLEAR_LEV,SLAB_FINISH_CODE FROM TQMTS0X "
libPSSM/f_pssm81_plan_auto.cpp	248	255	sqlstr = " UPDATE TQMTJF1 SET STATUS_FLAG = '1' "
libPSSM/f_pssm81_trace.cpp	104	106	sqlstr = " UPDATE TQMTJF1 SET STATUS_FLAG = '2' "
libPSSM/f_pssm_call_tps_n.cpp	478	479	sqlstr = "SELECT COUNT(1) FROM TPSSMD1 WHERE FACTORY_DIV=@v_factory_div AND  AREA_ID>=2 AND DEV_TECH_CODE <> 'X' AND DEV_TECH_CODE <> 'Y' AND DEV_TECH_CODE <> '
libPSSM/f_pssm_call_tps_n.cpp	484	485	sqlstr = "SELECT * FROM TPSSMD1 WHERE FACTORY_DIV=@v_factory_div AND  AREA_ID>=2 AND DEV_TECH_CODE <> 'X' AND DEV_TECH_CODE <> 'Y' AND DEV_TECH_CODE <> 'L' ";
libPSSM/f_pssm_call_tps_n.cpp	595	596	sqlstr = "SELECT COUNT(1) FROM TPSSMD1 WHERE FACTORY_DIV=@v_factory_div AND  AREA_ID>=2 AND DEV_TECH_CODE <> 'X' AND DEV_TECH_CODE <> 'Y' ";
libPSSM/f_pssm_call_tps_n.cpp	601	602	sqlstr = "SELECT * FROM TPSSMD1 WHERE FACTORY_DIV=@v_factory_div AND  AREA_ID>=2 AND DEV_TECH_CODE <> 'X' AND DEV_TECH_CODE <> 'Y' ";
libPSSM/f_pssm_call_tps_n.cpp	715	716	sqlstr = " SELECT COUNT(1) FROM TAPBD001S2N ";
libPSSM/f_pssm_call_tps_n.cpp	720	722	sqlstr = "SELECT * FROM TAPBD001S2N ";
libPSSM/f_pssm_call_tps_n.cpp	808	809	sqlstr = " SELECT COUNT(1) FROM TAPBD006S2N ";
libPSSM/f_pssm_call_tps_n.cpp	813	815	sqlstr = " SELECT * FROM TAPBD006S2N ";
libPSSM/f_pssm_call_tps_n.cpp	904	905	sqlstr = " SELECT COUNT(1) FROM TAPBD006S2N ";
libPSSM/f_pssm_call_tps_n.cpp	909	911	sqlstr = " SELECT * FROM TAPBD006S2N ";
libPSSM/f_pssm_call_tps_n.cpp	1002	1003	sqlstr = " SELECT COUNT(1) FROM TAPBD008S2N ";
libPSSM/f_pssm_call_tps_n.cpp	1008	1010	sqlstr = " SELECT * FROM TAPBD008S2N ";
libPSSM/f_pssm_call_tps_n.cpp	1101	1102	sqlstr = " SELECT count(1) FROM TPSSMDH WHERE FACTORY_DIV = @v_factory_div and st_no in (select distinct st_no from tpssm10) ";
libPSSM/f_pssm_call_tps_n.cpp	1107	1109	sqlstr = " SELECT * FROM TPSSMDH WHERE FACTORY_DIV = @v_factory_div and st_no in (select distinct st_no from tpssm10) ";
libPSSM/f_pssm_call_tps_n.cpp	1197	1198	sqlstr = " SELECT count(1) FROM TPSSMDJ ";
libPSSM/f_pssm_call_tps_n.cpp	1203	1205	sqlstr = " SELECT * FROM TPSSMDJ ";
libPSSM/f_pssm_call_tps_n.cpp	1291	1292	sqlstr = " SELECT count(1) FROM TPSSMD7 ";
libPSSM/f_pssm_call_tps_n.cpp	1297	1298	sqlstr = " SELECT * FROM TPSSMD7 ";
libPSSM/f_pssm_call_tps_n.cpp	1401	1401	sqlstr = " SELECT count(1) FROM ( "
libPSSM/f_pssm_call_tps_n.cpp	1402	1406	" SELECT t1.FACTORY_DIV,t1.ST_NO,t1.DEV_CODE,t1.SMELT_MODE,t1.SMELT_MODE2,t1.COST_HJ,t1.STD_PREP_TIME,"
libPSSM/f_pssm_call_tps_n.cpp	1407	1410	" SELECT t1.FACTORY_DIV,t1.ST_NO,t1.DEV_CODE,t1.SMELT_MODE,t1.SMELT_MODE2,t1.COST_HJ,t1.STD_PREP_TIME,"
libPSSM/f_pssm_call_tps_n.cpp	1417	1421	" SELECT t1.FACTORY_DIV,t1.ST_NO,t1.DEV_CODE,t1.SMELT_MODE,t1.SMELT_MODE2,t1.COST_HJ,t1.STD_PREP_TIME,"
libPSSM/f_pssm_call_tps_n.cpp	1422	1424	" SELECT t1.FACTORY_DIV,t1.ST_NO,t1.DEV_CODE,t1.SMELT_MODE,t1.SMELT_MODE2,t1.COST_HJ,t1.STD_PREP_TIME,"
libPSSM/f_pssm_call_tps_n.cpp	1516	1517	sqlstr = " SELECT count(1) FROM TPSSM10 ";
libPSSM/f_pssm_call_tps_n.cpp	1522	1524	sqlstr = " SELECT * FROM TPSSM10 ORDER BY CAST_LOT_NO,CAST_LOT_DIV_NO ";
libPSSM/f_pssm_call_tps_n.cpp	1634	1635	sqlstr = " select count (distinct CAST_LOT_NO) from tpssm10 ";
libPSSM/f_pssm_call_tps_n.cpp	1640	1642	sqlstr = " SELECT distinct CAST_LOT_NO FROM tpssm10 order by CAST_LOT_NO ";
libPSSM/f_pssm_call_tps_n.cpp	1649	1650	sqlstr = " SELECT SLAB_WIDTH,SLAB_THICK,C_DIV,ST_NO,PONO FROM tpssm10 where CAST_LOT_NO = @CAST_LOT_NO  order by CAST_LOT_DIV_NO desc ";
libPSSM/f_pssm_call_tps_n.cpp	1662	1663	sqlstr = " SELECT distinct CAST_LOT_NO FROM tpssm10 order by CAST_LOT_NO ";
libPSSM/f_pssm_call_tps_n.cpp	1672	1673	sqlstr = " SELECT SLAB_WIDTH,SLAB_THICK,C_DIV,ST_NO,PONO,CC_MACH_NO FROM tpssm10 where CAST_LOT_NO = @CAST_LOT_NO  order by CAST_LOT_DIV_NO asc ";
libPSSM/f_pssm_call_tps_n.cpp	1756	1757	sqlstr = "SELECT MAX(WORK_TIME) FROM TAPBD008S2N WHERE FACTORY_DIV=@v_factory_div AND AREA_ID = 5 AND DEV_CODE = @DEV_CODE AND DEVICE_STATUS IN (" + device_stat
libPSSM/f_pssm_call_tps_n.cpp	1862	1863	sqlstr = " SELECT * FROM (SELECT MAX(a.END_TIME) AS TIME ,a.DEV_CODE,a.SM_PLAN_NO,b.PONO,b.CAST_NO FROM tpssm12 a,tpssm11 b WHERE a.SM_PLAN_NO = b.SM_PLAN_NO GR
libPSSM/f_pssm_call_tps_n.cpp	1878	1879	sqlstr = " SELECT * FROM (SELECT MAX(a.END_TIME) AS TIME ,a.DEV_CODE,a.SM_PLAN_NO,b.PONO,b.CAST_NO FROM tpssm12 a,tpssm11 b WHERE a.SM_PLAN_NO = b.SM_PLAN_NO GR
libPSSM/f_pssm_call_tps_n.cpp	1987	1988	sqlstr = "SELECT * FROM TPSSMD1 ";
libPSSM/f_pssm_call_tps_n.cpp	1998	2003	" SELECT t1.DEV_MOVE_START,t1.DEV_MOVE_END,t1.TRAN_TYPE,t1.FACTORY_DIV,"
libPSSM/f_pssm_call_tps_n.cpp	2143	2144	sqlstr = "SELECT * FROM TPSSMD1 ";
libPSSM/f_pssm_call_tps_n.cpp	2153	2158	sqlstr =  " SELECT t1.DEV_MOVE_START,t1.DEV_MOVE_END,t1.TRAN_TYPE,t1.FACTORY_DIV,"
libPSSM/f_pssm_call_tps_n.cpp	2305	2306	sqlstr = "SELECT * FROM TPSSM18 WHERE DEV_STATUS='1' AND END_TIME > TO_CHAR(SYSDATE, 'YYYYMMDDHH24MISS')  ";
libPSSM/f_pssm_call_tps_n.cpp	2411	2412	sqlstr = "SELECT * FROM TPSSM18 WHERE DEV_STATUS='1' AND END_TIME > TO_CHAR(SYSDATE - 1, 'YYYYMMDDHH24MISS') ";
libPSSM/f_pssm_call_tps_n.cpp	2501	2502	sqlstr = "SELECT PONO,HEAT_NO FROM TPSSM11 WHERE SMELT_MODE='1' and PONO_STATUS<83  ORDER BY CAST_NO,CAST_DIV_NO  ASC";
libPSSM/f_pssm_call_tps_n.cpp	2511	2512	sqlstr = "SELECT dev_code FROM TPSSM12 WHERE HEAT_NO=@v_heat_no and area_id >2 and area_id <5 ORDER BY charge_no  ASC";
libPSSM/f_pssm_call_tps_n.cpp	2685	2686	sqlstr = "SELECT * FROM TPSSM10 WHERE FACTORY_DIV=@v_factory_div AND PONO IN ( SELECT a.PONO FROM TPSSM11 a,TPSSM12 b WHERE a.STEEL_RETURN_CODE = ' ' AND a.PONO
libPSSM/f_pssm_call_tps_n.cpp	2690	2691	sqlstr = "SELECT * FROM TPSSMD9 ";
libPSSM/f_pssm_call_tps_n.cpp	2695	2700	sqlstr =  " SELECT t1.DEV_MOVE_START,t1.DEV_MOVE_END,t1.TRAN_TYPE,t1.FACTORY_DIV,"
libPSSM/f_pssm_call_tps_n.cpp	2705	2706	sqlstr = "SELECT * FROM TPSSMD1 ";
libPSSM/f_pssm_call_tps_n.cpp	2711	2715	" SELECT t1.FACTORY_DIV,t1.ST_NO,t1.DEV_CODE,t1.SMELT_MODE,t1.SMELT_MODE2,t1.COST_HJ,t1.STD_PREP_TIME,"
libPSSM/f_pssm_call_tps_n.cpp	2716	2718	" SELECT t1.FACTORY_DIV,t1.ST_NO,t1.DEV_CODE,t1.SMELT_MODE,t1.SMELT_MODE2,t1.COST_HJ,t1.STD_PREP_TIME,"
libPSSM/f_pssm_call_tps_n.cpp	2723	2724	sqlstr = "SELECT * FROM TAPBD008S2N ";
libPSSM/f_pssm_call_tps_n.cpp	2729	2730	sqlstr = "SELECT a.* FROM TPSSM11 a,TPSSM12 b WHERE a.FACTORY_DIV=@v_factory_div AND a.PONO_STATUS < 83 AND a.STEEL_RETURN_CODE = ' ' AND a.SM_PLAN_NO = b.SM_PL
libPSSM/f_pssm_call_tps_n.cpp	2804	2805	sqlstr = "SELECT * FROM TPSSM12 WHERE FACTORY_DIV=@v_factory_div ";
libPSSM/f_pssm_call_tps_n.cpp	2975	2976	sqlstr = "SELECT MAX(WORK_TIME) FROM TAPBD008S2N WHERE FACTORY_DIV=@v_factory_div AND AREA_ID =@AREA_ID AND DEV_CODE = @DEV_CODE AND DEVICE_STATUS IN (" + devic
libPSSM/f_pssm_call_tps_n.cpp	2990	2991	sqlstr = "SELECT MAX(WORK_TIME) FROM TAPBD008S2N WHERE FACTORY_DIV=@v_factory_div AND AREA_ID =@AREA_ID AND DEV_CODE = @DEV_CODE AND DEVICE_STATUS IN (" + devic
libPSSM/f_pssm_call_tps_n.cpp	3006	3007	sqlstr = "SELECT MAX(WORK_TIME) FROM TAPBD008S2N WHERE FACTORY_DIV=@v_factory_div AND AREA_ID =@AREA_ID AND DEV_CODE = @DEV_CODE AND DEVICE_STATUS IN (" + devic
libPSSM/f_pssm_call_tps_n.cpp	3294	3295	sqlstr = "SELECT * FROM TPSSM17 WHERE FACTORY_DIV=@v_factory_div AND PONO IN ( SELECT a.PONO FROM TPSSM15 a,TPSSM16 b WHERE a.STEEL_RETURN_CODE = ' ' AND a.PONO
libPSSM/f_pssm_call_tps_n.cpp	3299	3300	sqlstr = "SELECT * FROM TPSSMD9 ";
libPSSM/f_pssm_call_tps_n.cpp	3304	3309	sqlstr =   " SELECT t1.DEV_MOVE_START,t1.DEV_MOVE_END,t1.TRAN_TYPE,t1.FACTORY_DIV,"
libPSSM/f_pssm_call_tps_n.cpp	3314	3315	sqlstr = "SELECT * FROM TPSSMD1 ";
libPSSM/f_pssm_call_tps_n.cpp	3320	3324	" SELECT t1.FACTORY_DIV,t1.ST_NO,t1.DEV_CODE,t1.SMELT_MODE,t1.SMELT_MODE2,t1.COST_HJ,t1.STD_PREP_TIME,"
libPSSM/f_pssm_call_tps_n.cpp	3325	3327	" SELECT t1.FACTORY_DIV,t1.ST_NO,t1.DEV_CODE,t1.SMELT_MODE,t1.SMELT_MODE2,t1.COST_HJ,t1.STD_PREP_TIME,"
libPSSM/f_pssm_call_tps_n.cpp	3332	3333	sqlstr = "SELECT * FROM TAPBD008S2N ";
libPSSM/f_pssm_call_tps_n.cpp	3338	3339	sqlstr = "SELECT a.* FROM TPSSM15 a,TPSSM16 b WHERE a.FACTORY_DIV=@v_factory_div AND a.PONO_STATUS < 83 AND a.STEEL_RETURN_CODE = ' ' AND a.SM_PLAN_NO = b.SM_PL
libPSSM/f_pssm_call_tps_n.cpp	3413	3414	sqlstr = "SELECT * FROM TPSSM16 WHERE FACTORY_DIV=@v_factory_div ";
libPSSM/f_pssm_call_tps_n.cpp	3585	3586	sqlstr = "SELECT MAX(WORK_TIME) FROM TAPBD008S2N WHERE FACTORY_DIV=@v_factory_div AND AREA_ID =@AREA_ID AND DEV_CODE = @DEV_CODE AND DEVICE_STATUS IN (" + devic
libPSSM/f_pssm_call_tps_n.cpp	3600	3601	sqlstr = "SELECT MAX(WORK_TIME) FROM TAPBD008S2N WHERE FACTORY_DIV=@v_factory_div AND AREA_ID =@AREA_ID AND DEV_CODE = @DEV_CODE AND DEVICE_STATUS IN (" + devic
libPSSM/f_pssm_call_tps_n.cpp	3616	3617	sqlstr = "SELECT MAX(WORK_TIME) FROM TAPBD008S2N WHERE FACTORY_DIV=@v_factory_div AND AREA_ID =@AREA_ID AND DEV_CODE = @DEV_CODE AND DEVICE_STATUS IN (" + devic
libPSSM/f_pssm_call_tps_n.cpp	3854	3855	sqlstr = "SELECT * FROM TPSSM11 WHERE FACTORY_DIV=@v_factory_div AND PONO_STATUS < 83 AND STEEL_RETURN_CODE = ' ' ";//回炉不传
libPSSM/f_pssm_call_tps_n.cpp	3927	3928	sqlstr = "SELECT * FROM TPSSM12 WHERE FACTORY_DIV=@v_factory_div ";
libPSSM/f_pssm_call_tps_n.cpp	4036	4037	sqlstr = "SELECT MAX(WORK_TIME) FROM TAPBD008S2N WHERE FACTORY_DIV=@v_factory_div AND AREA_ID =@AREA_ID AND DEV_CODE = @DEV_CODE AND DEVICE_STATUS IN (" + devic
libPSSM/f_pssm_call_tps_n.cpp	4051	4052	sqlstr = "SELECT MAX(WORK_TIME) FROM TAPBD008S2N WHERE FACTORY_DIV=@v_factory_div AND AREA_ID =@AREA_ID AND DEV_CODE = @DEV_CODE AND DEVICE_STATUS IN (" + devic
libPSSM/f_pssm_call_tps_n.cpp	4067	4068	sqlstr = "SELECT MAX(WORK_TIME) FROM TAPBD008S2N WHERE FACTORY_DIV=@v_factory_div AND AREA_ID =@AREA_ID AND DEV_CODE = @DEV_CODE AND DEVICE_STATUS IN (" + devic
libPSSM/f_pssm_call_tps_n.cpp	4426	4426	CString string_update11 = " UPDATE TPSSM11 A SET ( REC_REVISOR,REC_REVISE_TIME,BACKLOG_EA,REFINE_ROUTE_CODE ) = ( SELECT REC_REVISOR,REC_REVISE_TIME,BACKLOG_EA,
libPSSM/f_pssm_call_tps_n.cpp	4427	4427	CString string_update12_1 = " UPDATE TPSSM12 A SET ( START_TIME,END_TIME,DEV_CODE,PROC_NO,REC_REVISE_TIME,REC_REVISOR ) = ( SELECT START_TIME,END_TIME,DEV_CODE,
libPSSM/f_pssm_call_tps_n.cpp	4428	4430	CString string_update12_2 = " UPDATE TPSSM12 A SET ( START_TIME,END_TIME ) = ( SELECT START_TIME,END_TIME FROM ( ";
libPSSM/f_pssm_call_tps_n.cpp	4444	4445	sqlstr = "SELECT * FROM TPSSMD1 ";
libPSSM/f_pssm_call_tps_n.cpp	4640	4641	sqlstr = "SELECT * FROM TPSSM12 T2,TPSSM11 T1 WHERE T1.SM_PLAN_NO = T2.SM_PLAN_NO  AND T1.PONO=@tpssm11.PONO ORDER BY CHARGE_NO";
libPSSM/f_pssm_call_tps_n.cpp	4690	4693	string_update12_1 = string_update12_1 + " SELECT '" + tpssm12["SM_PLAN_NO"].ToString() + "' AS SM_PLAN_NO, " + tpssm12["CHARGE_NO"].ToString() + " AS CHARGE_NO,
libPSSM/f_pssm_call_tps_n.cpp	4695	4698	string_update12_1_sub = string_update12_1_sub + " SELECT '" + tpssm12["SM_PLAN_NO"].ToString() + "' AS SM_PLAN_NO, " + tpssm12["CHARGE_NO"].ToString() + " AS CH
libPSSM/f_pssm_call_tps_n.cpp	4713	4715	string_update11 = string_update11 + " SELECT '" + tpssm11["REC_REVISOR"].ToString() + "' AS REC_REVISOR, '" + tpssm11["REC_REVISE_TIME"].ToString() + "' AS REC_
libPSSM/f_pssm_call_tps_n.cpp	4717	4719	string_update11_sub = string_update11_sub + " SELECT '" + tpssm11["REC_REVISOR"].ToString() + "' AS REC_REVISOR, '" + tpssm11["REC_REVISE_TIME"].ToString() + "'
libPSSM/f_pssm_call_tps_n.cpp	4725	4727	string_update11 = string_update11 + " SELECT '" + tpssm11["REC_REVISOR"].ToString() + "' AS REC_REVISOR, '" + tpssm11["REC_REVISE_TIME"].ToString() + "' AS REC_
libPSSM/f_pssm_call_tps_n.cpp	4728	4730	string_update11_sub = string_update11_sub + " SELECT '" + tpssm11["REC_REVISOR"].ToString() + "' AS REC_REVISOR, '" + tpssm11["REC_REVISE_TIME"].ToString() + "'
libPSSM/f_pssm_call_tps_n.cpp	4734	4738	string_update12_1 = string_update12_1 + " SELECT 'XXXXXXXX' AS SM_PLAN_NO, " + tpssm12["CHARGE_NO"].ToString() + " AS CHARGE_NO, '"
libPSSM/f_pssm_call_tps_n.cpp	4739	4743	string_update12_1_sub = string_update12_1_sub + " SELECT 'XXXXXXXX' AS SM_PLAN_NO, " + tpssm12["CHARGE_NO"].ToString() + " AS CHARGE_NO, '"
libPSSM/f_pssm_call_tps_n.cpp	4957	4957	CString string_update11 = " UPDATE TPSSM15 A SET ( REC_REVISOR,REC_REVISE_TIME,REFINE_ROUTE_CODE ) = ( SELECT REC_REVISOR,REC_REVISE_TIME,REFINE_ROUTE_CODE FROM
libPSSM/f_pssm_call_tps_n.cpp	4958	4958	CString string_update12_1 = " UPDATE TPSSM16 A SET ( START_TIME,END_TIME,DEV_CODE,PROC_NO,REC_REVISE_TIME,REC_REVISOR ) = ( SELECT START_TIME,END_TIME,DEV_CODE,
libPSSM/f_pssm_call_tps_n.cpp	4959	4961	CString string_update12_2 = " UPDATE TPSSM16 A SET ( START_TIME,END_TIME ) = ( SELECT START_TIME,END_TIME FROM ( ";
libPSSM/f_pssm_call_tps_n.cpp	4975	4976	sqlstr = "SELECT * FROM TPSSMD1 ";
libPSSM/f_pssm_call_tps_n.cpp	5172	5173	sqlstr = "SELECT * FROM TPSSM16 T2,TPSSM15 T1 WHERE T1.SM_PLAN_NO = T2.SM_PLAN_NO  AND T1.PONO=@tpssm15.PONO AND T2.DEV_CODE NOT IN ('Z1','Z2','Z3','Z4','Z5','Z
libPSSM/f_pssm_call_tps_n.cpp	5222	5225	string_update12_1 = string_update12_1 + " SELECT '" + tpssm16["SM_PLAN_NO"].ToString() + "' AS SM_PLAN_NO, " + tpssm16["CHARGE_NO"].ToString() + " AS CHARGE_NO,
libPSSM/f_pssm_call_tps_n.cpp	5227	5230	string_update12_1_sub = string_update12_1_sub + " SELECT '" + tpssm16["SM_PLAN_NO"].ToString() + "' AS SM_PLAN_NO, " + tpssm16["CHARGE_NO"].ToString() + " AS CH
libPSSM/f_pssm_call_tps_n.cpp	5245	5247	string_update11 = string_update11 + " SELECT '" + tpssm15["REC_REVISOR"].ToString() + "' AS REC_REVISOR, '" + tpssm15["REC_REVISE_TIME"].ToString() + "' AS REC_
libPSSM/f_pssm_call_tps_n.cpp	5249	5251	string_update11_sub = string_update11_sub + " SELECT '" + tpssm15["REC_REVISOR"].ToString() + "' AS REC_REVISOR, '" + tpssm15["REC_REVISE_TIME"].ToString() + "'
libPSSM/f_pssm_call_tps_n.cpp	5257	5259	string_update11 = string_update11 + " SELECT '" + tpssm15["REC_REVISOR"].ToString() + "' AS REC_REVISOR, '" + tpssm15["REC_REVISE_TIME"].ToString() + "' AS REC_
libPSSM/f_pssm_call_tps_n.cpp	5260	5262	string_update11_sub = string_update11_sub + " SELECT '" + tpssm15["REC_REVISOR"].ToString() + "' AS REC_REVISOR, '" + tpssm15["REC_REVISE_TIME"].ToString() + "'
libPSSM/f_pssm_call_tps_n.cpp	5266	5270	string_update12_1 = string_update12_1 + " SELECT 'XXXXXXXX' AS SM_PLAN_NO, " + tpssm16["CHARGE_NO"].ToString() + " AS CHARGE_NO, '"
libPSSM/f_pssm_call_tps_n.cpp	5271	5275	string_update12_1_sub = string_update12_1_sub + " SELECT 'XXXXXXXX' AS SM_PLAN_NO, " + tpssm16["CHARGE_NO"].ToString() + " AS CHARGE_NO, '"
libPSSM/f_pssm_call_tps_n.cpp	5353	5354	sqlstr = "SELECT T1.PONO,T2.AREA_ID,T2.DEV_CODE,T2.CHARGE_NO,T3.DEV_TECH_CODE FROM TPSSM11 T1, TPSSM12 T2,TPSSMD1 T3 ";
libPSSM/f_pssm_call_tps_n.cpp	5429	5430	sqlstr = "SELECT T1.PONO,T2.AREA_ID,T2.DEV_CODE,T2.CHARGE_NO,T3.DEV_TECH_CODE FROM TPSSM15 T1, TPSSM16 T2,TPSSMD1 T3 ";
libPSSM/f_pssm_call_tps_n2.cpp	410	411	sqlstr = "SELECT * FROM TPSSMD1 WHERE FACTORY_DIV=@v_factory_div AND  AREA_ID>=2";
libPSSM/f_pssm_call_tps_n2.cpp	453	454	sqlstr = "SELECT DEV_MOVE_START,DEV_MOVE_END,MOVE_TIME,TRAN_TYPE FROM TPSSMD6 WHERE FACTORY_DIV=@v_factory_div";
libPSSM/f_pssm_call_tps_n2.cpp	502	503	sqlstr = " SELECT * FROM TPSSM18 WHERE DEV_STATUS = '1' ";
libPSSM/f_pssm_call_tps_n2.cpp	536	538	sqlstr = " SELECT *  "
libPSSM/f_pssm_call_tps_n2.cpp	539	545	" SELECT CAST_NO "
libPSSM/f_pssm_call_tps_n2.cpp	546	553	" SELECT 1 "
libPSSM/f_pssm_call_tps_n2.cpp	562	563	sqlstr = "SELECT ST_NO, LOWER_LIMIT_VALUE, UPPER_LIMIT_VALUE, TIME_OFFSET FROM TPSSMDM";
libPSSM/f_pssm_call_tps_n2.cpp	660	661	sqlstr = "SELECT * FROM TPSSM16 WHERE FACTORY_DIV=@v_factory_div ";
libPSSM/f_pssm_call_tps_n2.cpp	750	751	sqlstr = "SELECT MAX(WORK_TIME) FROM TAPBD008S2N WHERE FACTORY_DIV=@v_factory_div AND AREA_ID =@AREA_ID AND DEV_CODE = @DEV_CODE AND DEVICE_STATUS IN (" + devic
libPSSM/f_pssm_call_tps_n2.cpp	766	767	sqlstr = "SELECT MAX(WORK_TIME) FROM TAPBD008S2N WHERE FACTORY_DIV=@v_factory_div AND AREA_ID =@AREA_ID AND DEV_CODE = @DEV_CODE AND DEVICE_STATUS IN (" + devic
libPSSM/f_pssm_call_tps_n2.cpp	783	784	sqlstr = "SELECT MAX(WORK_TIME) FROM TAPBD008S2N WHERE FACTORY_DIV=@v_factory_div AND AREA_ID =@AREA_ID AND DEV_CODE = @DEV_CODE AND DEVICE_STATUS IN (" + devic
libPSSM/f_pssm_call_tps_n2.cpp	847	848	sqlstr = " SELECT * FROM TAPBD006S2N ";
libPSSM/f_pssm_call_tps_n2.cpp	865	866	sqlstr = " SELECT * FROM TAPBD008S2N ";
libPSSM/f_pssm_call_tps_n2.cpp	886	888	sqlstr = " SELECT * FROM TPSSMDH WHERE FACTORY_DIV = @v_factory_div and st_no in (select distinct st_no from tpssm17 WHERE PONO_STATUS > 14 ) ";
libPSSM/f_pssm_call_tps_n2.cpp	906	907	sqlstr = " SELECT * FROM TPSSMDJ WHERE ROUTEBAGKEY IN "
libPSSM/f_pssm_call_tps_n2.cpp	924	926	sqlstr = " SELECT * FROM TPSSMD7 WHERE ROUTELIST IN "
libPSSM/f_pssm_call_tps_n2.cpp	969	973	" SELECT DISTINCT(ST_NO) FROM TPSSM17 "
libPSSM/f_pssm_call_tps_n2.cpp	990	996	" SELECT DISTINCT d3.ST_NO, d1.DEV_TECH_CODE, d3.STD_PROC_TIME, d1.AREA_ID, d3.SMELT_MODE, d3.FACTORY_DIV, d3.STD_PREP_TIME, d3.DRAW_TIME, d3.WAITING_TIME "
libPSSM/f_pssm_call_tps_n2.cpp	1035	1042	" SELECT DISTINCT d3.ST_NO, d1.DEV_TECH_CODE, d3.STD_PROC_TIME, d1.AREA_ID, d3.SMELT_MODE, d3.FACTORY_DIV, d3.STD_PREP_TIME, d3.DRAW_TIME, d3.WAITING_TIME "
libPSSM/f_pssm_call_tps_n2.cpp	1062	1063	" SELECT DISTINCT DEV_CODE FROM TPSSMD1 WHERE DEV_TECH_CODE = @DEV_TECH_CODE AND AREA_ID = @AREA_ID AND FACTORY_DIV = @FACTORY_DIV "
libPSSM/f_pssm_call_tps_n2.cpp	1096	1102	sqlstr = " SELECT T.ST_NO,A.DEV_CODE,T.STD_PROC_TIME ,A.AREA_ID, T.SMELT_MODE, T.FACTORY_DIV, T.STD_PREP_TIME, T.DRAW_TIME, T.WAITING_TIME "
libPSSM/f_pssm_call_tps_n2.cpp	1143	1144	sqlstr = " SELECT * FROM TPSSM17 WHERE PONO_STATUS < 83 AND PONO_STATUS > 14 ORDER BY CAST_LOT_NO,CAST_LOT_DIV_NO ";
libPSSM/f_pssm_call_tps_n2.cpp	1164	1166	sqlstr = " SELECT distinct CAST_NO FROM tpssm15 WHERE PONO_STATUS < 83 AND PONO_STATUS > 14 order by CAST_NO ";
libPSSM/f_pssm_call_tps_n2.cpp	1172	1173	sqlstr = " SELECT PONO FROM tpssm15 where CAST_NO = @CAST_NO  order by CAST_DIV_NO desc ";
libPSSM/f_pssm_call_tps_n2.cpp	1181	1182	sqlstr = " SELECT SLAB_WIDTH,SLAB_THICK,C_DIV,ST_NO,PONO FROM tpssm17 where PONO = @PONO ";
libPSSM/f_pssm_call_tps_n2.cpp	1195	1196	sqlstr = " SELECT distinct CAST_NO FROM tpssm15 WHERE PONO_STATUS < 83 AND PONO_STATUS > 14 order by CAST_NO ";
libPSSM/f_pssm_call_tps_n2.cpp	1205	1206	sqlstr = " SELECT PONO FROM tpssm15 where CAST_NO = @CAST_NO  order by CAST_DIV_NO asc ";
libPSSM/f_pssm_call_tps_n2.cpp	1214	1215	sqlstr = " SELECT SLAB_WIDTH,SLAB_THICK,C_DIV,ST_NO,PONO,CC_MACH_NO FROM tpssm17 where PONO = @PONO ";
libPSSM/f_pssm_call_tps_n2.cpp	1298	1299	sqlstr = "SELECT MAX(WORK_TIME) FROM TAPBD008S2N WHERE FACTORY_DIV=@v_factory_div AND AREA_ID = 5 AND DEV_CODE = @DEV_CODE AND DEVICE_STATUS IN (" + device_stat
libPSSM/f_pssm_call_tps_n2.cpp	1323	1324	sqlstr = " SELECT * FROM tpssmdi ";
libPSSM/f_pssm_call_tps_n2.cpp	1338	1356	sqlstr = " SELECT "
libPSSM/f_pssm_call_tps_n2.cpp	1375	1378	sqlstr = " SELECT count(1) "
libPSSM/f_pssm_call_tps_n2.cpp	1383	1386	sqlstr = " SELECT a.PONO, a.ST_NO, c.SMELT_MODE2, d.CODE_DESC_2_CONTENT, c.STD_PROC_TIME, c.STD_PREP_TIME, c.COST_HJ "
libPSSM/f_pssm_call_tps_n2.cpp	1511	1512	sqlstr = "SELECT * FROM TPSSMD7 WHERE FACTORY_DIV=@v_factory_div AND ROUTELIST = @ROUTELIST AND AREA_ID > 2 ";
libPSSM/f_pssm_call_tps_n2.cpp	1637	1638	sqlstr = "SELECT DEV_CODE FROM TPSSMDI WHERE CC_MACH_NO=@CC_MACH_NO AND DEV_TECH_CODE = @DEV_TECH_CODE ";
libPSSM/f_pssm_call_tps_n2.cpp	1680	1681	sqlstr = "SELECT * FROM TPSSM16 WHERE FACTORY_DIV=@v_factory_div AND SM_PLAN_NO = @SM_PLAN_NO AND AREA_ID > 2 ";
libPSSM/f_pssm_call_tps_n2.cpp	1798	1799	sqlstr = "SELECT DEV_CODE FROM TPSSMDI WHERE CC_MACH_NO=@CC_MACH_NO AND DEV_TECH_CODE = @DEV_TECH_CODE ";
libPSSM/f_pssm_call_tps_n2.cpp	1907	1908	sqlstr = "SELECT * FROM TPSSMD7 WHERE FACTORY_DIV=@v_factory_div AND ROUTELIST = @ROUTELIST AND AREA_ID > 2 ";
libPSSM/f_pssm_call_tps_n2.cpp	1993	1994	sqlstr = "SELECT DEV_CODE FROM TPSSMDI WHERE CC_MACH_NO=@CC_MACH_NO AND DEV_TECH_CODE = @DEV_TECH_CODE ";
libPSSM/f_pssm_call_tps_n2.cpp	2035	2036	sqlstr = "SELECT * FROM TPSSM16 WHERE FACTORY_DIV=@v_factory_div AND SM_PLAN_NO = @SM_PLAN_NO AND AREA_ID > 2 ";
libPSSM/f_pssm_call_tps_n2.cpp	2107	2108	sqlstr = "SELECT DEV_CODE FROM TPSSMDI WHERE CC_MACH_NO=@CC_MACH_NO AND DEV_TECH_CODE = @DEV_TECH_CODE ";
libPSSM/f_pssm_call_tps_n2.cpp	2155	2156	sqlstr = " SELECT a.SM_PLAN_NO,a.PONO,a.ST_NO,b.DEV_CODE,c.SMELT_MODE2,d.CODE_DESC_2_CONTENT,c.STD_PROC_TIME,c.COST_HJ,a.FACTORY_DIV FROM tpssm15 a,tpssm16 b,tp
libPSSM/f_pssm_call_tps_n2.cpp	2265	2266	sqlstr = " SELECT * FROM (SELECT MAX(a.END_TIME) AS TIME ,a.DEV_CODE,a.SM_PLAN_NO,b.PONO,b.CAST_NO FROM tpssm16 a,tpssm15 b WHERE a.SM_PLAN_NO = b.SM_PLAN_NO AN
libPSSM/f_pssm_call_tps_n2.cpp	2442	2443	sqlstr = "SELECT T1.PONO,T2.AREA_ID,T2.DEV_CODE,T2.CHARGE_NO,T3.DEV_TECH_CODE FROM TPSSM15 T1, TPSSM16 T2,TPSSMD1 T3 ";
libPSSM/f_pssm_call_tps_n3.cpp	279	280	sqlstr = "SELECT * FROM TPSSMD1 WHERE FACTORY_DIV=@v_factory_div AND  AREA_ID>=2";
libPSSM/f_pssm_call_tps_n3.cpp	322	323	sqlstr = "SELECT DEV_MOVE_START,DEV_MOVE_END,MOVE_TIME FROM TPSSMD6 WHERE FACTORY_DIV=@v_factory_div";
libPSSM/f_pssm_call_tps_n3.cpp	371	372	sqlstr = " SELECT * FROM TPSSM18 WHERE DEV_STATUS = '1' ";
libPSSM/f_pssm_call_tps_n3.cpp	405	406	sqlstr = "SELECT * FROM TPSSM11 WHERE FACTORY_DIV=@v_factory_div AND PONO_STATUS <= 83 AND STEEL_RETURN_CODE = ' ' ";
libPSSM/f_pssm_call_tps_n3.cpp	493	494	sqlstr = "SELECT * FROM TPSSM12 WHERE FACTORY_DIV=@v_factory_div ";
libPSSM/f_pssm_call_tps_n3.cpp	565	566	sqlstr = "SELECT MAX(WORK_TIME) FROM TAPBD008S2N WHERE FACTORY_DIV=@v_factory_div AND AREA_ID =@AREA_ID AND DEV_CODE = @DEV_CODE AND DEVICE_STATUS IN (" + devic
libPSSM/f_pssm_call_tps_n3.cpp	581	582	sqlstr = "SELECT MAX(WORK_TIME) FROM TAPBD008S2N WHERE FACTORY_DIV=@v_factory_div AND AREA_ID =@AREA_ID AND DEV_CODE = @DEV_CODE AND DEVICE_STATUS IN (" + devic
libPSSM/f_pssm_call_tps_n3.cpp	598	599	sqlstr = "SELECT MAX(WORK_TIME) FROM TAPBD008S2N WHERE FACTORY_DIV=@v_factory_div AND AREA_ID =@AREA_ID AND DEV_CODE = @DEV_CODE AND DEVICE_STATUS IN (" + devic
libPSSM/f_pssm_call_tps_n3.cpp	652	653	sqlstr = " SELECT * FROM TAPBD006S2N ";
libPSSM/f_pssm_call_tps_n3.cpp	670	671	sqlstr = " SELECT * FROM TAPBD008S2N ";
libPSSM/f_pssm_call_tps_n3.cpp	691	693	sqlstr = " SELECT * FROM TPSSMDH WHERE FACTORY_DIV = @v_factory_div and st_no in (select distinct st_no from tpssm10) ";
libPSSM/f_pssm_call_tps_n3.cpp	711	712	sqlstr = " SELECT * FROM TPSSMDJ ";
libPSSM/f_pssm_call_tps_n3.cpp	727	728	sqlstr = " SELECT * FROM TPSSMD7 ";
libPSSM/f_pssm_call_tps_n3.cpp	770	773	" SELECT DISTINCT(ST_NO) FROM TPSSM10 "
libPSSM/f_pssm_call_tps_n3.cpp	790	796	" SELECT DISTINCT d3.ST_NO, d1.DEV_TECH_CODE, d3.STD_PROC_TIME, d1.AREA_ID, d3.SMELT_MODE, d3.FACTORY_DIV, d3.STD_PREP_TIME, d3.DRAW_TIME, d3.WAITING_TIME "
libPSSM/f_pssm_call_tps_n3.cpp	817	818	" SELECT DISTINCT DEV_CODE FROM TPSSMD1 WHERE DEV_TECH_CODE = @DEV_TECH_CODE AND AREA_ID = @AREA_ID AND FACTORY_DIV = @FACTORY_DIV "
libPSSM/f_pssm_call_tps_n3.cpp	851	857	sqlstr = " SELECT T.ST_NO,A.DEV_CODE,T.STD_PROC_TIME ,A.AREA_ID, T.SMELT_MODE, T.FACTORY_DIV, T.STD_PREP_TIME, T.DRAW_TIME, T.WAITING_TIME "
libPSSM/f_pssm_call_tps_n3.cpp	898	899	sqlstr = " SELECT * FROM TPSSM10 ORDER BY CAST_LOT_NO,CAST_LOT_DIV_NO ";
libPSSM/f_pssm_call_tps_n3.cpp	919	920	sqlstr = " SELECT distinct CAST_LOT_NO FROM tpssm10 order by CAST_LOT_NO ";
libPSSM/f_pssm_call_tps_n3.cpp	926	927	sqlstr = " SELECT SLAB_WIDTH,SLAB_THICK,C_DIV,ST_NO,PONO FROM tpssm10 where CAST_LOT_NO = @CAST_LOT_NO  order by CAST_LOT_DIV_NO desc ";
libPSSM/f_pssm_call_tps_n3.cpp	939	940	sqlstr = " SELECT distinct CAST_LOT_NO FROM tpssm10 order by CAST_LOT_NO ";
libPSSM/f_pssm_call_tps_n3.cpp	949	950	sqlstr = " SELECT SLAB_WIDTH,SLAB_THICK,C_DIV,ST_NO,PONO,CC_MACH_NO FROM tpssm10 where CAST_LOT_NO = @CAST_LOT_NO  order by CAST_LOT_DIV_NO asc ";
libPSSM/f_pssm_call_tps_n3.cpp	1033	1034	sqlstr = "SELECT MAX(WORK_TIME) FROM TAPBD008S2N WHERE FACTORY_DIV=@v_factory_div AND AREA_ID = 5 AND DEV_CODE = @DEV_CODE AND DEVICE_STATUS IN (" + device_stat
libPSSM/f_pssm_call_tps_n3.cpp	1056	1057	sqlstr = " SELECT * FROM tpssmdi ";
libPSSM/f_pssm_call_tps_n3.cpp	1072	1089	sqlstr = " SELECT "
libPSSM/f_pssm_call_tps_n3.cpp	1148	1149	sqlstr = "SELECT * FROM TPSSMD7 WHERE FACTORY_DIV=@v_factory_div AND ROUTELIST = @ROUTELIST ";
libPSSM/f_pssm_call_tps_n3.cpp	1217	1218	sqlstr = "SELECT DEV_CODE FROM TPSSMDI WHERE CC_MACH_NO=@CC_MACH_NO AND DEV_TECH_CODE = @DEV_TECH_CODE ";
libPSSM/f_pssm_call_tps_n3.cpp	1248	1249	sqlstr = "SELECT * FROM TPSSM12 WHERE FACTORY_DIV=@v_factory_div AND SM_PLAN_NO = @SM_PLAN_NO ";
libPSSM/f_pssm_call_tps_n3.cpp	1288	1289	sqlstr = "SELECT DEV_CODE FROM TPSSMDI WHERE CC_MACH_NO=@CC_MACH_NO AND DEV_TECH_CODE = @DEV_TECH_CODE ";
libPSSM/f_pssm_call_tps_n3.cpp	1461	1462	sqlstr = "SELECT T1.PONO,T2.AREA_ID,T2.DEV_CODE,T2.CHARGE_NO,T3.DEV_TECH_CODE FROM TPSSM11 T1, TPSSM12 T2,TPSSMD1 T3 ";
libPSSM/f_pssm_castlot_upd.cpp	72	73	sqlstr = " SELECT max(CAST_LOT_DIV_NO2),CAST_LOT_NO2 FROM tpssm10 WHERE CAST_LOT_NO2 IN ( " + CAST_LOT_NO2 + " ) GROUP BY CAST_LOT_NO2 ";
libPSSM/f_pssm_castlot_upd2.cpp	46	47	sqlstr = "   SELECT A.CAST_NO,B.CAST_LOT_NO2,B.CAST_LOT_NO  FROM TPSSM11 A,TPSSM10 B WHERE A.PONO = B.PONO AND A.CAST_DIV_NO = 1 AND A.PONO_STATUS <= 83 ORDER B
libPSSM/f_pssm_castlot_upd2.cpp	101	101	sqlstr = " UPDATE TPSSM10 A SET CAST_LOT_DIV_NO2 = ( "
libPSSM/f_pssm_castlot_upd2.cpp	102	104	"	SELECT CAST_DIV_NO FROM TPSSM11 "
libPSSM/f_pssm_castlot_upd2.cpp	105	106	"	SELECT 1 FROM TPSSM11 WHERE PONO = A.PONO AND PONO_STATUS < 83 ) ";
libPSSM/f_pssm_castlot_upd2.cpp	110	110	sqlstr = " UPDATE TPSSM10 A SET CAST_LOT_NO2 = ( "
libPSSM/f_pssm_castlot_upd2.cpp	111	113	" SELECT B.CAST_LOT_NO2 FROM TPSSM_CAST B, TPSSM11 C"
libPSSM/f_pssm_castlot_upd2.cpp	114	115	"	SELECT 1 FROM TPSSM_CAST B, TPSSM11 C WHERE A.PONO = C.PONO AND B.CAST_NO  = C.CAST_NO AND C.PONO_STATUS < 83 ) ";
libPSSM/f_pssm_ccmchg_chk_n.cpp	84	85	sqlstr="SELECT COUNT(1) FROM (SELECT * FROM TPSSMD9 WHERE FACTORY_DIV=@tpssm10.FACTORY_DIV ";
libPSSM/f_pssm_ccmchg_chk_n.cpp	137	138	sqlstr="SELECT MIN(SLAB_THICK),MIN(SLAB_WIDTH), MAX(SLAB_WIDTH) FROM TPSSM03 WHERE 1=1";
libPSSM/f_pssm_chg_in.cpp	277	278	sqlstr = " SELECT COUNT(1) FROM TPSSM12 WHERE SM_PLAN_NO = @SM_PLAN_NO AND AREA_ID = 2 AND DEV_CODE LIKE 'B%' ";
libPSSM/f_pssm_chg_in.cpp	295	296	sqlstr = " SELECT COUNT(1) FROM TPSSM12 WHERE SM_PLAN_NO = @SM_PLAN_NO AND AREA_ID = 2 AND DEV_CODE LIKE 'B%' ";
libPSSM/f_pssm_chg_in.cpp	317	318	sqlstr = " SELECT COUNT(1) FROM TPSSM12 WHERE SM_PLAN_NO = @SM_PLAN_NO AND AREA_ID = 2 AND DEV_CODE LIKE 'B%' ";
libPSSM/f_pssm_chg_in.cpp	335	336	sqlstr = " SELECT COUNT(1) FROM TPSSM12 WHERE SM_PLAN_NO = @SM_PLAN_NO AND AREA_ID = 2 AND DEV_CODE LIKE 'B%' ";
libPSSM/f_pssm_chg_in.cpp	378	389	"UPDATE TPSSM11 "
libPSSM/f_pssm_chg_in.cpp	415	426	"UPDATE TPSSM11 "
libPSSM/f_pssm_chg_in.cpp	444	445	sqlstr = "SELECT * FROM TPSSM12 WHERE FACTORY_DIV=@v_factory_div AND SM_PLAN_NO = @SM_PLAN_NO ";
libPSSM/f_pssm_chg_in.cpp	452	453	sqlstr = "SELECT * FROM TPSSM12 WHERE FACTORY_DIV=@v_factory_div AND SM_PLAN_NO = @SM_PLAN_NO ";
libPSSM/f_pssm_chg_in.cpp	460	461	sqlstr = " DELETE FROM TPSSM12 WHERE SM_PLAN_NO = @SM_PLAN_NO ";
libPSSM/f_pssm_chg_in.cpp	466	467	sqlstr = " DELETE FROM TPSSM12 WHERE SM_PLAN_NO = @SM_PLAN_NO ";
libPSSM/f_pssm_chg_in.cpp	608	609	sqlstr = "SELECT * FROM TPSSM12 WHERE FACTORY_DIV=@v_factory_div AND SM_PLAN_NO = @SM_PLAN_NO ";
libPSSM/f_pssm_chg_in.cpp	616	617	sqlstr = "SELECT * FROM TPSSM12 WHERE FACTORY_DIV=@v_factory_div AND SM_PLAN_NO = @SM_PLAN_NO ";
libPSSM/f_pssm_chg_in.cpp	624	625	sqlstr = " DELETE FROM TPSSM12 WHERE SM_PLAN_NO = @SM_PLAN_NO ";
libPSSM/f_pssm_chg_in.cpp	630	631	sqlstr = " DELETE FROM TPSSM12 WHERE SM_PLAN_NO = @SM_PLAN_NO ";
libPSSM/f_pssm_chg_in.cpp	1402	1404	sqlstr = "SELECT * FROM   TPSSM12  "
libPSSM/f_pssm_chg_in.cpp	1444	1448	sqlstr = "UPDATE TPSSM11 "
libPSSM/f_pssm_chg_in.cpp	1472	1474	sqlstr = "SELECT * FROM   TPSSM12  "
libPSSM/f_pssm_chg_in.cpp	1516	1520	sqlstr = "UPDATE TPSSM11 "
libPSSM/f_pssm_chg_in.cpp	1542	1544	sqlstr = " SELECT DISTINCT AREA_ID, DEV_CODE  FROM TPSSM12 \
libPSSM/f_pssm_chg_in.cpp	1578	1580	sqlstr = " SELECT DISTINCT STATION_ID FROM TPSSMD1 \
libPSSM/f_pssm_chg_in.cpp	1605	1607	sqlstr = " SELECT DISTINCT AREA_ID, DEV_CODE FROM TPSSM12 \
libPSSM/f_pssm_chg_in.cpp	1631	1633	sqlstr = " SELECT DISTINCT STATION_ID FROM TPSSMD1 \
libPSSM/f_pssm_compute_time.cpp	112	114	sqlstr = "SELECT VALUE "
libPSSM/f_pssm_compute_time.cpp	156	165	sqlstr = " SELECT PONO,ST_NO,CAST_LOT_NO,POUR_START_TIME_L3,CC_REQ_TIME, "
libPSSM/f_pssm_compute_time.cpp	200	203	sqlstr = "SELECT CAST_SPEED_MAX "
libPSSM/f_pssm_compute_time.cpp	227	229	sqlstr = "SELECT SLAB_THICK "
libPSSM/f_pssm_compute_time.cpp	243	245	sqlstr = "SELECT COUNT(*) ,SUM(NOM_SLAB_WIDTH),SUM(NOM_SLAB_WT) "
libPSSM/f_pssm_compute_time.cpp	266	268	sqlstr = "SELECT SLAB_WIDTH FROM TPSSM04  "
libPSSM/f_pssm_compute_time.cpp	296	300	sqlstr = "SELECT MAX(CC_REQ_TIME) "
libPSSM/f_pssm_compute_time.cpp	354	356	sqlstr = " UPDATE TPSSM01 "
libPSSM/f_pssm_compute_time.cpp	375	379	sqlstr = " UPDATE TPSSM01 "
libPSSM/f_pssm_compute_time.cpp	484	485	cmd_query_tc_seq_no.SetCommandText("SELECT  SUBSTR(TO_CHAR(CURRENT_TIMESTAMP,'yyyymmddhh24missff6'),1,20)  from DUAL; ");
libPSSM/f_pssm_deal_pre_plan.cpp	83	84	sqlstr = " SELECT CHARGE_NO FROM TPSSM12 WHERE	AREA_ID < 3	AND SM_PLAN_NO = @sm_plan_no AND START_TIME_REAL = ' ' AND END_TIME_REAL = ' ' ORDER BY CHARGE_NO des
libPSSM/f_pssm_deal_pre_plan.cpp	102	105	sqlstr = "UPDATE TPSSM12 "
libPSSM/f_pssm_deal_pre_plan.cpp	112	114	sqlstr = "UPDATE TPSSM11 "
libPSSM/f_pssm_deal_pre_plan.cpp	146	149	sqlstr = "UPDATE TPSSM12 "
libPSSM/f_pssm_deal_pre_plan2.cpp	81	84	sqlstr = " UPDATE TPSSM12 SET "
libPSSM/f_pssm_get_no.cpp	84	85	sqlstr = "  SELECT LPAD(PSSM_CAST_NO_INS.nextval, 6, '0') FROM dual  ";
libPSSM/f_pssm_heat_confirm.cpp	200	202	sqlstr = CString(" SELECT a.PONO AS PONO2, a.STEEL_RETURN_CODE AS CODE, a.* FROM TPSSM11 a left join TPSSM12 b on a.sm_plan_no = b.sm_plan_no WHERE a.PONO_STATU
libPSSM/f_pssm_heat_confirm.cpp	216	217	sqlstr = " select count(1) from(select DISTINCT (LSLAB_NO) from tpssm03 where pono = @pono AND SLAB_PROD_FLAG = '1') ";
libPSSM/f_pssm_heat_confirm.cpp	221	222	sqlstr = " select count(1) from (select * from tmmsm01 where LSLAB_NO IN (select DISTINCT (LSLAB_NO) from tpssm03 where pono = @pono AND SLAB_PROD_FLAG = '1') u
libPSSM/f_pssm_heat_confirm.cpp	226	227	sqlstr = " select count(1) from (select * from tmmsm01 where LSLAB_NO IN (select DISTINCT (LSLAB_NO) from tpssm03 where pono = @pono AND SLAB_PROD_FLAG = '1') A
libPSSM/f_pssm_heat_confirm.cpp	271	276	sqlstr = " SELECT CODE FROM "
libPSSM/f_pssm_heat_confirm.cpp	329	331	sqlstr = "SELECT HOT_SEND_FLAG, HOT_CHARGE_FLAG, CAST_LOT_NO, CC_MACH_NO "
libPSSM/f_pssm_heat_confirm.cpp	423	428	sqlstr = " SELECT CODE_DESC_5_CONTENT FROM TEP0002  "
libPSSM/f_pssm_heat_confirm.cpp	447	450	sqlstr = " SELECT PONO,SLAB_NO FROM TPSSM03 "
libPSSM/f_pssm_heat_confirm.cpp	483	485	sqlstr = " SELECT MAT_DESIGN_KIND,TMP_SLAB_NO "
libPSSM/f_pssm_heat_confirm.cpp	519	523	sqlstr = " UPDATE TPSSM03 "
libPSSM/f_pssm_heat_confirm.cpp	548	551	sqlstr = " SELECT COUNT(1) "
libPSSM/f_pssm_heat_confirm.cpp	566	570	sqlstr = " UPDATE TPSSM03 "
libPSSM/f_pssm_mix_type.cpp	86	93	" select CC_MACH_NO,CC_SEQ,PONO_STATUS,A.ST_NO, A.PONO,A.RESTRAND_FLG,A.TD_CHG_FLG, '0' ORDER_CC_SEQ_FLAG, nvl(E.ST_NO_TO,A.ST_NO) CAN_MIX_GROUP,nvl(F.IDX_NO,A.
libPSSM/f_pssm_mix_type.cpp	95	102	" select CC_MACH_NO,CC_SEQ,PONO_STATUS,A.ST_NO, A.PONO,A.RESTRAND_FLG,A.TD_CHG_FLG, '0' ORDER_CC_SEQ_FLAG, nvl(E.ST_NO_TO,A.ST_NO) CAN_MIX_GROUP,nvl(F.IDX_NO,A.
libPSSM/f_pssm_mix_type.cpp	136	143	" select CC_MACH_NO,CC_SEQ,PONO_STATUS,A.ST_NO, A.PONO,A.RESTRAND_FLG,A.TD_CHG_FLG, '0' ORDER_CC_SEQ_FLAG, nvl(E.ST_NO_TO,A.ST_NO) CAN_MIX_GROUP,nvl(F.IDX_NO,A.
libPSSM/f_pssm_mix_type.cpp	145	152	" select CC_MACH_NO,CC_SEQ,PONO_STATUS,A.ST_NO, A.PONO,A.RESTRAND_FLG,A.TD_CHG_FLG, '0' ORDER_CC_SEQ_FLAG, nvl(E.ST_NO_TO,A.ST_NO) CAN_MIX_GROUP,nvl(F.IDX_NO,A.
libPSSM/f_pssm_mix_wid.cpp	72	82	" select CC_MACH_NO,CC_SEQ,PONO_STATUS,A.ST_NO, A.PONO,A.RESTRAND_FLG,A.TD_CHG_FLG, '0' ORDER_CC_SEQ_FLAG, B.*,C.* "
libPSSM/f_pssm_paimp1_snd.cpp	97	99	sqlstr = " SELECT COUNT(1) FROM TPSSMDB \
libPSSM/f_pssm_paimp1_snd.cpp	118	120	sqlstr = " SELECT  IRON_WT  FROM TPSSMDB \
libPSSM/f_pssm_pas1p1_snd.cpp	118	120	sqlstr = " SELECT COUNT(1) FROM TPSSM11 \
libPSSM/f_pssm_pas1p1_snd.cpp	147	149	sqlstr = " SELECT COUNT(1) FROM TPSSM11 \
libPSSM/f_pssm_pas1p1_snd.cpp	164	166	sqlstr = " SELECT CEIL(@plan_charge_num/@max_num) FROM dual";
libPSSM/f_pssm_pas1p1_snd.cpp	175	180	sqlstr = "SELECT a.*  \
libPSSM/f_pssm_pas1p1_snd.cpp	192	194	sqlstr = " SELECT MOD(@fetchRowCount1, @max_num) FROM dual";
libPSSM/f_pssm_pas1p1_snd.cpp	292	294	sqlstr = " SELECT  HOT_SEND_FLAG,HOT_CHARGE_FLAG  FROM TPSSM01 \
libPSSM/f_pssm_pas1p1_snd.cpp	340	343	sqlstr = " SELECT  DEV_CODE  FROM TPSSM12 \
libPSSM/f_pssm_pas1p1_snd.cpp	413	416	sqlstr = " SELECT START_TIME, END_TIME FROM TPSSM12 \
libPSSM/f_pssm_pas1p1_snd.cpp	450	454	sqlstr = " SELECT START_TIME FROM TPSSM12 \
libPSSM/f_pssm_pas1p1_snd.cpp	485	489	sqlstr = " SELECT START_TIME FROM TPSSM12 \
libPSSM/f_pssm_pas1p1_snd.cpp	520	524	sqlstr = " SELECT START_TIME FROM TPSSM12 \
libPSSM/f_pssm_pas1p1_snd.cpp	555	559	sqlstr = " SELECT START_TIME FROM TPSSM12 \
libPSSM/f_pssm_pas1p1_snd.cpp	590	593	sqlstr = " SELECT LADLE_ARRIVE_TIME,START_TIME,END_TIME FROM TPSSM12 \
libPSSM/f_pssm_pas1p2_snd.cpp	94	97	sqlstr = "SELECT a.*  \
libPSSM/f_pssm_pas1p2_snd.cpp	117	120	sqlstr = " SELECT COUNT(1) FROM TPSSM03 \
libPSSM/f_pssm_pas1p2_snd.cpp	143	146	sqlstr = " SELECT COUNT(1) FROM TPSSM03 \
libPSSM/f_pssm_pas1p2_snd.cpp	158	160	sqlstr = " SELECT CEIL(@plan_charge_num/@max_num) FROM dual";
libPSSM/f_pssm_pas1p2_snd.cpp	169	173	sqlstr = "SELECT a.*  \
libPSSM/f_pssm_pas1p2_snd.cpp	182	184	sqlstr = " SELECT MOD(@fetchRowCount1, @max_num) FROM dual";
libPSSM/f_pssm_pas1p3_snd.cpp	82	84	sqlstr = CString(" SELECT SM_PLAN_NO,HEAT_NO,ST_NO FROM TPSSM11 \
libPSSM/f_pssm_pas1p3_snd.cpp	106	108	sqlstr = CString(" SELECT ST_NO,SM_PLAN_NO,HEAT_NO FROM TPSSM10 \
libPSSM/f_pssm_plan_swap.cpp	68	72	"UPDATE TPSSM11 "
libPSSM/f_pssm_plan_swap.cpp	81	85	"UPDATE TPSSM11 "
libPSSM/f_pssm_plan_swap.cpp	94	98	"UPDATE TPSSM11 "
libPSSM/f_pssm_plan_swap.cpp	109	113	"UPDATE TPSSM12 "
libPSSM/f_pssm_plan_swap.cpp	122	126	"UPDATE TPSSM12 "
libPSSM/f_pssm_plan_swap.cpp	135	139	"UPDATE TPSSM12 "
libPSSM/f_pssm_pono_status_inq.cpp	71	74	"SELECT CODE, CODE_DESC_1_CONTENT FROM TEP0002 "
libPSSM/f_pssm_push.cpp	68	69	sqlstr = " select std_prep_time from tpssmd3 where dev_code = 'B5'";
libPSSM/f_pssm_push.cpp	79	80	sqlstr = " select std_prep_time from tpssmd3 where dev_code = 'B6'";
libPSSM/f_pssm_push.cpp	104	105	sqlstr = " select a.sm_plan_no, a.start_time_real, a.start_time, a.end_time, a.proc_time, b.steel_start_time, b.steel_end_time, b.pono, b.cast_no, b.cast_div_no
libPSSM/f_pssm_push.cpp	113	114	sqlstr = " select a.sm_plan_no, a.start_time, a.end_time, a.proc_time, b.steel_start_time, b.steel_end_time, b.pono, b.cast_no, b.cast_div_no from tpssm12 a, tp
libPSSM/f_pssm_push.cpp	122	123	sqlstr = " select a.sm_plan_no,a.start_time,a.end_time,a.proc_time,b.steel_start_time,b.steel_end_time,b.pono,b.cast_no,b.cast_div_no from tpssm12 a,tpssm11 b w
libPSSM/f_pssm_push.cpp	155	156	strcpy(s.msg, "Update tpssm12 failed.");
libPSSM/f_pssm_push.cpp	164	165	strcpy(s.msg, "Update tpssm11 failed.");
libPSSM/f_pssm_push.cpp	180	181	sqlstr = " select a.sm_plan_no,a.start_time,a.end_time,a.proc_time,b.steel_start_time,b.steel_end_time,b.pono,b.cast_no,b.cast_div_no from tpssm12 a,tpssm11 b w
libPSSM/f_pssm_push.cpp	238	239	strcpy(s.msg, "Update tpssm12 failed.");
libPSSM/f_pssm_push.cpp	263	264	strcpy(s.msg, "Update tpssm11 failed.");
libPSSM/f_pssm_push.cpp	280	281	sqlstr = " select a.sm_plan_no, a.start_time_real, a.start_time, a.end_time, a.proc_time, b.steel_start_time, b.steel_end_time, b.pono, b.cast_no, b.cast_div_no
libPSSM/f_pssm_push.cpp	289	290	sqlstr = " select a.sm_plan_no, a.start_time, a.end_time, a.proc_time, b.steel_start_time, b.steel_end_time, b.pono, b.cast_no, b.cast_div_no from tpssm12 a, tp
libPSSM/f_pssm_push.cpp	298	299	sqlstr = " select a.sm_plan_no,a.start_time,a.end_time,a.proc_time,b.steel_start_time,b.steel_end_time,b.pono,b.cast_no,b.cast_div_no from tpssm12 a,tpssm11 b w
libPSSM/f_pssm_push.cpp	330	331	strcpy(s.msg, "Update tpssm12 failed.");
libPSSM/f_pssm_push.cpp	339	340	strcpy(s.msg, "Update tpssm11 failed.");
libPSSM/f_pssm_push.cpp	350	351	sqlstr = " select a.sm_plan_no,a.start_time,a.end_time,a.proc_time,b.steel_start_time,b.steel_end_time,b.pono,b.cast_no,b.cast_div_no from tpssm12 a,tpssm11 b w
libPSSM/f_pssm_push.cpp	407	408	strcpy(s.msg, "Update tpssm12 failed.");
libPSSM/f_pssm_push.cpp	431	432	strcpy(s.msg, "Update tpssm11 failed.");
libPSSM/f_pssm_push_time.cpp	54	55	sqlstr = "  SELECT MIN(a.START_TIME) FROM tpssm12 a,tpssm11 b WHERE a.START_TIME_REAL = ' ' AND a.END_TIME_REAL = ' ' AND a.SM_PLAN_NO = b.SM_PLAN_NO  AND b.PON
libPSSM/f_pssm_push_time.cpp	72	73	sqlstr = "  SELECT a.* FROM tpssm12 a,tpssm11 b WHERE a.START_TIME_REAL = ' ' AND a.END_TIME_REAL = ' ' AND a.SM_PLAN_NO = b.SM_PLAN_NO  AND b.PONO_STATUS < 83 
libPSSM/f_pssm_reranking.cpp	68	69	sqlstr = " select std_prep_time from tpssmd3 where dev_code = 'B5'";
libPSSM/f_pssm_reranking.cpp	79	80	sqlstr = " select std_prep_time from tpssmd3 where dev_code = 'B6'";
libPSSM/f_pssm_reranking.cpp	104	105	sqlstr = " select a.sm_plan_no, a.start_time_real, a.start_time, a.end_time, a.proc_time, b.steel_start_time, b.steel_end_time, b.pono, b.cast_no, b.cast_div_no
libPSSM/f_pssm_reranking.cpp	113	114	sqlstr = " select a.sm_plan_no, a.start_time, a.end_time, a.proc_time, b.steel_start_time, b.steel_end_time, b.pono, b.cast_no, b.cast_div_no from tpssm12 a, tp
libPSSM/f_pssm_reranking.cpp	122	123	sqlstr = " select a.sm_plan_no,a.start_time,a.end_time,a.proc_time,b.steel_start_time,b.steel_end_time,b.pono,b.cast_no,b.cast_div_no from tpssm12 a,tpssm11 b w
libPSSM/f_pssm_reranking.cpp	155	156	strcpy(s.msg, "Update tpssm12 failed.");
libPSSM/f_pssm_reranking.cpp	164	165	strcpy(s.msg, "Update tpssm11 failed.");
libPSSM/f_pssm_reranking.cpp	180	181	sqlstr = " select a.sm_plan_no,a.start_time,a.end_time,a.proc_time,b.steel_start_time,b.steel_end_time,b.pono,b.cast_no,b.cast_div_no from tpssm12 a,tpssm11 b w
libPSSM/f_pssm_reranking.cpp	238	239	strcpy(s.msg, "Update tpssm12 failed.");
libPSSM/f_pssm_reranking.cpp	263	264	strcpy(s.msg, "Update tpssm11 failed.");
libPSSM/f_pssm_reranking.cpp	280	281	sqlstr = " select a.sm_plan_no, a.start_time_real, a.start_time, a.end_time, a.proc_time, b.steel_start_time, b.steel_end_time, b.pono, b.cast_no, b.cast_div_no
libPSSM/f_pssm_reranking.cpp	289	290	sqlstr = " select a.sm_plan_no, a.start_time, a.end_time, a.proc_time, b.steel_start_time, b.steel_end_time, b.pono, b.cast_no, b.cast_div_no from tpssm12 a, tp
libPSSM/f_pssm_reranking.cpp	298	299	sqlstr = " select a.sm_plan_no,a.start_time,a.end_time,a.proc_time,b.steel_start_time,b.steel_end_time,b.pono,b.cast_no,b.cast_div_no from tpssm12 a,tpssm11 b w
libPSSM/f_pssm_reranking.cpp	330	331	strcpy(s.msg, "Update tpssm12 failed.");
libPSSM/f_pssm_reranking.cpp	339	340	strcpy(s.msg, "Update tpssm11 failed.");
libPSSM/f_pssm_reranking.cpp	350	351	sqlstr = " select a.sm_plan_no,a.start_time,a.end_time,a.proc_time,b.steel_start_time,b.steel_end_time,b.pono,b.cast_no,b.cast_div_no from tpssm12 a,tpssm11 b w
libPSSM/f_pssm_reranking.cpp	407	408	strcpy(s.msg, "Update tpssm12 failed.");
libPSSM/f_pssm_reranking.cpp	431	432	strcpy(s.msg, "Update tpssm11 failed.");
libPSSM/f_pssm_run_proc_n.cpp	240	240	sqlstr = " SELECT count(1) FROM( "
libPSSM/f_pssm_run_proc_n.cpp	241	249	" SELECT a.SM_PLAN_NO, a.pono, a.RESTRAND_FLG, a.CAST_NO, a.CAST_DIV_NO,ROW_NUMBER() OVER (ORDER BY Trim(b.START_TIME_REAL) NULLS LAST, b.START_TIME ASC) AS RN 
libPSSM/f_pssm_run_proc_n.cpp	271	271	sqlstr = " SELECT RN FROM( "
libPSSM/f_pssm_run_proc_n.cpp	272	280	" SELECT a.SM_PLAN_NO, a.pono, a.RESTRAND_FLG, a.CAST_NO, a.CAST_DIV_NO,ROW_NUMBER() OVER (ORDER BY Trim(b.START_TIME_REAL) NULLS LAST, b.START_TIME ASC) AS RN 
libPSSM/f_pssm_run_proc_n.cpp	296	297	sqlstr = " UPDATE TPSSM11 SET RESTRAND_FLG = ' ' WHERE CAST_NO = @cast_no AND RESTRAND_FLG = 'T' ";
libPSSM/f_pssm_run_proc_n.cpp	301	302	sqlstr = " UPDATE TPSSM11 SET RESTRAND_FLG = 'T', CAST_DIV_NO = 1 WHERE CAST_NO = @cast_no AND SM_PLAN_NO = @sm_plan_no ";
libPSSM/f_pssm_run_proc_n.cpp	331	334	sqlstr = " SELECT MAX(CHARGE_NO) FROM TPSSM12 "
libPSSM/f_pssm_run_proc_n.cpp	359	363	sqlstr = " SELECT MIN(CHARGE_NO) "
libPSSM/f_pssm_run_proc_n.cpp	434	441	sqlstr = "	SELECT RUN_STATUS,CC_REQ_TIME FROM \
libPSSM/f_pssm_run_proc_n.cpp	448	455	sqlstr = "	SELECT RUN_STATUS,CC_REQ_TIME FROM \
libPSSM/f_pssm_run_proc_n.cpp	475	482	sqlstr = "	SELECT RUN_STATUS,CC_REQ_TIME FROM \
libPSSM/f_pssm_run_proc_n.cpp	489	496	sqlstr = "	SELECT RUN_STATUS,CC_REQ_TIME FROM \
libPSSM/f_pssm_run_proc_n.cpp	521	527	sqlstr = "	SELECT RUN_STATUS,CC_REQ_TIME FROM \
libPSSM/f_pssm_run_proc_n.cpp	534	540	sqlstr = "	SELECT RUN_STATUS,CC_REQ_TIME FROM \
libPSSM/f_pssm_run_proc_n.cpp	613	619	sqlstr = "	SELECT T.START_TIME, T.END_TIME, PROC_TIME, T.START_TIME_REAL, T.END_TIME_REAL \
libPSSM/f_pssm_run_proc_n.cpp	664	671	sqlstr = "	UPDATE TPSSM12 T \
libPSSM/f_pssm_run_proc_n.cpp	1016	1024	sqlstr = "	SELECT *  \
libPSSM/f_pssm_run_proc_n.cpp	1031	1039	sqlstr = "	SELECT *  \
libPSSM/f_pssm_run_proc_n.cpp	1070	1079	sqlstr = "	SELECT *  \
libPSSM/f_pssm_run_proc_n.cpp	1087	1096	sqlstr = "	SELECT *  \
libPSSM/f_pssm_run_proc_n.cpp	1789	1797	sqlstr = "	SELECT *  \
libPSSM/f_pssm_run_proc_n.cpp	1805	1813	sqlstr = "	SELECT *  \
libPSSM/f_pssm_run_proc_n.cpp	1877	1886	sqlstr = "	SELECT *  \
libPSSM/f_pssm_run_proc_n.cpp	1894	1903	sqlstr = "	SELECT *  \
libPSSM/f_pssm_seq_upd.cpp	43	44	sqlstr = "SELECT STATION_NO FROM TPSSMD1 WHERE STATION_ID = 'C' ORDER BY STATION_NO";
libPSSM/f_pssm_seq_upd.cpp	51	60	sqlstr = " SELECT T1.FACTORY_DIV,T1.PONO,T1.CC_SEQ "
libPSSM/f_pssm_slab_upd.cpp	75	76	sqlstr = " SELECT COUNT(*) FROM TPSSM03 "
libPSSM/f_pssm_slab_upd.cpp	96	97	sqlstr = " SELECT HOT_CHARGE_FLAG,SLAB_NO,PONO FROM TPSSM03 "
libPSSM/f_pssm_slab_upd.cpp	133	134	sqlstr = " SELECT MAX(HOT_CHARGE_FLAG) FROM TPSSM03 "
libPSSM/f_pssm_stno_chk_using.cpp	91	94	sqlstr = "SELECT COUNT(*) FROM TPSSM01"
libPSSM/f_pssm_time.cpp	130	137	sqlstr = " UPDATE TPSSM11 "
libPSSM/f_pssm_time.cpp	178	182	sqlstr = " SELECT PONO "
libPSSM/f_pssmt1_file.cpp	69	71	sqlstr = "SELECT * FROM  tpssmt1 \
libPSSM/f_pssmt1_ins1.cpp	86	87	sqlstr = " SELECT COUNT(*)  FROM TPSSMT1 "
libPSSM/f_pssmt1_sm_plan_del.cpp	58	61	sqlstr = "SELECT distinct A.FACTORY_DIV,A.PLAN_NO  FROM TPSSMT1 A , TPSSM11 B"
libPSSM/f_pssmt1_upt.cpp	69	71	sqlstr = " SELECT COUNT(*) FROM TPSSMT1 "
libPSSM/f_pssmt1_upt.cpp	90	92	sqlstr = " SELECT PLAN_NO,DES_DEV_CODE FROM TPSSMT1 "
p_pssm_13010/cm_002021_rcv.cpp	199	204	" SELECT MAX(cc_seq) FROM TPSSM10 "
p_pssm_13010/cm_002021_rcv.cpp	301	304	" SELECT FACTORY_DIV FROM TPSSM01  "
p_pssm_13010/cm_002021_rcv.cpp	392	395	sqlstr = "SELECT SLAB_NO "
p_pssm_13010/cm_002021_rcv.cpp	437	441	" SELECT MIN(cc_seq) FROM TPSSM10 "
p_pssm_13010/cm_002021_rcv.cpp	468	475	" UPDATE TPSSM10 "
p_pssm_13010/cm_002021_rcv.cpp	507	513	" UPDATE TPSSM10 "
p_pssm_13010/cm_002021_rcv.cpp	571	574	" DELETE TPSSM03 "
p_pssm_13010/cm_002021_rcv.cpp	608	611	" SELECT FACTORY_DIV FROM TPSSM01  "
p_pssm_13010/cm_002021_rcv.cpp	699	702	sqlstr = "SELECT SLAB_NO "
p_pssm_13010/cm_002021_rcv.cpp	744	748	" SELECT MIN(cc_seq) FROM TPSSM10 "
p_pssm_13010/cm_002021_rcv.cpp	775	782	" UPDATE TPSSM10 "
p_pssm_13010/cm_002021_rcv.cpp	814	820	" UPDATE TPSSM10 "
p_pssm_13010/cm_002021_rcv.cpp	878	881	" DELETE TPSSM03 "
p_pssm_13010/cm_002124_rcv.cpp	292	293	sqlstr = " select DEV_TECH_CODE from tpssmd7 where FACTORY_DIV = @FACTORY_DIV and area_id = 4 and ROUTELIST = @ROUTELIST order by charge_no ";
p_pssm_13010/cm_002124_rcv.cpp	302	303	sqlstr = " select DEV_TECH_CODE from tpssmd7 where FACTORY_DIV = @FACTORY_DIV and ROUTELIST = @ROUTELIST order by charge_no ";
p_pssm_13010/cm_002124_rcv.cpp	321	322	sqlstr = " select max(CAST_LOT_DIV_NO) from tpssm01 where FACTORY_DIV = @FACTORY_DIV  and CAST_LOT_NO = @CAST_LOT_NO ";
p_pssm_13010/cm_002124_rcv.cpp	374	379	" SELECT MAX(cc_seq) FROM TPSSM10 "
p_pssm_13010/cm_002124_rcv.cpp	818	819	sqlstr = " select DEV_TECH_CODE from tpssmd7 where FACTORY_DIV = @FACTORY_DIV and area_id = 4 and ROUTELIST = @ROUTELIST order by charge_no ";
p_pssm_13010/cm_002124_rcv.cpp	828	829	sqlstr = " select DEV_TECH_CODE from tpssmd7 where FACTORY_DIV = @FACTORY_DIV and ROUTELIST = @ROUTELIST order by charge_no ";
p_pssm_13010/cm_002124_rcv.cpp	847	848	sqlstr = " select max(CAST_LOT_DIV_NO) from tpssm01 where FACTORY_DIV = @FACTORY_DIV  and CAST_LOT_NO = @CAST_LOT_NO ";
p_pssm_13010/cm_002124_rcv.cpp	900	905	" SELECT MAX(cc_seq) FROM TPSSM10 "
p_pssm_13010/cm_002124_rcv.cpp	1209	1213	" SELECT MIN(cc_seq) FROM TPSSM10 "
p_pssm_13010/cm_002124_rcv.cpp	1240	1247	" UPDATE TPSSM10 "
p_pssm_13010/cm_002124_rcv.cpp	1279	1285	" UPDATE TPSSM10 "
p_pssm_13010/cm_002124_rcv.cpp	1343	1346	" DELETE TPSSM03 "
p_pssm_13010/cm_002124_rcv.cpp	1380	1383	" SELECT FACTORY_DIV FROM TPSSM01  "
p_pssm_13010/cm_002124_rcv.cpp	1478	1482	" SELECT MIN(cc_seq) FROM TPSSM10 "
p_pssm_13010/cm_002124_rcv.cpp	1509	1516	" UPDATE TPSSM10 "
p_pssm_13010/cm_002124_rcv.cpp	1548	1554	" UPDATE TPSSM10 "
p_pssm_13010/cm_002124_rcv.cpp	1612	1615	" DELETE TPSSM03 "
p_pssm_13010/cm_002134_rcv.cpp	38	39	sqlstr = "  SELECT DA_SCHEDULE_UPDATE_SEQ.nextval FROM dual  ";
p_pssm_13010/cm_002134_rcv.cpp	47	48	sqlstr = " INSERT INTO CX_INT_MSCC_RECEIVE_XML (ID,MESSAGE_NO,STATUS,XML_DATA,PRIORITY,T_CREATED,T_MODIFIED,REMARK,MQ_MSG_ID,DESTINATION,PPREAD) "
p_pssm_13010/cm_0rt8p1_rcv.cpp	302	303	sqlstr = " select DEV_TECH_CODE from tpssmd7 where FACTORY_DIV = @FACTORY_DIV and area_id = 4 and ROUTELIST = @ROUTELIST order by charge_no ";
p_pssm_13010/cm_0rt8p1_rcv.cpp	312	313	sqlstr = " select DEV_TECH_CODE from tpssmd7 where FACTORY_DIV = @FACTORY_DIV and ROUTELIST = @ROUTELIST order by charge_no ";
p_pssm_13010/cm_0rt8p1_rcv.cpp	332	333	sqlstr = " select max(CAST_LOT_DIV_NO) from tpssm01 where FACTORY_DIV = @FACTORY_DIV  and CAST_LOT_NO = @CAST_LOT_NO ";
p_pssm_13010/cm_0rt8p1_rcv.cpp	385	390	" SELECT MAX(cc_seq) FROM TPSSM10 "
p_pssm_13010/cm_0rt8p1_rcv.cpp	829	830	sqlstr = " select DEV_TECH_CODE from tpssmd7 where FACTORY_DIV = @FACTORY_DIV and area_id = 4 and ROUTELIST = @ROUTELIST order by charge_no ";
p_pssm_13010/cm_0rt8p1_rcv.cpp	839	840	sqlstr = " select DEV_TECH_CODE from tpssmd7 where FACTORY_DIV = @FACTORY_DIV and ROUTELIST = @ROUTELIST order by charge_no ";
p_pssm_13010/cm_0rt8p1_rcv.cpp	858	859	sqlstr = " select max(CAST_LOT_DIV_NO) from tpssm01 where FACTORY_DIV = @FACTORY_DIV  and CAST_LOT_NO = @CAST_LOT_NO ";
p_pssm_13010/cm_0rt8p1_rcv.cpp	911	916	" SELECT MAX(cc_seq) FROM TPSSM10 "
p_pssm_13010/cm_0rt8p1_rcv.cpp	1220	1224	" SELECT MIN(cc_seq) FROM TPSSM10 "
p_pssm_13010/cm_0rt8p1_rcv.cpp	1251	1258	" UPDATE TPSSM10 "
p_pssm_13010/cm_0rt8p1_rcv.cpp	1290	1296	" UPDATE TPSSM10 "
p_pssm_13010/cm_0rt8p1_rcv.cpp	1354	1357	" DELETE TPSSM03 "
p_pssm_13010/cm_0rt8p1_rcv.cpp	1391	1394	" SELECT FACTORY_DIV FROM TPSSM01  "
p_pssm_13010/cm_0rt8p1_rcv.cpp	1489	1493	" SELECT MIN(cc_seq) FROM TPSSM10 "
p_pssm_13010/cm_0rt8p1_rcv.cpp	1520	1527	" UPDATE TPSSM10 "
p_pssm_13010/cm_0rt8p1_rcv.cpp	1559	1565	" UPDATE TPSSM10 "
p_pssm_13010/cm_0rt8p1_rcv.cpp	1623	1626	" DELETE TPSSM03 "
p_pssm_13010/cm_200007_rcv.cpp	106	108	sqlstr = " SELECT * FROM TPSSM01 WHERE PONO = @tpssm01.PONO ";
p_pssm_13010/cm_200007_rcv.cpp	147	148	strcpy(s.msg, "Update failed.");
p_pssm_13010/cm_200008_rcv.cpp	97	98	sqlstr = CString(" SELECT PONO_STATUS,ST_NO FROM TPSSM01 "
p_pssm_13010/cm_200008_rcv.cpp	120	121	sqlstr = CString(" SELECT PONO_STATUS,ST_NO FROM TPSSM01 "
p_pssm_13010/cm_200008_rcv.cpp	138	141	" UPDATE  TPSSM01"
p_pssm_13010/cm_200008_rcv.cpp	150	153	" UPDATE  TPSSM01"
p_pssm_13010/cm_200008_rcv.cpp	169	171	sqlstr = "select count(*) from tpssm01 where pono_status >= 18 and cast_lot_no = @cast_lot_no ";
p_pssm_13010/cm_200009_rcv.cpp	198	201	" UPDATE TPSSM01"
p_pssm_13010/cm_200009_rcv.cpp	213	215	sqlstr = " SELECT COUNT(*) FROM TPSSM01 WHERE PONO_STATUS > 15 and CAST_LOT_NO = @CAST_LOT_NO ";
p_pssm_13010/cm_200009_rcv.cpp	255	257	sqlstr = " SELECT COUNT(*) FROM TPSSM01 WHERE PONO_STATUS < 83 and CAST_LOT_NO = @CAST_LOT_NO ";
p_pssm_13010/cm_200009_rcv.cpp	278	281	" UPDATE TPSSM01"
p_pssm_13010/cm_200009_rcv.cpp	300	302	sqlstr = " SELECT COUNT(*) FROM TPSSM01 WHERE PONO_STATUS < 91 and CAST_LOT_NO = @CAST_LOT_NO ";
p_pssm_13010/cm_200009_rcv.cpp	326	331	sqlstr = " SELECT CODE_DESC_5_CONTENT FROM TEP0002  "
p_pssm_13010/cm_200009_rcv.cpp	352	355	sqlstr = " SELECT PONO,SLAB_NO FROM TPSSM03 "
p_pssm_13010/cm_200009_rcv.cpp	390	392	sqlstr = " SELECT MAT_DESIGN_KIND,TMP_SLAB_NO "
p_pssm_13010/cm_200009_rcv.cpp	426	430	sqlstr = " UPDATE TPSSM03 "
p_pssm_13010/cm_200009_rcv.cpp	454	457	sqlstr = " SELECT COUNT(1) "
p_pssm_13010/cm_200009_rcv.cpp	472	476	sqlstr = " UPDATE TPSSM03 "
p_pssm_13010/cm_2000k1_rcv.cpp	79	81	sqlstr = CString(" DELETE FROM TPSBWS1 WHERE heat_no=@heat_no ");
p_pssm_13010/pssm01f10_restrd.cpp	127	128	strcpy(s.msg, "Update failed.");
p_pssm_13010/pssm01f10_restrd.cpp	171	174	sqlstr = "SELECT BILLET_TYPE "
p_pssm_13010/pssm01f10_restrd.cpp	175	180	"SELECT CAST_LOT_NO "
p_pssm_13010/pssm01f10_restrd.cpp	263	264	strcpy(s.msg, "Update failed.");
p_pssm_13010/pssm01f10_restrd.cpp	285	290	sqlstr = " SELECT T.CAST_LOT_NO, T.RESTRAND_FLG, T.PLAN_DATE, T.CC_MACH_NO, T.CC_SEQ "
p_pssm_13010/pssm01f2_inq.cpp	124	127	sqlstr_count = " SELECT COUNT(1) "
p_pssm_13010/pssm01f2_inq.cpp	128	131	sqlstr	 = " SELECT * "
p_pssm_13010/pssm01f2_inq.cpp	223	225	sqlstr = " SELECT DISTINCT SLAB_THICK,SLAB_WIDTH,SLAB_LEN,PREC_ROLL_PLAN_NO,PREC_ROLL_SEQ_NO,INGOT_CODE FROM TPSSM03 \
p_pssm_13010/pssm01f2_inq.cpp	250	251	sqlstr = " SELECT BILLET_TYPE FROM TPSSM02 WHERE CAST_LOT_NO = @cast_lot_no \
p_pssm_13010/pssm01f2_inq.cpp	266	267	sqlstr = " SELECT SUM(SLAB_NUM) FROM TPSSM03 WHERE PONO = @pono \
p_pssm_13010/pssm01f3_inc.cpp	157	161	sqlstr = CString(" SELECT STATION_ID FROM TPSSMD1 "
p_pssm_13010/pssm01f3_inc.cpp	183	186	sqlstr = CString(" SELECT MAX(CC_SEQ) FROM TPSSM01 "
p_pssm_13010/pssm01f3_inc.cpp	230	234	sqlstr = "SELECT MIN(CAST_LOT_SUM), NVL(MIN(CAST_LOT_DIV_NO), 0) "
p_pssm_13010/pssm01f3_inc.cpp	257	262	sqlstr = CString(" SELECT * FROM TPSSM01 "
p_pssm_13010/pssm01f3_inc.cpp	277	278	sqlstr = "SELECT DISTINCT SLAB_THICK,SLAB_WIDTH,BILLET_TYPE FROM TPSSM03 WHERE FACTORY_DIV = @FACTORY_DIV "
p_pssm_13010/pssm01f3_inc.cpp	299	301	sqlstr = "SELECT * FROM TPSSMD9 WHERE CC_MACH_NO = @CC_MACH_NO "
p_pssm_13010/pssm01f4_rep.cpp	88	89	sqlstr = " SELECT * FROM TPSSM01  WHERE FACTORY_DIV = @FACTORY_DIV AND CAST_LOT_NO = @cast_lot_no ";
p_pssm_13010/pssm01f4_rep.cpp	127	128	strcpy(s.msg,"Update failed.");
p_pssm_13010/pssm01f5_send.cpp	166	168	sqlstr = CString(" SELECT CODE_DESC_1_CONTENT, CODE_DESC_2_CONTENT FROM TEP0002 "
p_pssm_13010/pssm01f5_send.cpp	199	203	sqlstr = CString(" SELECT * FROM TPSSM01 "
p_pssm_13010/pssm01f5_send.cpp	233	234	sqlstr = CString(" SELECT PLAN_STATUS, PLAN_NO FROM TPSHPA1 "
p_pssm_13010/pssm01f5_send.cpp	281	282	strcpy(s.msg, "Update failed.");
p_pssm_13010/pssm01f5_send.cpp	331	335	sqlstr = " SELECT MAX(CC_SEQ) FROM TPSSM10 "
p_pssm_13010/pssm01f5_send.cpp	364	367	sqlstr = " SELECT COUNT(*) FROM TPSSM10 "
p_pssm_13010/pssm01f5_send.cpp	381	383	sqlstr = " SELECT SLAB_THICK, SLAB_WIDTH, SLAB_LEN, BILLET_TYPE FROM TPSSM03 "
p_pssm_13010/pssm01f6_move.cpp	91	96	sqlstr = " SELECT MAX(LACK_PER) FROM TPSSM02 "
p_pssm_13010/pssm01f6_move.cpp	123	127	sqlstr = CString(" SELECT MAX(CC_SEQ) FROM TPSSM01 "
p_pssm_13010/pssm01f6_move.cpp	198	199	strcpy(s.msg,"Update failed.");
p_pssm_13010/pssm01f6_move.cpp	219	224	sqlstr = " SELECT T.CAST_LOT_NO, T.RESTRAND_FLG, T.PLAN_DATE, T.CC_MACH_NO, T.CC_SEQ "
p_pssm_13010/pssm01f7_del.cpp	167	169	sqlstr = CString(" SELECT CODE_DESC_1_CONTENT, CODE_DESC_2_CONTENT FROM TEP0002 "
p_pssm_13010/pssm01f7_del.cpp	198	201	sqlstr = " SELECT PONO,SLAB_NO FROM TPSSM03 "
p_pssm_13010/pssm01f7_del.cpp	215	217	sqlstr = " SELECT MAT_DESIGN_KIND,TMP_SLAB_NO "
p_pssm_13010/pssm01f7_del.cpp	305	307	sqlstr = CString(" DELETE FROM TPSSM03 "
p_pssm_13010/pssm01f7_del.cpp	342	346	" SELECT MIN(cc_seq) FROM TPSSM10 "
p_pssm_13010/pssm01f7_del.cpp	373	380	" UPDATE TPSSM10 "
p_pssm_13010/pssm01f7_del.cpp	412	418	" UPDATE TPSSM10 "
p_pssm_13010/pssm01f7_del.cpp	464	465	sqlstr = CString(" SELECT COUNT(1) FROM TPSSM01 "
p_pssm_13010/pssm01f7_del.cpp	485	487	sqlstr = CString(" DELETE FROM TPSSM02 "
p_pssm_13010/pssm01f7_del.cpp	521	523	sqlstr = " SELECT DISTINCT PONO_STATUS FROM TPSSM01 WHERE CAST_LOT_NO = @CAST_LOT_NO ";
p_pssm_13010/pssm01f8_rcd.cpp	140	142	sqlstr = CString(" SELECT CODE_DESC_1_CONTENT, CODE_DESC_2_CONTENT FROM TEP0002 "
p_pssm_13010/pssm01f8_rcd.cpp	187	189	sqlstr = "SELECT COUNT(1) FROM TPSSM01 WHERE CAST_LOT_NO = @tpssm01.CAST_LOT_NO AND PONO_STATUS >= 18 ";
p_pssm_13010/pssm01f8_rcd.cpp	213	217	sqlstr = CString(" SELECT * FROM TPSSM01 "
p_pssm_13010/pssm01f8_rcd.cpp	264	265	strcpy(s.msg,"Update failed.");
p_pssm_13010/pssm01f8_rcd.cpp	384	386	sqlstr = " SELECT CAST_LOT_NO FROM TPSSM10 "
p_pssm_13010/pssm01f8_rcd.cpp	420	424	sqlstr = " UPDATE TPSSM10 "
p_pssm_13010/pssm01f8_rcd.cpp	448	453	sqlstr = " UPDATE TPSSM10 "
p_pssm_13010/pssm01f8_rcd.cpp	499	505	sqlstr = " SELECT DISTINCT T.CAST_LOT_NO,T.RESTRAND_FLG "
p_pssm_13010/pssm01f9_chk.cpp	85	87	sqlstr = " DELETE FROM TPSSM23 "
p_pssm_13010/pssm01p_match.cpp	153	156	sqlstr = CString(" SELECT * FROM TPSSM01 "
p_pssm_13010/pssm01p_match.cpp	230	231	" select count(*) from TPSBWA1 where roll_plan_no=@tpsbwa1.ROLL_PLAN_NO and st_no=@tpssm01.ST_NO	"
p_pssm_13010/pssm01p_match.cpp	262	269	sqlstr = " UPDATE TPSSM03  "
p_pssm_13010/pssm01p_plan_inq.cpp	86	87	sqlstr = "SELECT COUNT(FUNC_ID) FROM TED53 WHERE FUNC_ID = @v_function_id ";
p_pssm_13010/pssm01p_plan_inq.cpp	122	123	sqlstr = "SELECT  TO_CHAR(DECIMAL(A.OUT_MAT_THICK,10,1)) ||'*'|| TO_CHAR(DECIMAL(A.OUT_MAT_WIDTH,10,1))  AS MAT_SPECS,A.*,B.*   ";
p_pssm_13010/pssm01p_plan_inq.cpp	174	177	sqlstr = " SELECT STD_DEVO_RATE  "
p_pssm_13010/pssm01p_pono_inq.cpp	133	136	sqlstr_count = " SELECT COUNT(1) "
p_pssm_13010/pssm01p_pono_inq.cpp	137	162	sqlstr =" SELECT distinct t.*, "
p_pssm_13010/pssm02l_lot_inq.cpp	139	144	sqlstr = " SELECT * "
p_pssm_13010/pssm02l_lot_inq.cpp	188	191	sqlstr = " SELECT DISTINCT TO_CHAR(SLAB_THICK)||'*'||TO_CHAR(SLAB_WIDTH) \
p_pssm_13010/pssm02l_lot_inq.cpp	207	211	sqlstr = " select count(*) "
p_pssm_13010/pssm02l_lot_inq.cpp	221	224	sqlstr = "select nvl(sum(1),0),nvl(sum(decode(slab_prod_flag, '1', 0, 1)),0) "
p_pssm_13010/pssm02l_lot_inq.cpp	228	231	sqlstr = "select nvl(sum(1),0),nvl(sum(decode(slab_prod_flag, '1', 0, 1)),0) "
p_pssm_13010/pssm02l_order_inq.cpp	74	84	sqlstr = " SELECT A.ORDER_NO, "
p_pssm_13010/pssm02l_order_inq.cpp	104	113	sqlstr = " SELECT A.ORDER_NO, "
p_pssm_13010/pssm02l_pono_inq.cpp	114	115	sqlstr = " SELECT DISTINCT PLAN_DATE FROM TPSSM01 WHERE CAST_LOT_NO = @CAST_LOT_NO AND FACTORY_DIV = @FACTORY_DIV";
p_pssm_13010/pssm02l_pono_inq.cpp	126	130	sqlstr = "SELECT * "
p_pssm_13010/pssm02l_pono_inq.cpp	160	165	sqlstr = "select nvl(count(distinct lslab_no),0) "
p_pssm_13010/pssm02l_pono_inq.cpp	169	174	sqlstr = "select nvl(count(lslab_no),0) "
p_pssm_13010/pssm02l_slab_inq.cpp	60	62	sqlstr = " SELECT * FROM TPSSM03 "
p_pssm_13010/pssm02l_slab_inq.cpp	88	88	sqlstr = "SELECT LSLAB_NO,SUM(SLAB_LEN) FIX_LEN FROM TPSSM03 WHERE LSLAB_NO = @LSLAB_NO GROUP BY LSLAB_NO ";
p_pssm_13010/pssm02l_slab_inq.cpp	92	94	sqlstr = "SELECT distinct LSLAB_NO,SLAB_LEN AS FIX_LEN FROM TPSSM03 WHERE LSLAB_NO = @LSLAB_NO ";
p_pssm_13010/pssm02lf6_end.cpp	148	150	sqlstr = " SELECT CODE_DESC_5_CONTENT FROM TEP0002  "
p_pssm_13010/pssm02lf6_end.cpp	172	175	sqlstr = " SELECT * "
p_pssm_13010/pssm02lf6_end.cpp	226	228	sqlstr = CString(" DELETE FROM TPSSM03 "
p_pssm_13010/pssm02lf6_end.cpp	261	265	" SELECT MIN(cc_seq) FROM TPSSM10 "
p_pssm_13010/pssm02lf6_end.cpp	292	299	" UPDATE TPSSM10 "
p_pssm_13010/pssm02lf6_end.cpp	331	337	" UPDATE TPSSM10 "
p_pssm_13010/pssm02lf6_end.cpp	373	374	sqlstr = CString(" SELECT COUNT(1) FROM TPSSM01 "
p_pssm_13010/pssm02lf6_end.cpp	394	396	sqlstr = CString(" DELETE FROM TPSSM02 "
p_pssm_13010/pssm02lf6_end.cpp	429	431	sqlstr = " SELECT DISTINCT PONO_STATUS FROM TPSSM01 WHERE CAST_LOT_NO = @CAST_LOT_NO ";
p_pssm_13010/pssm02lf6_end.cpp	483	486	sqlstr = " SELECT * "
p_pssm_13010/pssm02lf6_end.cpp	542	546	" SELECT MIN(cc_seq) FROM TPSSM10 "
p_pssm_13010/pssm02lf6_end.cpp	573	580	" UPDATE TPSSM10 "
p_pssm_13010/pssm02lf6_end.cpp	612	618	" UPDATE TPSSM10 "
p_pssm_13010/pssm02lf6_end.cpp	646	650	sqlstr = " UPDATE TPSSM03 "
p_pssm_13010/pssm02lf6_end.cpp	688	689	sqlstr = CString(" SELECT COUNT(1) FROM TPSSM01 "
p_pssm_13010/pssm02lf6_end.cpp	709	711	sqlstr = CString(" DELETE FROM TPSSM02 "
p_pssm_13010/pssm02lf6_end.cpp	744	746	sqlstr = " SELECT DISTINCT PONO_STATUS FROM TPSSM01 WHERE CAST_LOT_NO = @CAST_LOT_NO ";
p_pssm_13010/pssm21_chk.cpp	83	85	sqlstr = " DELETE FROM TPSSM23 "
p_pssm_13010/pssm22_inq_s.cpp	62	65	sqlstr = " SELECT DISTINCT STATION_ID FROM TPSSMD1 WHERE AREA_ID IN('3','4') ";
p_pssm_13010/pssm22_inq_s.cpp	119	122	sqlstr = " SELECT DEV_CODE,STATION_NAME FROM TPSSMD1 WHERE AREA_ID = 5 ";
p_pssm_13010/pssm22f10_upd.cpp	67	71	sqlstr = " SELECT COUNT(*) FROM TPSSM22 \
p_pssm_13010/pssm22f11_del.cpp	66	68	sqlstr = " DELETE FROM TPSSM22 \
p_pssm_13010/pssm22f2_inq.cpp	89	90	sqlstr = " SELECT DISTINCT STATION_ID FROM TPSSMD1 WHERE AREA_ID IN('3','4') "
p_pssm_13010/pssm22f2_inq.cpp	156	160	sqlstr = "SELECT  NVL(MIN(PLAN_CHARGE),0) PLAN_CHARGE  \
p_pssm_13010/pssm22f2_inq.cpp	199	201	sqlstr = " SELECT * FROM TPSSMD1 WHERE AREA_ID = 5 \
p_pssm_13010/pssm22f2_inq.cpp	242	246	sqlstr = "SELECT NVL(MIN(PLAN_CHARGE),0) PLAN_CHARGE \
p_pssm_13010/pssm22f8_inq.cpp	68	71	sqlstr = "SELECT * FROM TPSSM22 WHERE 1=1 ";
p_pssm_13010/pssm22f9_ins.cpp	66	70	sqlstr = " SELECT COUNT(*) FROM TPSSM22 \
p_pssm_13010/pssm22f9_ins.cpp	101	102	sqlstr = " SELECT NVL(MAX(seq_no), 0) seq_no FROM tpssm22 WHERE FACTORY_DIV = @FACTORY_DIV ";
p_pssm_13010/pssm23_inq.cpp	89	93	sqlstr = "SELECT * FROM TPSSM23 "
p_pssm_13010/pssm23_inq.cpp	117	119	sqlstr = "SELECT NVL(UNRULL_FLAG_MC, ' ') "
p_pssm_13010/pssm25add_inq.cpp	126	135	sqlstr = " SELECT A.* "
p_pssm_13010/pssm25add_ins.cpp	160	163	sqlstr = " SELECT NVL(MAX(MAT_SEQ_NO),0)  FROM TPSSM05 "
p_pssm_13010/pssm25add_ins.cpp	214	221	sqlstr = "SELECT ORDER_THICK,  "
p_pssm_13010/pssm25add_ins.cpp	265	272	sqlstr = "SELECT ACT_SLAB_NO1,  "
p_pssm_13010/pssm25f2_inq.cpp	91	94	sqlstr_count = " SELECT COUNT(1) "
p_pssm_13010/pssm25f2_inq.cpp	95	98	sqlstr = " SELECT * "
p_pssm_13010/pssm25f4_move.cpp	72	76	sqlstr = " SELECT NVL(MAX(MAT_SEQ_NO),0)  FROM TPSSM05 "
p_pssm_13010/pssm25f4_move.cpp	131	132	strcpy(s.msg, "Update failed.");
p_pssm_13010/pssm25f5_del.cpp	196	200	sqlstr = " SELECT NVL(MAX(MAT_SEQ_NO),0)  FROM TPSSM05 "
p_pssm_13010/pssm25f5_del.cpp	223	228	sqlstr = " SELECT PLAN_NO, IN_MAT_NO FROM TPSSM05 "
p_pssm_13010/pssm25f6_send.cpp	115	119	sqlstr = " SELECT NVL(MAX(MAT_SEQ_NO),0)  FROM TPSSM05 "
p_pssm_13010/pssm25f6_send.cpp	175	179	sqlstr = " SELECT NVL(MAX(MAT_SEQ_NO),0)  FROM TPSSM05 "
p_pssm_13010/pssm25f6_send.cpp	202	207	sqlstr = " SELECT PLAN_NO, IN_MAT_NO FROM TPSSM05 "
p_pssm_13010/pssmd1_inq_cc.cpp	60	63	sqlstr = " SELECT STATION_NO CC_MACH_NO, STATION_NAME  FROM   TPSSMD1 WHERE AREA_ID  = 5 ";
p_pssm_13020/pssm01af2_inq.cpp	117	120	sqlstr_count = " SELECT COUNT(1) "
p_pssm_13020/pssm01af2_inq.cpp	121	124	sqlstr = " SELECT * "
p_pssm_13020/pssm01af2_inq.cpp	216	218	sqlstr = " SELECT DISTINCT SLAB_THICK,SLAB_WIDTH,SLAB_LEN,PREC_ROLL_PLAN_NO,PREC_ROLL_SEQ_NO,INGOT_CODE FROM TPSSM03 \
p_pssm_13020/pssm01af2_inq.cpp	243	244	sqlstr = " SELECT BILLET_TYPE FROM TPSSM02 WHERE CAST_LOT_NO = @cast_lot_no \
p_pssm_13020/pssm01af2_inq.cpp	259	260	sqlstr = " SELECT SUM(SLAB_NUM) FROM TPSSM03 WHERE PONO = @pono \
p_pssm_13020/pssm01af3_inc.cpp	154	158	sqlstr = CString(" SELECT STATION_ID FROM TPSSMD1 "
p_pssm_13020/pssm01af3_inc.cpp	180	183	sqlstr = CString(" SELECT MAX(CC_SEQ) FROM TPSSM01 "
p_pssm_13020/pssm01af3_inc.cpp	226	230	sqlstr = "SELECT MIN(CAST_LOT_SUM), NVL(MIN(CAST_LOT_DIV_NO), 0) "
p_pssm_13020/pssm01af3_inc.cpp	253	258	sqlstr = CString(" SELECT * FROM TPSSM01 "
p_pssm_13020/pssm01af3_inc.cpp	273	274	sqlstr = "SELECT DISTINCT SLAB_THICK,SLAB_WIDTH,BILLET_TYPE FROM TPSSM03 WHERE FACTORY_DIV = @FACTORY_DIV "
p_pssm_13020/pssm01af3_inc.cpp	295	297	sqlstr = "SELECT * FROM TPSSMD9 WHERE CC_MACH_NO = @CC_MACH_NO "
p_pssm_13020/pssm01af5_send.cpp	169	171	sqlstr = CString(" SELECT CODE_DESC_1_CONTENT, CODE_DESC_2_CONTENT FROM TEP0002 "
p_pssm_13020/pssm01af5_send.cpp	202	206	sqlstr = CString(" SELECT * FROM TPSSM01 "
p_pssm_13020/pssm01af5_send.cpp	236	237	sqlstr = CString(" SELECT PLAN_STATUS, PLAN_NO FROM TPSHPA1 "
p_pssm_13020/pssm01af5_send.cpp	276	277	strcpy(s.msg, "Update failed.");
p_pssm_13020/pssm01af5_send.cpp	326	330	sqlstr = " SELECT MAX(CC_SEQ) FROM TPSSM10 "
p_pssm_13020/pssm01af5_send.cpp	359	362	sqlstr = " SELECT COUNT(*) FROM TPSSM10 "
p_pssm_13020/pssm01af5_send.cpp	376	378	sqlstr = " SELECT SLAB_THICK, SLAB_WIDTH, SLAB_LEN, BILLET_TYPE FROM TPSSM03 "
p_pssm_13020/pssm01af6_del.cpp	172	174	sqlstr = CString(" SELECT CODE_DESC_1_CONTENT, CODE_DESC_2_CONTENT FROM TEP0002 "
p_pssm_13020/pssm01af6_del.cpp	203	206	sqlstr = " SELECT PONO,SLAB_NO FROM TPSSM03 "
p_pssm_13020/pssm01af6_del.cpp	220	222	sqlstr = " SELECT MAT_DESIGN_KIND,TMP_SLAB_NO "
p_pssm_13020/pssm01af6_del.cpp	312	314	sqlstr = CString(" DELETE FROM TPSSM03 "
p_pssm_13020/pssm01af6_del.cpp	349	353	" SELECT MIN(cc_seq) FROM TPSSM10 "
p_pssm_13020/pssm01af6_del.cpp	380	387	" UPDATE TPSSM10 "
p_pssm_13020/pssm01af6_del.cpp	419	425	" UPDATE TPSSM10 "
p_pssm_13020/pssm01af6_del.cpp	471	472	sqlstr = CString(" SELECT COUNT(1) FROM TPSSM01 "
p_pssm_13020/pssm01af6_del.cpp	492	494	sqlstr = CString(" DELETE FROM TPSSM02 "
p_pssm_13020/pssm01af6_del.cpp	528	530	sqlstr = " SELECT DISTINCT PONO_STATUS FROM TPSSM01 WHERE CAST_LOT_NO = @CAST_LOT_NO ";
p_pssm_13020/pssm01af7_rcd.cpp	141	143	sqlstr = CString(" SELECT CODE_DESC_1_CONTENT, CODE_DESC_2_CONTENT FROM TEP0002 "
p_pssm_13020/pssm01af7_rcd.cpp	190	192	sqlstr = "SELECT COUNT(1) FROM TPSSM01 WHERE PONO = @tpssm01.PONO AND PONO_STATUS >= 18 ";
p_pssm_13020/pssm01af7_rcd.cpp	217	221	sqlstr = CString(" SELECT * FROM TPSSM01 "
p_pssm_13020/pssm01af7_rcd.cpp	270	271	strcpy(s.msg, "Update failed.");
p_pssm_13020/pssm01af7_rcd.cpp	391	393	sqlstr = " SELECT CAST_LOT_NO FROM TPSSM10 "
p_pssm_13020/pssm01af7_rcd.cpp	427	431	sqlstr = " UPDATE TPSSM10 "
p_pssm_13020/pssm01af7_rcd.cpp	455	460	sqlstr = " UPDATE TPSSM10 "
p_pssm_13020/pssm01af7_rcd.cpp	506	512	sqlstr = " SELECT DISTINCT T.CAST_LOT_NO,T.RESTRAND_FLG "
p_pssm_13020/pssm01af8_del.cpp	184	186	sqlstr = CString(" SELECT CODE_DESC_1_CONTENT, CODE_DESC_2_CONTENT FROM TEP0002 "
p_pssm_13020/pssm01af8_del.cpp	215	218	sqlstr = " SELECT PONO,SLAB_NO FROM TPSSM03 "
p_pssm_13020/pssm01af8_del.cpp	232	234	sqlstr = " SELECT MAT_DESIGN_KIND,TMP_SLAB_NO "
p_pssm_13020/pssm01af8_del.cpp	324	326	sqlstr = CString(" DELETE FROM TPSSM03 "
p_pssm_13020/pssm01af8_del.cpp	363	367	" SELECT MIN(cc_seq) FROM TPSSM10 "
p_pssm_13020/pssm01af8_del.cpp	394	401	" UPDATE TPSSM10 "
p_pssm_13020/pssm01af8_del.cpp	433	439	" UPDATE TPSSM10 "
p_pssm_13020/pssm01af8_del.cpp	485	486	sqlstr = CString(" SELECT COUNT(1) FROM TPSSM01 "
p_pssm_13020/pssm01af8_del.cpp	507	509	sqlstr = CString(" DELETE FROM TPSSM02 "
p_pssm_13020/pssm01af8_del.cpp	543	545	sqlstr = " SELECT DISTINCT PONO_STATUS FROM TPSSM01 WHERE CAST_LOT_NO = @CAST_LOT_NO ";
p_pssm_13020/pssm01af9_rcd.cpp	140	142	sqlstr = CString(" SELECT CODE_DESC_1_CONTENT, CODE_DESC_2_CONTENT FROM TEP0002 "
p_pssm_13020/pssm01af9_rcd.cpp	188	190	sqlstr = "SELECT COUNT(1) FROM TPSSM01 WHERE CAST_LOT_NO = @tpssm01.CAST_LOT_NO AND PONO_STATUS >= 18 ";
p_pssm_13020/pssm01af9_rcd.cpp	214	218	sqlstr = CString(" SELECT * FROM TPSSM01 "
p_pssm_13020/pssm01af9_rcd.cpp	267	268	strcpy(s.msg, "Update failed.");
p_pssm_13020/pssm01af9_rcd.cpp	389	391	sqlstr = " SELECT CAST_LOT_NO FROM TPSSM10 "
p_pssm_13020/pssm01af9_rcd.cpp	425	429	sqlstr = " UPDATE TPSSM10 "
p_pssm_13020/pssm01af9_rcd.cpp	453	458	sqlstr = " UPDATE TPSSM10 "
p_pssm_13020/pssm01af9_rcd.cpp	504	510	sqlstr = " SELECT DISTINCT T.CAST_LOT_NO,T.RESTRAND_FLG "
p_pssm_13020/pssm01cf2_inq.cpp	120	123	sqlstr_count = " SELECT COUNT(1) "
p_pssm_13020/pssm01cf2_inq.cpp	124	127	sqlstr = " SELECT * "
p_pssm_13020/pssm01cf2_inq.cpp	217	219	sqlstr = " SELECT DISTINCT SLAB_THICK,SLAB_WIDTH,SLAB_LEN,PREC_ROLL_PLAN_NO,PREC_ROLL_SEQ_NO,INGOT_CODE FROM TPSSM03 \
p_pssm_13020/pssm01cf2_inq.cpp	244	245	sqlstr = " SELECT BILLET_TYPE FROM TPSSM02 WHERE CAST_LOT_NO = @cast_lot_no \
p_pssm_13020/pssm01cf2_inq.cpp	260	261	sqlstr = " SELECT SUM(SLAB_NUM) FROM TPSSM03 WHERE PONO = @pono \
p_pssm_13020/pssm01cf3_move.cpp	86	91	sqlstr = " SELECT MAX(LACK_PER) FROM TPSSM02 "
p_pssm_13020/pssm01cf3_move.cpp	118	122	sqlstr = CString(" SELECT MAX(CC_SEQ) FROM TPSSM01 "
p_pssm_13020/pssm01cf3_move.cpp	192	193	strcpy(s.msg, "Update failed.");
p_pssm_13020/pssm01cf3_move.cpp	213	218	sqlstr = " SELECT T.CAST_LOT_NO, T.RESTRAND_FLG, T.PLAN_DATE, T.CC_MACH_NO, T.CC_SEQ "
p_pssm_13020/pssm01cf4_rep.cpp	88	89	sqlstr = " SELECT * FROM TPSSM01  WHERE FACTORY_DIV = @FACTORY_DIV AND CAST_LOT_NO = @cast_lot_no ";
p_pssm_13020/pssm01cf4_rep.cpp	127	128	strcpy(s.msg, "Update failed.");
p_pssm_13020/pssm01cf5_restrd.cpp	143	144	strcpy(s.msg, "Update failed.");
p_pssm_13020/pssm01cf5_restrd.cpp	286	287	strcpy(s.msg, "Update failed.");
p_pssm_13020/pssm01cf5_restrd.cpp	440	441	strcpy(s.msg, "Update TPSSM01 failed.");
p_pssm_13020/pssm01cf5_restrd.cpp	473	474	strcpy(s.msg, "Update TPSSM02 failed.");
p_pssm_13020/pssm01cf6_chk.cpp	82	84	sqlstr = " DELETE FROM TPSSM23 "
p_pssm_13020/pssm07a_sinq.cpp	75	79	sqlstr = " SELECT "
p_pssm_13020/pssm07a_sinq.cpp	80	83	sql_cont = " SELECT "
p_pssm_13020/pssm07a_sinq.cpp	87	91	sqlstr = " SELECT "
p_pssm_13020/pssm07a_sinq.cpp	93	96	sql_cont = " SELECT "
p_pssm_13020/pssm07af2_pinq.cpp	123	125	sqlstr = " SELECT T1.* "
p_pssm_13020/pssm07af2_pinq.cpp	126	129	sql_count = " SELECT "
p_pssm_13020/pssm07af2_pinq.cpp	133	135	sqlstr = " SELECT T1.* "
p_pssm_13020/pssm07af2_pinq.cpp	136	139	sql_count = " SELECT "
p_pssm_13020/pssm07af2_pinq.cpp	232	237	sqlstr = " SELECT "
p_pssm_13020/pssm07af3_chs.cpp	132	135	sqlstr = CString(" SELECT  * FROM TPSSM03 "
p_pssm_13020/pssm07af3_chs.cpp	176	178	sqlstr = CString(" SELECT PONO_STATUS FROM TPSSM01 "
p_pssm_13020/pssm07af3_chs.cpp	216	217	strcpy(s.msg, "Update failed.");
p_pssm_13020/pssm07af4_unchs.cpp	137	139	sqlstr = CString(" DELETE * FROM TPSSM10 "
p_pssm_13020/pssm07af4_unchs.cpp	163	165	sqlstr = CString(" SELECT PONO_STATUS FROM TPSSM01 "
p_pssm_13020/pssm07af4_unchs.cpp	203	204	strcpy(s.msg, "Update failed.");
p_pssm_13030/pssm04_chs.cpp	162	165	sqlstr = CString(" SELECT MAX(CC_SEQ) FROM TPSSM01 "
p_pssm_13030/pssm04_chs.cpp	208	212	sqlstr = "SELECT MIN(CAST_LOT_SUM), NVL(MIN(CAST_LOT_DIV_NO), 0) "
p_pssm_13030/pssm04_chs.cpp	235	240	sqlstr = CString(" SELECT * FROM TPSSM01 "
p_pssm_13030/pssm04_chs.cpp	280	281	sqlstr = "SELECT DISTINCT SLAB_THICK,SLAB_WIDTH,BILLET_TYPE FROM TPSSM03 WHERE FACTORY_DIV = @FACTORY_DIV "
p_pssm_13030/pssm04_chs.cpp	296	299	sqlstr = "SELECT * FROM TPSSMD9 WHERE FACTORY_DIV = @FACTORY_DIV "
p_pssm_13030/pssm04_inq.cpp	117	121	sqlstr_count = " SELECT COUNT(1) "
p_pssm_13030/pssm04_inq.cpp	122	126	sqlstr = " SELECT * "
p_pssm_13030/pssm04_inq.cpp	194	201	sqlstr = " SELECT "
p_pssm_13030/pssm04_inq.cpp	231	237	sqlstr = " SELECT "
p_pssm_13030/pssm04_inq.cpp	262	265	CString sql_len = " SELECT MIN(SLAB_MAX_LEN - SLAB_MIN_LEN) "
p_pssm_13030/pssm04_inq.cpp	301	305	CString sql_roll_plan = " SELECT DISTINCT PREC_ROLL_PLAN_NO "
p_pssm_13030/pssm04_inqs.cpp	13	15	CString sql = "SELECT DISTINCT REFINE_ROUTE_CODE FROM tpssm01";
p_pssm_13030/pssm04_ins.cpp	96	98	CDbCommand cmd1("select count(*) from PSSM.TPSSM01 where PONO=@PONO",conn);
p_pssm_13030/pssm04_ldel.cpp	140	148	sqlstr = " SELECT "
p_pssm_13030/pssm04_ldel.cpp	224	226	sqlstr = CString(" DELETE FROM TPSSM03 "
p_pssm_13030/pssm04_ldel.cpp	259	263	" SELECT MIN(cc_seq) FROM TPSSM10 "
p_pssm_13030/pssm04_ldel.cpp	290	297	" UPDATE TPSSM10 "
p_pssm_13030/pssm04_ldel.cpp	329	335	" UPDATE TPSSM10 "
p_pssm_13030/pssm04_loc.cpp	79	85	sqlstr = " UPDATE  TPSSM01 "
p_pssm_13030/pssm04_pdel.cpp	183	185	sqlstr = CString(" DELETE FROM TPSSM03 "
p_pssm_13030/pssm04_pdel.cpp	218	222	" SELECT MIN(cc_seq) FROM TPSSM10 "
p_pssm_13030/pssm04_pdel.cpp	249	256	" UPDATE TPSSM10 "
p_pssm_13030/pssm04_pdel.cpp	288	294	" UPDATE TPSSM10 "
p_pssm_13030/pssm04_pdel.cpp	314	315	sqlstr = CString(" SELECT COUNT(1) FROM TPSSM01 "
p_pssm_13030/pssm04_pdel.cpp	335	337	sqlstr = CString(" DELETE FROM TPSSM02 "
p_pssm_13030/pssm04_pdel.cpp	351	353	sqlstr = " SELECT DISTINCT PONO_STATUS FROM TPSSM01 WHERE CAST_LOT_NO = @CAST_LOT_NO ";
p_pssm_13030/pssm04_rel.cpp	70	75	sqlstr = " UPDATE  TPSSM01"
p_pssm_13030/pssm04cc_inq.cpp	57	61	sqlstr = "SELECT  DISTINCT CC_MACH_NO, CC_DESC  FROM  TPSSMD8  ";
p_pssm_13030/pssm05_cmp.cpp	66	71	sqlstr = "SELECT CC_REQ_TIME,PONO "
p_pssm_13030/pssm05_cmp.cpp	90	94	sqlstr = " UPDATE  TPSSM01 "
p_pssm_13030/pssm05_inq.cpp	129	132	sqlstr_count = " SELECT COUNT(1) "
p_pssm_13030/pssm05_inq.cpp	133	136	sqlstr = " SELECT * "
p_pssm_13030/pssm05_inq.cpp	232	238	sqlstr = " SELECT MAX(SLAB_THICK), "
p_pssm_13030/pssm05_inq.cpp	263	268	sqlstr = " SELECT  MAX(SLAB_THICK),"
p_pssm_13030/pssm05_inq.cpp	307	310	CString sql_len = " SELECT MIN(SLAB_MAX_LEN - SLAB_MIN_LEN) "
p_pssm_13030/pssm05_mov.cpp	52	56	CString upd_cc_seq = "UPDATE TPSSM01"
p_pssm_13030/pssm05_restrd.cpp	127	128	strcpy(s.msg, "Update failed.");
p_pssm_13030/pssm05_restrd.cpp	171	174	sqlstr = "SELECT BILLET_TYPE "
p_pssm_13030/pssm05_restrd.cpp	175	180	"SELECT CAST_LOT_NO "
p_pssm_13030/pssm05_restrd.cpp	263	264	strcpy(s.msg, "Update failed.");
p_pssm_13030/pssm05_restrd.cpp	285	290	sqlstr = " SELECT T.CAST_LOT_NO, T.RESTRAND_FLG, T.PLAN_DATE, T.CC_MACH_NO, T.CC_SEQ "
p_pssm_13030/pssm05_retu.cpp	88	89	sqlstr = " SELECT * FROM TPSSM01  WHERE FACTORY_DIV = @FACTORY_DIV AND CAST_LOT_NO = @cast_lot_no ";
p_pssm_13030/pssm05_retu.cpp	127	128	strcpy(s.msg, "Update failed.");
p_pssm_13030/pssm05_set.cpp	154	162	sqlstr = " UPDATE TPSSM01 "
p_pssm_13030/pssm05_set.cpp	177	179	sqlstr = "SELECT * "
p_pssm_13030/pssm05_set.cpp	205	215	sqlstr = " SELECT PONO,ST_NO,CAST_LOT_NO,CC_REQ_TIME_FLAG,CC_REQ_TIME, "
p_pssm_13030/pssm05_set.cpp	272	276	sqlstr = " UPDATE TPSSM01 "
p_pssm_13030/pssm05_snd.cpp	155	159	sqlstr = CString(" SELECT * FROM TPSSM01 "
p_pssm_13030/pssm05_snd.cpp	189	190	sqlstr = CString(" SELECT PLAN_STATUS, PLAN_NO FROM TPSHPA1 "
p_pssm_13030/pssm05_snd.cpp	229	230	strcpy(s.msg, "Update failed.");
p_pssm_13030/pssm05_snd.cpp	267	271	sqlstr = " SELECT NVL(MAX(CC_SEQ), 0) FROM TPSSM10 "
p_pssm_13030/pssm05_snd.cpp	300	303	sqlstr = " SELECT COUNT(*) FROM TPSSM10 "
p_pssm_13030/pssm05_time.cpp	83	90	sqlstr = "SELECT * "
p_pssm_13030/pssm05_time.cpp	129	132	sqlstr = " SELECT * "
p_pssm_13030/pssm05_time.cpp	183	185	sqlstr = " UPDATE  TPSSM01 "
p_pssm_13030/pssm05_upd.cpp	64	67	sqlstr = " UPDATE  PSSM.TPSSM01  "
p_pssm_13030/pssm06_del.cpp	142	150	sqlstr = " SELECT "
p_pssm_13030/pssm06_del.cpp	224	226	sqlstr = CString(" DELETE FROM TPSSM03 "
p_pssm_13030/pssm06_del.cpp	267	271	" SELECT MIN(cc_seq) FROM TPSSM10 "
p_pssm_13030/pssm06_del.cpp	298	305	" UPDATE TPSSM10 "
p_pssm_13030/pssm06_del.cpp	337	343	" UPDATE TPSSM10 "
p_pssm_13030/pssm06_inq.cpp	102	107	sqlstr = "SELECT * "
p_pssm_13030/pssm06_inq.cpp	109	114	sqlcount = " SELECT "
p_pssm_13030/pssm06_inq.cpp	150	156	sqlstr = " SELECT MAX(SLAB_THICK), "
p_pssm_13030/pssm06_inq.cpp	181	186	sqlstr = " SELECT  MAX(SLAB_THICK),"
p_pssm_13030/pssm06_lrcd.cpp	166	168	sqlstr = "SELECT COUNT(1) FROM TPSSM01 WHERE FACTORY_DIV = @tpssm01.FACTORY_DIV AND CAST_LOT_NO = @tpssm01.CAST_LOT_NO AND PONO_STATUS >= 18 ";
p_pssm_13030/pssm06_lrcd.cpp	193	197	sqlstr = CString(" SELECT * FROM TPSSM01 "
p_pssm_13030/pssm06_lrcd.cpp	236	237	strcpy(s.msg, "Update failed.");
p_pssm_13030/pssm06_lrcd.cpp	324	326	sqlstr = " SELECT CAST_LOT_NO FROM TPSSM10 "
p_pssm_13030/pssm06_lrcd.cpp	360	364	sqlstr = " UPDATE TPSSM10 "
p_pssm_13030/pssm06_lrcd.cpp	388	393	sqlstr = " UPDATE TPSSM10 "
p_pssm_13030/pssm06_lrcd.cpp	439	443	sqlstr = " SELECT DISTINCT T.CAST_LOT_NO, T.RESTRAND_FLG, T.FACTORY_DIV "
p_pssm_13030/pssm06_prcd.cpp	123	124	strcpy(s.msg, "Update failed.");
p_pssm_13030/pssm06_prcd.cpp	139	144	sqlstr = CString(" UPDATE TPSSM01 "
p_pssm_13030/pssm06_prcd.cpp	170	171	strcpy(s.msg, "Update failed.");
p_pssm_13030/pssm06_srt.cpp	61	61	sqlstr = "UPDATE TPSSM01"; //用于捕获数据库操作异常情况
p_pssm_13030/pssm06_srt.cpp	62	69	CString sql_upd = " UPDATE TPSSM01 "
p_pssm_13030/pssm07_pinq.cpp	143	145	sqlstr = " SELECT T1.* "
p_pssm_13030/pssm07_pinq.cpp	146	149	sql_count = " SELECT "
p_pssm_13030/pssm07_pinq.cpp	153	155	sqlstr = " SELECT T1.* "
p_pssm_13030/pssm07_pinq.cpp	156	159	sql_count = " SELECT "
p_pssm_13030/pssm07_pinq.cpp	253	258	sqlstr = " SELECT "
p_pssm_13030/pssm07_sinq.cpp	83	87	sqlstr = " SELECT "
p_pssm_13030/pssm07_sinq.cpp	88	91	sql_cont = " SELECT "
p_pssm_13030/pssm07_sinq.cpp	95	99	sqlstr = " SELECT "
p_pssm_13030/pssm07_sinq.cpp	101	104	sql_cont = " SELECT "
p_pssm_13030/pssm08_inq.cpp	108	112	sqlstr_count = " SELECT COUNT(1) "
p_pssm_13030/pssm08_inq.cpp	113	117	sqlstr = " SELECT * "
p_pssm_13030/pssm08_inq.cpp	172	178	sqlstr = " SELECT MAX(SLAB_THICK), "
p_pssm_13030/pssm08_inq.cpp	203	208	sqlstr = " SELECT  MAX(SLAB_THICK),"
p_pssm_13030/pssm08_inq1.cpp	111	117	sqlstr_count = "select count(1) from "
p_pssm_13030/pssm08_inq1.cpp	118	121	sqlstr = "select b.*, a.SLAB_THICK, a.SLAB_WIDTH from "
p_pssm_13030/pssm08_inq1.cpp	164	169	sqlstr_count =  "select count(1) from "
p_pssm_13030/pssm08_inq1.cpp	170	173	sqlstr = "select b.*, a.SLAB_THICK, a.SLAB_WIDTH from "
p_pssm_13030/pssm08_inq1.cpp	217	221	sqlstr_count = "select count(1) from "
p_pssm_13030/pssm08_inq1.cpp	223	226	sqlstr = "select b.*, a.SLAB_THICK, a.SLAB_WIDTH from "
p_pssm_13030/pssm09_inq.cpp	129	131	sqlstr = " SELECT A.FACTORY_DIV, A.PLAN_DATE, B.SLAB_DEST,SUM(B.SLAB_WT) AS SLAB_WT FROM TPSSM01 A,TPSSM03 B "
p_pssm_13030/pssm09_inq.cpp	135	137	sqlstr = " SELECT A.FACTORY_DIV, A.PLAN_DATE, B.SLAB_DEST,SUM(B.SLAB_WT) AS SLAB_WT FROM HPSSM01 A,HPSSM03 B "
p_pssm_13030/pssm21_inq.cpp	103	104	sqlstr = " SELECT DISTINCT FACTORY_DIV,CC_MACH_NO FROM TPSSMD8 "
p_pssm_13030/pssm21_inq.cpp	138	148	sql = " SELECT SUM(DECODE(INSTR(A.REFINE_DIV,'L'),0,0,1)) AS LF_NUM,  "
p_pssm_13030/pssm21_inq.cpp	176	186	sql = " SELECT SUM(DECODE(INSTR(A.REFINE_DIV,'L'),0,0,1)) AS LF_NUM,  "
p_pssm_13030/pssm24_inq.cpp	67	69	CString sqlstr = " SELECT * "
p_pssm_13030/pssm24_inq.cpp	71	74	CString sql_count = " SELECT "
p_pssm_13030/pssm24_ins.cpp	103	108	sqlstr = " SELECT "
p_pssm_13030/pssm24_snd.cpp	56	60	CString sql_sm24 = " SELECT * "
p_pssm_13030/pssm27_che.cpp	48	51	sqlstr = " SELECT  * FROM TPSSM17 WHERE ST_NO||ST_NO1 NOT IN(select ST_NO1||ST_NO from TPSSM17) ";
p_pssm_13030/pssm27_che.cpp	67	68	tpssmerrm.ERROR_STATUS = "SELECT";
p_pssm_13030/pssm27_del.cpp	84	85	tpssmerrm.ERROR_STATUS = "DELETE";
p_pssm_13030/pssm27_inq.cpp	55	55	CString sql = " SELECT * FROM TPSSM17 WHERE 1 = 1 ";
p_pssm_13030/pssm27_inq.cpp	57	59	CString sql_count = " SELECT COUNT(1) FROM TPSSM17 WHERE 1 = 1 ";
p_pssm_13030/pssm27_ins.cpp	39	40	CString sel_max = " SELECT NVL(MAX(SEQ_NO),0) + 1 FROM TPSSM17 "
p_pssm_13030/pssm27_snd.cpp	51	55	sqlstr = " SELECT "
p_pssm_13030/pssm27_snd.cpp	77	80	sqlstr = " UPDATE TPSSM17 "
p_pssm_13030/pssm27_snd.cpp	85	86	sqlstr = "DELETE FROM TPSSM17 WHERE SEND_FLAG = 'D'";
p_pssm_13030/pssm27_sort.cpp	55	56	sqlstr = " SELECT * FROM TPSSM17 WHERE ST_NO=@st_no ORDER BY SEQ_NO ";
p_pssm_13030/pssm27_sort.cpp	59	64	sqlstr = " UPDATE TPSSM17 "
p_pssm_13030/pssm27_upd.cpp	40	45	CString sel_max = "SELECT NVL(MAX(SEQ_NO),0) + 1 FROM TPSSM17";
p_pssm_13030/pssmdhv_F2_inq.cpp	53	55	sqlstr = " SELECT a.* "
p_pssm_13030/pssmlgr1_inq.cpp	85	92	sqlstr = " SELECT "
p_pssm_13030/pssmlgr1_inq.cpp	186	191	sqlstr = " SELECT "
p_pssm_13030/pssmlgr1_inq.cpp	219	224	sqlstr = " SELECT "
p_pssm_13050/pssm02_lot_confm.cpp	138	142	sqlstr = " SELECT COUNT(1)  "
p_pssm_13050/pssm02_lot_confm.cpp	159	160	sqlstr1 = "  select max(HOT_CHARGE_FLAG),MAX(SLAB_DEST) from tpssm01 where cast_lot_no=@v_cast_lot_no   ";
p_pssm_13050/pssm02_lot_confm.cpp	183	188	" select count(*) from Tmmsm01									"
p_pssm_13050/pssm02_lot_confm.cpp	213	218	" SELECT COUNT(1) "
p_pssm_13050/pssm02_lot_confm.cpp	237	242	" SELECT * "
p_pssm_13050/pssm02_lot_confm.cpp	318	322	sqlstr = " UPDATE TPSSM01  "
p_pssm_13050/pssm02_lot_confm.cpp	336	336	sqlstr = " INSERT INTO TPSSM40  "
p_pssm_13050/pssm02_lot_confm.cpp	337	339	"	SELECT * FROM TPSSM10 T "
p_pssm_13050/pssm02_lot_confm.cpp	353	355	sqlstr = " DELETE FROM TPSSM10 T "
p_pssm_13050/pssm02_lot_confm.cpp	369	373	sqlstr = " UPDATE TPSSM02  "
p_pssm_13050/pssm02_lot_confm.cpp	388	391	sqlstr = " UPDATE TPSSM03  "
p_pssm_13050/pssm02_lot_confm.cpp	408	410	sqlstr = " DELETE FROM TPSSM01  "
p_pssm_13050/pssm02_lot_confm.cpp	424	426	sqlstr = " DELETE FROM TPSSM10 T "
p_pssm_13050/pssm02_lot_confm.cpp	440	441	sqlstr = " DELETE FROM TPSSM02  "
p_pssm_13050/pssm02_lot_confm.cpp	455	457	sqlstr = " DELETE FROM TPSSM03  "
p_pssm_13050/pssm02_lot_inq.cpp	128	132	sqlstr = " SELECT * "
p_pssm_13050/pssm02_lot_inq.cpp	201	205	sqlstr = " SELECT DISTINCT TO_CHAR(CEIL(SLAB_THICK))||'*'||TO_CHAR(CEIL(SLAB_WIDTH)) "
p_pssm_13050/pssm02_lot_inq.cpp	220	223	sqlstr = " select count(*) "
p_pssm_13050/pssm02_lot_inq.cpp	247	248	sqlstr = "SELECT SUM(SLAB_WT) FROM TMMSM33 WHERE PONO  IN ( SELECT PONO FROM TPSSM01 WHERE CAST_LOT_NO=@tpssm02.CAST_LOT_NO )";
p_pssm_13050/pssm02_lot_inq.cpp	258	259	sqlstr = "SELECT SUM(PLAN_TAP_WT) FROM TPSSM01 WHERE CAST_LOT_NO=@tpssm02.CAST_LOT_NO ";
p_pssm_13050/pssm02_pono_inq.cpp	127	128	sqlstr = " SELECT DISTINCT PLAN_DATE FROM TPSSM01 WHERE CAST_LOT_NO = @CAST_LOT_NO  ORDER BY PLAN_DATE DESC";
p_pssm_13050/pssm02_pono_inq.cpp	138	143	sqlstr = "SELECT * "
p_pssm_13050/pssm02_pono_inq.cpp	191	192	sqlstr = " SELECT  CODE_DESC_2_CONTENT FROM TEP0002 WHERE CODE_CLASS='PSWT' AND CODE = @tpssm01.SEND_PLANNER ";  //根据规格找出对应值
p_pssm_13050/pssm02_pono_inq.cpp	334	336	sqlstr = "SELECT SUM(SLAB_WT) FROM TMMSM33 WHERE PONO = @PONO ";
p_pssm_13050/pssm02_slab_inq.cpp	58	60	sqlstr = " SELECT * FROM TPSSM03 "
p_pssm_13050/pssm02_slab_inq.cpp	78	78	sqlstr = "SELECT LSLAB_NO,SUM(SLAB_LEN) FIX_LEN FROM TPSSM03 WHERE LSLAB_NO = @LSLAB_NO GROUP BY LSLAB_NO ";
p_pssm_13050/pssm02_slab_inq.cpp	82	85	sqlstr = "SELECT distinct LSLAB_NO,SLAB_LEN AS FIX_LEN FROM TPSSM03 WHERE LSLAB_NO = @LSLAB_NO ";
p_pssm_13050/pssm10ccf10_restrd.cpp	159	161	sqlstr = " UPDATE TPSSM01 A "
p_pssm_13050/pssm10ccf10_restrd.cpp	165	167	sqlstr = " UPDATE TPSSM01 A "
p_pssm_13050/pssm10ccf2_inq.cpp	98	101	sqlstr_count = " SELECT COUNT(1) "
p_pssm_13050/pssm10ccf2_inq.cpp	102	105	sqlstr = " SELECT * "
p_pssm_13050/pssm10ccf3_move.cpp	106	111	" select CC_MACH_NO,CC_SEQ,PONO_STATUS,A.ST_NO, A.PONO,A.RESTRAND_FLG,A.TD_CHG_FLG, '0' ORDER_CC_SEQ_FLAG "
p_pssm_13050/pssm10ccf3_move.cpp	129	140	" select CC_MACH_NO,CC_SEQ,PONO_STATUS,A.ST_NO, A.PONO,A.RESTRAND_FLG,A.TD_CHG_FLG, '0' ORDER_CC_SEQ_FLAG, B.*,C.*,D.*, nvl(E.ST_NO_TO,A.ST_NO) CAN_MIX_GROUP,nv
p_pssm_13050/pssm10ccf3_move.cpp	582	584	sqlstr = " UPDATE TPSSM10 "
p_pssm_13050/pssm10ccf3_move.cpp	590	592	sqlstr = " UPDATE TPSSM01 A "
p_pssm_13050/pssm10cllcf2_inq.cpp	153	156	" SELECT COUNT(1) "
p_pssm_13050/pssm10cllcf2_inq.cpp	245	245	" SELECT * FROM ( "
p_pssm_13050/pssm10cllcf2_inq.cpp	246	258	" SELECT  A.SLAB_DEST, A.CAST_LOT_NO || '-' || A.CAST_LOT_DIV_NO CAST_LOT_NO,  B.CAST_NO,"
p_pssm_13050/pssm10cllcf2_inq.cpp	259	259	" SELECT * FROM ( "
p_pssm_13050/pssm10cllcf2_inq.cpp	260	274	" SELECT A.SLAB_DEST, A.CAST_LOT_NO || '-' || A.CAST_LOT_DIV_NO CAST_LOT_NO,  B.CAST_NO,"
p_pssm_13050/pssm10cllcf2_inq.cpp	275	275	" SELECT * FROM ( "
p_pssm_13050/pssm10cllcf2_inq.cpp	276	291	" SELECT A.SLAB_DEST, A.CAST_LOT_NO || '-' || A.CAST_LOT_DIV_NO CAST_LOT_NO,  B.CAST_NO,"
p_pssm_13050/pssm10cllcf3_move.cpp	94	99	" SELECT MAX(CC_SEQ) FROM TPSSM01 "
p_pssm_13050/pssm10cllcf3_move.cpp	234	236	sqlstr = " UPDATE TPSSM10 "
p_pssm_13050/pssm10cllcf3_move.cpp	242	244	sqlstr = " UPDATE TPSSM01 "
p_pssm_13050/pssm10cllf4_hangup.cpp	122	124	sqlstr = " SELECT CC_SEQ, CC_MACH_NO FROM TPSSM10 "
p_pssm_13050/pssm10cllf4_hangup.cpp	144	151	sqlstr = " UPDATE TPSSM10 "
p_pssm_13050/pssm10cllf4_hangup.cpp	168	170	sqlstr = " SELECT CC_SEQ, CC_MACH_NO FROM TPSSM01 "
p_pssm_13050/pssm10cllf4_hangup.cpp	190	197	sqlstr = " UPDATE TPSSM01 "
p_pssm_13050/pssm10cllf4_hangup.cpp	228	229	strcpy(s.msg, "Update tpssm01 failed.");
p_pssm_13050/pssm10cllf4_hangup.cpp	234	235	strcpy(s.msg, "Update tpssm10 failed.");
p_pssm_13050/pssm10cllf5_release.cpp	139	143	sqlstr = CString(" SELECT MAX(CC_SEQ) FROM TPSSM01 "
p_pssm_13050/pssm10cllf5_release.cpp	187	188	strcpy(s.msg, "Update tpssm01 failed.");
p_pssm_13050/pssm10cllf5_release.cpp	192	193	strcpy(s.msg, "Update tpssm10 failed.");
p_pssm_13050/pssm10cllf6_change.cpp	109	110	sqlstr = CString("SELECT DISTINCT SLAB_THICK,SLAB_WIDTH,BILLET_TYPE FROM TPSSM03 WHERE FACTORY_DIV = @FACTORY_DIV "
p_pssm_13050/pssm10cllf6_change.cpp	135	140	sqlstr = CString("SELECT COUNT(*) FROM TPSSMD9 WHERE FACTORY_DIV = @FACTORY_DIV "
p_pssm_13050/pssm10cllf6_change.cpp	219	226	sqlstr = " UPDATE TPSSM10 "
p_pssm_13050/pssm10cllf6_change.cpp	239	246	sqlstr = " UPDATE TPSSM01 "
p_pssm_13050/pssm10cllf6_change.cpp	263	267	sqlstr = CString(" SELECT MAX(CC_SEQ) FROM TPSSM01 "
p_pssm_13050/pssm10cllf6_change.cpp	305	306	strcpy(s.msg, "Update tpssm01 failed.");
p_pssm_13050/pssm10cllf6_change.cpp	311	312	strcpy(s.msg, "Update tpssm10 failed.");
p_pssm_13050/pssm10f2_inq.cpp	141	144	sqlstr_count = " SELECT COUNT(1) "
p_pssm_13050/pssm10f2_inq.cpp	145	148	sqlstr = " SELECT * "
p_pssm_13050/pssm10f2_inq.cpp	165	168	sqlstr_count = " SELECT COUNT(1) "
p_pssm_13050/pssm10f2_inq.cpp	169	172	sqlstr = " SELECT * "
p_pssm_13050/pssm10f2_inq.cpp	183	184	sqlstr_count = " SELECT COUNT(1) "
p_pssm_13050/pssm10f2_inq.cpp	185	186	"SELECT  PONO FROM TPSSM40 WHERE 1=1 " + sqlstr_temp + " )    WHERE 1=1 "
p_pssm_13050/pssm10f2_inq.cpp	187	188	sqlstr = " SELECT *  FROM ( SELECT *   FROM TPSSM10   WHERE 1=1 " + sqlstr_temp + "  UNION ALL SELECT *   FROM TPSSM40   WHERE 1=1 " + sqlstr_temp + ")"+ sqlstr
p_pssm_13050/pssm10f2_inq1.cpp	63	68	sqlstr = " SELECT T.SLAB_LEN||'*'||T.SLAB_WIDTH||'*'||t.SLAB_THICK AS SLAB_SIZE,"
p_pssm_13050/pssm10f3_ins.cpp	130	135	sqlstr = " SELECT t.* FROM tqmts0x t  where t.st_no = @st_no  "
p_pssm_13050/pssm10f3_ins.cpp	237	238	sqlstr1 = "  SELECT LPAD(PSSM_CAST_NO_INS.nextval, 6, '0') FROM dual  ";
p_pssm_13050/pssm10f3_ins.cpp	340	343	sqlstr = CString("  SELECT NVL(MAX(CC_SEQ), 0) + 1 FROM TPSSM10 \
p_pssm_13050/pssm10f3_ins.cpp	381	382	sqlstr1 = "  SELECT LPAD(PSSM_SLAB_NO_INS.nextval, 10, '0') FROM dual  ";
p_pssm_13050/pssm10f3_ins_tg.cpp	166	171	sqlstr = " SELECT t.* FROM tqmts0x t  where t.st_no = @st_no  "
p_pssm_13050/pssm10f3_ins_tg.cpp	193	200	sqlstr = " SELECT BILLET_TYPE,INGOT_CODE,SLAB_NUM,SLAB_DEST,HOT_SEND_FLAG，APN，FACTORY_NEXT FROM tpssm03   where PONO = @PONO ORDER BY SLAB_NO ";
p_pssm_13050/pssm10f3_ins_tg.cpp	300	301	sqlstr1 = "  SELECT LPAD(PSSM_CAST_NO_INS.nextval, 6, '0') FROM dual  ";
p_pssm_13050/pssm10f3_ins_tg.cpp	427	428	sqlstr = CString("  SELECT NVL(MAX(CC_SEQ), 0) + 1 FROM TPSSM10 WHERE FACTORY_DIV = @tpssm10.FACTORY_DIV AND CC_MACH_NO	= @tpssm10.CC_MACH_NO AND CC_SEQ <> 999 
p_pssm_13050/pssm10f3_ins_tg.cpp	475	476	sqlstr1 = "  SELECT LPAD(PSSM_SLAB_NO_INS.nextval, 10, '0') FROM dual  ";
p_pssm_13050/pssm10f3_ins_tg.cpp	501	502	sqlstr = " SELECT * FROM TPSSM03 WHERE PONO IN (" + v_pono_string + ") ORDER BY PONO,LSLAB_NO,SLAB_NO ";
p_pssm_13050/pssm10f3_ins_tg.cpp	570	571	sqlstr = " SELECT sum(SLAB_SEQ_2) FROM TPSSM03 WHERE LSLAB_NO = @LSLAB_NO ";
p_pssm_13050/pssm10f5_del.cpp	126	130	" SELECT MIN(cc_seq) FROM TPSSM10 "
p_pssm_13050/pssm10f5_del.cpp	157	164	" UPDATE TPSSM10 "
p_pssm_13050/pssm10f5_del.cpp	196	202	" UPDATE TPSSM10 "
p_pssm_13050/pssm10f5_del.cpp	249	252	" DELETE TPSSM03 "
p_pssm_13050/pssm131f2_inq.cpp	187	189	sqlstr_count = " SELECT COUNT(1) "
p_pssm_13050/pssm131f2_inq.cpp	191	196	sqlstr = " SELECT STDD.ST_COUNT ST_D_COUNT, STDC.ST_COUNT ST_C_COUNT, STDA.ST_COUNT ST_A_COUNT, A.* "
p_pssm_13050/pssm131f2_inq.cpp	284	287	sqlstr2 = " SELECT * FROM TPSSM12 "
p_pssm_13050/pssm13f2_inq.cpp	246	248	sqlstr_count = " SELECT COUNT(1) "
p_pssm_13050/pssm13f2_inq.cpp	250	252	sqlstr = " SELECT A.* "
p_pssm_13050/pssm13f2_inq.cpp	259	261	sqlstr_count = " SELECT COUNT(1) "
p_pssm_13050/pssm13f2_inq.cpp	263	265	sqlstr = " SELECT A.* "
p_pssm_13050/pssm13f2_inq.cpp	411	414	sqlstr2 = " SELECT * FROM TPSSM12 "
p_pssm_13050/pssm13f2_inq.cpp	421	424	sqlstr2 = " SELECT * FROM TPSSM42 "
p_pssm_13050/pssm13f2_inq.cpp	640	641	sqlstr_zpl = " SELECT START_TIME,END_TIME,START_TIME_REAL,END_TIME_REAL,PROC_NO  FROM TPSSM12Z WHERE HEAT_NO			= @tpssm11.HEAT_NO ORDER BY ID_SJ ASC ";
p_pssm_13050/pssm14f2_inq.cpp	109	128	" SELECT A.CC_MACH_NO, A.CAST_NO, A.CAST_PONO_SUM, B.CAST_LOT_NO, MAX(B.SLAB_DEST) SLAB_DEST,"
p_pssm_13050/pssm14f2_inq2.cpp	92	93	sqlstr = " SELECT MAX(STRAND_NUM) STRAND_NUM FROM TPSSMD9 WHERE CC_MACH_NO = @CC_MACH_NO GROUP BY CC_MACH_NO";
p_pssm_13050/pssm14f2_inq2.cpp	104	105	sqlstr = " SELECT * FROM TPSSM01 WHERE CAST_LOT_NO = @CAST_LOT_NO";
p_pssm_13050/pssm14f2_inq2.cpp	132	139	" SELECT A.*, CASE WHEN B.CAST_NO IS NULL THEN '未编制' ELSE B.CAST_NO||'-'||B.CAST_DIV_NO END CAST_NO, B.CAST_PONO_SUM, C.CAST_LOT_NO, C.ST_NO, CASE WHEN B.CAST_N
p_pssm_13050/pssm14f2_inq2.cpp	166	173	" SELECT A.*, CASE WHEN B.CAST_NO IS NULL THEN '未编制' ELSE B.CAST_NO||'-'||B.CAST_DIV_NO END CAST_NO, B.CAST_PONO_SUM, C.CAST_LOT_NO, C.ST_NO, CASE WHEN B.CAST_N
p_pssm_13050/pssm14f2_inq2.cpp	197	207	" SELECT A.*, CASE WHEN B.CAST_NO IS NULL THEN '未编制' ELSE B.CAST_NO||'-'||B.CAST_DIV_NO END CAST_NO, B.CAST_PONO_SUM, C.CAST_LOT_NO, C.ST_NO, CASE WHEN B.CAST_N
p_pssm_13050/pssm14f2_inq2.cpp	227	235	" SELECT A.*, CASE WHEN B.CAST_NO IS NULL THEN '未编制' ELSE B.CAST_NO||'-'||B.CAST_DIV_NO END CAST_NO, B.CAST_PONO_SUM, C.CAST_LOT_NO, C.ST_NO, CASE WHEN B.CAST_N
p_pssm_13050/pssm14f3_proc.cpp	128	133	" SELECT '1' FLG, A.CAST_NO, A.CC_MACH_NO, A.PONO"
p_pssm_13050/pssm14f3_proc.cpp	136	142	" SELECT '1' FLG, A.CAST_NO, A.CC_MACH_NO, B.CAST_LOT_NO"
p_pssm_13050/pssm14f3_proc.cpp	165	171	" SELECT '1' FLG, A.CC_MACH_NO, B.CAST_LOT_NO"
p_pssm_13050/pssm14f3_proc.cpp	189	196	" SELECT '" + oper_flg + "' FLG, A.CAST_NO, A.CC_MACH_NO, A.CAST_NUMBER, B.CAST_LOT_NO,"
p_pssm_13050/pssm31_inq.cpp	47	49	c_sql = "SELECT *"
p_pssm_13050/pssm31_inq.cpp	56	58	c_sql = "SELECT *"
p_pssm_13050/pssm31_inq.cpp	65	67	c_sql = "SELECT *"
p_pssm_13050/pssm31_inq.cpp	74	76	c_sql = "SELECT *"
p_pssm_13050/pssm31_inq.cpp	83	85	c_sql = "SELECT *"
p_pssm_13050/pssm31_msg.cpp	48	52	c_sql = "SELECT *"
p_pssm_13050/pssm33f2_inq.cpp	67	71	sqlstr = " SELECT * FROM  TPSSM33  t  WHERE  FACTORY_DIV = @v_factory_div   ORDER BY AREA_ID asc,STATION_NO ASC,VIEW_POS ASC";
p_pssm_13050/pssm33f2_inq.cpp	147	148	sqlstr = " SELECT REFINE_ROUTE_CODE FROM TPSSM11  \
p_pssm_13050/pssm33f2_inq.cpp	175	176	sqlstr = " SELECT REFINE_ROUTE_CODE FROM TPSSM11 \
p_pssm_13050/pssm35_inq.cpp	113	115	sqlstr_count = " SELECT COUNT(1) "
p_pssm_13050/pssm35_inq.cpp	117	119	sqlstr = " SELECT A.HEAT_NO ,A.PONO,A.FACTORY_DIV,A.RET_HEAT_NO,A.RET_PONO,A.RETURN_MLSL,A.RET_TIME,A.REC_CREATOR,A.REMARK,A.TOTAL_WT,A.RATE*100 AS RATE ,ST_NO,
p_pssm_13050/pssm35_ins.cpp	181	182	sqlstr = " SELECT COUNT(*) FROM TMMSM02 "
p_pssm_13050/pssm35_ins.cpp	327	332	" UPDATE TPSSM10 "
p_pssm_13050/pssm35dlg_inq.cpp	104	109	" SELECT * FROM TPSSM10 "
p_pssm_13050/pssm35dlg_inq.cpp	141	145	" SELECT * FROM TPSSM11 "
p_pssm_13050/pssm35dlg_inq.cpp	150	153	" SELECT * FROM TPSSM11 "
p_pssm_13050/pssm35f4_inq.cpp	97	98	sqlstr = "  SELECT *  FROM TPSSM35 WHERE HEAT_NO = @cs_heat_no  order by RET_HEAT_NO";
p_pssm_13050/pssm35tcf2_inq.cpp	101	102	sqlstr = " SELECT  ACTRESULT ,DEV_CODE FROM TMMSM27  WHERE HEAT_NO = @tpssm35.HEAT_NO  "
p_pssm_13050/pssm35tcf2_inq.cpp	103	104	" SELECT  ACTRESULT,DEV_CODE FROM TMMSM21  WHERE HEAT_NO = @tpssm35.HEAT_NO  "
p_pssm_13050/pssm35tcf2_inq.cpp	105	106	" SELECT  ACTRESULT,DEV_CODE FROM TMMSM23  WHERE HEAT_NO = @tpssm35.HEAT_NO  "
p_pssm_13050/pssm35tcf2_inq.cpp	107	108	" SELECT  MOLTIRON_WT,DEV_CODE AS ACTRESULT FROM TMMSM24  WHERE HEAT_NO = @tpssm35.HEAT_NO  "
p_pssm_13050/pssm35tcf2_inq.cpp	109	110	" SELECT  ACTRESULT,DEV_CODE FROM TMMSM25  WHERE HEAT_NO = @tpssm35.HEAT_NO  "
p_pssm_13050/pssm35tcf2_inq.cpp	111	115	" SELECT  STEEL_WT,DEV_CODE AS ACTRESULT FROM TMMSM26  WHERE HEAT_NO = @tpssm35.HEAT_NO  ";
p_pssm_13050/pssm36_inq.cpp	111	113	sqlstr_count = " SELECT COUNT(1) "
p_pssm_13050/pssm36_inq.cpp	115	117	sqlstr = " SELECT * "
p_pssm_13050/pssm37_inq.cpp	80	115	sqlstr = " SELECT T.PONO_STATUS,T.SM_PLAN_NOL2,T.REFINE_ROUTE_CODE,T.ST_NO,T.HEAT_NO,T.CURR_WP_NO,T.CAST_DIV_NO AS ST_D_COUNT,    "
p_pssm_13050/pssm51f2_inq.cpp	64	67	sqlstr = " SELECT * FROM TPSSM11 ";
p_pssm_13050/pssm51f2_inq_proc.cpp	162	165	sqlstr = " SELECT CURR_PROC_NO FROM TPSSM25 "
p_pssm_13050/pssm51f2_inq_proc.cpp	231	235	sqlstr = " SELECT MIN(CHARGE_NO) "
p_pssm_13050/pssm51f2_inq_proc.cpp	266	270	sqlstr = " SELECT MIN(CHARGE_NO) FROM TPSSM12 "
p_pssm_13050/pssm51f2_inq_proc.cpp	319	324	sqlstr = " SELECT COUNT(*) FROM TPSSM12 "
p_pssm_13050/pssm51f2_inq_proc.cpp	345	350	sqlstr = " SELECT PROC_NO FROM TPSSM12 "
p_pssm_13050/pssm51f2_inq_proc.cpp	378	382	sqlstr = " SELECT PRE_PROC_NO FROM TPSSM12 "
p_pssm_13050/pssm51f2_inq_proc.cpp	412	419	sqlstr = " SELECT DECODE(ARRIVE_REAL_TIME,' ',LADLE_ARRIVE_TIME,ARRIVE_REAL_TIME), \
p_pssm_13050/pssm51f2_inq_proc.cpp	477	480	sqlstr = " SELECT MIN(CHARGE_NO) FROM TPSSM12 "
p_pssm_13050/pssm51f2_inq_proc.cpp	507	515	sqlstr = " SELECT DECODE(ARRIVE_REAL_TIME,' ',LADLE_ARRIVE_TIME,ARRIVE_REAL_TIME), \
p_pssm_13050/pssm51f2_inq_sign.cpp	90	91	sqlstr = " SELECT * FROM "
p_pssm_13050/pssm51f2_inq_sign.cpp	92	95	" SELECT DISTINCT T2.DEV_CODE, T2.AREA_ID, T2.CHARGE_NO,T2.SM_PLAN_NO FROM TPSSM12 T2 ,TPSSM11 T1 "
p_pssm_13050/pssm51f2_inq_sign.cpp	132	137	sqlstr = " SELECT * FROM TPSSMS1 "
p_pssm_13050/pssm51f2_inq_sign.cpp	168	173	sqlstr = " SELECT * FROM TPSSMS1 "
p_pssm_13050/pssm51f2_inq_sign.cpp	204	208	sqlstr = " SELECT * FROM TPSSMS1 "
p_pssm_13050/pssm51f2_inq_sign.cpp	240	243	sqlstr = " SELECT CHARGE_NO FROM TPSSM12 "
p_pssm_13050/pssm55f2_inq.cpp	91	94	sqlstr_count = " SELECT COUNT(1) "
p_pssm_13050/pssm55f2_inq.cpp	95	98	sqlstr = " SELECT * "
p_pssm_13050/pssm55f5_del.cpp	191	196	sqlstr = " SELECT PLAN_NO, MAT_NO FROM TPSSM05 "
p_pssm_13050/pssm81add_inq.cpp	126	128	sqlstr = "SELECT CODE_DESC_2_CONTENT,CODE_DESC_3_CONTENT FROM TEP0002 WHERE CODE_CLASS = 'PSS0' AND CODE = @v_plan_backlog_code ";
p_pssm_13050/pssm81add_inq.cpp	157	172	sqlstr = " SELECT A.* "
p_pssm_13050/pssm81add_inq.cpp	270	277	sqlstr = " SELECT A.*, B.MACH_CLEAR_DIV, B.SLAB_COOL_IND  "
p_pssm_13050/pssm81add_ins.cpp	121	123	sqlstr = "SELECT CODE_DESC_1_CONTENT,CODE_DESC_2_CONTENT FROM TEP0002 WHERE CODE_CLASS = 'PSS0' AND CODE = @v_plan_backlog_code ";
p_pssm_13050/pssm81add_ins.cpp	155	158	sqlstr = " SELECT NVL(MAX(MAT_SEQ_NO),0)  FROM TPSSM81 "
p_pssm_13050/pssm81add_ins.cpp	236	239	sqlstr = " SELECT MACH_CLEAR_DIV,MACH_CLEAR_DIF,MACH_CLEAR_LEV,SLAB_FINISH_CODE FROM TQMTS0X "
p_pssm_13050/pssm81add_ins.cpp	284	291	sqlstr = " UPDATE TQMTJF1 SET STATUS_FLAG = '1' "
p_pssm_13050/pssm81f2_inq.cpp	92	95	sqlstr_count = " SELECT COUNT(1) "
p_pssm_13050/pssm81f2_inq.cpp	96	99	sqlstr = " SELECT * "
p_pssm_13050/pssm81f5_del.cpp	131	138	sqlstr = " UPDATE TQMTJF1 SET STATUS_FLAG = '0' "
p_pssm_13050/pssm81f5_del.cpp	186	190	sqlstr = " SELECT NVL(MAX(MAT_SEQ_NO),0)  FROM TPSSM81 "
p_pssm_13050/pssm81f5_del.cpp	213	218	sqlstr = " SELECT PLAN_NO, MAT_NO FROM TPSSM81 "
p_pssm_13050/pssm81f6_send.cpp	115	119	sqlstr = " SELECT NVL(MAX(MAT_SEQ_NO),0)  FROM TPSSM81 "
p_pssm_13050/pssm81f6_send.cpp	175	179	sqlstr = " SELECT NVL(MAX(MAT_SEQ_NO),0)  FROM TPSSM81 "
p_pssm_13050/pssm81f6_send.cpp	202	207	sqlstr = " SELECT PLAN_NO, MAT_NO FROM TPSSM81 "
p_pssm_13050/pssm91f2_inq.cpp	111	115	sqlstr_count = " SELECT COUNT(1) "
p_pssm_13050/pssm91f2_inq.cpp	116	119	sqlstr = "  SELECT A.*, C.START_TIME_REAL  FROM TPSSM11 A   "
p_pssm_13050/pssm91f2_inq.cpp	123	127	sqlstr_count = "SELECT COUNT(1) "
p_pssm_13050/pssm91f2_inq.cpp	128	132	sqlstr = " SELECT A.*, C.START_TIME_REAL  "
p_pssm_13050/pssm91f2_inq.cpp	204	206	sqlstr = "SELECT MAX(RUN_SIGNAL) RUN_SIGNAL FROM TPSSM34 WHERE FACTORY_DIV = @FACTORY_DIV AND PONO = @PONO ";
p_pssm_13050/pssm91f2_inq.cpp	225	227	sqlstr = "select count(*) from tmmsm33 where heat_no = @heat_no ";
p_pssm_13050/pssm91f2_inq.cpp	239	239	sqlstr = "select dev_code,area_id from tpssm12 where heat_no = @heat_no and factory_div = @factory_div ";
p_pssm_13050/pssm91f2_inq.cpp	242	246	sqlstr = "select dev_code,area_id from tpssm42 where heat_no = @heat_no and factory_div = @factory_div ";
p_pssm_13050/pssm91f2_inq.cpp	272	274	sqlstr = "select moltiron_wt from tmmsm20 where heat_no = @heat_no ";
p_pssm_13050/pssm91f2_inq.cpp	276	278	sqlstr = "select moltiron_wt from tmmsm21 where heat_no = @heat_no ";
p_pssm_13050/pssm91f2_inq.cpp	280	284	sqlstr = "select TO_NUMBER(DECODE(LADLE_PRE_LIQUID_WT,' ','0',LADLE_PRE_LIQUID_WT)) from tmmsm27 where heat_no = @heat_no ";
p_pssm_13050/pssm91f2_inq.cpp	304	306	sqlstr = "select LADLE_ARRIVE_WT - LADLE_LEAVE_WT from tmmsm31 where heat_no = @heat_no ";
p_pssm_13050/pssm91f2_inq.cpp	308	312	sqlstr = "select PUR_WT from tmmsm41 where heat_no = @heat_no ";
p_pssm_13050/pssm91f2_inq2.cpp	85	86	strcpy(s.msg, "select tpssm11 failed.");
p_pssm_13050/pssm91f2_inq2.cpp	90	92	sqlstr = "select dev_code,area_id,proc_no,pract_rcv_flag from tpssm12 where sm_plan_no = @sm_plan_no and factory_div = @factory_div ";
p_pssm_13050/pssm91f2_inq2.cpp	204	206	sqlstr = "select count(*) from tmmsm33 where heat_no = @heat_no ";
p_pssm_13050/pssm91f2_inq2.cpp	239	240	strcpy(s.msg, "select tpssm41 failed.");
p_pssm_13050/pssm91f2_inq2.cpp	244	246	sqlstr = "select dev_code,area_id,proc_no,pract_rcv_flag from tpssm42 where sm_plan_no = @sm_plan_no and factory_div = @factory_div ";
p_pssm_13050/pssm91f2_inq2.cpp	358	360	sqlstr = "select count(*) from tmmsm33 where heat_no = @heat_no ";
p_pssm_13050/pssm99_inq.cpp	114	116	sqlstr_count = " SELECT COUNT(1) "
p_pssm_13050/pssm99_inq.cpp	118	120	sqlstr = " SELECT * "
p_pssm_13050/pssmd1_inq2.cpp	56	60	sqlstr = "SELECT * FROM TPSSMD1 "
p_pssm_13050/pssmd6_inq.cpp	48	49	sqlstr= "SELECT * FROM TPSSMD6 WHERE FACTORY_DIV = @factory_div ";
p_pssm_13050/pssmsida_ins.cpp	93	105	sqlstr = CString(" SELECT COUNT(1) FROM TPSSMDA "
p_pssm_13050/pssmsida_ins.cpp	153	161	sqlstr = CString(" SELECT COUNT(1) FROM TPSSMDA "
p_pssm_13050/pssmsida_ins.cpp	193	194	sqlstr = CString(" SELECT COUNT(1) FROM TPSSMDA ");
p_pssm_13050/pssmsida_ins.cpp	217	218	sqlstr = CString(" SELECT MAX(IDX_NO) FROM TPSSMDA ");
p_pssm_13050/pssmss_inq.cpp	104	106	sqlstr_count = " SELECT COUNT(1) "
p_pssm_13050/pssmss_inq.cpp	108	110	sqlstr = " SELECT * "
p_pssm_13060/mmlgap03_inq.cpp	102	115	" SELECT MAT_DESTION, MAT_SHAPE_FLAG, COUNT(1), SUM(MAT_ACT_WT) "
p_pssm_13060/mmlgap03_inq.cpp	171	190	" SELECT MAT_DESTION, MAT_SHAPE_FLAG, COUNT(1), SUM(MAT_ACT_WT) "
p_pssm_13060/mmlgap04_inq.cpp	150	190	sqlstr = " SELECT SUM(CASE "
p_pssm_13060/mmlgap04_inq.cpp	230	270	sqlstr = " SELECT SUM(CASE "
p_pssm_13060/mmlgap05_inq.cpp	105	134	sqlstr = " SELECT T1.STATION_NO,nvl(WT_YEAR,0) as WT_YEAR,nvl(WT_MONTH,0) as WT_MONTH,nvl(WT_WEEK,0) as WT_WEEK,nvl(WT_DAY,0)  "
p_pssm_13060/mmlgap05_inq.cpp	171	200	sqlstr1 = "SELECT T1.STATION_NO,nvl(WT_YEAR,0) as WT_YEAR,nvl(WT_MONTH,0) as WT_MONTH,nvl(WT_WEEK,0) as WT_WEEK,nvl(WT_DAY,0)  "
p_pssm_13060/mmlgap05_inq.cpp	241	274	sqlstr2 = "SELECT T1.STATION_NO,nvl(WT_YEAR,0) as WT_YEAR,nvl(WT_MONTH,0) as WT_MONTH,nvl(WT_WEEK,0) as WT_WEEK,nvl(WT_DAY,0)   "
p_pssm_13060/mmlgap05_mon_inq.cpp	79	84	sqlstr = "select  substr(START_TIME,1,6) as MONTH,sum(OUT_STEEL_WT) AS CONS_PROD_WT FROM (select case START_TIME WHEN  "
p_pssm_13060/mmlgap05_mon_inq.cpp	98	104	sqlstr1 = "select substr(START_TIME, 1, 6) as MONTH, sum(SLAB_WT) AS SLAB_PROD_WT FROM(select case START_TIME WHEN  "
p_pssm_13060/mmlgap07_inq.cpp	192	247	sqlstr = " select *  from (  select aa.lzh xh,aa.lzh||'#转炉' lzh, aa.drls, aa.drts, aa.drfg, aa.drtbfg, aa.ljls, aa.ljts, aa.ljfg, aa.ljtbfg, "
p_pssm_13060/mmlgap08_inq.cpp	127	130	sqlstr = "SELECT tjlls.cb,tjlls.drlf,tjlls.ljlf,tjlls.drrh,tjlls.ljrh,tjlls.drlr,tjlls.ljlr,tjlls.drrl,tjlls.ljrl,tjlls.drzls, "
p_pssm_13060/mmlgap08_inq.cpp	131	139	"select '二系列' as cb, sum(drlf) as drlf, sum(ljlf) as ljlf, sum(drvd) as drvd, sum(ljvd) as ljvd, sum(drlv) as drlv, sum(ljLV) as ljLV, sum(drvl) as drvl, sum(lj
p_pssm_13060/mmlgap08_inq.cpp	140	178	"select count(a.heat_no) as drlf, 0 as ljLF, 0 drvd, 0 as ljvd, 0 as drlv, 0 as ljLV, 0 as drvl, 0 as ljVL, 0 as drzls, 0 ljzls  from tpssm41b a, tmmsm21 c wher
p_pssm_13060/mmlgap09_inq.cpp	640	675	sqlstr = "select *  from  ( select mm.zjh xh,mm.zjh||'#连铸' zjh,mm.drls,mm.ljls,mm.drjzgsl,mm.ljjzgsl,mm.drgpqgl,mm.ljgpqgl,mm.drjzzzq,mm.ljjzzzq,	 "
p_pssm_13060/mmlgap09_inq.cpp	676	695	"select heat_no, cast_no, cast_div_no, mid_seq, mid_heat_seq from tpssm41b)	where(cast_no, mid_seq, mid_heat_seq) in(select cast_no, mid_seq, "
p_pssm_13060/mmlgap09_inq.cpp	696	834	"select substr(code, 2, 1) ZJH, 0 drls, 0 drjzgsl, 0 drgpqgl, 0 drjzzzq, 0 drzq, 0 ljls, 0 as ljjzgsl, 0 as ljgpqgl, 0 as ljjzzzq, 0 as ljzq, 0 drdlcs, "
p_pssm_13060/mmlgap09_inq.cpp	835	882	"select '8' ZJH, 0 drls, 0 drjzgsl, 0 drgpqgl, 0 drjzzzq, 0 drzq, 0 ljls, 0 as ljjzgsl, 0 as ljgpqgl, 0 as ljjzzzq, 0 as ljzq, 0 drdlcs, "
p_pssm_13060/mmlgap09_inq.cpp	883	919	"select substr(sjc.cast_no, 2, 1) zjh, to_char(to_date(sjc.close_time, 'yyyymmddhh24miss') + 3.0/24, 'yyyymmdd') rq, right(digits(cast(timestampdiff(4, (to_date
p_pssm_13060/mmsmap02_inq_b.cpp	102	109	" select PROD_DATE AS PROD_TIME_B, HEAT_NO AS HEAT_NO_B, ST_NO AS ST_NO_B,"
p_pssm_13060/mmsmap02_inq_c.cpp	91	94	" select HEAT_NO AS HEAT_NO_C,ST_NO AS ST_NO_C, LADLE_NO AS LADLE_NO_C, LADLE_LEVEL AS LADLE_LEVEL_C,"
p_pssm_13060/mmsmap02_inq_dev.cpp	79	80	sqlstr =" select STATION_NO from tpssmd1 where FACTORY_DIV = @v_factory_div AND station_id=@v_station_id  ";
p_pssm_13060/mmsmap02_inq_l.cpp	91	94	" select PROD_TIME AS PROD_TIMW_L, PROD_SHIFT_GROUP AS SHIFT_CLASS_L, HEAT_NO AS HEAT_NO_L,"
p_pssm_13060/mmsmap02_inq_proc.cpp	113	114	sqlstr = " select HEAT_NO,PROC_NO from tmmsm" + table_end + " where FACTORY_DIV = '" + v_factory_div + "' and STATION_NO = '" + v_station_no + "' " + v_date_tim
p_pssm_13060/mmsmap02_inq_r.cpp	90	93	" select PROD_DATE AS PROD_TIMW_R, PROD_SHIFT_GROUP AS SHIFT_CLASS_R, HEAT_NO AS HEAT_NO_R,"
p_pssm_13060/mmsmap02_inq_s.cpp	112	115	sqlstr = "select PROD_DATE AS PROD_TIME_S,PROC_NO AS PRCO_NO_S,IRON_LADLE_NO AS IRON_LADLE_S,"
p_pssm_13060/mmsmap03_inq.cpp	103	116	" SELECT MAT_DESTION, MAT_SHAPE_FLAG, COUNT(1), SUM(MAT_ACT_WT) "
p_pssm_13060/mmsmap03_inq.cpp	172	191	" SELECT MAT_DESTION, MAT_SHAPE_FLAG, COUNT(1), SUM(MAT_ACT_WT) "
p_pssm_13060/mmsmap04_inq.cpp	151	191	sqlstr = " SELECT SUM(CASE "
p_pssm_13060/mmsmap04_inq.cpp	231	271	sqlstr = " SELECT SUM(CASE "
p_pssm_13060/mmsmap05_inq.cpp	108	136	sqlstr = "SELECT T1.STATION_NO,WT_YEAR,WT_MONTH,WT_WEEK,WT_DAY FROM(select STATION_NO,sum(OUT_STEEL_WT) AS WT_YEAR FROM (select case  "
p_pssm_13060/mmsmap05_inq.cpp	172	200	sqlstr1 = "SELECT T1.STATION_NO,WT_YEAR,WT_MONTH,WT_WEEK,WT_DAY FROM(select STATION_NO,sum(FIN_LADLE_W_L) AS WT_YEAR FROM (select case "
p_pssm_13060/mmsmap05_inq.cpp	236	264	sqlstr2 = "SELECT T1.STATION_NO,WT_YEAR,WT_MONTH,WT_WEEK,WT_DAY FROM(select STATION_NO,sum(FIN_LADLE_W_L) AS WT_YEAR FROM (select case "
p_pssm_13060/mmsmap05_inq.cpp	304	336	sqlstr3 = "SELECT T1.STATION_NO,WT_YEAR,WT_MONTH,WT_WEEK,WT_DAY FROM(select STATION_NO,sum(SLAB_WT) AS WT_YEAR FROM (select   "
p_pssm_13060/mmsmap05_mon_inq.cpp	83	88	sqlstr = "select  substr(START_TIME,1,6) as MONTH,sum(OUT_STEEL_WT) AS CONS_PROD_WT FROM (select case START_TIME WHEN  "
p_pssm_13060/mmsmap05_mon_inq.cpp	102	108	sqlstr1 = "select substr(START_TIME, 1, 6) as MONTH, sum(SLAB_WT) AS SLAB_PROD_WT FROM(select case START_TIME WHEN  "
p_pssm_13060/mmsmap07_inq.cpp	131	186	sqlstr = "  select *  from (  select aa.lzh xh,aa.lzh||'#转炉' lzh, aa.drls, aa.drts, aa.drfg, aa.drtbfg, aa.ljls, aa.ljts, aa.ljfg, aa.ljtbfg, "
p_pssm_13060/mmsmap08_inq.cpp	289	420	sqlstr = " SELECT tjlls.cb,tjlls.drlf,tjlls.ljlf,tjlls.drrh,tjlls.ljrh,tjlls.drlr,tjlls.ljlr,tjlls.drrl,tjlls.ljrl,tjlls.drzls, "
p_pssm_13060/mmsmap08_inq.cpp	421	433	"select 0 as drlf, cast(nvl(SUM(b.slab_wt), 0) as decimal(20, 3)) as ljlf, 0 as drrh, 0 as ljrh, 0 as drlr, 0 as ljlr, 0 as drrl, 0 as ljrl from "
p_pssm_13060/mmsmap08_inq.cpp	434	449	"select 0 as drlf, 0 as ljlf, 0 as drrh, cast(nvl(SUM(b.slab_wt), 0) as decimal(20, 3)) as ljrh, 0 as drlr, 0 as ljlr, 0 as drrl, 0 as ljrl from "
p_pssm_13060/mmsmap08_inq.cpp	450	457	"select 0 as drlf, 0 as ljlf, 0 as drrh, 0 as ljrh, 0 as drlr, 0 as ljlr, cast(nvl(SUM(b.slab_wt), 0) as decimal(20, 3)) as drrl, 0 as ljrl "
p_pssm_13060/mmsmap08_inq.cpp	458	482	"select '一系列' as cb, sum(drlf) as drlf, sum(ljlf) as ljlf, sum(drrh) as drrh, sum(ljrh) as ljrh, sum(drlr) as drlr, sum(ljlr) as ljlr, sum(drrl) "
p_pssm_13060/mmsmap08_inq.cpp	483	493	"select 0 as drlf, 0 as ljlf, 0 as drrh, 0 as ljrh, cast(nvl(SUM(b.slab_wt), 0) as decimal(20, 3)) as drlr, 0 as ljlr, 0 as drrl, 0 as ljrl from "
p_pssm_13060/mmsmap08_inq.cpp	494	502	"select 0 as drlf, 0 as ljlf, 0 as drrh, 0 as ljrh, 0 as drlr, 0 as ljlr, cast(nvl(SUM(b.slab_wt), 0) as decimal(20, 3)) as drrl, 0 as ljrl "
p_pssm_13060/mmsmap09_inq.cpp	577	577	sqlstr = "  select *  from  (   "
p_pssm_13060/mmsmap09_inq.cpp	578	582	"  select mm.zjh xh,mm.zjh||'#连铸' zjh,mm.drls,mm.ljls,mm.drjzgsl,mm.ljjzgsl,mm.drgpqgl,mm.ljgpqgl,mm.drjzzzq,mm.ljjzzzq,	 "
p_pssm_13060/mmsmap09_inq.cpp	583	589	"  select zjh, sum(drls) drls, sum(ljls) ljls, sum(drjzgsl) drjzgsl, sum(ljjzgsl) ljjzgsl,	 "
p_pssm_13060/mmsmap09_inq.cpp	590	600	"  select substr(a.CAST_NO, 2, 1) zjh, 0 as drls, 0 as drjzgsl, 0 as drgpqgl, 0 as drjzzzq, 0 as drzq,	 "
p_pssm_13060/mmsmap09_inq.cpp	601	610	"  select substr(a.CAST_NO, 2, 1) zjh, count(a.heat_no) drls, sum(a.CAST_STEEL_WT) drjzgsl, sum(b.slab_wt) drgpqgl,	 "
p_pssm_13060/mmsmap09_inq.cpp	611	638	"	  select substr(t.cast_no, 2, 1) zjh,	 															"
p_pssm_13060/mmsmap09_inq.cpp	639	666	"	 select substr(t.cast_no, 2, 1) zjh,	 														"
p_pssm_13060/mmsmap09_inq.cpp	667	680	"  select  decode(substr(mat_no, 9, 1), '1', 1, '2', 1, '3', 2, '4', 2, '5', 3,	 "
p_pssm_13060/mmsmap09_inq.cpp	681	699	"  select  decode(substr(mat_no, 9, 1), '1', 1, '2', 1, '3', 2, '4', 2, '5', 3,	 "
p_pssm_13060/mmsmap09_inq.cpp	700	700	"							  select zjh, nvl(sum(tjsjjg),0) drtjsj, round(cast((1 - nvl(sum(tjsjjg),0)*1.0 / 1440.00) * 100 as decimal(6, 2)), 2) drzjzyl, 0 ljtjsj, 0 ljzjzyl from
p_pssm_13060/mmsmap09_inq.cpp	701	701	"							           select zjh,rq,sum(tjsj) tjsjjg  from (												"
p_pssm_13060/mmsmap09_inq.cpp	702	702	"							 select zjh,rq,sjc1 tjsj from (												"
p_pssm_13060/mmsmap09_inq.cpp	703	720	"							  select substr(sjc.cast_no,2,1) zjh, to_char(to_date(sjc.close_time,'yyyymmddhh24miss') + 3.0/24,'yyyymmdd') rq,												"
p_pssm_13060/mmsmap09_inq.cpp	721	721	"							  select zjh,rq,sjc2 from (												"
p_pssm_13060/mmsmap09_inq.cpp	722	739	"							  select substr(sjc.cast_no,2,1) zjh, to_char(to_date(sjc.close_time,'yyyymmddhh24miss') + 3.0/24,'yyyymmdd') rq,												"
p_pssm_13060/mmsmap09_inq.cpp	740	740	"							  select zjh,rq2,sjc3 from (												"
p_pssm_13060/mmsmap09_inq.cpp	741	765	"							  select substr(sjc.cast_no,2,1) zjh, to_char(to_date(sjc.close_time,'yyyymmddhh24miss') + 3.0/24,'yyyymmdd') rq,												"
p_pssm_13060/mmsmap09_inq.cpp	766	766	"							  select zjh, 0 drtjsj, 0 drzjzyl, cast(sum(tjsjjg)/60 as decimal(20,0)) ljtjsj, cast(100 * (1 - sum(tjsjjg) / 60 *1.0 / timestampdiff(16, to_date(subst
p_pssm_13060/mmsmap09_inq.cpp	767	767	"							           select zjh,rq,sum(tjsj) tjsjjg  from (												"
p_pssm_13060/mmsmap09_inq.cpp	768	768	"							 select zjh,rq,sjc1 tjsj from (												"
p_pssm_13060/mmsmap09_inq.cpp	769	786	"							  select substr(sjc.cast_no,2,1) zjh, to_char(to_date(sjc.close_time,'yyyymmddhh24miss') + 3.0/24,'yyyymmdd') rq,												"
p_pssm_13060/mmsmap09_inq.cpp	787	787	"							  select zjh,rq,sjc2 from (												"
p_pssm_13060/mmsmap09_inq.cpp	788	805	"							  select substr(sjc.cast_no,2,1) zjh, to_char(to_date(sjc.close_time,'yyyymmddhh24miss') + 3.0/24,'yyyymmdd') rq,												"
p_pssm_13060/mmsmap09_inq.cpp	806	806	"							  select zjh,rq2,sjc3 from (												"
p_pssm_13060/mmsmap09_inq.cpp	807	833	"							  select substr(sjc.cast_no,2,1) zjh, to_char(to_date(sjc.close_time,'yyyymmddhh24miss') + 3.0/24,'yyyymmdd') rq,												"
p_pssm_13060/mmsmap09_inq.cpp	834	838	"  select mm.zjh xh, decode(mm.zjh, '4.1', '一系列', '8', '二系列') zjh, mm.drls, mm.ljls, mm.drjzgsl, mm.ljjzgsl, mm.drgpqgl, mm.ljgpqgl, mm.drjzzzq, mm.ljjzzzq,    
p_pssm_13060/mmsmap09_inq.cpp	839	845	"  select zjh, sum(drls) drls, sum(ljls) ljls, sum(drjzgsl) drjzgsl, sum(ljjzgsl) ljjzgsl,     "
p_pssm_13060/mmsmap09_inq.cpp	846	856	"  select decode(substr(a.CAST_NO, 2, 1), '1', '4.1', '2', '4.1', '3', '4.1', '4', '4.1', '8') zjh, 0 as drls, 0 as drjzgsl, 0 as drgpqgl, 0 as drjzzzq, 0 as dr
p_pssm_13060/mmsmap09_inq.cpp	857	866	"  	select decode(substr(a.CAST_NO, 2, 1), '1', '4.1', '2', '4.1', '3', '4.1', '4', '4.1', '8') zjh, count(a.heat_no) drls, sum(a.CAST_STEEL_WT) drjzgsl, sum(b.
p_pssm_13060/mmsmap09_inq.cpp	867	894	"	  select decode(substr(t.CAST_NO, 2, 1), '1', '4.1', '2', '4.1', '3', '4.1', '4', '4.1', '8') zjh,	 														"
p_pssm_13060/mmsmap09_inq.cpp	895	921	"	 select decode(substr(t.CAST_NO, 2, 1), '1', '4.1', '2', '4.1', '3', '4.1', '4', '4.1', '8')  zjh,	 															"
p_pssm_13060/mmsmap09_inq.cpp	922	929	"  select  decode(substr(mat_no, 9, 1), '1', '4.1', '2', '4.1', '3', '4.1', '4', '4.1', '5', '4.1', '8') zjh,     "
p_pssm_13060/mmsmap09_inq.cpp	930	944	"  select  decode(substr(mat_no, 9, 1), '1', '4.1', '2', '4.1', '3', '4.1', '4', '4.1', '5', '4.1', '8') zjh,     "
p_pssm_13060/mmsmap09_inq.cpp	945	945	"															  select  zjh,sum(tjsjjg) drtjsj, round(cast((1 - sum(tjsjjg)*1.0 / 1440.00/3 ) * 100 as decimal(6, 2)), 2) drzjzyl, 0 ljtjsj, 0 ljzjzyl from (	
p_pssm_13060/mmsmap09_inq.cpp	946	946	"															           select zjh,sum(tjsj) tjsjjg  from (																											"
p_pssm_13060/mmsmap09_inq.cpp	947	947	"															 select decode(zjh, '1', '4.1', '2', '4.1', '3', '4.1', '8') zjh,rq,sjc1 tjsj from (																											"
p_pssm_13060/mmsmap09_inq.cpp	948	965	"															  select substr(sjc.cast_no,2,1) zjh, to_char(to_date(sjc.close_time,'yyyymmddhh24miss') + 3.0/24,'yyyymmdd') rq,																											"
p_pssm_13060/mmsmap09_inq.cpp	966	966	"															  select decode(zjh, '1', '4.1', '2', '4.1', '3', '4.1', '8') zjh,rq,sjc2 from (																											"
p_pssm_13060/mmsmap09_inq.cpp	967	984	"															  select substr(sjc.cast_no,2,1) zjh, to_char(to_date(sjc.close_time,'yyyymmddhh24miss') + 3.0/24,'yyyymmdd') rq,																											"
p_pssm_13060/mmsmap09_inq.cpp	985	985	"															  select decode(zjh, '1', '4.1', '2', '4.1', '3', '4.1', '8') zjh,rq2,sjc3 from (																											"
p_pssm_13060/mmsmap09_inq.cpp	986	1010	"															  select substr(sjc.cast_no,2,1) zjh, to_char(to_date(sjc.close_time,'yyyymmddhh24miss') + 3.0/24,'yyyymmdd') rq,																											"
p_pssm_13060/mmsmap09_inq.cpp	1011	1011	"															 select zjh, 0 drtjsj, 0 drzjzyl, cast(sum(tjsjjg)/60 as decimal(20,0)) ljtjsj, cast(100 * (1 - sum(tjsjjg)/60*1.0 / timestampdiff(16, to_date(s
p_pssm_13060/mmsmap09_inq.cpp	1012	1012	"															           select  zjh,sum(tjsj) tjsjjg  from (																											"
p_pssm_13060/mmsmap09_inq.cpp	1013	1013	"															 select decode(zjh, '1', '4.1', '2', '4.1', '3', '4.1', '8') zjh,rq,sjc1 tjsj from (																											"
p_pssm_13060/mmsmap09_inq.cpp	1014	1031	"															  select substr(sjc.cast_no,2,1) zjh, to_char(to_date(sjc.close_time,'yyyymmddhh24miss') + 3.0/24,'yyyymmdd') rq,																											"
p_pssm_13060/mmsmap09_inq.cpp	1032	1032	"															  select decode(zjh, '1', '4.1', '2', '4.1', '3', '4.1', '8') zjh,rq,sjc2 from (																											"
p_pssm_13060/mmsmap09_inq.cpp	1033	1050	"															  select substr(sjc.cast_no,2,1) zjh, to_char(to_date(sjc.close_time,'yyyymmddhh24miss') + 3.0/24,'yyyymmdd') rq,																											"
p_pssm_13060/mmsmap09_inq.cpp	1051	1051	"															  select decode(zjh, '1', '4.1', '2', '4.1', '3', '4.1', '8') zjh,rq2,sjc3 from (																											"
p_pssm_13060/mmsmap09_inq.cpp	1052	1078	"															  select substr(sjc.cast_no,2,1) zjh, to_char(to_date(sjc.close_time,'yyyymmddhh24miss') + 3.0/24,'yyyymmdd') rq,																											"
p_pssm_13060/pslgap01_inq.cpp	122	127	" SELECT A.CC_MACH_NO, SUM(B.SLAB_WT) "
p_pssm_13060/pslgap01_inq.cpp	168	179	sqlstr = " SELECT CC_MACH_NO, "
p_pssm_13060/pslgap01_inq.cpp	253	257	" SELECT A.FACTORY_DIV,COUNT(1),SUM(A.MOLTIRON_WT1) "
p_pssm_13060/pslgap01_inq.cpp	284	289	" SELECT A.STATION_NO, SUM(A.SLAB_WT) "
p_pssm_13060/pslgap01_inq.cpp	333	338	" SELECT A.STATION_NO, COUNT(1), SUM(A.OUT_STEEL_WT) "
p_pssm_13060/pslgap03_bof_inq.cpp	100	123	sqlstr = "select PROD_WT_BOF,PROD_WT_B1,PROD_WT_B2,PROD_WT_B3,PROD_WT_LF,WORK_TIME_BOF,TIME_PRE_BOF,STEEL_NET_WT,  "
p_pssm_13060/pslgap03_cc_inq.cpp	93	111	sqlstr = "SELECT PROD_WT_CC,HEAT_NUM_CC,STEEL_WT_CC,PROD_WT_C1,PROD_WT_C2,PROD_WT_C3 FROM(select cast(sum(b.slab_wt) "
p_pssm_13060/pssmap01_inq.cpp	128	133	" SELECT A.CC_MACH_NO, SUM(B.SLAB_WT) "
p_pssm_13060/pssmap01_inq.cpp	179	190	sqlstr = " SELECT CC_MACH_NO, "
p_pssm_13060/pssmap01_inq.cpp	277	281	" SELECT A.FACTORY_DIV,COUNT(1),SUM(A.MOLTIRON_WT1) "
p_pssm_13060/pssmap01_inq.cpp	308	313	" SELECT A.STATION_NO, SUM(A.SLAB_WT) "
p_pssm_13060/pssmap01_inq.cpp	362	367	" SELECT A.STATION_NO, COUNT(1), SUM(A.OUT_STEEL_WT) "
p_pssm_13060/pssmap02_heat_inq.cpp	80	83	sqlstr = "SELECT DISTINCT HEAT_NO "
p_pssm_13060/pssmap02_inq.cpp	143	148	sqlstr = "SELECT A.ST_NO,A.ELM_CODE,NVL(B.MAIN_AIM,0),NVL(A.ELM_VALUE,0),NVL(C.CODE_DESC_1_CONTENT,'未判') "
p_pssm_13060/pssmap03_bof_inq.cpp	103	129	sqlstr = "select PROD_WT_BOF,PROD_WT_B1,PROD_WT_B2,PROD_WT_B3,PROD_WT_LF,PROD_WT_RH,WORK_TIME_BOF,TIME_PRE_BOF,STEEL_NET_WT, "
p_pssm_13060/pssmap03_cc_inq.cpp	95	113	sqlstr = "SELECT PROD_WT_CC,HEAT_NUM_CC,STEEL_WT_CC,PROD_WT_C1,PROD_WT_C2,PROD_WT_C3 FROM(select cast(sum(b.slab_wt) "
p_pssm_13070/cm_e2t8r2_rcv.cpp	222	223	sqlstr = "  SELECT DA_SCHEDULE_UPDATE_SEQ.nextval FROM dual  ";
p_pssm_13070/cm_e2t8r2_rcv.cpp	234	236	sqlstr = " INSERT INTO DA_SCHEDULE_UPDATE "
p_pssm_13070/cm_e2t8r2_rcv.cpp	268	269	sqlstr = " SELECT * FROM TPSSM11 WHERE SM_PLAN_NOL2 = @SM_PLAN_NOL2 FOR UPDATE ";
p_pssm_13070/cm_e2t8r2_rcv.cpp	274	275	sqlstr = " SELECT * FROM TPSSM12 WHERE SM_PLAN_NOL2 = @SM_PLAN_NOL2 FOR UPDATE ";
p_pssm_13070/cm_e2t8r2_rcv.cpp	339	344	sqlstr = " UPDATE TPSSM25 "
p_pssm_13070/cm_e2t8r2_rcv.cpp	514	516	sqlstr = " SELECT MAX(RUN_SEQ) FROM TPSSM34 "
p_pssm_13070/cm_e2t8r2_rcv.cpp	646	647	sqlstr_count = " SELECT count(*) FROM TPSSM12 WHERE SM_PLAN_NO = @sm_plan_no  and  DEV_CODE LIKE SUBSTR(@dev_code,1,1)||'%' AND "//TREATMENT_COUNTER = @treatmen
p_pssm_13070/cm_e2t8r2_rcv.cpp	662	663	sqlstr_tpssm12 = " SELECT * FROM TPSSM12 WHERE SM_PLAN_NO = @sm_plan_no  and  DEV_CODE LIKE SUBSTR(@dev_code,1,1)||'%' AND "//TREATMENT_COUNTER = @treatment_cou
p_pssm_13070/cm_e2t8r2_rcv.cpp	667	668	sqlstr_tpssm12 = " SELECT * FROM TPSSM12 WHERE SM_PLAN_NO = @sm_plan_no  and  DEV_CODE LIKE SUBSTR(@dev_code,1,1)||'%' AND "//TREATMENT_COUNTER = @treatment_cou
p_pssm_13070/cm_e2t8r2_rcv.cpp	672	673	sqlstr_tpssm12 = " SELECT * FROM TPSSM12 WHERE SM_PLAN_NO = @sm_plan_no  and  DEV_CODE LIKE SUBSTR(@dev_code,1,1)||'%' AND "//TREATMENT_COUNTER = @treatment_cou
p_pssm_13070/cm_e2t8r2_rcv.cpp	677	678	sqlstr_tpssm12 = " SELECT * FROM TPSSM12 WHERE SM_PLAN_NO = @sm_plan_no  and  DEV_CODE LIKE SUBSTR(@dev_code,1,1)||'%' AND "//TREATMENT_COUNTER = @treatment_cou
p_pssm_13070/cm_e2t8r2_rcv.cpp	683	689	sqlstr_tpssm12 = " SELECT * FROM TPSSM12 WHERE SM_PLAN_NO = @sm_plan_no  and  DEV_CODE LIKE SUBSTR(@dev_code,1,1)||'%' AND "//TREATMENT_COUNTER = @treatment_cou
p_pssm_13070/cm_e2t8r2_rcv.cpp	691	692	sqlstr_tpssm12 = " SELECT * FROM TPSSM12 WHERE SM_PLAN_NO = @sm_plan_no  and  DEV_CODE LIKE SUBSTR(@dev_code,1,1)||'%' AND  " //TREATMENT_COUNTER = @treatment_c
p_pssm_13070/cm_e2t8r2_rcv.cpp	696	697	sqlstr_tpssm12 = " SELECT * FROM TPSSM12 WHERE SM_PLAN_NO = @sm_plan_no  and  DEV_CODE LIKE SUBSTR(@dev_code,1,1)||'%' AND  " //TREATMENT_COUNTER = @treatment_c
p_pssm_13070/cm_e2t8r2_rcv.cpp	701	702	sqlstr_tpssm12 = " SELECT * FROM TPSSM12 WHERE SM_PLAN_NO = @sm_plan_no  and  DEV_CODE LIKE SUBSTR(@dev_code,1,1)||'%' AND  "//TREATMENT_COUNTER = @treatment_co
p_pssm_13070/cm_e2t8r2_rcv.cpp	706	707	sqlstr_tpssm12 = " SELECT * FROM TPSSM12 WHERE SM_PLAN_NO = @sm_plan_no  and  DEV_CODE LIKE SUBSTR(@dev_code,1,1)||'%' AND  "//TREATMENT_COUNTER = @treatment_co
p_pssm_13070/cm_e2t8r2_rcv.cpp	712	718	sqlstr_tpssm12 = " SELECT * FROM TPSSM12 WHERE SM_PLAN_NO = @sm_plan_no  and  DEV_CODE LIKE SUBSTR(@dev_code,1,1)||'%' AND  "//TREATMENT_COUNTER = @treatment_co
p_pssm_13070/cm_e2t8r2_rcv.cpp	742	744	sqlstr = " SELECT MAX(RUN_SEQ) FROM TPSSM34 "
p_pssm_13070/cm_e2t8r2_rcv.cpp	793	794	sqlstr = "SELECT MAX(VIEW_POS) FROM TPSSM33 WHERE PONO=@tpssm33.PONO";
p_pssm_13070/cm_e2t8r2_rcv.cpp	875	876	sqlstr = "UPDATE TPSSM33 SET HEAT_NO=' ',PONO=' ',ST_NO=' ',RUN_STATUS=0,CAST_NO=' ',CAST_DIV_NO=0,CAST_PONO_SUM=0,";
p_pssm_13070/cm_e2t8r2_rcv.cpp	899	900	sqlstr_count = " SELECT count(*) FROM TPSSM12 WHERE SM_PLAN_NO = @sm_plan_no  and  DEV_CODE LIKE SUBSTR(@dev_code,1,1)||'%' AND "//TREATMENT_COUNTER = @treatmen
p_pssm_13070/cm_e2t8r2_rcv.cpp	915	916	sqlstr_tpssm12 = " SELECT * FROM TPSSM12 WHERE SM_PLAN_NO = @sm_plan_no  and  DEV_CODE LIKE SUBSTR(@dev_code,1,1)||'%' AND "//TREATMENT_COUNTER = @treatment_cou
p_pssm_13070/cm_e2t8r2_rcv.cpp	920	921	sqlstr_tpssm12 = " SELECT * FROM TPSSM12 WHERE SM_PLAN_NO = @sm_plan_no  and  DEV_CODE LIKE SUBSTR(@dev_code,1,1)||'%' AND "//TREATMENT_COUNTER = @treatment_cou
p_pssm_13070/cm_e2t8r2_rcv.cpp	925	926	sqlstr_tpssm12 = " SELECT * FROM TPSSM12 WHERE SM_PLAN_NO = @sm_plan_no  and  DEV_CODE LIKE SUBSTR(@dev_code,1,1)||'%' AND "//TREATMENT_COUNTER = @treatment_cou
p_pssm_13070/cm_e2t8r2_rcv.cpp	930	931	sqlstr_tpssm12 = " SELECT * FROM TPSSM12 WHERE SM_PLAN_NO = @sm_plan_no  and  DEV_CODE LIKE SUBSTR(@dev_code,1,1)||'%' AND "//TREATMENT_COUNTER = @treatment_cou
p_pssm_13070/cm_e2t8r2_rcv.cpp	936	942	sqlstr_tpssm12 = " SELECT * FROM TPSSM12 WHERE SM_PLAN_NO = @sm_plan_no  and  DEV_CODE LIKE SUBSTR(@dev_code,1,1)||'%' AND "//TREATMENT_COUNTER = @treatment_cou
p_pssm_13070/cm_e2t8r2_rcv.cpp	944	945	sqlstr_tpssm12 = " SELECT * FROM TPSSM12 WHERE SM_PLAN_NO = @sm_plan_no  and  DEV_CODE LIKE SUBSTR(@dev_code,1,1)||'%' AND "//TREATMENT_COUNTER = @treatment_cou
p_pssm_13070/cm_e2t8r2_rcv.cpp	949	950	sqlstr_tpssm12 = " SELECT * FROM TPSSM12 WHERE SM_PLAN_NO = @sm_plan_no  and  DEV_CODE LIKE SUBSTR(@dev_code,1,1)||'%' AND "//TREATMENT_COUNTER = @treatment_cou
p_pssm_13070/cm_e2t8r2_rcv.cpp	954	955	sqlstr_tpssm12 = " SELECT * FROM TPSSM12 WHERE SM_PLAN_NO = @sm_plan_no  and  DEV_CODE LIKE SUBSTR(@dev_code,1,1)||'%' AND "//TREATMENT_COUNTER = @treatment_cou
p_pssm_13070/cm_e2t8r2_rcv.cpp	959	960	sqlstr_tpssm12 = " SELECT * FROM TPSSM12 WHERE SM_PLAN_NO = @sm_plan_no  and  DEV_CODE LIKE SUBSTR(@dev_code,1,1)||'%' AND "//TREATMENT_COUNTER = @treatment_cou
p_pssm_13070/cm_e2t8r2_rcv.cpp	965	971	sqlstr_tpssm12 = " SELECT * FROM TPSSM12 WHERE SM_PLAN_NO = @sm_plan_no  and  DEV_CODE LIKE SUBSTR(@dev_code,1,1)||'%' AND "//TREATMENT_COUNTER = @treatment_cou
p_pssm_13070/cm_e2t8r2_rcv.cpp	995	997	sqlstr = " SELECT MAX(RUN_SEQ) FROM TPSSM34 "
p_pssm_13070/cm_e2t8r2_rcv.cpp	1046	1047	sqlstr = "SELECT MAX(VIEW_POS) FROM TPSSM33 WHERE PONO=@tpssm33.PONO";
p_pssm_13070/cm_e2t8r2_rcv.cpp	1127	1128	sqlstr = "UPDATE TPSSM33 SET HEAT_NO=' ',PONO=' ',ST_NO=' ',RUN_STATUS=0,CAST_NO=' ',CAST_DIV_NO=0,CAST_PONO_SUM=0,";
p_pssm_13070/cm_e2t8r2_rcv.cpp	1150	1151	sqlstr_count = " SELECT count(*) FROM TPSSM12 WHERE SM_PLAN_NO = @sm_plan_no  and  DEV_CODE LIKE SUBSTR(@dev_code,1,1)||'%' AND "//TREATMENT_COUNTER = @treatmen
p_pssm_13070/cm_e2t8r2_rcv.cpp	1166	1167	sqlstr_tpssm12 = " SELECT * FROM TPSSM12 WHERE SM_PLAN_NO = @sm_plan_no  and  DEV_CODE LIKE SUBSTR(@dev_code,1,1)||'%' AND "//TREATMENT_COUNTER = @treatment_cou
p_pssm_13070/cm_e2t8r2_rcv.cpp	1171	1172	sqlstr_tpssm12 = " SELECT * FROM TPSSM12 WHERE SM_PLAN_NO = @sm_plan_no  and  DEV_CODE LIKE SUBSTR(@dev_code,1,1)||'%' AND "//TREATMENT_COUNTER = @treatment_cou
p_pssm_13070/cm_e2t8r2_rcv.cpp	1176	1177	sqlstr_tpssm12 = " SELECT * FROM TPSSM12 WHERE SM_PLAN_NO = @sm_plan_no  and  DEV_CODE LIKE SUBSTR(@dev_code,1,1)||'%' AND "//TREATMENT_COUNTER = @treatment_cou
p_pssm_13070/cm_e2t8r2_rcv.cpp	1181	1182	sqlstr_tpssm12 = " SELECT * FROM TPSSM12 WHERE SM_PLAN_NO = @sm_plan_no  and  DEV_CODE LIKE SUBSTR(@dev_code,1,1)||'%' AND "//TREATMENT_COUNTER = @treatment_cou
p_pssm_13070/cm_e2t8r2_rcv.cpp	1187	1193	sqlstr_tpssm12 = " SELECT * FROM TPSSM12 WHERE SM_PLAN_NO = @sm_plan_no  and  DEV_CODE LIKE SUBSTR(@dev_code,1,1)||'%' AND "//TREATMENT_COUNTER = @treatment_cou
p_pssm_13070/cm_e2t8r2_rcv.cpp	1195	1196	sqlstr_tpssm12 = " SELECT * FROM TPSSM12 WHERE SM_PLAN_NO = @sm_plan_no  and  DEV_CODE LIKE SUBSTR(@dev_code,1,1)||'%' AND "//TREATMENT_COUNTER = @treatment_cou
p_pssm_13070/cm_e2t8r2_rcv.cpp	1200	1201	sqlstr_tpssm12 = " SELECT * FROM TPSSM12 WHERE SM_PLAN_NO = @sm_plan_no  and  DEV_CODE LIKE SUBSTR(@dev_code,1,1)||'%' AND "//TREATMENT_COUNTER = @treatment_cou
p_pssm_13070/cm_e2t8r2_rcv.cpp	1205	1206	sqlstr_tpssm12 = " SELECT * FROM TPSSM12 WHERE SM_PLAN_NO = @sm_plan_no  and  DEV_CODE LIKE SUBSTR(@dev_code,1,1)||'%' AND "//TREATMENT_COUNTER = @treatment_cou
p_pssm_13070/cm_e2t8r2_rcv.cpp	1210	1211	sqlstr_tpssm12 = " SELECT * FROM TPSSM12 WHERE SM_PLAN_NO = @sm_plan_no  and  DEV_CODE LIKE SUBSTR(@dev_code,1,1)||'%' AND "//TREATMENT_COUNTER = @treatment_cou
p_pssm_13070/cm_e2t8r2_rcv.cpp	1216	1222	sqlstr_tpssm12 = " SELECT * FROM TPSSM12 WHERE SM_PLAN_NO = @sm_plan_no  and  DEV_CODE LIKE SUBSTR(@dev_code,1,1)||'%' AND "//TREATMENT_COUNTER = @treatment_cou
p_pssm_13070/cm_e2t8r2_rcv.cpp	1246	1248	sqlstr = " SELECT MAX(RUN_SEQ) FROM TPSSM34 "
p_pssm_13070/cm_e2t8r2_rcv.cpp	1297	1298	sqlstr = "SELECT MAX(VIEW_POS) FROM TPSSM33 WHERE PONO=@tpssm33.PONO";
p_pssm_13070/cm_e2t8r2_rcv.cpp	1378	1379	sqlstr = "UPDATE TPSSM33 SET HEAT_NO=' ',PONO=' ',ST_NO=' ',RUN_STATUS=0,CAST_NO=' ',CAST_DIV_NO=0,CAST_PONO_SUM=0,";
p_pssm_13070/cm_e2t8r2_rcv.cpp	1417	1422	sqlstr_tpssm12 = " SELECT * FROM TPSSM12 WHERE SM_PLAN_NO = @sm_plan_no  and  DEV_CODE = @dev_code AND "
p_pssm_13070/cm_e2t8r2_rcv.cpp	1423	1428	sqlstr_tpssm12 = " SELECT * FROM TPSSM12 WHERE SM_PLAN_NO = @sm_plan_no  and  DEV_CODE = @dev_code AND "
p_pssm_13070/cm_e2t8r2_rcv.cpp	1429	1434	sqlstr_tpssm12 = " SELECT * FROM TPSSM12 WHERE SM_PLAN_NO = @sm_plan_no  and  DEV_CODE = @dev_code AND "
p_pssm_13070/cm_e2t8r2_rcv.cpp	1435	1437	sqlstr_tpssm12 = " SELECT * FROM TPSSM12 WHERE SM_PLAN_NO = @sm_plan_no  and  DEV_CODE = @dev_code AND "
p_pssm_13070/cm_e2t8r2_rcv.cpp	1443	1449	sqlstr_tpssm12 = " SELECT * FROM TPSSM12 WHERE SM_PLAN_NO = @sm_plan_no  and  DEV_CODE = @dev_code AND "
p_pssm_13070/cm_e2t8r2_rcv.cpp	1452	1453	sqlstr_count = " SELECT count(*) FROM TPSSM12 WHERE SM_PLAN_NO = @sm_plan_no  and  DEV_CODE LIKE SUBSTR(@dev_code,1,1)||'%' AND "
p_pssm_13070/cm_e2t8r2_rcv.cpp	1462	1463	sqlstr_tpssm12 = " SELECT * FROM TPSSM12 WHERE SM_PLAN_NO = @sm_plan_no  and  AREA_ID = 3 AND "
p_pssm_13070/cm_e2t8r2_rcv.cpp	1491	1493	sqlstr = " SELECT MAX(RUN_SEQ) FROM TPSSM34 "
p_pssm_13070/cm_e2t8r2_rcv.cpp	1542	1543	sqlstr = "SELECT MAX(VIEW_POS) FROM TPSSM33 WHERE PONO=@tpssm33.PONO";
p_pssm_13070/cm_e2t8r2_rcv.cpp	1623	1624	sqlstr = "UPDATE TPSSM33 SET HEAT_NO=' ',PONO=' ',ST_NO=' ',RUN_STATUS=0,CAST_NO=' ',CAST_DIV_NO=0,CAST_PONO_SUM=0,";
p_pssm_13070/cm_e2t8r2_rcv.cpp	1648	1649	sqlstr_count = " SELECT count(*) FROM TPSSM12 WHERE SM_PLAN_NO = @sm_plan_no  and  DEV_CODE LIKE SUBSTR(@dev_code,1,1)||'%' AND TREATMENT_COUNTER = @treatment_c
p_pssm_13070/cm_e2t8r2_rcv.cpp	1662	1663	sqlstr_tpssm12 = " SELECT * FROM TPSSM12 WHERE SM_PLAN_NO = @sm_plan_no  and  DEV_CODE LIKE SUBSTR(@dev_code,1,1)||'%' AND TREATMENT_COUNTER = @treatment_count 
p_pssm_13070/cm_e2t8r2_rcv.cpp	1667	1668	sqlstr_tpssm12 = " SELECT * FROM TPSSM12 WHERE SM_PLAN_NO = @sm_plan_no  and  DEV_CODE LIKE SUBSTR(@dev_code,1,1)||'%' AND TREATMENT_COUNTER = @treatment_count 
p_pssm_13070/cm_e2t8r2_rcv.cpp	1672	1673	sqlstr_tpssm12 = " SELECT * FROM TPSSM12 WHERE SM_PLAN_NO = @sm_plan_no  and  DEV_CODE LIKE SUBSTR(@dev_code,1,1)||'%' AND TREATMENT_COUNTER = @treatment_count 
p_pssm_13070/cm_e2t8r2_rcv.cpp	1680	1681	sqlstr_tpssm12 = " SELECT * FROM TPSSM12 WHERE SM_PLAN_NO = @sm_plan_no  and  DEV_CODE LIKE SUBSTR(@dev_code,1,1)||'%' AND TREATMENT_COUNTER = @treatment_count 
p_pssm_13070/cm_e2t8r2_rcv.cpp	1685	1686	sqlstr_tpssm12 = " SELECT * FROM TPSSM12 WHERE SM_PLAN_NO = @sm_plan_no  and  DEV_CODE LIKE SUBSTR(@dev_code,1,1)||'%' AND TREATMENT_COUNTER = @treatment_count 
p_pssm_13070/cm_e2t8r2_rcv.cpp	1690	1691	sqlstr_tpssm12 = " SELECT * FROM TPSSM12 WHERE SM_PLAN_NO = @sm_plan_no  and  DEV_CODE LIKE SUBSTR(@dev_code,1,1)||'%' AND TREATMENT_COUNTER = @treatment_count 
p_pssm_13070/cm_e2t8r2_rcv.cpp	1720	1722	sqlstr = " SELECT MAX(RUN_SEQ) FROM TPSSM34 "
p_pssm_13070/cm_e2t8r2_rcv.cpp	1771	1772	sqlstr = "SELECT MAX(VIEW_POS) FROM TPSSM33 WHERE PONO=@tpssm33.PONO";
p_pssm_13070/cm_e2t8r2_rcv.cpp	1847	1848	sqlstr = "UPDATE TPSSM33 SET HEAT_NO=' ',PONO=' ',ST_NO=' ',RUN_STATUS=0,CAST_NO=' ',CAST_DIV_NO=0,CAST_PONO_SUM=0,";
p_pssm_13070/cm_e2t8r2_rcv.cpp	1873	1874	sqlstr_count = " SELECT count(*) FROM TPSSM12 WHERE SM_PLAN_NO = @sm_plan_no  and  DEV_CODE LIKE SUBSTR(@dev_code,1,1)||'%' AND TREATMENT_COUNTER = @treatment_c
p_pssm_13070/cm_e2t8r2_rcv.cpp	1887	1888	sqlstr_tpssm12 = " SELECT * FROM TPSSM12 WHERE SM_PLAN_NO = @sm_plan_no  and  DEV_CODE LIKE SUBSTR(@dev_code,1,1)||'%' AND TREATMENT_COUNTER = @treatment_count 
p_pssm_13070/cm_e2t8r2_rcv.cpp	1892	1893	sqlstr_tpssm12 = " SELECT * FROM TPSSM12 WHERE SM_PLAN_NO = @sm_plan_no  and  DEV_CODE LIKE SUBSTR(@dev_code,1,1)||'%' AND TREATMENT_COUNTER = @treatment_count 
p_pssm_13070/cm_e2t8r2_rcv.cpp	1897	1898	sqlstr_tpssm12 = " SELECT * FROM TPSSM12 WHERE SM_PLAN_NO = @sm_plan_no  and  DEV_CODE LIKE SUBSTR(@dev_code,1,1)||'%' AND TREATMENT_COUNTER = @treatment_count 
p_pssm_13070/cm_e2t8r2_rcv.cpp	1905	1906	sqlstr_tpssm12 = " SELECT * FROM TPSSM12 WHERE SM_PLAN_NO = @sm_plan_no  and  DEV_CODE LIKE SUBSTR(@dev_code,1,1)||'%' AND TREATMENT_COUNTER = @treatment_count 
p_pssm_13070/cm_e2t8r2_rcv.cpp	1910	1911	sqlstr_tpssm12 = " SELECT * FROM TPSSM12 WHERE SM_PLAN_NO = @sm_plan_no  and  DEV_CODE LIKE SUBSTR(@dev_code,1,1)||'%' AND TREATMENT_COUNTER = @treatment_count 
p_pssm_13070/cm_e2t8r2_rcv.cpp	1915	1916	sqlstr_tpssm12 = " SELECT * FROM TPSSM12 WHERE SM_PLAN_NO = @sm_plan_no  and  DEV_CODE LIKE SUBSTR(@dev_code,1,1)||'%' AND TREATMENT_COUNTER = @treatment_count 
p_pssm_13070/cm_e2t8r2_rcv.cpp	1945	1947	sqlstr = " SELECT MAX(RUN_SEQ) FROM TPSSM34 "
p_pssm_13070/cm_e2t8r2_rcv.cpp	1996	1997	sqlstr = "SELECT MAX(VIEW_POS) FROM TPSSM33 WHERE PONO=@tpssm33.PONO";
p_pssm_13070/cm_e2t8r2_rcv.cpp	2077	2078	sqlstr = "UPDATE TPSSM33 SET HEAT_NO=' ',PONO=' ',ST_NO=' ',RUN_STATUS=0,CAST_NO=' ',CAST_DIV_NO=0,CAST_PONO_SUM=0,";
p_pssm_13070/cm_e2t8r2_rcv.cpp	2102	2103	sqlstr_count = " SELECT count(*) FROM TPSSM12 WHERE SM_PLAN_NO = @sm_plan_no  and  DEV_CODE LIKE SUBSTR(@dev_code,1,1)||'%' AND TREATMENT_COUNTER = @treatment_c
p_pssm_13070/cm_e2t8r2_rcv.cpp	2118	2119	sqlstr_tpssm12 = " SELECT * FROM TPSSM12 WHERE SM_PLAN_NO = @sm_plan_no  and   DEV_CODE LIKE SUBSTR(@dev_code,1,1)||'%' AND TREATMENT_COUNTER = @treatment_count
p_pssm_13070/cm_e2t8r2_rcv.cpp	2123	2124	sqlstr_tpssm12 = " SELECT * FROM TPSSM12 WHERE SM_PLAN_NO = @sm_plan_no  and   DEV_CODE LIKE SUBSTR(@dev_code,1,1)||'%' AND TREATMENT_COUNTER = @treatment_count
p_pssm_13070/cm_e2t8r2_rcv.cpp	2128	2129	sqlstr_tpssm12 = " SELECT * FROM TPSSM12 WHERE SM_PLAN_NO = @sm_plan_no  and   DEV_CODE LIKE SUBSTR(@dev_code,1,1)||'%' AND TREATMENT_COUNTER = @treatment_count
p_pssm_13070/cm_e2t8r2_rcv.cpp	2136	2137	sqlstr_tpssm12 = " SELECT * FROM TPSSM12 WHERE SM_PLAN_NO = @sm_plan_no  and   DEV_CODE LIKE SUBSTR(@dev_code,1,1)||'%' AND TREATMENT_COUNTER = @treatment_count
p_pssm_13070/cm_e2t8r2_rcv.cpp	2141	2142	sqlstr_tpssm12 = " SELECT * FROM TPSSM12 WHERE SM_PLAN_NO = @sm_plan_no  and   DEV_CODE LIKE SUBSTR(@dev_code,1,1)||'%' AND TREATMENT_COUNTER = @treatment_count
p_pssm_13070/cm_e2t8r2_rcv.cpp	2146	2147	sqlstr_tpssm12 = " SELECT * FROM TPSSM12 WHERE SM_PLAN_NO = @sm_plan_no  and   DEV_CODE LIKE SUBSTR(@dev_code,1,1)||'%' AND TREATMENT_COUNTER = @treatment_count
p_pssm_13070/cm_e2t8r2_rcv.cpp	2176	2178	sqlstr = " SELECT MAX(RUN_SEQ) FROM TPSSM34 "
p_pssm_13070/cm_e2t8r2_rcv.cpp	2227	2228	sqlstr = "SELECT MAX(VIEW_POS) FROM TPSSM33 WHERE PONO=@tpssm33.PONO";
p_pssm_13070/cm_e2t8r2_rcv.cpp	2308	2309	sqlstr = "UPDATE TPSSM33 SET HEAT_NO=' ',PONO=' ',ST_NO=' ',RUN_STATUS=0,CAST_NO=' ',CAST_DIV_NO=0,CAST_PONO_SUM=0,";
p_pssm_13070/cm_e2t8r2_rcv.cpp	2369	2371	sqlstr = " SELECT MAX(RUN_SEQ) FROM TPSSM34 "
p_pssm_13070/cm_e2t8r2_rcv.cpp	2420	2421	sqlstr = "SELECT MAX(VIEW_POS) FROM TPSSM33 WHERE PONO=@tpssm33.PONO";
p_pssm_13070/cm_e2t8r2_rcv.cpp	2501	2502	sqlstr = "UPDATE TPSSM33 SET HEAT_NO=' ',PONO=' ',ST_NO=' ',RUN_STATUS=0,CAST_NO=' ',CAST_DIV_NO=0,CAST_PONO_SUM=0,";
p_pssm_13070/cm_e2t8r2_rcv.cpp	2525	2528	sqlstr = " SELECT *     FROM TPSSMS1  WHERE DEV_CODE = @v_dev_code    AND FACTORY_DIV = @tpssm11.FACTORY_DIV    AND  RUN_STATUS LIKE @run_status   AND STATUS_NA
p_pssm_13070/cm_e2t8r2_rcv.cpp	2568	2572	" SELECT CURR_PROC_NO FROM TPSSM25 "
p_pssm_13070/cm_e2t8r2_rcv.cpp	2621	2624	sqlstr = " SELECT MIN(CHARGE_NO) "
p_pssm_13070/cm_e2t8r2_rcv.cpp	2659	2659	sqlstr = " SELECT count(1) FROM( "
p_pssm_13070/cm_e2t8r2_rcv.cpp	2660	2668	" SELECT a.SM_PLAN_NO, a.pono, a.RESTRAND_FLG, a.CAST_NO, a.CAST_DIV_NO,ROW_NUMBER() OVER (ORDER BY Trim(b.START_TIME_REAL) NULLS LAST, b.START_TIME ASC) AS RN 
p_pssm_13070/cm_e2t8r2_rcv.cpp	2701	2703	sqlstr = " SELECT MAX(RUN_SEQ) FROM TPSSM34 "
p_pssm_13070/cm_e2t8r2_rcv.cpp	2752	2753	sqlstr = "SELECT MAX(VIEW_POS) FROM TPSSM33 WHERE PONO=@tpssm33.PONO";
p_pssm_13070/cm_e2t8r2_rcv.cpp	2833	2834	sqlstr = "UPDATE TPSSM33 SET HEAT_NO=' ',PONO=' ',ST_NO=' ',RUN_STATUS=0,CAST_NO=' ',CAST_DIV_NO=0,CAST_PONO_SUM=0,";
p_pssm_13070/cm_e2t8r2_rcv.cpp	2859	2859	sqlstr = " SELECT RN FROM( "
p_pssm_13070/cm_e2t8r2_rcv.cpp	2860	2868	" SELECT a.SM_PLAN_NO, a.pono, a.RESTRAND_FLG, a.CAST_NO, a.CAST_DIV_NO,ROW_NUMBER() OVER (ORDER BY Trim(b.START_TIME_REAL) NULLS LAST, b.START_TIME ASC) AS RN 
p_pssm_13070/cm_e2t8r2_rcv.cpp	2884	2885	sqlstr = " UPDATE TPSSM11 SET RESTRAND_FLG = ' ' WHERE CAST_NO = @cast_no AND RESTRAND_FLG = 'T' ";
p_pssm_13070/cm_e2t8r2_rcv.cpp	2889	2890	sqlstr = " UPDATE TPSSM11 SET RESTRAND_FLG = 'T',TD_CHG_FLG=0, CAST_DIV_NO = 1 WHERE CAST_NO = @cast_no AND SM_PLAN_NO = @sm_plan_no ";
p_pssm_13070/cm_e2t8r2_rcv.cpp	2921	2923	sqlstr = " SELECT MAX(RUN_SEQ) FROM TPSSM34 "
p_pssm_13070/cm_e2t8r2_rcv.cpp	2972	2973	sqlstr = "SELECT MAX(VIEW_POS) FROM TPSSM33 WHERE PONO=@tpssm33.PONO";
p_pssm_13070/cm_e2t8r2_rcv.cpp	3053	3054	sqlstr = "UPDATE TPSSM33 SET HEAT_NO=' ',PONO=' ',ST_NO=' ',RUN_STATUS=0,CAST_NO=' ',CAST_DIV_NO=0,CAST_PONO_SUM=0,";
p_pssm_13070/cm_e2t8r2_rcv.cpp	3108	3110	sqlstr = " SELECT MAX(RUN_SEQ) FROM TPSSM34 "
p_pssm_13070/cm_e2t8r2_rcv.cpp	3159	3160	sqlstr = "SELECT MAX(VIEW_POS) FROM TPSSM33 WHERE PONO=@tpssm33.PONO";
p_pssm_13070/cm_e2t8r2_rcv.cpp	3240	3241	sqlstr = "UPDATE TPSSM33 SET HEAT_NO=' ',PONO=' ',ST_NO=' ',RUN_STATUS=0,CAST_NO=' ',CAST_DIV_NO=0,CAST_PONO_SUM=0,";
p_pssm_13070/cm_e2t8r2_rcv.cpp	3390	3392	sqlstr = " SELECT CODE_DESC_1_CONTENT FROM TEP0002  "
p_pssm_13070/cm_e2t8r2_rcv.cpp	3404	3405	sqlstr = "SELECT * FROM TPSSM11 WHERE FACTORY_DIV=@v_factory_div AND PONO_STATUS<83 ";
p_pssm_13070/pssm18_all_del.cpp	95	99	sqlstr = "SELECT COUNT(*) FROM TPSSM11 "
p_pssm_13070/pssm18_all_del.cpp	126	131	sqlstr = " UPDATE TPSSM11 SET  PLAN_EDIT_FLAG ='D'  "
p_pssm_13070/pssm18_auto_inq.cpp	104	105	sqlstr = " SELECT * from  tep0002 where CODE_CLASS='PM16' ";
p_pssm_13070/pssm18_auto_inq.cpp	156	156	sqlstr = "  with temp AS  (   "
p_pssm_13070/pssm18_auto_inq.cpp	157	163	"  SELECT  a.*, B.CC_SEQ,B.SG_SIGN,B.CAST_LOT_NO,B.CAST_LOT_DIV_NO,B.CAST_LOT_SUM,B.REFINE_DIV,B.PLAN_POUR_WT,B.NEW_TEST_NO,B.PLAN_DATE   "
p_pssm_13070/pssm18_auto_inq.cpp	164	169	"  SELECT  D.*, E.CC_SEQ,E.SG_SIGN,E.CAST_LOT_NO,E.CAST_LOT_DIV_NO,E.CAST_LOT_SUM,E.REFINE_DIV,E.PLAN_POUR_WT,E.NEW_TEST_NO,E.PLAN_DATE   "
p_pssm_13070/pssm18_auto_inq.cpp	170	171	"  SELECT * FROM TEMP  ORDER BY CAST_NO ASC, CAST_DIV_NO ASC    ";
p_pssm_13070/pssm18_auto_inq.cpp	219	225	" SELECT * FROM ( SELECT * FROM TPSSM12 "
p_pssm_13070/pssm18_chg_in.cpp	275	276	sqlstr = " SELECT COUNT(1) FROM TPSSM12 WHERE SM_PLAN_NO = @SM_PLAN_NO AND AREA_ID = 2 AND DEV_CODE LIKE 'B%' ";
p_pssm_13070/pssm18_chg_in.cpp	293	294	sqlstr = " SELECT COUNT(1) FROM TPSSM12 WHERE SM_PLAN_NO = @SM_PLAN_NO AND AREA_ID = 2 AND DEV_CODE LIKE 'B%' ";
p_pssm_13070/pssm18_chg_in.cpp	315	316	sqlstr = " SELECT COUNT(1) FROM TPSSM12 WHERE SM_PLAN_NO = @SM_PLAN_NO AND AREA_ID = 2 AND DEV_CODE LIKE 'B%' ";
p_pssm_13070/pssm18_chg_in.cpp	333	334	sqlstr = " SELECT COUNT(1) FROM TPSSM12 WHERE SM_PLAN_NO = @SM_PLAN_NO AND AREA_ID = 2 AND DEV_CODE LIKE 'B%' ";
p_pssm_13070/pssm18_chg_in.cpp	376	388	"UPDATE TPSSM11 "
p_pssm_13070/pssm18_chg_in.cpp	415	427	"UPDATE TPSSM11 "
p_pssm_13070/pssm18_chg_in.cpp	446	447	sqlstr = "SELECT * FROM TPSSM12 WHERE FACTORY_DIV=@v_factory_div AND SM_PLAN_NO = @SM_PLAN_NO ";
p_pssm_13070/pssm18_chg_in.cpp	454	455	sqlstr = "SELECT * FROM TPSSM12 WHERE FACTORY_DIV=@v_factory_div AND SM_PLAN_NO = @SM_PLAN_NO ";
p_pssm_13070/pssm18_chg_in.cpp	462	463	sqlstr = " DELETE FROM TPSSM12 WHERE SM_PLAN_NO = @SM_PLAN_NO ";
p_pssm_13070/pssm18_chg_in.cpp	468	469	sqlstr = " DELETE FROM TPSSM12 WHERE SM_PLAN_NO = @SM_PLAN_NO ";
p_pssm_13070/pssm18_chg_in.cpp	610	611	sqlstr = "SELECT * FROM TPSSM12 WHERE FACTORY_DIV=@v_factory_div AND SM_PLAN_NO = @SM_PLAN_NO ";
p_pssm_13070/pssm18_chg_in.cpp	618	619	sqlstr = "SELECT * FROM TPSSM12 WHERE FACTORY_DIV=@v_factory_div AND SM_PLAN_NO = @SM_PLAN_NO ";
p_pssm_13070/pssm18_chg_in.cpp	626	627	sqlstr = " DELETE FROM TPSSM12 WHERE SM_PLAN_NO = @SM_PLAN_NO ";
p_pssm_13070/pssm18_chg_in.cpp	632	633	sqlstr = " DELETE FROM TPSSM12 WHERE SM_PLAN_NO = @SM_PLAN_NO ";
p_pssm_13070/pssm18_chg_in.cpp	915	918	sqlstr = "SELECT * FROM TPSSM12 "
p_pssm_13070/pssm18_chg_in.cpp	952	958	sqlstr = "UPDATE TPSSM12 "
p_pssm_13070/pssm18_chg_in.cpp	983	986	sqlstr = "SELECT CHARGE_NO FROM TPSSM12 "
p_pssm_13070/pssm18_chg_in.cpp	1009	1012	sqlstr = "SELECT CHARGE_NO FROM TPSSM12 "
p_pssm_13070/pssm18_chg_in.cpp	1037	1040	sqlstr = "SELECT * FROM TPSSM12 "
p_pssm_13070/pssm18_chg_in.cpp	1076	1080	sqlstr = "UPDATE TPSSM12 "
p_pssm_13070/pssm18_chg_in.cpp	1099	1103	sqlstr = "UPDATE TPSSM12 "
p_pssm_13070/pssm18_chg_in.cpp	1130	1136	sqlstr = "UPDATE TPSSM12 "
p_pssm_13070/pssm18_chg_in.cpp	1165	1169	sqlstr = "SELECT * FROM TPSSM12 "
p_pssm_13070/pssm18_chg_in.cpp	1189	1193	sqlstr = "UPDATE TPSSM12 "
p_pssm_13070/pssm18_chg_in.cpp	1212	1216	sqlstr = "UPDATE TPSSM12 "
p_pssm_13070/pssm18_chg_in.cpp	1240	1244	sqlstr = "UPDATE TPSSM12 "
p_pssm_13070/pssm18_chg_in.cpp	1263	1267	sqlstr = "UPDATE TPSSM12 "
p_pssm_13070/pssm18_chg_in.cpp	1301	1305	sqlstr = "UPDATE TPSSM12 "
p_pssm_13070/pssm18_chg_in.cpp	1321	1333	sqlstr = "UPDATE TPSSM12 "
p_pssm_13070/pssm18_chg_in.cpp	1358	1370	sqlstr = "UPDATE TPSSM12 "
p_pssm_13070/pssm18_chg_in.cpp	1404	1406	sqlstr = "SELECT * FROM   TPSSM12  "
p_pssm_13070/pssm18_chg_in.cpp	1446	1450	sqlstr = "UPDATE TPSSM11 "
p_pssm_13070/pssm18_chg_in.cpp	1474	1476	sqlstr = "SELECT * FROM   TPSSM12  "
p_pssm_13070/pssm18_chg_in.cpp	1518	1522	sqlstr = "UPDATE TPSSM11 "
p_pssm_13070/pssm18_chg_in.cpp	1544	1546	sqlstr = " SELECT DISTINCT AREA_ID, DEV_CODE  FROM TPSSM12 \
p_pssm_13070/pssm18_chg_in.cpp	1580	1582	sqlstr = " SELECT DISTINCT STATION_ID FROM TPSSMD1 \
p_pssm_13070/pssm18_chg_in.cpp	1607	1609	sqlstr = " SELECT DISTINCT AREA_ID, DEV_CODE FROM TPSSM12 \
p_pssm_13070/pssm18_chg_in.cpp	1633	1635	sqlstr = " SELECT DISTINCT STATION_ID FROM TPSSMD1 \
p_pssm_13070/pssm18_chg_in2.cpp	235	236	sqlstr = " SELECT COUNT(1) FROM TMMSM33 WHERE HEAT_NO    = @tpssm11.HEAT_NO AND PONO = @tpssm11.PONO ";
p_pssm_13070/pssm18_chg_in2.cpp	366	367	sqlstr = " SELECT COUNT(1) FROM TPSSM12 WHERE SM_PLAN_NO = @SM_PLAN_NO AND AREA_ID = 2 AND DEV_CODE LIKE 'B%' ";
p_pssm_13070/pssm18_chg_in2.cpp	384	385	sqlstr = " SELECT COUNT(1) FROM TPSSM12 WHERE SM_PLAN_NO = @SM_PLAN_NO AND AREA_ID = 2 AND DEV_CODE LIKE 'B%' ";
p_pssm_13070/pssm18_chg_in2.cpp	406	407	sqlstr = " SELECT COUNT(1) FROM TPSSM12 WHERE SM_PLAN_NO = @SM_PLAN_NO AND AREA_ID = 2 AND DEV_CODE LIKE 'B%' ";
p_pssm_13070/pssm18_chg_in2.cpp	424	425	sqlstr = " SELECT COUNT(1) FROM TPSSM12 WHERE SM_PLAN_NO = @SM_PLAN_NO AND AREA_ID = 2 AND DEV_CODE LIKE 'B%' ";
p_pssm_13070/pssm18_chg_in2.cpp	467	478	"UPDATE TPSSM11 "
p_pssm_13070/pssm18_chg_in2.cpp	504	515	"UPDATE TPSSM11 "
p_pssm_13070/pssm18_chg_in2.cpp	1491	1493	sqlstr = "SELECT * FROM   TPSSM12  "
p_pssm_13070/pssm18_chg_in2.cpp	1533	1537	sqlstr = "UPDATE TPSSM11 "
p_pssm_13070/pssm18_chg_in2.cpp	1561	1563	sqlstr = "SELECT * FROM   TPSSM12  "
p_pssm_13070/pssm18_chg_in2.cpp	1605	1609	sqlstr = "UPDATE TPSSM11 "
p_pssm_13070/pssm18_chg_in2.cpp	1631	1633	sqlstr = " SELECT DISTINCT AREA_ID, DEV_CODE  FROM TPSSM12 \
p_pssm_13070/pssm18_chg_in2.cpp	1667	1669	sqlstr = " SELECT DISTINCT STATION_ID FROM TPSSMD1 \
p_pssm_13070/pssm18_chg_in2.cpp	1694	1696	sqlstr = " SELECT DISTINCT AREA_ID, DEV_CODE FROM TPSSM12 \
p_pssm_13070/pssm18_chg_in2.cpp	1720	1722	sqlstr = " SELECT DISTINCT STATION_ID FROM TPSSMD1 \
p_pssm_13070/pssm18_chg_in_pono.cpp	819	821	sqlstr = "SELECT * FROM   TPSSM12  "
p_pssm_13070/pssm18_chg_in_pono.cpp	861	865	sqlstr = "UPDATE TPSSM11 "
p_pssm_13070/pssm18_chg_in_pono.cpp	889	891	sqlstr = "SELECT * FROM   TPSSM12  "
p_pssm_13070/pssm18_chg_in_pono.cpp	933	937	sqlstr = "UPDATE TPSSM11 "
p_pssm_13070/pssm18_chg_in_pono.cpp	959	961	sqlstr = " SELECT DISTINCT AREA_ID, DEV_CODE  FROM TPSSM12 \
p_pssm_13070/pssm18_chg_in_pono.cpp	995	997	sqlstr = " SELECT DISTINCT STATION_ID FROM TPSSMD1 \
p_pssm_13070/pssm18_chg_in_pono.cpp	1022	1024	sqlstr = " SELECT DISTINCT AREA_ID, DEV_CODE FROM TPSSM12 \
p_pssm_13070/pssm18_chg_in_pono.cpp	1048	1050	sqlstr = " SELECT DISTINCT STATION_ID FROM TPSSMD1 \
p_pssm_13070/pssm18_chg_out.cpp	317	320	sqlstr = " SELECT DISTINCT AREA_ID, DEV_CODE FROM TPSSM12 \
p_pssm_13070/pssm18_chg_out.cpp	397	400	sqlstr = " SELECT DEV_CODE FROM TPSSMD1 \
p_pssm_13070/pssm18_chg_out.cpp	515	518	sqlstr = " SELECT DEV_CODE FROM TPSSMD1 \
p_pssm_13070/pssm18_chg_out.cpp	539	542	sqlstr = " SELECT DEV_CODE FROM TPSSMD1 \
p_pssm_13070/pssm18_chg_out.cpp	575	579	sqlstr = CString(" SELECT  MAX(CC_SEQ) FROM TPSSM10 \
p_pssm_13070/pssm18_chg_out.cpp	610	614	sqlstr = " UPDATE TPSSM10 \
p_pssm_13070/pssm18_chg_out.cpp	638	641	sqlstr = " UPDATE TPSSM01 \
p_pssm_13070/pssm18_chg_out.cpp	658	661	sqlstr = " SELECT DEV_CODE FROM TPSSMD1 \
p_pssm_13070/pssm18_chg_out.cpp	686	690	sqlstr = CString(" SELECT MAX(CC_SEQ) FROM TPSSM10 \
p_pssm_13070/pssm18_chg_out.cpp	722	726	sqlstr = "UPDATE TPSSM10 \
p_pssm_13070/pssm18_chg_out.cpp	758	761	sqlstr = " SELECT DEV_CODE FROM TPSSMD1 \
p_pssm_13070/pssm18_chg_out.cpp	798	805	sqlstr = " UPDATE TPSSM11 \
p_pssm_13070/pssm18_chg_out.cpp	808	814	sqlstr = " UPDATE TPSSM11 \
p_pssm_13070/pssm18_chg_out.cpp	838	842	sqlstr = " UPDATE TPSSM12 \
p_pssm_13070/pssm18_chg_out.cpp	859	864	sqlstr = " UPDATE TPSSM33 \
p_pssm_13070/pssm18_chg_out.cpp	946	953	sqlstr = " UPDATE TPSSM10 \
p_pssm_13070/pssm18_chg_out_pono.cpp	263	266	sqlstr = " SELECT DISTINCT AREA_ID, DEV_CODE FROM TPSSM12 \
p_pssm_13070/pssm18_chg_out_pono.cpp	343	346	sqlstr = " SELECT DEV_CODE FROM TPSSMD1 \
p_pssm_13070/pssm18_chg_out_pono.cpp	461	464	sqlstr = " SELECT DEV_CODE FROM TPSSMD1 \
p_pssm_13070/pssm18_chg_out_pono.cpp	485	488	sqlstr = " SELECT DEV_CODE FROM TPSSMD1 \
p_pssm_13070/pssm18_chg_out_pono.cpp	521	525	sqlstr = CString(" SELECT  MAX(CC_SEQ) FROM TPSSM10 \
p_pssm_13070/pssm18_chg_out_pono.cpp	556	560	sqlstr = " UPDATE TPSSM10 \
p_pssm_13070/pssm18_chg_out_pono.cpp	584	587	sqlstr = " UPDATE TPSSM01 \
p_pssm_13070/pssm18_chg_out_pono.cpp	604	607	sqlstr = " SELECT DEV_CODE FROM TPSSMD1 \
p_pssm_13070/pssm18_chg_out_pono.cpp	632	636	sqlstr = CString(" SELECT MAX(CC_SEQ) FROM TPSSM10 \
p_pssm_13070/pssm18_chg_out_pono.cpp	668	672	sqlstr = "UPDATE TPSSM10 \
p_pssm_13070/pssm18_chg_out_pono.cpp	704	707	sqlstr = " SELECT DEV_CODE FROM TPSSMD1 \
p_pssm_13070/pssm18_chg_out_pono.cpp	744	751	sqlstr = " UPDATE TPSSM11 \
p_pssm_13070/pssm18_chg_out_pono.cpp	771	775	sqlstr = " UPDATE TPSSM12 \
p_pssm_13070/pssm18_chg_out_pono.cpp	790	795	sqlstr = " UPDATE TPSSM33 \
p_pssm_13070/pssm18_chg_out_pono.cpp	874	881	sqlstr = " UPDATE TPSSM10 \
p_pssm_13070/pssm18_create.cpp	85	87	sqlstr = "SELECT a.*  \
p_pssm_13070/pssm18_del_inq.cpp	88	90	sqlstr = " SELECT CODE_DESC_1_CONTENT FROM TEP0002 T WHERE CODE_CLASS = 'PSA22N' \
p_pssm_13070/pssm18_del_inq.cpp	113	115	sqlstr = " SELECT * FROM ( select dev_code || '-' || charge_no,charge_no from tpssm12 where sm_plan_no = @sm_plan_no UNION ALL  select dev_code || '-' || charge
p_pssm_13070/pssm18_eaf_add.cpp	80	81	sqlstr = " SELECT CHARGE_NO,DEV_CODE,START_TIME,START_TIME_REAL FROM TPSSM12 WHERE AREA_ID = 3 AND SM_PLAN_NO = @sm_plan_no ";
p_pssm_13070/pssm18_eaf_add.cpp	108	109	sqlstr = " SELECT COUNT(1) FROM TPSSM12 WHERE AREA_ID = 2 AND DEV_CODE LIKE 'E%' AND SM_PLAN_NO = @sm_plan_no ";
p_pssm_13070/pssm18_eaf_add.cpp	170	173	sqlstr = "UPDATE TPSSM12 "
p_pssm_13070/pssm18_eaf_add.cpp	261	266	sqlstr = " UPDATE TPSSM12 "
p_pssm_13070/pssm18_inqa.cpp	250	253	" SELECT MIN(START_TIME_REAL), MIN(START_TIME) "
p_pssm_13070/pssm18_inqa.cpp	286	289	" SELECT a.*, b.* FROM TPSSM11 a left join TPSSM10 b on a.pono = b.pono "
p_pssm_13070/pssm18_inqa.cpp	398	403	" SELECT * FROM TPSSM12 "
p_pssm_13070/pssm18_inqa.cpp	599	603	" SELECT * FROM TPSSMD1 "
p_pssm_13070/pssm18_inqa.cpp	638	644	" SELECT A.*, NVL(B.CODE_DESC_1_CONTENT, ' ') FROM TPSSM10 A "
p_pssm_13070/pssm18_inqa.cpp	733	734	sqlstr = "SELECT distinct st_no FROM TPSSMDA WHERE CC_MACH_NO	= @tpssm10.CC_MACH_NO ";
p_pssm_13070/pssm18_inqa.cpp	761	765	sqlstr = " SELECT STD_PROC_TIME,CAST_SPEED FROM TPSSMDA \
p_pssm_13070/pssm18_inqa.cpp	814	822	sqlstr = " SELECT CAST_SPEED FROM TPSSMDA \
p_pssm_13070/pssm18_inqa.cpp	856	860	" SELECT * FROM TPSSM18 "
p_pssm_13070/pssm18_inqa.cpp	896	899	" SELECT DISTINCT(ST_NO) FROM TPSSM10 "
p_pssm_13070/pssm18_inqa.cpp	925	931	" SELECT DISTINCT d3.ST_NO, d1.DEV_CODE, d3.STD_PROC_TIME, d1.AREA_ID, d3.SMELT_MODE,d3.STD_PREP_TIME,d3.FEED_TIME "
p_pssm_13070/pssm18_inqa.cpp	996	1002	sqlstr = " SELECT T.ST_NO,A.DEV_CODE,T.STD_PROC_TIME ,A.AREA_ID, T.SMELT_MODE, T.STD_PREP_TIME, T.FEED_TIME  \
p_pssm_13070/pssm18_inqa.cpp	1105	1106	sqlstr = " SELECT DEV_MOVE_START,MOVE_TIME,DEV_MOVE_END FROM TPSSMD6 \
p_pssm_13070/pssm18_inqa.cpp	1140	1141	sqlstr = " SELECT * FROM TPSSMD9 \
p_pssm_13070/pssm18_inqa.cpp	1167	1169	sqlstr = " SELECT * FROM TPSSM19 \
p_pssm_13070/pssm18_inqa.cpp	1186	1195	sqlstr = "  select \
p_pssm_13070/pssm18_ot_inq.cpp	96	98	sqlstr = " SELECT CODE_DESC_1_CONTENT FROM TEP0002 T WHERE CODE_CLASS = 'PSA22N' \
p_pssm_13070/pssm18_ot_inq.cpp	121	125	sqlstr = " SELECT * from "
p_pssm_13070/pssm18_ot_inq.cpp	150	153	sqlstr = " SELECT START_TIME,END_TIME,START_TIME_REAL,END_TIME_REAL,PRE_PROC_NO,AREA_ID,PROC_NO FROM TPSSM12"
p_pssm_13070/pssm18_ot_inq.cpp	201	203	sqlstr = " SELECT DEV_CODE FROM TPSSMD1 WHERE DEV_TECH_CODE = 'E' ORDER BY DEV_CODE ";
p_pssm_13070/pssm18_ot_run.cpp	126	128	sqlstr = " SELECT PRE_PROC_NO,AREA_ID,PROC_NO,TREATMENT_COUNTER,SM_PLAN_NO FROM TPSSM12 \
p_pssm_13070/pssm18_ot_run.cpp	132	134	sqlstr = " SELECT PRE_PROC_NO,AREA_ID,PROC_NO,TREATMENT_COUNTER,SM_PLAN_NO FROM TPSSM12 \
p_pssm_13070/pssm18_ot_run.cpp	191	194	sqlstr = " SELECT MIN(CHARGE_NO) "
p_pssm_13070/pssm18_ot_run.cpp	222	229	sqlstr = " SELECT RUN_SIGNAL "
p_pssm_13070/pssm18_ot_run.cpp	259	263	" SELECT CURR_PROC_NO FROM TPSSM25 "
p_pssm_13070/pssm18_pssm12.cpp	75	78	sqlstr = " SELECT CODE_DESC_1_CONTENT FROM TEP0002  "
p_pssm_13070/pssm18_pssm12.cpp	108	111	sqlstr = "UPDATE TPSSM12 "
p_pssm_13070/pssm18_pssm12.cpp	118	120	sqlstr = "UPDATE TPSSM11 "
p_pssm_13070/pssm18_pssm12.cpp	152	155	sqlstr = "UPDATE TPSSM12 "
p_pssm_13070/pssm18_pssm12.cpp	195	198	sqlstr = "UPDATE TPSSM42 "
p_pssm_13070/pssm18_pssm12.cpp	205	207	sqlstr = "UPDATE TPSSM41 "
p_pssm_13070/pssm18_pssm12.cpp	239	242	sqlstr = "UPDATE TPSSM42 "
p_pssm_13070/pssm18_pssm12_add.cpp	925	926	sqlstr = " UPDATE TPSSM11 SET TIME_1 = @TIME ";
p_pssm_13070/pssm18_save.cpp	153	154	sqlstr = "SELECT * FROM TPSSMD1 ";
p_pssm_13070/pssm18_save.cpp	264	268	" UPDATE TPSSM11 "
p_pssm_13070/pssm18_save.cpp	1088	1089	sqlstr = " UPDATE TPSSM11 SET TIME_1 = @TIME ";
p_pssm_13070/pssm18_save_addupdate.cpp	149	150	sqlstr = "SELECT * FROM TPSSMD1 ";
p_pssm_13070/pssm18_save_addupdate.cpp	830	831	sqlstr = " UPDATE TPSSM11 SET TIME_1 = @TIME ";
p_pssm_13070/pssm18_save_delete.cpp	270	275	" UPDATE TPSSM11 "
p_pssm_13070/pssm18_save_delete.cpp	329	330	sqlstr = " UPDATE TPSSM11 SET TIME_1 = @TIME ";
p_pssm_13070/pssm18_send.cpp	80	81	sqlstr = "SELECT DISTINCT A.SM_PLAN_NO FROM TPSSM12 A, TPSSM11 B WHERE A.FACTORY_DIV=@v_factory_div AND A.CHARGE_NO = 1 AND DECODE( A.START_TIME_REAL,' ',A.STAR
p_pssm_13070/pssm18_send.cpp	100	101	sqlstr = "SELECT DISTINCT A.SM_PLAN_NO FROM TPSSM14 A, TPSSM13 B WHERE A.FACTORY_DIV=@v_factory_div AND A.CHARGE_NO = 1 AND DECODE( A.START_TIME_REAL,' ',A.STAR
p_pssm_13070/pssm18_send.cpp	154	155	sqlstr = " DELETE FROM TPSSM13 ";
p_pssm_13070/pssm18_send.cpp	159	160	sqlstr = " INSERT INTO TPSSM13 SELECT * FROM TPSSM11 ";
p_pssm_13070/pssm18_send.cpp	164	165	sqlstr = " DELETE FROM TPSSM14 ";
p_pssm_13070/pssm18_send.cpp	169	170	sqlstr = " INSERT INTO TPSSM14 SELECT * FROM TPSSM12 ";
p_pssm_13070/pssm18_send.cpp	176	177	sqlstr = " DELETE FROM TPSSM13 WHERE SM_PLAN_NO IN (" + sm_plan_no + ")";
p_pssm_13070/pssm18_send.cpp	181	182	sqlstr = " INSERT INTO TPSSM13 SELECT * FROM TPSSM11 WHERE SM_PLAN_NO IN (" + sm_plan_no + ")";
p_pssm_13070/pssm18_send.cpp	186	187	sqlstr = " DELETE FROM TPSSM14 WHERE SM_PLAN_NO IN (" + sm_plan_no + ")";
p_pssm_13070/pssm18_send.cpp	191	192	sqlstr = " INSERT INTO TPSSM14 SELECT * FROM TPSSM12 WHERE SM_PLAN_NO IN (" + sm_plan_no + ")";
p_pssm_13070/pssm18_setsubplan.cpp	88	89	sqlstr = " SELECT COUNT(1) FROM TPSSM12 WHERE SM_PLAN_NO    = @tpssm11.SM_PLAN_NO AND DEV_CODE LIKE 'E%' ";
p_pssm_13070/pssm18_setsubplan.cpp	126	127	sqlstr = " SELECT MAX(CHARGE_NO) FROM TPSSM12 WHERE SM_PLAN_NO    = @tpssm11.SM_PLAN_NO AND DEV_CODE LIKE 'E%' ";
p_pssm_13070/pssm18_setsubplan.cpp	175	176	sqlstr = " SELECT MAX(CHARGE_NO) FROM TPSSM12 WHERE SM_PLAN_NO    = @tpssm11.SM_PLAN_NO AND DEV_CODE LIKE 'E%' ";
p_pssm_13070/pssm18_sk_inq.cpp	64	67	sqlstr = " SELECT HEAT_NO,SM_PLAN_NO,SM_PLAN_NOL2 FROM TPSSM11 \
p_pssm_13070/pssm18_sk_upd.cpp	119	122	sqlstr = " SELECT RUN_STATUS,PONO,STEEL_RETURN_CODE,SM_PLAN_NO,FACTORY_DIV,CC_MACH_NO,CAST_NO,CAST_DIV_NO \
p_pssm_13070/pssm18_sk_upd.cpp	157	160	sqlstr = " SELECT RUN_STATUS,PONO,STEEL_RETURN_CODE,SM_PLAN_NO,FACTORY_DIV,CC_MACH_NO,CAST_NO,CAST_DIV_NO \
p_pssm_13070/pssm18_sk_upd.cpp	194	196	sqlstr = " select cast_no,cast_div_no from TPSSM26 \
p_pssm_13070/pssm18_sk_upd.cpp	226	228	sqlstr = " select MAX(CAST_NO) from tpssm11 "
p_pssm_13070/pssm18_sk_upd.cpp	240	241	sqlstr = " SELECT MAX(CAST_DIV_NO) FROM TPSSM11 "
p_pssm_13070/pssm18_sk_upd.cpp	280	282	sqlstr = " select substr(CAST_NO, 1, 2) || lpad(to_char((to_number(substr(CAST_NO,3,length(CAST_NO))-1))),4,0) as  CAST_NO_new    \
p_pssm_13070/pssm18_sk_upd.cpp	308	310	sqlstr = " select substr(CAST_NO, 1, 2) || lpad(to_char((to_number(substr(CAST_NO,3,length(CAST_NO))-1))),4,0) as  CAST_NO_new    \
p_pssm_13070/pssm18_sk_upd.cpp	352	353	sqlstr = " SELECT COUNT(1) FROM TMMSM33 WHERE HEAT_NO    = @tpssm11.HEAT_NO AND PONO = @tpssm11.PONO ";
p_pssm_13070/pssm18_sk_upd.cpp	379	380	sqlstr = " SELECT COUNT(1) FROM TQMTS29 A "
p_pssm_13070/pssm18_sk_upd.cpp	415	418	sqlstr = " SELECT CHARGE_NO FROM TPSSM12 \
p_pssm_13070/pssm18_sk_upd.cpp	436	439	sqlstr = " SELECT PROC_NO,DEV_CODE FROM TPSSM12 \
p_pssm_13070/pssm18_sk_upd.cpp	463	466	sqlstr = " UPDATE TPSSM25 \
p_pssm_13070/pssm18_sk_upd.cpp	491	492	sqlstr = " SELECT MAX(CAST_DIV_NO) FROM TPSSM11 WHERE CAST_NO = @tpssm11.CAST_NO AND FACTORY_DIV = @tpssm11.FACTORY_DIV ";
p_pssm_13070/pssm18_sk_upd.cpp	509	510	sqlstr = " UPDATE TPSSM26 SET CAST_DIV_NO = @cast_div_no, CAST_NO = @cast_no WHERE CAST_NO = @tpssm11.CAST_NO AND FACTORY_DIV = @tpssm11.FACTORY_DIV ";
p_pssm_13070/pssm18_sk_upd.cpp	531	532	sqlstr = " UPDATE TPSSM26 SET CAST_DIV_NO =  CAST_DIV_NO-1 WHERE CC_MACH_NO = @tpssm11.CC_MACH_NO AND FACTORY_DIV = @tpssm11.FACTORY_DIV ";
p_pssm_13070/pssm18_sk_upd.cpp	600	605	sqlstr = " SELECT CHARGE_NO FROM TPSSM12  "
p_pssm_13070/pssm18_sk_upd.cpp	625	629	sqlstr = " SELECT COUNT(1) FROM TPSSM12  "
p_pssm_13070/pssm18_sk_upd.cpp	646	650	sqlstr = " SELECT PROC_NO,DEV_CODE FROM TPSSM12 "
p_pssm_13070/pssm18_sk_upd.cpp	705	706	sqlstr = " UPDATE TPSSM25 SET CURR_PROC_NO   = substr(CURR_PROC_NO, 1, 3) || lpad(to_char((to_number(substr(CURR_PROC_NO,4,5)-1))),5,0)  WHERE CURR_PROC_NO = @l
p_pssm_13070/pssm18_sk_upd.cpp	726	727	sqlstr = " SELECT PROC_NO,DEV_CODE FROM TPSSM12 WHERE SM_PLAN_NO    = @tpssm11.SM_PLAN_NO AND AREA_ID = 5 AND FACTORY_DIV = @tpssm11.FACTORY_DIV ";
p_pssm_13070/pssm18_sk_upd.cpp	748	749	sqlstr = " UPDATE TPSSM25 SET CURR_PROC_NO   = substr(CURR_PROC_NO, 1, 3) || lpad(to_char((to_number(substr(CURR_PROC_NO,4,5)-1))),5,0) WHERE CURR_PROC_NO = @cc
p_pssm_13070/pssm18_sk_upd.cpp	772	773	sqlstr = " SELECT MAX(CAST_DIV_NO) FROM TPSSM11 WHERE CAST_NO = @tpssm11.CAST_NO  AND FACTORY_DIV = @tpssm11.FACTORY_DIV ";
p_pssm_13070/pssm18_sk_upd.cpp	790	791	sqlstr = " UPDATE TPSSM26 SET CAST_DIV_NO = @cast_div_no, CAST_NO = @cast_no WHERE CAST_NO = @tpssm11.CAST_NO AND FACTORY_DIV = @tpssm11.FACTORY_DIV ";
p_pssm_13070/pssm18_sk_upd.cpp	812	813	sqlstr = " UPDATE TPSSM26 SET CAST_DIV_NO   =  CAST_DIV_NO-1 WHERE CC_MACH_NO = @tpssm11.CC_MACH_NO AND FACTORY_DIV = @tpssm11.FACTORY_DIV ";
p_pssm_13070/pssm18_sk_upd.cpp	901	904	sqlstr = "SELECT CHARGE_NO,DEV_CODE FROM TPSSM12 \
p_pssm_13070/pssm18_sk_upd.cpp	960	961	sqlstr = "UPDATE TPSSM25 SET CURR_PROC_NO   =  substr(CURR_PROC_NO, 1, 3) || lpad(to_char((to_number(substr(CURR_PROC_NO,4,5)-1))),5,0) WHERE CURR_PROC_NO   = @
p_pssm_13070/pssm18_sk_upd.cpp	979	984	sqlstr = " SELECT PROC_NO FROM TPSSM12  "
p_pssm_13070/pssm18_sk_upd.cpp	1004	1005	sqlstr = " UPDATE TPSSM25 SET CURR_PROC_NO   = substr(CURR_PROC_NO, 1, 3) || lpad(to_char((to_number(substr(CURR_PROC_NO,4,5)-1))),5,0)  WHERE CURR_PROC_NO = @l
p_pssm_13070/pssm18_sk_upd.cpp	1027	1028	sqlstr = " SELECT PROC_NO,DEV_CODE FROM TPSSM12 WHERE SM_PLAN_NO    = @tpssm11.SM_PLAN_NO AND AREA_ID = 5 AND FACTORY_DIV = @tpssm11.FACTORY_DIV ";
p_pssm_13070/pssm18_sk_upd.cpp	1049	1050	sqlstr = " UPDATE TPSSM25 SET CURR_PROC_NO   = substr(CURR_PROC_NO, 1, 3) || lpad(to_char((to_number(substr(CURR_PROC_NO,4,5)-1))),5,0) WHERE CURR_PROC_NO = @cc
p_pssm_13070/pssm18_sk_upd.cpp	1072	1073	sqlstr = " SELECT MAX(CAST_DIV_NO) FROM TPSSM11 WHERE CAST_NO = @tpssm11.CAST_NO AND FACTORY_DIV = @tpssm11.FACTORY_DIV ";
p_pssm_13070/pssm18_sk_upd.cpp	1090	1091	sqlstr = " UPDATE TPSSM26 SET CAST_DIV_NO = @cast_div_no, CAST_NO  = @cast_no WHERE CAST_NO = @tpssm11.CAST_NO AND FACTORY_DIV = @tpssm11.FACTORY_DIV ";
p_pssm_13070/pssm18_sk_upd.cpp	1113	1114	sqlstr = " UPDATE TPSSM26 SET CAST_DIV_NO   =  CAST_DIV_NO-1 WHERE CC_MACH_NO = @tpssm11.CC_MACH_NO AND FACTORY_DIV = @tpssm11.FACTORY_DIV ";
p_pssm_13070/pssm18_sk_upd.cpp	1202	1203	sqlstr = "UPDATE TPSSM25 SET CURR_PROC_NO   =  substr(CURR_PROC_NO, 1, 3) || lpad(to_char((to_number(substr(CURR_PROC_NO,4,5)-1))),5,0) WHERE CURR_PROC_NO   = @
p_pssm_13070/pssm18_sk_upd.cpp	1221	1226	sqlstr = " SELECT PROC_NO FROM TPSSM12  "
p_pssm_13070/pssm18_sk_upd.cpp	1246	1247	sqlstr = " UPDATE TPSSM25 SET CURR_PROC_NO   = substr(CURR_PROC_NO, 1, 3) || lpad(to_char((to_number(substr(CURR_PROC_NO,4,5)-1))),5,0)  WHERE CURR_PROC_NO = @l
p_pssm_13070/pssm18_sk_upd.cpp	1267	1268	sqlstr = " SELECT PROC_NO,DEV_CODE FROM TPSSM12 WHERE SM_PLAN_NO    = @tpssm11.SM_PLAN_NO AND AREA_ID = 5 AND FACTORY_DIV = @tpssm11.FACTORY_DIV ";
p_pssm_13070/pssm18_sk_upd.cpp	1289	1290	sqlstr = " UPDATE TPSSM25 SET CURR_PROC_NO   = substr(CURR_PROC_NO, 1, 3) || lpad(to_char((to_number(substr(CURR_PROC_NO,4,5)-1))),5,0) WHERE CURR_PROC_NO = @cc
p_pssm_13070/pssm18_sk_upd.cpp	1314	1315	sqlstr = " SELECT MAX(CAST_DIV_NO) FROM TPSSM11 WHERE CAST_NO = @tpssm11.CAST_NO AND FACTORY_DIV = @tpssm11.FACTORY_DIV ";
p_pssm_13070/pssm18_sk_upd.cpp	1332	1333	sqlstr = " UPDATE TPSSM26 SET CAST_DIV_NO = @cast_div_no, CAST_NO  = @cast_no WHERE CAST_NO = @tpssm11.CAST_NO AND FACTORY_DIV = @tpssm11.FACTORY_DIV ";
p_pssm_13070/pssm18_sk_upd.cpp	1354	1355	sqlstr = " UPDATE TPSSM26 SET CAST_DIV_NO   =  CAST_DIV_NO-1 WHERE CC_MACH_NO = @tpssm11.CC_MACH_NO AND FACTORY_DIV = @tpssm11.FACTORY_DIV ";
p_pssm_13070/pssm18_ul_inq.cpp	64	65	sqlstr = " SELECT CURR_PROC_NO FROM TPSSM25 WHERE STATION_ID = @STATION_ID AND STATION_NO = @STATION_NO  \
p_pssm_13070/pssm18_ul_upd.cpp	150	151	strcpy(s.msg, "update failed。");
p_pssm_13070/pssm18a_chg_in.cpp	257	266	"UPDATE TPSSM11 "
p_pssm_13070/pssm18a_chg_in.cpp	290	299	"UPDATE TPSSM11 "
p_pssm_13070/pssm18a_chg_in.cpp	818	822	sqlstr = "UPDATE TPSSM12 "
p_pssm_13070/pssm18a_chg_in.cpp	841	853	sqlstr = "UPDATE TPSSM12 "
p_pssm_13070/pssm18a_chg_in.cpp	878	890	sqlstr = "UPDATE TPSSM12 "
p_pssm_13070/pssm18a_chg_in.cpp	918	930	sqlstr = "UPDATE TPSSM12 "
p_pssm_13070/pssm18a_chg_in.cpp	955	967	sqlstr = "UPDATE TPSSM12 "
p_pssm_13070/pssm18a_chg_in.cpp	1001	1003	sqlstr = "SELECT * FROM   TPSSM12  "
p_pssm_13070/pssm18a_chg_in.cpp	1043	1047	sqlstr = "UPDATE TPSSM11 "
p_pssm_13070/pssm18a_chg_in.cpp	1071	1073	sqlstr = "SELECT * FROM   TPSSM12  "
p_pssm_13070/pssm18a_chg_in.cpp	1114	1118	sqlstr = "UPDATE TPSSM11 "
p_pssm_13070/pssm18a_chg_in.cpp	1140	1142	sqlstr = " SELECT DISTINCT AREA_ID, DEV_CODE  FROM TPSSM12 \
p_pssm_13070/pssm18a_chg_in.cpp	1176	1178	sqlstr = " SELECT DISTINCT STATION_ID FROM TPSSMD1 \
p_pssm_13070/pssm18a_chg_in.cpp	1203	1205	sqlstr = " SELECT DISTINCT AREA_ID, DEV_CODE FROM TPSSM12 \
p_pssm_13070/pssm18a_chg_in.cpp	1229	1231	sqlstr = " SELECT DISTINCT STATION_ID FROM TPSSMD1 \
p_pssm_13070/pssm18a_chg_out.cpp	299	302	sqlstr = " SELECT DISTINCT AREA_ID, DEV_CODE FROM TPSSM12 \
p_pssm_13070/pssm18a_chg_out.cpp	379	382	sqlstr = " SELECT DEV_CODE FROM TPSSMD1 \
p_pssm_13070/pssm18a_chg_out.cpp	557	561	sqlstr = CString(" SELECT  MAX(CC_SEQ) FROM TPSSM10 \
p_pssm_13070/pssm18a_chg_out.cpp	592	596	sqlstr = " UPDATE TPSSM10 \
p_pssm_13070/pssm18a_chg_out.cpp	620	623	sqlstr = " UPDATE TPSSM01 \
p_pssm_13070/pssm18a_chg_out.cpp	640	643	sqlstr = " SELECT DEV_CODE FROM TPSSMD1 \
p_pssm_13070/pssm18a_chg_out.cpp	668	672	sqlstr = CString(" SELECT MAX(CC_SEQ) FROM TPSSM10 \
p_pssm_13070/pssm18a_chg_out.cpp	704	708	sqlstr = "UPDATE TPSSM10 \
p_pssm_13070/pssm18a_chg_out.cpp	740	743	sqlstr = " SELECT DEV_CODE FROM TPSSMD1 \
p_pssm_13070/pssm18a_chg_out.cpp	780	787	sqlstr = " UPDATE TPSSM11 \
p_pssm_13070/pssm18a_chg_out.cpp	807	811	sqlstr = " UPDATE TPSSM12 \
p_pssm_13070/pssm18a_chg_out.cpp	826	831	sqlstr = " UPDATE TPSSM33 \
p_pssm_13070/pssm18a_chg_out.cpp	933	940	sqlstr = " UPDATE TPSSM10 \
p_pssm_13070/pssm18a_inq.cpp	305	308	" SELECT MIN(START_TIME_REAL), MIN(START_TIME) "
p_pssm_13070/pssm18a_inq.cpp	341	344	" SELECT a.*, b.* FROM TPSSM11 a left join TPSSM10 b on a.pono = b.pono "
p_pssm_13070/pssm18a_inq.cpp	449	454	" SELECT * FROM TPSSM12 "
p_pssm_13070/pssm18a_inq.cpp	650	654	" SELECT * FROM TPSSMD1 "
p_pssm_13070/pssm18a_inq.cpp	689	695	" SELECT A.*, NVL(B.CODE_DESC_1_CONTENT, ' ') FROM TPSSM10 A "
p_pssm_13070/pssm18a_inq.cpp	784	785	sqlstr = "SELECT distinct st_no FROM TPSSMDA WHERE CC_MACH_NO	= @tpssm10.CC_MACH_NO ";
p_pssm_13070/pssm18a_inq.cpp	812	816	sqlstr = " SELECT STD_PROC_TIME,CAST_SPEED FROM TPSSMDA \
p_pssm_13070/pssm18a_inq.cpp	865	873	sqlstr = " SELECT CAST_SPEED FROM TPSSMDA \
p_pssm_13070/pssm18a_inq.cpp	907	911	" SELECT * FROM TPSSM18 "
p_pssm_13070/pssm18a_inq.cpp	947	950	" SELECT DISTINCT(ST_NO) FROM TPSSM10 "
p_pssm_13070/pssm18a_inq.cpp	976	982	" SELECT DISTINCT d3.ST_NO, d1.DEV_CODE, d3.STD_PROC_TIME, d1.AREA_ID, d3.SMELT_MODE,d3.STD_PREP_TIME,d3.FEED_TIME "
p_pssm_13070/pssm18a_inq.cpp	1047	1053	sqlstr = " SELECT T.ST_NO,A.DEV_CODE,T.STD_PROC_TIME ,A.AREA_ID, T.SMELT_MODE, T.STD_PREP_TIME, T.FEED_TIME  \
p_pssm_13070/pssm18a_inq.cpp	1156	1157	sqlstr = " SELECT DEV_MOVE_START,MOVE_TIME,DEV_MOVE_END FROM TPSSMD6 \
p_pssm_13070/pssm18a_inq.cpp	1191	1192	sqlstr = " SELECT * FROM TPSSMD9 \
p_pssm_13070/pssm18a_inq.cpp	1218	1220	sqlstr = " SELECT * FROM TPSSM19 \
p_pssm_13070/pssm18a_inq.cpp	1237	1246	sqlstr = "  select \
p_pssm_13070/pssm18a_reorder.cpp	34	36	sqlstr = "SELECT CODE_DESC_1_CONTENT "
p_pssm_13070/pssm18a_save.cpp	272	276	" UPDATE TPSSM11 "
p_pssm_13070/pssm18a_save.cpp	383	387	" SELECT FEED_TIME,STD_PREP_TIME FROM TPSSMD3 "
p_pssm_13070/pssm18a_save.cpp	403	407	" SELECT FEED_TIME,STD_PREP_TIME FROM TPSSMD3 "
p_pssm_13070/pssm18a_save.cpp	438	442	" SELECT START_TIME,END_TIME FROM TPSSM12 "
p_pssm_13070/pssm18a_save.cpp	959	961	sqlstr = " SELECT sm_plan_no FROM TPSSM11 "
p_pssm_13070/pssm18a_save.cpp	995	1001	" UPDATE TPSSM11 "
p_pssm_13070/pssm18a_save.cpp	1024	1025	strcpy(s.msg, "Update tpssm26 failed.");
p_pssm_13070/pssm18a_save.cpp	1038	1044	" UPDATE TPSSM11 "
p_pssm_13070/pssm18a_save.cpp	1282	1283	sqlstr = "DELETE TPSSM11C  ";
p_pssm_13070/pssm18a_save.cpp	1286	1287	sqlstr = "INSERT INTO TPSSM11C SELECT * FROM TPSSM11";
p_pssm_13070/pssm18a_save.cpp	1291	1292	sqlstr = "DELETE TPSSM12C  ";
p_pssm_13070/pssm18a_save.cpp	1295	1296	sqlstr = "INSERT INTO TPSSM12C SELECT * FROM TPSSM12";
p_pssm_13070/pssm18b_rt_inq.cpp	71	75	sqlstr = " SELECT HEAT_NO FROM TPSSM11 \
p_pssm_13070/pssm18b_rt_inq.cpp	105	108	sqlstr = " SELECT DEV_CODE,STATION_NAME FROM TPSSMD1 \
p_pssm_13070/pssm18b_rt_inq.cpp	132	135	sqlstr = " SELECT PONO FROM TPSSM11 \
p_pssm_13070/pssm18b_rt_inq2.cpp	83	86	sqlstr = " SELECT A.* FROM TPSSM35 A, TPSSM11 B  \
p_pssm_13070/pssm18b_rt_upd.cpp	102	103	sqlstr = " SELECT RUN_STATUS,PONO,STEEL_RETURN_CODE,SM_PLAN_NO  FROM  TPSSM11 \
p_pssm_13070/pssm18b_rt_upd.cpp	256	258	sqlstr = " SELECT RUN_STATUS ,SM_PLAN_NO,STEEL_RETURN_CODE FROM TPSSM11 \
p_pssm_13070/pssm18r_rt_inq.cpp	67	72	sqlstr = " SELECT HEAT_NO FROM TPSSM11 \
p_pssm_13070/pssm18r_rt_inq.cpp	97	100	sqlstr = " SELECT DEV_CODE,STATION_NAME FROM TPSSMD1 \
p_pssm_13070/pssm18r_rt_upd.cpp	189	191	sqlstr = "SELECT DEV_CODE FROM TPSSM12 "
p_pssm_13070/pssm18r_rt_upd.cpp	364	370	sqlstr = " UPDATE TPSSM11 \
p_pssm_13070/pssm18r_rt_upd.cpp	596	597	sqlstr = "  SELECT DA_HEAT_BACK_SEQ.nextval FROM dual  ";
p_pssm_13070/pssm18r_rt_upd.cpp	604	605	sqlstr = "  SELECT ST_NO FROM TPSSM11 WHERE HEAT_NO = @heat_no  ";
p_pssm_13070/pssm18r_rt_upd.cpp	613	614	sqlstr = " INSERT INTO DA_HEAT_BACK (ID,HEAT_NUMBER,HEAT_BACK_RATIO,HEAT_BACK,CONSUME_ID,TIME_STAMP,IS_CANCEL,IS_UP,IS_UP_TIME,SCRAP_WEIGHT,STEEL_BACK) VALUES(@
p_pssm_13070/pssm18z_inq.cpp	105	106	sqlstr = " SELECT * from  tep0002 where CODE_CLASS='PM16' ";
p_pssm_13070/pssm18z_inq.cpp	111	112	sqlstr = " SELECT * from  tep0002 where CODE_CLASS='PSAL2N' ";
p_pssm_13070/pssm18z_inq.cpp	370	370	sqlstr = "  with temp AS  (   "
p_pssm_13070/pssm18z_inq.cpp	371	376	"  SELECT  a.*, B.CC_SEQ,B.SG_SIGN,B.CAST_LOT_NO,B.CAST_LOT_DIV_NO,B.CAST_LOT_SUM,B.REFINE_DIV,B.PLAN_POUR_WT,B.NEW_TEST_NO,B.PLAN_DATE   "
p_pssm_13070/pssm18z_inq.cpp	377	378	"  SELECT * FROM TEMP  ORDER BY CAST_NO ASC, CAST_DIV_NO ASC    ";
p_pssm_13070/pssm18z_inq.cpp	426	429	" SELECT * FROM TPSSM12_ZPL "
p_pssm_13070/pssm18z_inq.cpp	537	542	" SELECT * FROM TPSSMD1 "
p_pssm_13070/pssm18z_inq.cpp	583	589	" SELECT A.*, NVL(B.CODE_DESC_1_CONTENT, ' ') FROM TPSSM10 A "
p_pssm_13070/pssm18z_inq.cpp	684	692	sqlstr = " SELECT CAST_SPEED FROM TPSSMDA \
p_pssm_13070/pssm18z_inq.cpp	737	745	sqlstr = " SELECT CAST_SPEED FROM TPSSMDA "
p_pssm_13070/pssm18z_inq.cpp	804	809	" SELECT * FROM TPSSM18 "
p_pssm_13070/pssm18z_inq.cpp	850	851	sqlstr = "SELECT * FROM TPSSMD3 ";
p_pssm_13070/pssm18z_inq.cpp	864	867	" SELECT DISTINCT(ST_NO) FROM TPSSM10 "
p_pssm_13070/pssm18z_inq.cpp	985	992	" SELECT DISTINCT d3.ST_NO, d1.DEV_TECH_CODE, d3.STD_PROC_TIME, d1.AREA_ID, d3.SMELT_MODE, d3.SMELT_MODE2, d3.STD_PREP_TIME "
p_pssm_13070/pssm18z_inq.cpp	1018	1019	" SELECT DISTINCT DEV_CODE FROM TPSSMD1 WHERE DEV_TECH_CODE = @DEV_TECH_CODE AND AREA_ID = @AREA_ID AND FACTORY_DIV = @FACTORY_DIV "
p_pssm_13070/pssm18z_inq.cpp	1117	1124	sqlstr = " SELECT T.ST_NO,A.DEV_CODE,T.STD_PROC_TIME ,A.AREA_ID, T.SMELT_MODE, T.SMELT_MODE2, T.STD_PREP_TIME "
p_pssm_13070/pssm18z_inq.cpp	1289	1290	sqlstr = "SELECT * FROM TPSSMD1 ";
p_pssm_13070/pssm18z_inq.cpp	1304	1305	sqlstr = " SELECT DEV_MOVE_START,MOVE_TIME,DEV_MOVE_END,TRAN_TYPE FROM TPSSMD6 \
p_pssm_13070/pssm18z_inq.cpp	1373	1374	sqlstr = " SELECT * FROM TPSSMD9 WHERE FACTORY_DIV = @v_factory_div  ";
p_pssm_13070/pssm18z_inq.cpp	1402	1403	sqlstr = " SELECT * FROM TPSSM19 WHERE FACTORY_DIV = @v_factory_div AND DEV_TECH_CODE IN ('B','E','A','Z') ORDER BY AREA_ID ";
p_pssm_13070/pssm18z_inq.cpp	1427	1428	sqlstr = " SELECT * FROM TPSSMDH WHERE FACTORY_DIV = @v_factory_div and st_no in (select distinct st_no from tpssm10) ";
p_pssm_13070/pssm18z_inq.cpp	1448	1449	sqlstr = " SELECT * FROM TPSSMDJ ";
p_pssm_13070/pssm18z_inq.cpp	1469	1470	sqlstr = " SELECT * FROM TPSSMD7 WHERE FACTORY_DIV = @v_factory_div ORDER BY ROUTELIST,CHARGE_NO ";
p_pssm_13070/pssm18z_inq.cpp	1498	1507	sqlstr = " SELECT * FROM TPSSM03 WHERE PONO IN "
p_pssm_13070/pssm18z_inq.cpp	1581	1582	sqlstr = " SELECT sum(SLAB_SEQ_2) FROM TPSSM03 WHERE LSLAB_NO = @LSLAB_NO ";
p_pssm_13070/pssm18z_inq.cpp	1611	1612	sqlstr = " SELECT MAX(TIME_1) FROM TPSSM11 ";
p_pssm_13070/pssm18z_inq.cpp	1630	1631	sqlstr = " SELECT * FROM TAPBD006S2N ";
p_pssm_13070/pssm18z_inq.cpp	1652	1653	sqlstr = " SELECT * FROM TPSSM12Z WHERE DECODE(END_TIME_REAL,' ',END_TIME,END_TIME_REAL) > TO_CHAR(SYSDATE - 1 , 'YYYYMMDDHH24MISS') OR ( END_TIME_REAL = ' ' AN
p_pssm_13070/pssm18z_inq.cpp	1673	1674	sqlstr = " SELECT count(1) FROM TPSSM12 WHERE SM_PLAN_NO = @SM_PLAN_NO AND DEV_CODE LIKE 'B%' order by CHARGE_NO asc";
p_pssm_13070/pssm18z_inq.cpp	1679	1680	sqlstr = " SELECT count(1) FROM TPSSM12 WHERE SM_PLAN_NO = @SM_PLAN_NO AND DEV_CODE LIKE 'E%' order by CHARGE_NO asc";
p_pssm_13070/pssm25_inq.cpp	145	148	sqlstr = " SELECT CURR_PROC_NO FROM TPSSM25 "
p_pssm_13070/pssm25_inq.cpp	208	212	sqlstr = " SELECT MIN(CHARGE_NO) "
p_pssm_13070/pssm25_inq.cpp	244	248	sqlstr = " SELECT MIN(CHARGE_NO) FROM TPSSM12 "
p_pssm_13070/pssm25_inq.cpp	294	299	sqlstr = " SELECT COUNT(*) FROM TPSSM12 "
p_pssm_13070/pssm25_inq.cpp	320	325	sqlstr = " SELECT PROC_NO FROM TPSSM12 "
p_pssm_13070/pssm25_inq.cpp	371	375	sqlstr = " SELECT PRE_PROC_NO FROM TPSSM12 "
p_pssm_13070/pssm25_inq.cpp	405	412	sqlstr = " SELECT DECODE(ARRIVE_REAL_TIME,' ',LADLE_ARRIVE_TIME,ARRIVE_REAL_TIME), \
p_pssm_13070/pssm25_inq.cpp	457	460	sqlstr = " SELECT MIN(CHARGE_NO) FROM TPSSM12 "
p_pssm_13070/pssm25_inq.cpp	487	495	sqlstr = " SELECT DECODE(ARRIVE_REAL_TIME,' ',LADLE_ARRIVE_TIME,ARRIVE_REAL_TIME), \
p_pssm_13070/pssm28_yy_inq.cpp	59	63	sqlstr = "SELECT count(PONO) AS COUNT1 FROM TQMTS23 WHERE DECI_ST_NO = 'YY000000' "
p_pssm_13070/pssm28_yy_inq.cpp	64	67	" SELECT SM_PLAN_NO FROM TPSSM42 WHERE AREA_ID = '5' "
p_pssm_13070/pssm41_inq.cpp	209	212	" SELECT MIN(START_TIME_REAL), MIN(START_TIME) "
p_pssm_13070/pssm41_inq.cpp	238	238	" SELECT * FROM ( "
p_pssm_13070/pssm41_inq.cpp	239	243	" SELECT a.*, b.* FROM TPSSM11 a, TPSSM10 b "
p_pssm_13070/pssm41_inq.cpp	244	249	" SELECT c.*, d.* FROM TPSSM41 c, TPSSM40 d "
p_pssm_13070/pssm41_inq.cpp	256	260	" SELECT a.*, b.* FROM TPSSM11 a, TPSSM10 b "
p_pssm_13070/pssm41_inq.cpp	261	266	" SELECT c.*, d.* FROM TPSSM41 c, TPSSM40 d "
p_pssm_13070/pssm41_inq.cpp	302	302	" SELECT * FROM ("
p_pssm_13070/pssm41_inq.cpp	303	307	" SELECT * FROM TPSSM12 "
p_pssm_13070/pssm41_inq.cpp	308	313	" SELECT * FROM TPSSM42 "
p_pssm_13070/pssm41_inq.cpp	375	379	" SELECT * FROM TPSSMD1 "
p_pssm_13070/pssm41_inq.cpp	414	420	" SELECT A.*, NVL(B.CODE_DESC_1_CONTENT, ' ') FROM TPSSM10 A "
p_pssm_13070/pssm41_inq.cpp	471	479	sqlstr = " SELECT CAST_SPEED FROM TPSSMDA \
p_pssm_13070/pssm41_inq.cpp	528	531	" SELECT * FROM TPSSM18 "
p_pssm_13070/pssm41_inq.cpp	566	569	" SELECT DISTINCT(ST_NO) FROM TPSSM10 "
p_pssm_13070/pssm41_inq.cpp	595	601	" SELECT DISTINCT d3.ST_NO, d1.DEV_CODE, d3.STD_PROC_TIME, d1.AREA_ID, d3.SMELT_MODE "
p_pssm_13070/pssm41_inq.cpp	662	667	sqlstr = " SELECT T.ST_NO,A.DEV_CODE,T.STD_PROC_TIME ,A.AREA_ID, T.SMELT_MODE  \
p_pssm_13070/pssm41_inq.cpp	766	767	sqlstr = " SELECT DEV_MOVE_START,MOVE_TIME,DEV_MOVE_END FROM TPSSMD6 \
p_pssm_13070/pssm41_inq.cpp	801	802	sqlstr = " SELECT * FROM TPSSMD9 \
p_pssm_13070/pssm41_inq.cpp	828	830	sqlstr = " SELECT * FROM TPSSM19 \
p_pssm_13090/pssm11_add.cpp	169	170	sqlstr = CString(" UPDATE TPSSM11 SET PLAN_EDIT_FLAG = ' ' WHERE FACTORY_DIV = @v_factory_div ");
p_pssm_13090/pssm11_cast_tm.cpp	131	137	" UPDATE TPSSM11 "
p_pssm_13090/pssm11_cast_tm.cpp	158	166	" UPDATE TPSSM11 "
p_pssm_13090/pssm11_cast_tm.cpp	209	213	sqlstr = " SELECT PONO "
p_pssm_13090/pssm11_cast_upd.cpp	77	81	"SELECT CAST_NO, CAST_DIV_NO "
p_pssm_13090/pssm11_cast_upd.cpp	154	155	sqlstr = CString("SELECT CAST_NO,MAX(CAST_DIV_NO) FROM TPSSM11 WHERE FACTORY_DIV = @FACTORY_DIV AND CC_MACH_NO = @CC_MACH_NO AND RUN_STATUS < '52' GROUP BY CAST
p_pssm_13090/pssm11_del.cpp	131	135	" SELECT * FROM TPSSM11 "
p_pssm_13090/pssm11_del.cpp	222	228	" SELECT SM_PLAN_NO, PONO, CAST_NO FROM TPSSM11 "
p_pssm_13090/pssm11_del.cpp	307	313	" UPDATE TPSSM11 "
p_pssm_13090/pssm11_dev_inq.cpp	107	110	"SELECT * FROM TPSSMD1 "
p_pssm_13090/pssm11_dev_inq.cpp	142	145	sqlstr = "SELECT * FROM TPSSM12 "
p_pssm_13090/pssm11_devno.cpp	110	113	" UPDATE TPSSM23 SET "
p_pssm_13090/pssm11_inq.cpp	153	157	"SELECT * FROM TPSSM11 "
p_pssm_13090/pssm11_inq.cpp	213	217	"SELECT * FROM TPSSM12 "
p_pssm_13090/pssm11_inq.cpp	576	579	"SELECT * FROM TPSSMT1 "
p_pssm_13090/pssm11_inq_cast.cpp	77	83	"SELECT * "
p_pssm_13090/pssm11_inq_cast.cpp	114	118	"SELECT STRAND_NO, MIN(SLAB_WIDTH), MIN(SLAB_THICK) FROM TPSSM03 "
p_pssm_13090/pssm11_mach.cpp	43	44	sqlstr = "SELECT * FROM TPSSM17 WHERE 1= 1 "
p_pssm_13090/pssm11_plan.cpp	251	256	" SELECT * FROM TPSSM12 "
p_pssm_13090/pssm11_plan.cpp	281	286	" SELECT nvl(b.STD_PROC_TIME,30) STD_PROC_TIME,a.* FROM TPSSMD1 a,(select max(std_proc_time) std_proc_time, dev_code from TPSSMD3 group by dev_code) b "
p_pssm_13090/pssm11_plan.cpp	319	326	sqlstr = CString(" SELECT row_number() over(ORDER BY CC_SEQ) rowNum, a.*, b.PONO b_PONO ,b.PONO_STATUS b_PONO_STATUS, b.* "
p_pssm_13090/pssm11_plan.cpp	327	328	sqlstrCount = " select max(rowNum) from(" + sqlstr + ") where b_PONO is not null and b_PONO_STATUS >= 20 ";
p_pssm_13090/pssm11_plan.cpp	409	410	sqlstr_tpssm35 = CString(" SELECT * FROM TPSSM35 WHERE RET_PONO=@PONO ORDER BY RET_TIME ");
p_pssm_13090/pssm11_plan.cpp	720	724	" UPDATE TPSSM11 "
p_pssm_13090/pssm11_proc.cpp	48	49	sqlstr = "SELECT * FROM TPSSM33 WHERE FACTORY_DIV = @factory_div ORDER BY AREA_ID,STATION_ID,STATION_NO";
p_pssm_13090/pssm11_proc.cpp	111	112	sqlstr = "SELECT * FROM TPSSM33 WHERE FACTORY_DIV = @factory_div ORDER BY AREA_ID,STATION_ID,STATION_NO";
p_pssm_13090/pssm11_respond.cpp	44	45	sqlstr = "SELECT * FROM TPSSM33 WHERE FACTORY_DIV = @factory_div ORDER BY AREA_ID,STATION_ID,STATION_NO";
p_pssm_13090/pssm11_seq_inq.cpp	62	68	"SELECT A.*,B.* FROM TPSSM12 A, TPSSM11 B "
p_pssm_13090/pssm11_seq_inq.cpp	69	73	"		SELECT SM_PLAN_NO FROM TPSSM11 "
p_pssm_13090/pssm11_seq_inq.cpp	101	107	"SELECT A.*,B.* FROM TPSSM12 A, TPSSM11 B "
p_pssm_13090/pssm11_seq_inq.cpp	108	112	"		SELECT SM_PLAN_NO FROM TPSSM11 "
p_pssm_13090/pssm11_seq_upd.cpp	70	74	" SELECT COUNT(1) FROM TPSSMD1 "
p_pssm_13090/pssm11_seq_upd.cpp	89	93	" SELECT * FROM TPSSMD1 "
p_pssm_13090/pssm11_seq_upd.cpp	114	118	" SELECT CURR_PROC_NO FROM TPSSM25 "
p_pssm_13090/pssm11_time_inq.cpp	63	74	"SELECT A.*,B.* FROM TPSSM12 A, TPSSM11 B "
p_pssm_13090/pssm11_time_inq.cpp	75	79	"		SELECT SM_PLAN_NO FROM TPSSM11 "
p_pssm_13090/pssm11a_plan_inq.cpp	53	64	sqlstr = "SELECT TPSSM12.DEV_CODE,TPSSM12.PROC_TIME,TPSSM12.START_TIME,TPSSM12.END_TIME,TPSSM12.AREA_ID,TPSSM12.CHARGE_NO"
p_pssm_13090/pssm11a_plan_inq.cpp	101	104	sqlstr = "select tpssmd1.DEV_CODE,tpssmd1.STATION_NAME,tpssmd3.STD_PREP_TIME,tpssmd3.STD_PROC_TIME "
p_pssm_13090/pssm11add_init.cpp	78	81	" SELECT * FROM TPSSMD1 "
p_pssm_13090/pssm11add_init.cpp	142	145	" SELECT * FROM TPSSM26 "
p_pssm_13090/pssm11add_inq.cpp	87	91	" SELECT * FROM TPSSM26 "
p_pssm_13090/pssm11add_inq2.cpp	74	79	" SELECT * FROM TPSSM10 "
p_pssm_13090/pssm11c_inq.cpp	91	94	sqlstr_count = " SELECT COUNT(1) "
p_pssm_13090/pssm11c_inq.cpp	95	98	sqlstr = " SELECT * "
p_pssm_13090/pssm11proc_inq.cpp	59	63	"SELECT a.DEV_CODE, a.STATION_NAME, a.AREA_ID, b.* "
p_pssm_13090/pssm11retdlg_inq.cpp	93	97	" SELECT * FROM TPSSM11 "  //
p_pssm_13090/pssm11signal_inq.cpp	88	90	sqlstr = " SELECT TO_NUMBER(CODE), CODE_DESC_1_CONTENT FROM TEP0002 T WHERE CODE_CLASS = 'PSA2' \
p_pssm_13090/pssm11signal_inq.cpp	110	114	sqlstr = "SELECT DEV_CODE||'-'|| CHARGE_NO, DEV_CODE, CHARGE_NO, HEAT_NO FROM TPSSM12 T	 \
p_pssm_13090/pssm11signal_inq.cpp	116	120	sqlstr = "SELECT DEV_CODE||'-'|| CHARGE_NO, DEV_CODE, CHARGE_NO, HEAT_NO FROM TPSSM12 T	 \
p_pssm_13090/pssm11signal_inq.cpp	126	130	sqlstr = "  SELECT * FROM ( \
p_pssm_13090/pssm11signal_inq.cpp	156	158	sqlstr = " SELECT DEV_CODE||'-'|| CHARGE_NO FROM TPSSM12 "
p_pssm_13090/pssm11signal_inq.cpp	183	186	sqlstr = " SELECT START_TIME,END_TIME,START_TIME_REAL,END_TIME_REAL,PRE_PROC_NO FROM TPSSM12"
p_pssm_13090/pssm11signal_inq.cpp	229	234	sqlstr = "SELECT DEV_CODE||'-'|| CHARGE_NO, DEV_CODE, CHARGE_NO, HEAT_NO FROM TPSSM12 T	 \
p_pssm_13090/pssm11signal_inq.cpp	236	241	sqlstr = "SELECT DEV_CODE||'-'|| CHARGE_NO, DEV_CODE, CHARGE_NO, HEAT_NO FROM TPSSM12 T	 \
p_pssm_13090/pssm11signal_inq.cpp	247	252	sqlstr = "  SELECT * FROM ( \
p_pssm_13090/pssm11signal_inq.cpp	279	281	sqlstr = " SELECT DEV_CODE||'-'|| CHARGE_NO FROM TPSSM12 "
p_pssm_13090/pssm11signal_inq.cpp	306	309	sqlstr = " SELECT START_TIME,END_TIME,START_TIME_REAL,END_TIME_REAL,PRE_PROC_NO FROM TPSSM12"
p_pssm_13090/pssm11stchg_inq.cpp	88	89	sqlstr = CString(" SELECT * FROM TPSSM10 WHERE PONO_STATUS = 16 ");//16-命令接收
p_pssm_13090/pssm11stchg_stno_inq.cpp	98	99	sqlPlanStr = CString(" select count(PONO) HAS_PONO,ST_NO FROM TPSSM10 "
p_pssm_13090/pssm11stchg_stno_inq.cpp	103	104	sqlPlanStr = CString(" select count(PONO) HAS_PONO,ST_NO FROM TPSSM10 "
p_pssm_13090/pssm11stchg_stno_inq.cpp	111	115	" select A.ST_NO,HAS_PONO,'9' OK_FLAG "
p_pssm_13090/pssm11stchg_stno_inq.cpp	140	146	sqlstr = " SELECT * "
p_pssm_13090/pssm11stdlg_inq.cpp	69	73	" SELECT * FROM TPSSMD1 "
p_pssm_13090/pssm11t_inq.cpp	99	102	" SELECT * FROM TPSSMD1 "
p_pssm_13090/pssm11t_inq.cpp	128	133	" SELECT b.CAST_NO, b.CAST_DIV_NO, a.* FROM TPSSM10 a left join TPSSM11 b "
p_pssm_13090/pssm11t_inq.cpp	177	177	"SELECT min(PLAN_SLAB_WIDTH), max(PLAN_SLAB_WIDTH), count(*) FROM ( "
p_pssm_13090/pssm11t_inq.cpp	178	183	"  SELECT PLAN_SLAB_WIDTH FROM TPSSM03 "
p_pssm_13090/pssm11t_inq.cpp	203	203	"SELECT min(PLAN_SLAB_WIDTH), max(PLAN_SLAB_WIDTH), count(*) FROM ( "
p_pssm_13090/pssm11t_inq.cpp	204	209	"  SELECT PLAN_SLAB_WIDTH FROM TPSSM03 "
p_pssm_13090/pssm11u_inq.cpp	96	102	" SELECT b.CAST_NO, b.CAST_DIV_NO, a.* FROM TPSSM10 a left join TPSSM11 b "
p_pssm_13090/pssm11u_inq.cpp	148	148	"SELECT min(PLAN_SLAB_WIDTH), max(PLAN_SLAB_WIDTH), count(*) FROM ( "
p_pssm_13090/pssm11u_inq.cpp	149	154	"  SELECT PLAN_SLAB_WIDTH FROM TPSSM03 "
p_pssm_13090/pssm11u_inq.cpp	174	174	"SELECT min(PLAN_SLAB_WIDTH), max(PLAN_SLAB_WIDTH), count(*) FROM ( "
p_pssm_13090/pssm11u_inq.cpp	175	180	"  SELECT PLAN_SLAB_WIDTH FROM TPSSM03 "
p_pssm_13090/pssm12_init.cpp	91	94	" SELECT * FROM TPSSMD1 "
p_pssm_13090/pssm12_inq.cpp	161	164	sqlstr = "SELECT * FROM TPSSM11 WHERE 1 = 1 ";
p_pssm_13090/pssm12_inq.cpp	215	219	"SELECT * FROM TPSSM12 "
p_pssm_13090/pssm12a_cctime.cpp	95	97	" SELECT PONO, PONO_STATUS, CC_MACH_NO, CAST_NO, CAST_DIV_NO"
p_pssm_13090/pssm12a_cctime.cpp	140	144	"SELECT SM_PLAN_NO, CAST_NO FROM TPSSM11 "
p_pssm_13090/pssm12a_inq.cpp	181	185	"SELECT * FROM TPSSM11 "
p_pssm_13090/pssm12a_inq.cpp	217	221	"SELECT * FROM TPSSM12 "
p_pssm_13090/pssm12v_inq.cpp	61	61	sqlstr = " SELECT * FROM (  "
p_pssm_13090/pssm12v_inq.cpp	62	64	"  SELECT SM_PLAN_NO, SPLIT_INDICATION, 0 TREATMENT_COUNTER, ' ' DEV_CODE, ' ' START_TIME, ' ' END_TIME, ST_NO, (SELECT C_DIV FROM TPSSM10 WHERE PONO = B.PONO) 
p_pssm_13090/pssm12v_inq.cpp	65	70	"  SELECT T.SM_PLAN_NO SM_PLAN_NO, T.SPLIT_INDICATION  SPLIT_INDICATION, T.TREATMENT_COUNTER TREATMENT_COUNTER, T.DEV_CODE DEV_CODE, T.START_TIME START_TIME, T.
p_pssm_13090/pssm13_inq.cpp	119	123	"SELECT a.*, b.* FROM TPSSM13 a LEFT JOIN TPSSM19 b "
p_pssm_13090/pssm13_inq.cpp	159	161	sqlstr = "SELECT * FROM TPSSM14 "
p_pssm_13090/pssm18_inq.cpp	181	183	" SELECT MIN(START_TIME_REAL), MIN(START_TIME) "
p_pssm_13090/pssm18_inq.cpp	214	217	" SELECT a.*, b.* FROM TPSSM11 a left join TPSSM10 b"
p_pssm_13090/pssm18_inq.cpp	244	248	" SELECT * FROM TPSSM12 "
p_pssm_13090/pssm18_inq.cpp	320	323	" SELECT * FROM TPSSMD1 "
p_pssm_13090/pssm18_inq.cpp	377	380	" SELECT * FROM TPSSM10 "
p_pssm_13090/pssm18_inq.cpp	423	425	" SELECT * FROM TPSSM18 "
p_pssm_13090/pssm18_inq.cpp	457	459	" SELECT DISTINCT(ST_NO) FROM TPSSM10 "
p_pssm_13090/pssm18_inq.cpp	486	490	" SELECT ST_NO, d1.DEV_CODE, d5.STD_PROC_TIME "
p_pssm_13090/pssm18_inq.cpp	524	529	" SELECT T.ST_NO,A.DEV_CODE,C.STD_PROC_TIME "
p_pssm_13090/pssm18_inq.cpp	564	566	" SELECT DEV_MOVE_START, MOVE_TIME, DEV_MOVE_END "
p_pssm_13090/pssm28_catch.cpp	49	50	sqlstr = "select * from tpssm26 where FACTORY_DIV=@factory_div ";
p_pssm_13090/pssm28_catch.cpp	67	69	sqlstr = "update tpssm26 set ARCHIVE_FLAG = @tpssm26.ARCHIVE_FLAG"
p_pssm_13090/pssm28_catch.cpp	79	80	Log::Info("", __FUNCTION__, "update sqlstr=[{0}]", sqlstr);
p_pssm_13090/pssm28_catch.cpp	94	98	sqlstr = "update tpssm26 set REC_REVISOR = @tpssm26.REC_REVISOR "
p_pssm_13090/pssm28_catch.cpp	128	129	Log::Info("", __FUNCTION__, "update sqlstr=[{0}]", sqlstr);
p_pssm_13090/pssm28_catch.cpp	143	144	sqlstr = "select COUNT(1) from tep0002 where code_class = 'PSAZ2N' AND CODE_DESC_1_CONTENT LIKE @USER_ADM ";
p_pssm_13090/pssm38_inq.cpp	65	66	sqlstr = "SELECT COUNT(*) FROM TPSSM63 WHERE 1=1 ";
p_pssm_13090/pssm38_inq.cpp	72	73	sqlstr = "SELECT DISTINCT PROD_DATE FROM TPSSM63 WHERE PROD_DATE >= @date_time "
p_pssm_13090/pssm38_inq.cpp	84	85	sqlstr = "SELECT * FROM TPSSM63 WHERE 1=1 ";
p_pssm_13090/pssm38_upt.cpp	106	108	sqlstr = "SELECT SUM(SUM_SHIFT1),SUM(SUM_SHIFT2),SUM(SUM_SHIFT3),COUNT(*) FROM TPSSM63 WHERE PROD_DATE=@prod_date "
p_pssm_13090/pssm38_upt.cpp	154	155	sqlstr = "SELECT * FROM TPSSM63 WHERE PROD_DATE=@prod_date "
p_pssm_13090/pssm38_upt.cpp	159	161	sqlstr = "SELECT * FROM TPSSM63 WHERE PROD_DATE=@prod_date "
p_pssm_13090/pssm38_upt.cpp	244	245	sqlstr = "SELECT * FROM TPSSM63 WHERE PROD_DATE=@prod_date "
p_pssm_13110/pssm03_order_inq.cpp	65	68	sqlstr = " SELECT T.*, T1.APN_DESC, T1.ORDER_CUST_CNAME, T1.CONSIGN_CUST_CNAME, t1.ORDER_WIDTH, t1.ORDER_THICK, t2.CC_MACH_NO, t2.ST_NO  FROM TPSSM03 t LEFT JOI
p_pssm_13110/pssm20_inq.cpp	66	88	sqlstr = " SELECT substr(e.dev_code,2,1) furnace_no, a.sm_plan_no, a.pono, a.heat_no, a.st_no, a.SMELT_MODE "
p_pssm_13110/pssm20_inq.cpp	207	208	sqlstr ="select STATION_ID ,STATION_NO ,CURR_PROC_NO from tpssm25 a "
p_pssm_13110/pssm20_inq.cpp	222	223	sqlstr=" SELECT DEV_CODE,CAST_NO||'-'||CAST_DIV_NO CAST_INFO FROM TPSSM26 a "
p_pssm_13110/pssm20t_inq.cpp	66	67	sqlstr = " select * from tpssm11 a "
p_pssm_13110/pssm33_elm.cpp	48	49	CString sqlElmCode = "SELECT CODE FROM TEP0002 WHERE CODE_CLASS = 'QMYS' ORDER BY CODE ";
p_pssm_13110/pssm33_elm.cpp	65	68	sqlstr = " SELECT PONO,HEAT_NO,ST_SAMPLE_NO," + sqlElmCol + " FROM TQMTS25 WHERE 1 = 1 ";
p_pssm_13110/pssm33_sts.cpp	30	31	sqlstr = " SELECT * FROM TPSSM33 ";
p_pssm_13110/pssm33_tip.cpp	49	52	sqlstr = " SELECT * FROM TMMSMT1 WHERE ENABLE_FLAG = '1' ";
p_pssm_13110/pssm82_inq.cpp	98	100	sqlstr_count = " SELECT COUNT(1) "
p_pssm_13110/pssm82_inq.cpp	102	104	sqlstr = " SELECT * "
p_pssm_13110/pssm82_snd.cpp	87	88	str = " SELECT LPAD(PSSM82_ID.nextval, 6, '0') FROM dual   ";
p_pssm_13110/pssmd1_inq.cpp	42	42	sqlstr = " SELECT * FROM  " + table_name +    "  WHERE 1 = 1";
p_pssm_13110/pssmd1_inq.cpp	45	50	" SELECT COUNT(1)  FROM  " + table_name + "  WHERE 1 = 1   ";
p_pssm_13110/pssmd1_inq2.cpp	56	60	sqlstr = "SELECT * FROM TPSSMD1 "
p_pssm_13110/pssmd1_inq_cc.cpp	60	63	sqlstr = " SELECT STATION_NO CC_MACH_NO, STATION_NAME  FROM   TPSSMD1 WHERE AREA_ID  = 5 ";
p_pssm_13110/pssmd1_pro.cpp	81	82	sqlstr = "INSERT INTO " + table_name;
p_pssm_13110/pssmd1_pro.cpp	106	107	sqlstr = "UPDATE " + table_name + " SET ";
p_pssm_13110/pssmd1_pro.cpp	123	124	sqlstr = "DELETE FROM " + table_name;
p_pssm_13110/pssmd1_save.cpp	57	58	sqlstr = "INSERT INTO " + table_name;
p_pssm_13110/pssmd1_save.cpp	113	114	sqlstr = "DELETE FROM " + table_name;
p_pssm_13110/pssmd6_inq.cpp	48	49	sqlstr= "SELECT * FROM TPSSMD6 WHERE FACTORY_DIV = @factory_div ";
p_pssm_13110/pssmsida_ins.cpp	93	105	sqlstr = CString(" SELECT COUNT(1) FROM TPSSMDA "
p_pssm_13110/pssmsida_ins.cpp	153	161	sqlstr = CString(" SELECT COUNT(1) FROM TPSSMDA "
p_pssm_13110/pssmsida_ins.cpp	193	194	sqlstr = CString(" SELECT COUNT(1) FROM TPSSMDA ");
p_pssm_13110/pssmsida_ins.cpp	217	218	sqlstr = CString(" SELECT MAX(IDX_NO) FROM TPSSMDA ");
p_pssm_13110/pssmsif_del.cpp	54	55	sqlstr = "delete from " + table_name + " where ?=?";
p_pssm_13110/pssmsif_inq.cpp	71	72	sqlstr = " SELECT ITEM_ENAME,ITEM_KEY_FLAG FROM TED54 WHERE FUNC_ID = @FUNC_ID ORDER BY SEQ_NO ";
p_pssm_13110/pssmsif_inq.cpp	84	84	sqlstr_count = " SELECT COUNT(1) FROM " + table_name;
p_pssm_13110/pssmsif_inq.cpp	85	89	sqlstr = " SELECT * FROM " + table_name;
p_pssm_13110/pssmsif_ins.cpp	55	56	sqlstr = "insert into " + table_name + " (?)values(?)";
p_pssm_13110/pssmsif_pro.cpp	56	57	sqlstr = " SELECT ITEM_ENAME,ITEM_KEY_FLAG FROM TED54 WHERE FUNC_ID = @FUNC_ID ";
p_pssm_13110/pssmsif_pro.cpp	86	87	sqlstr = "INSERT INTO " + table_name;
p_pssm_13110/pssmsif_pro.cpp	111	112	sqlstr = "UPDATE " + table_name + " SET ";
p_pssm_13110/pssmsif_pro.cpp	128	129	sqlstr = "DELETE FROM " + table_name;
p_pssm_13110/pssmsif_upd.cpp	70	71	sqlstr = "UPDATE " + table_name;
p_pssm_13110/pssmzlf2_inq.cpp	92	95	sqlstr_count = " SELECT COUNT(1) "
p_pssm_13110/pssmzlf2_inq.cpp	96	97	sqlstr = " SELECT *   FROM TPSSM10  WHERE 1=1 AND CC_MACH_NO	 IN('3','4' ) AND PONO_STATUS <18 OR PONO IN(SELECT PONO FROM  TPSSM11 WHERE RUN_STATUS< 50 )  "
p_pssm_13110/pssmzlf3_pro.cpp	60	61	sqlstr = " SELECT *  FROM  TPSSM03   WHERE   PONO = @pono ";
p_pssm_13130/pssm17_copy.cpp	44	45	sqlstr = " DELETE FROM TPSSM15 ";
p_pssm_13130/pssm17_copy.cpp	49	50	sqlstr = " DELETE FROM TPSSM16 ";
p_pssm_13130/pssm17_copy.cpp	54	55	sqlstr = " DELETE FROM TPSSM17 ";
p_pssm_13130/pssm17_copy.cpp	59	60	sqlstr = " INSERT INTO TPSSM15 SELECT * FROM TPSSM11 ";
p_pssm_13130/pssm17_copy.cpp	64	65	sqlstr = " INSERT INTO TPSSM16 SELECT * FROM TPSSM12 ";
p_pssm_13130/pssm17_copy.cpp	69	70	sqlstr = " INSERT INTO TPSSM17 SELECT * FROM TPSSM10 ";
p_pssm_13130/pssm17_inq.cpp	117	118	sqlstr = "SELECT * FROM TPSSMD3 ";
p_pssm_13130/pssm17_inq.cpp	124	125	sqlstr = " SELECT * from  tep0002 where CODE_CLASS='PM16' ";
p_pssm_13130/pssm17_inq.cpp	312	315	" SELECT MIN(START_TIME_REAL), MIN(START_TIME) "
p_pssm_13130/pssm17_inq.cpp	347	351	" SELECT a.*, b.* FROM TPSSM15 a, TPSSM17 b "
p_pssm_13130/pssm17_inq.cpp	388	393	" SELECT * FROM TPSSM16 "
p_pssm_13130/pssm17_inq.cpp	476	481	" SELECT * FROM TPSSMD1 "
p_pssm_13130/pssm17_inq.cpp	518	524	" SELECT A.*, NVL(B.CODE_DESC_1_CONTENT, ' ') FROM TPSSM17 A "
p_pssm_13130/pssm17_inq.cpp	598	606	sqlstr = " SELECT CAST_SPEED FROM TPSSMDA \
p_pssm_13130/pssm17_inq.cpp	652	660	sqlstr = " SELECT CAST_SPEED FROM TPSSMDA "
p_pssm_13130/pssm17_inq.cpp	712	715	" SELECT * FROM TPSSM18 "
p_pssm_13130/pssm17_inq.cpp	752	753	sqlstr = "SELECT * FROM TPSSMD3 ";
p_pssm_13130/pssm17_inq.cpp	766	769	" SELECT DISTINCT(ST_NO) FROM TPSSM17 "
p_pssm_13130/pssm17_inq.cpp	795	802	" SELECT DISTINCT d3.ST_NO, d1.DEV_TECH_CODE, d3.STD_PROC_TIME, d1.AREA_ID, d3.SMELT_MODE, d3.SMELT_MODE2, d3.STD_PREP_TIME "
p_pssm_13130/pssm17_inq.cpp	823	824	" SELECT DISTINCT DEV_CODE FROM TPSSMD1 WHERE DEV_TECH_CODE = @DEV_TECH_CODE AND AREA_ID = @AREA_ID AND FACTORY_DIV = @FACTORY_DIV "
p_pssm_13130/pssm17_inq.cpp	920	927	sqlstr = " SELECT T.ST_NO,A.DEV_CODE,T.STD_PROC_TIME ,A.AREA_ID, T.SMELT_MODE, T.SMELT_MODE2, T.STD_PREP_TIME"
p_pssm_13130/pssm17_inq.cpp	1082	1083	sqlstr = " SELECT MAX(TIME_1) FROM TPSSM11 ";
p_pssm_13130/pssm17_inq.cpp	1104	1105	sqlstr = "SELECT * FROM TPSSMD1 ";
p_pssm_13130/pssm17_inq.cpp	1119	1120	sqlstr = " SELECT DEV_MOVE_START,MOVE_TIME,DEV_MOVE_END,TRAN_TYPE FROM TPSSMD6 \
p_pssm_13130/pssm17_inq.cpp	1186	1187	sqlstr = " SELECT * FROM TPSSMD9 \
p_pssm_13130/pssm17_inq.cpp	1213	1215	sqlstr = " SELECT * FROM TPSSM19 \
p_pssm_13130/pssm17_inq.cpp	1237	1238	sqlstr = " SELECT * FROM TPSSMDH WHERE FACTORY_DIV = @v_factory_div and st_no in (select distinct st_no from tpssm17) ";
p_pssm_13130/pssm17_inq.cpp	1257	1258	sqlstr = " SELECT * FROM TPSSMDJ ";
p_pssm_13130/pssm17_inq.cpp	1276	1277	sqlstr = " SELECT * FROM TPSSMD7 WHERE FACTORY_DIV = @v_factory_div ORDER BY ROUTELIST,CHARGE_NO ";
p_pssm_13130/pssm17_save.cpp	143	144	sqlstr = "SELECT * FROM TPSSMD1 ";
p_pssm_13130/pssm17_save.cpp	256	260	" UPDATE TPSSM15 "
p_pssm_13130/pssm17_save.cpp	839	840	sqlstr = " UPDATE TPSSM15 SET TIME_1 = @TIME ";
p_pssm_13130/pssm17_save_addupdate.cpp	143	144	sqlstr = "SELECT * FROM TPSSMD1 ";
p_pssm_13130/pssm17_save_addupdate.cpp	813	814	sqlstr = " UPDATE TPSSM15 SET TIME_1 = @TIME ";
p_pssm_13130/pssmf1_inq.cpp	49	53	sqlstr = " select F1.STATION_NAME, T3.CURR_PROC_NO, T3.STATUS_NAME, T3.HEAT_NO\
p_pssm_13140/pssm18_create.cpp	85	87	sqlstr = "SELECT a.*  \
p_pssm_13150/pssm17_create.cpp	85	87	sqlstr = "SELECT a.*  \
p_pssm_13160/pssm18_auto_inq.cpp	120	121	sqlstr = " SELECT * from  tep0002 where CODE_CLASS='PM16' ";
p_pssm_13160/pssm18_auto_inq.cpp	171	175	" SELECT a.*, b.* FROM(SELECT * FROM TPSSM11 UNION ALL SELECT * FROM TPSSM41) a, (SELECT * FROM TPSSM10 UNION ALL SELECT * FROM TPSSM40) b, (SELECT * FROM TPSSM
p_pssm_13160/pssm18_auto_inq.cpp	224	230	" SELECT * FROM ( SELECT * FROM TPSSM12 "
p_pssm_13170/pssm18_inq.cpp	102	103	sqlstr = " SELECT * from  tep0002 where CODE_CLASS='PM16' ";
p_pssm_13170/pssm18_inq.cpp	107	108	sqlstr = " SELECT CODE_DESC_1_CONTENT from  tep0002 where CODE_CLASS='PSAT2N' AND CODE = 'A' ";
p_pssm_13170/pssm18_inq.cpp	367	367	sqlstr = "  with temp AS  (   "
p_pssm_13170/pssm18_inq.cpp	368	374	"  SELECT  a.*, B.CC_SEQ,B.SG_SIGN,B.CAST_LOT_NO,B.CAST_LOT_DIV_NO,B.CAST_LOT_SUM,B.REFINE_DIV,B.PLAN_POUR_WT,B.NEW_TEST_NO,B.PLAN_DATE   "
p_pssm_13170/pssm18_inq.cpp	375	380	"  SELECT  D.*, E.CC_SEQ,E.SG_SIGN,E.CAST_LOT_NO,E.CAST_LOT_DIV_NO,E.CAST_LOT_SUM,E.REFINE_DIV,E.PLAN_POUR_WT,E.NEW_TEST_NO,E.PLAN_DATE   "
p_pssm_13170/pssm18_inq.cpp	381	382	"  SELECT * FROM TEMP  ORDER BY CAST_NO ASC, CAST_DIV_NO ASC    ";
p_pssm_13170/pssm18_inq.cpp	430	436	" SELECT * FROM ( SELECT * FROM TPSSM12 "
p_pssm_13170/pssm18_inq.cpp	556	561	" SELECT * FROM TPSSMD1 "
p_pssm_13170/pssm18_inq.cpp	602	608	" SELECT A.*, NVL(B.CODE_DESC_1_CONTENT, ' ') FROM TPSSM10 A "
p_pssm_13170/pssm18_inq.cpp	703	711	sqlstr = " SELECT CAST_SPEED FROM TPSSMDA \
p_pssm_13170/pssm18_inq.cpp	756	764	sqlstr = " SELECT CAST_SPEED FROM TPSSMDA "
p_pssm_13170/pssm18_inq.cpp	823	827	" SELECT * FROM TPSSM18 "
p_pssm_13170/pssm18_inq.cpp	869	873	" SELECT t1.FACTORY_DIV,t1.ST_NO,t1.DEV_CODE,t1.SMELT_MODE,t1.SMELT_MODE2,t1.COST_HJ,t1.STD_PREP_TIME,"
p_pssm_13170/pssm18_inq.cpp	874	876	" SELECT t1.FACTORY_DIV,t1.ST_NO,t1.DEV_CODE,t1.SMELT_MODE,t1.SMELT_MODE2,t1.COST_HJ,t1.STD_PREP_TIME,"
p_pssm_13170/pssm18_inq.cpp	890	893	" SELECT DISTINCT(ST_NO) FROM TPSSM10 "
p_pssm_13170/pssm18_inq.cpp	1011	1024	" SELECT DISTINCT d3.ST_NO, d1.DEV_TECH_CODE, d3.STD_PROC_TIME, d1.AREA_ID, d3.SMELT_MODE, d3.SMELT_MODE2, d3.STD_PREP_TIME"
p_pssm_13170/pssm18_inq.cpp	1045	1046	" SELECT DISTINCT DEV_CODE FROM TPSSMD1 WHERE DEV_TECH_CODE = @DEV_TECH_CODE AND AREA_ID = @AREA_ID AND FACTORY_DIV = @FACTORY_DIV "
p_pssm_13170/pssm18_inq.cpp	1144	1149	sqlstr = " SELECT T.ST_NO,A.DEV_CODE,T.STD_PROC_TIME ,A.AREA_ID, T.SMELT_MODE, T.SMELT_MODE2, T.STD_PREP_TIME "
p_pssm_13170/pssm18_inq.cpp	1150	1159	" SELECT t1.ST_NO,t1.SMELT_MODE,t1.SMELT_MODE2,t1.STD_PREP_TIME,t1.FACTORY_DIV,t1.DEV_CODE,t1.STD_PROC_TIME FROM TPSSMD3_X t1"
p_pssm_13170/pssm18_inq.cpp	1335	1336	sqlstr = "SELECT * FROM TPSSMD1 ";
p_pssm_13170/pssm18_inq.cpp	1351	1355	" SELECT t1.DEV_MOVE_START,COALESCE(T2.MOVE_TIME, T1.MOVE_TIME) AS MOVE_TIME,t1.DEV_MOVE_END,t1.TRAN_TYPE,t1.FACTORY_DIV"
p_pssm_13170/pssm18_inq.cpp	1356	1358	" SELECT t1.DEV_MOVE_START,T1.MOVE_TIME,t1.DEV_MOVE_END,t1.TRAN_TYPE,t1.FACTORY_DIV"
p_pssm_13170/pssm18_inq.cpp	1426	1427	sqlstr = " SELECT * FROM TPSSMD9 WHERE FACTORY_DIV = @v_factory_div  ";
p_pssm_13170/pssm18_inq.cpp	1455	1456	sqlstr = " SELECT * FROM TPSSM19 WHERE FACTORY_DIV = @v_factory_div ORDER BY AREA_ID ";
p_pssm_13170/pssm18_inq.cpp	1480	1481	sqlstr = " SELECT * FROM TPSSMDH WHERE FACTORY_DIV = @v_factory_div and st_no in (select distinct st_no from tpssm10) ";
p_pssm_13170/pssm18_inq.cpp	1501	1502	sqlstr = " SELECT * FROM TPSSMDJ ";
p_pssm_13170/pssm18_inq.cpp	1522	1523	sqlstr = " SELECT * FROM TPSSMD7 WHERE FACTORY_DIV = @v_factory_div ORDER BY ROUTELIST,CHARGE_NO ";
p_pssm_13170/pssm18_inq.cpp	1551	1560	sqlstr = " SELECT * FROM TPSSM03 WHERE PONO IN "
p_pssm_13170/pssm18_inq.cpp	1634	1635	sqlstr = " SELECT sum(SLAB_SEQ_2) FROM TPSSM03 WHERE LSLAB_NO = @LSLAB_NO ";
p_pssm_13170/pssm18_inq.cpp	1664	1665	sqlstr = " SELECT MAX(TIME_1) FROM TPSSM11 ";
p_pssm_13170/pssm18_inq.cpp	1683	1684	sqlstr = " SELECT * FROM TAPBD006S2N ";
p_pssm_13170/pssm18_inq.cpp	1705	1706	sqlstr = " SELECT A.PONO,MIN(B.ORDER_THICK) FROM (SELECT ORDER_NO,PONO FROM TPSSM03 WHERE PONO IN (SELECT PONO FROM tpssm11)) A, TQMOM01 B WHERE A.ORDER_NO = B.
p_pssm_13170/pssm18_inq_pono.cpp	106	107	sqlstr = " SELECT * from  tep0002 where CODE_CLASS='PM16' ";
p_pssm_13170/pssm18_inq_pono.cpp	158	158	sqlstr = "  with temp AS  (   "
p_pssm_13170/pssm18_inq_pono.cpp	159	165	"  SELECT  a.*, B.CC_SEQ,B.SG_SIGN,B.CAST_LOT_NO,B.CAST_LOT_DIV_NO,B.CAST_LOT_SUM,B.REFINE_DIV,B.PLAN_POUR_WT,B.NEW_TEST_NO,B.PLAN_DATE   "
p_pssm_13170/pssm18_inq_pono.cpp	166	171	"  SELECT  D.*, E.CC_SEQ,E.SG_SIGN,E.CAST_LOT_NO,E.CAST_LOT_DIV_NO,E.CAST_LOT_SUM,E.REFINE_DIV,E.PLAN_POUR_WT,E.NEW_TEST_NO,E.PLAN_DATE   "
p_pssm_13170/pssm18_inq_pono.cpp	172	173	"  SELECT * FROM TEMP  ORDER BY CAST_NO ASC, CAST_DIV_NO ASC    ";
p_pssm_13170/pssm18_inq_pono.cpp	221	227	" SELECT * FROM ( SELECT * FROM TPSSM12 "
p_pssm_13170/pssm18_inq_slab.cpp	90	95	sqlstr = " SELECT  "
p_pssm_13170/pssm18_inq_slab.cpp	167	168	sqlstr = " SELECT sum(SLAB_SEQ_2) FROM TPSSM03 WHERE LSLAB_NO = @LSLAB_NO ";
p_pssm_13170/pssm19_inq.cpp	98	99	sqlstr = " SELECT CODE_DESC_1_CONTENT from  tep0002 where CODE_CLASS='PSAT2N' AND CODE = 'A' ";
p_pssm_13170/pssm19_inq.cpp	130	131	sqlstr = " SELECT * from  tep0002 where CODE_CLASS='PM16' ";
p_pssm_13170/pssm19_inq.cpp	385	385	sqlstr = "  with temp AS  (   "
p_pssm_13170/pssm19_inq.cpp	386	392	"  SELECT  a.*, B.CC_SEQ,B.SG_SIGN,B.CAST_LOT_NO,B.CAST_LOT_DIV_NO,B.CAST_LOT_SUM,B.REFINE_DIV,B.PLAN_POUR_WT,B.NEW_TEST_NO,B.PLAN_DATE   "
p_pssm_13170/pssm19_inq.cpp	393	398	"  SELECT  D.*, E.CC_SEQ,E.SG_SIGN,E.CAST_LOT_NO,E.CAST_LOT_DIV_NO,E.CAST_LOT_SUM,E.REFINE_DIV,E.PLAN_POUR_WT,E.NEW_TEST_NO,E.PLAN_DATE   "
p_pssm_13170/pssm19_inq.cpp	399	403	"  SELECT * FROM TEMP  ORDER BY CAST_NO ASC, CAST_DIV_NO ASC    ";
p_pssm_13170/pssm19_inq.cpp	404	404	sqlstr = "  with temp AS  (   "
p_pssm_13170/pssm19_inq.cpp	405	411	"  SELECT  a.*, B.CC_SEQ,B.SG_SIGN,B.CAST_LOT_NO,B.CAST_LOT_DIV_NO,B.CAST_LOT_SUM,B.REFINE_DIV,B.PLAN_POUR_WT,B.NEW_TEST_NO,B.PLAN_DATE   "
p_pssm_13170/pssm19_inq.cpp	412	417	"  SELECT  D.*, E.CC_SEQ,E.SG_SIGN,E.CAST_LOT_NO,E.CAST_LOT_DIV_NO,E.CAST_LOT_SUM,E.REFINE_DIV,E.PLAN_POUR_WT,E.NEW_TEST_NO,E.PLAN_DATE   "
p_pssm_13170/pssm19_inq.cpp	418	420	"  SELECT * FROM TEMP  ORDER BY CAST_NO ASC, CAST_DIV_NO ASC    ";
p_pssm_13170/pssm19_inq.cpp	470	476	" SELECT * FROM ( SELECT * FROM TPSSM12 "
p_pssm_13170/pssm19_inq.cpp	564	569	" SELECT * FROM TPSSMD1 "
p_pssm_13170/pssm19_inq.cpp	610	616	" SELECT A.*, NVL(B.CODE_DESC_1_CONTENT, ' ') FROM TPSSM10 A "
p_pssm_13170/pssm19_inq.cpp	685	693	sqlstr = " SELECT CAST_SPEED FROM TPSSMDA \
p_pssm_13170/pssm19_inq.cpp	738	746	sqlstr = " SELECT CAST_SPEED FROM TPSSMDA "
p_pssm_13170/pssm19_inq.cpp	805	809	" SELECT * FROM TPSSM18 "
p_pssm_13170/pssm19_inq.cpp	851	855	" SELECT t1.FACTORY_DIV,t1.ST_NO,t1.DEV_CODE,t1.SMELT_MODE,t1.SMELT_MODE2,t1.COST_HJ,t1.STD_PREP_TIME,"
p_pssm_13170/pssm19_inq.cpp	856	858	" SELECT t1.FACTORY_DIV,t1.ST_NO,t1.DEV_CODE,t1.SMELT_MODE,t1.SMELT_MODE2,t1.COST_HJ,t1.STD_PREP_TIME,"
p_pssm_13170/pssm19_inq.cpp	872	875	" SELECT DISTINCT(ST_NO) FROM TPSSM10 "
p_pssm_13170/pssm19_inq.cpp	993	1006	" SELECT DISTINCT d3.ST_NO, d1.DEV_TECH_CODE, d3.STD_PROC_TIME, d1.AREA_ID, d3.SMELT_MODE, d3.SMELT_MODE2, d3.STD_PREP_TIME"
p_pssm_13170/pssm19_inq.cpp	1027	1028	" SELECT DISTINCT DEV_CODE FROM TPSSMD1 WHERE DEV_TECH_CODE = @DEV_TECH_CODE AND AREA_ID = @AREA_ID AND FACTORY_DIV = @FACTORY_DIV "
p_pssm_13170/pssm19_inq.cpp	1126	1131	sqlstr = " SELECT T.ST_NO,A.DEV_CODE,T.STD_PROC_TIME ,A.AREA_ID, T.SMELT_MODE, T.SMELT_MODE2, T.STD_PREP_TIME "
p_pssm_13170/pssm19_inq.cpp	1132	1141	" SELECT t1.ST_NO,t1.SMELT_MODE,t1.SMELT_MODE2,t1.STD_PREP_TIME,t1.FACTORY_DIV,t1.DEV_CODE,t1.STD_PROC_TIME FROM TPSSMD3_X t1"
p_pssm_13170/pssm19_inq.cpp	1306	1307	sqlstr = "SELECT * FROM TPSSMD1 ";
p_pssm_13170/pssm19_inq.cpp	1322	1326	" SELECT t1.DEV_MOVE_START,COALESCE(T2.MOVE_TIME, T1.MOVE_TIME) AS MOVE_TIME,t1.DEV_MOVE_END,t1.TRAN_TYPE,t1.FACTORY_DIV"
p_pssm_13170/pssm19_inq.cpp	1327	1328	" SELECT t1.DEV_MOVE_START,T1.MOVE_TIME,t1.DEV_MOVE_END,t1.TRAN_TYPE,t1.FACTORY_DIV"
p_pssm_13170/pssm19_inq.cpp	1396	1397	sqlstr = " SELECT * FROM TPSSMD9 WHERE FACTORY_DIV = @v_factory_div  ";
p_pssm_13170/pssm19_inq.cpp	1425	1426	sqlstr = " SELECT * FROM TPSSM19 WHERE FACTORY_DIV = @v_factory_div ORDER BY AREA_ID ";
p_pssm_13170/pssm19_inq.cpp	1450	1451	sqlstr = " SELECT * FROM TPSSMDH WHERE FACTORY_DIV = @v_factory_div and st_no in (select distinct st_no from tpssm10) ";
p_pssm_13170/pssm19_inq.cpp	1471	1472	sqlstr = " SELECT * FROM TPSSMDJ ";
p_pssm_13170/pssm19_inq.cpp	1492	1493	sqlstr = " SELECT * FROM TPSSMD7 WHERE FACTORY_DIV = @v_factory_div ORDER BY ROUTELIST,CHARGE_NO ";
p_pssm_13170/pssm19_inq.cpp	1521	1530	sqlstr = " SELECT * FROM TPSSM03 WHERE PONO IN "
p_pssm_13170/pssm19_inq.cpp	1604	1605	sqlstr = " SELECT sum(SLAB_SEQ_2) FROM TPSSM03 WHERE LSLAB_NO = @LSLAB_NO ";
p_pssm_13170/pssm19_inq.cpp	1634	1635	sqlstr = " SELECT MAX(TIME_1) FROM TPSSM11 ";
p_pssm_13170/pssm19_inq.cpp	1653	1654	sqlstr = " SELECT * FROM TAPBD006S2N ";
p_pssm_13170/pssm19_inq.cpp	1677	1681	sqlstr = " SELECT "
p_pssm_13170/pssm19_inq.cpp	1682	1687	" SELECT																  "
p_pssm_13170/pssm19_inq.cpp	1688	1691	" SELECT																  "
p_pssm_13170/pssm19_inq.cpp	1692	1701	" SELECT																  "
p_pssm_13170/pssm19_inq.cpp	1702	1715	" SELECT																  "
p_pssm_13170/pssm19_inq.cpp	1719	1723	sqlstr = " SELECT "
p_pssm_13170/pssm19_inq.cpp	1724	1729	" SELECT																"
p_pssm_13170/pssm19_inq.cpp	1730	1733	" SELECT																"
p_pssm_13170/pssm19_inq.cpp	1734	1743	" SELECT																"
p_pssm_13170/pssm19_inq.cpp	1744	1757	" SELECT																"
p_pssm_13180/pssm33_jst_cf_inq.cpp	68	69	sqlstr = "  SELECT * FROM  TPSSM33 T1  ";
p_pssm_13180/pssm33_jst_cf_inq.cpp	77	78	sqlstr_cf = " SELECT ELM_NAME,ELM_ACT FROM TQMTS25  WHERE ST_SAMPLE_NO =(SELECT MAX(ST_SAMPLE_NO) FROM TQMTS24 WHERE HEAT_NO =@heat_no AND	WHOLE_BACKLOG_CODE=@w
p_pssm_13180/pssm33_jst_inq.cpp	67	75	sqlstr = "   SELECT T1.STATION_ID||T1.STATION_NO AS DEV_CODE, T1.SM_PLAN_NOL2 AS PLAN_NO, NVL(T3.START_TIME,' ') START_TIME,   "
p_pssm_13190/pssm12z_inq.cpp	67	68	sqlstr = " SELECT * from  tep0002 where CODE_CLASS='PSAL2N' ";
p_pssm_13190/pssm12z_inq.cpp	75	76	sqlstr = " SELECT * FROM TPSSM12Z WHERE DECODE(END_TIME_REAL,' ',END_TIME,END_TIME_REAL) >= @start_time AND DECODE(END_TIME_REAL,' ',END_TIME,END_TIME_REAL) <= 
p_pssm_13190/pssm12z_inq.cpp	88	89	sqlstr = "SELECT * FROM TPSSM12Z WHERE DECODE(END_TIME_REAL,' ',END_TIME,END_TIME_REAL) > TO_CHAR(SYSDATE - 1 , 'YYYYMMDDHH24MISS') OR ( END_TIME_REAL = ' ' AND
p_pssm_13190/pssm12z_inq.cpp	114	115	sqlstr = " SELECT count(1) FROM TPSSM12 WHERE SM_PLAN_NO = @SM_PLAN_NO AND DEV_CODE LIKE 'B%' order by CHARGE_NO asc";
p_pssm_13190/pssm12z_inq.cpp	120	121	sqlstr = " SELECT count(1) FROM TPSSM12 WHERE SM_PLAN_NO = @SM_PLAN_NO AND DEV_CODE LIKE 'E%' order by CHARGE_NO asc";
p_pssm_13190/pssm12z_save.cpp	90	91	sqlstr = " DELETE FROM TPSSM12Z WHERE START_TIME_REAL = ' ' AND END_TIME_REAL = ' '  AND ID_SJ LIKE '" + v_pono.Trim() + "%'  ";
p_pssm_13190/pssm12z_save.cpp	258	262	" SELECT * FROM TPSSMD1 "
p_pssm_13190/pssm12z_save.cpp	284	287	" SELECT COUNT(1) FROM TPSSM12Z"
p_pssm_13190/pssm12z_save.cpp	309	313	" SELECT CURR_PROC_NO FROM TPSSM25 "
p_pssm_13190/pssm12z_save.cpp	362	366	" SELECT * FROM TPSSM12Z "
p_pssm_13190/pssm12z_save.cpp	411	412	sqlstr = " SELECT * FROM TPSSM12Z WHERE END_TIME_REAL > TO_CHAR(SYSDATE - 1 , 'YYYYMMDDHH24MISS') OR ( END_TIME_REAL = ' ' AND START_TIME_REAL > TO_CHAR(SYSDATE
p_pssm_13190/pssm12z_save2.cpp	75	76	sqlstr = " DELETE FROM TPSSM12Z WHERE START_TIME_REAL = ' ' AND END_TIME_REAL = ' ' ";
p_pssm_13190/pssm12z_save2.cpp	126	130	" SELECT * FROM TPSSMD1 "
p_pssm_13190/pssm12z_save2.cpp	152	155	" SELECT COUNT(1) FROM TPSSM12Z"
p_pssm_13190/pssm12z_save2.cpp	177	181	" SELECT CURR_PROC_NO FROM TPSSM25 "
p_pssm_13190/pssm12z_save2.cpp	230	234	" SELECT * FROM TPSSM12Z "
p_pssm_13190/pssm12z_setaod.cpp	71	72	sqlstr = " SELECT * from  tep0002 where CODE_CLASS='PSAL2N' ";
p_pssm_13190/pssm12z_setaod.cpp	170	171	sqlstr = " SELECT * FROM TPSSM12Z WHERE END_TIME_REAL > TO_CHAR(SYSDATE - 1 , 'YYYYMMDDHH24MISS') OR ( END_TIME_REAL = ' ' AND START_TIME_REAL > TO_CHAR(SYSDATE
p_pssm_13190/pssm12z_setaod.cpp	193	194	sqlstr = " SELECT count(1) FROM TPSSM12 WHERE SM_PLAN_NO = @SM_PLAN_NO AND DEV_CODE LIKE 'B%' order by CHARGE_NO asc";
p_pssm_13190/pssm12z_setaod.cpp	199	200	sqlstr = " SELECT count(1) FROM TPSSM12 WHERE SM_PLAN_NO = @SM_PLAN_NO AND DEV_CODE LIKE 'E%' order by CHARGE_NO asc";
p_pssm_13190/pssm12z_setaod_plan.cpp	71	72	sqlstr = " SELECT * from  tep0002 where CODE_CLASS='PSAL2N' ";
p_pssm_13190/pssm12z_setaod_plan.cpp	178	179	sqlstr = " SELECT * FROM TPSSM12Z WHERE END_TIME_REAL > TO_CHAR(SYSDATE - 1 , 'YYYYMMDDHH24MISS') OR ( END_TIME_REAL = ' ' AND START_TIME_REAL > TO_CHAR(SYSDATE
p_pssm_13190/pssm12z_setaod_plan.cpp	201	202	sqlstr = " SELECT count(1) FROM TPSSM12 WHERE SM_PLAN_NO = @SM_PLAN_NO AND DEV_CODE LIKE 'B%' order by CHARGE_NO asc";
p_pssm_13190/pssm12z_setaod_plan.cpp	207	208	sqlstr = " SELECT count(1) FROM TPSSM12 WHERE SM_PLAN_NO = @SM_PLAN_NO AND DEV_CODE LIKE 'E%' order by CHARGE_NO asc";
p_pssm_13190/pssm12z_setgroup.cpp	68	69	sqlstr = " SELECT * from  tep0002 where CODE_CLASS='PSAL2N' ";
p_pssm_13190/pssm12z_setgroup.cpp	93	94	sqlstr = " SELECT * FROM TPSSM12Z WHERE END_TIME_REAL > TO_CHAR(SYSDATE - 1 , 'YYYYMMDDHH24MISS') OR ( END_TIME_REAL = ' ' AND START_TIME_REAL > TO_CHAR(SYSDATE
p_pssm_13190/pssm12z_setgroup.cpp	117	118	sqlstr = " SELECT count(1) FROM TPSSM12 WHERE SM_PLAN_NO = @SM_PLAN_NO AND DEV_CODE LIKE 'B%' order by CHARGE_NO asc";
p_pssm_13190/pssm12z_setgroup.cpp	123	124	sqlstr = " SELECT count(1) FROM TPSSM12 WHERE SM_PLAN_NO = @SM_PLAN_NO AND DEV_CODE LIKE 'E%' order by CHARGE_NO asc";
p_pssm_13190/pssm12z_settime.cpp	67	68	sqlstr = " SELECT * from  tep0002 where CODE_CLASS='PSAL2N' ";
p_pssm_13190/pssm12z_settime.cpp	99	100	sqlstr = " SELECT * FROM TPSSM12Z WHERE END_TIME_REAL > TO_CHAR(SYSDATE - 1 , 'YYYYMMDDHH24MISS') OR ( END_TIME_REAL = ' ' AND START_TIME_REAL > TO_CHAR(SYSDATE
p_pssm_13190/pssm12z_settime.cpp	123	124	sqlstr = " SELECT count(1) FROM TPSSM12 WHERE SM_PLAN_NO = @SM_PLAN_NO AND DEV_CODE LIKE 'B%' order by CHARGE_NO asc";
p_pssm_13190/pssm12z_settime.cpp	129	130	sqlstr = " SELECT count(1) FROM TPSSM12 WHERE SM_PLAN_NO = @SM_PLAN_NO AND DEV_CODE LIKE 'E%' order by CHARGE_NO asc";
p_pssm_13190/pssm12zpl_upd.cpp	148	150	" SELECT FACTORY_DIV,PONO,SM_PLAN_NO,SPLIT_INDICATION FROM TPSSM11  "
p_pssm_13190/pssm12zpl_upd.cpp	172	174	" SELECT FACTORY_DIV,PONO,SM_PLAN_NO,SPLIT_INDICATION FROM TPSSM41  "
p_pssm_13190/pssm12zpl_upd.cpp	454	456	" UPDATE TPSSM12_ZPL SET DEV_CODE='" + safeDev + "', START_TIME='" + safeStart + "', END_TIME='" + safeEnd + "'  "
p_pssm_13190/pssm18z_inq.cpp	105	106	sqlstr = " SELECT * from  tep0002 where CODE_CLASS='PM16' ";
p_pssm_13190/pssm18z_inq.cpp	111	112	sqlstr = " SELECT * from  tep0002 where CODE_CLASS='PSAL2N' ";
p_pssm_13190/pssm18z_inq.cpp	370	370	sqlstr = "  with temp AS  (   "
p_pssm_13190/pssm18z_inq.cpp	371	376	"  SELECT  a.*, B.CC_SEQ,B.SG_SIGN,B.CAST_LOT_NO,B.CAST_LOT_DIV_NO,B.CAST_LOT_SUM,B.REFINE_DIV,B.PLAN_POUR_WT,B.NEW_TEST_NO,B.PLAN_DATE   "
p_pssm_13190/pssm18z_inq.cpp	377	378	"  SELECT * FROM TEMP  ORDER BY CAST_NO ASC, CAST_DIV_NO ASC    ";
p_pssm_13190/pssm18z_inq.cpp	426	429	" SELECT * FROM TPSSM12_ZPL "
p_pssm_13190/pssm18z_inq.cpp	537	542	" SELECT * FROM TPSSMD1 "
p_pssm_13190/pssm18z_inq.cpp	583	589	" SELECT A.*, NVL(B.CODE_DESC_1_CONTENT, ' ') FROM TPSSM10 A "
p_pssm_13190/pssm18z_inq.cpp	684	692	sqlstr = " SELECT CAST_SPEED FROM TPSSMDA \
p_pssm_13190/pssm18z_inq.cpp	737	745	sqlstr = " SELECT CAST_SPEED FROM TPSSMDA "
p_pssm_13190/pssm18z_inq.cpp	804	809	" SELECT * FROM TPSSM18 "
p_pssm_13190/pssm18z_inq.cpp	850	851	sqlstr = "SELECT * FROM TPSSMD3 ";
p_pssm_13190/pssm18z_inq.cpp	864	867	" SELECT DISTINCT(ST_NO) FROM TPSSM10 "
p_pssm_13190/pssm18z_inq.cpp	985	992	" SELECT DISTINCT d3.ST_NO, d1.DEV_TECH_CODE, d3.STD_PROC_TIME, d1.AREA_ID, d3.SMELT_MODE, d3.SMELT_MODE2, d3.STD_PREP_TIME "
p_pssm_13190/pssm18z_inq.cpp	1018	1019	" SELECT DISTINCT DEV_CODE FROM TPSSMD1 WHERE DEV_TECH_CODE = @DEV_TECH_CODE AND AREA_ID = @AREA_ID AND FACTORY_DIV = @FACTORY_DIV "
p_pssm_13190/pssm18z_inq.cpp	1117	1124	sqlstr = " SELECT T.ST_NO,A.DEV_CODE,T.STD_PROC_TIME ,A.AREA_ID, T.SMELT_MODE, T.SMELT_MODE2, T.STD_PREP_TIME "
p_pssm_13190/pssm18z_inq.cpp	1289	1290	sqlstr = "SELECT * FROM TPSSMD1 ";
p_pssm_13190/pssm18z_inq.cpp	1304	1305	sqlstr = " SELECT DEV_MOVE_START,MOVE_TIME,DEV_MOVE_END,TRAN_TYPE FROM TPSSMD6 \
p_pssm_13190/pssm18z_inq.cpp	1373	1374	sqlstr = " SELECT * FROM TPSSMD9 WHERE FACTORY_DIV = @v_factory_div  ";
p_pssm_13190/pssm18z_inq.cpp	1402	1403	sqlstr = " SELECT * FROM TPSSM19 WHERE FACTORY_DIV = @v_factory_div AND DEV_TECH_CODE IN ('B','E','A','Z') ORDER BY AREA_ID ";
p_pssm_13190/pssm18z_inq.cpp	1427	1428	sqlstr = " SELECT * FROM TPSSMDH WHERE FACTORY_DIV = @v_factory_div and st_no in (select distinct st_no from tpssm10) ";
p_pssm_13190/pssm18z_inq.cpp	1448	1449	sqlstr = " SELECT * FROM TPSSMDJ ";
p_pssm_13190/pssm18z_inq.cpp	1469	1470	sqlstr = " SELECT * FROM TPSSMD7 WHERE FACTORY_DIV = @v_factory_div ORDER BY ROUTELIST,CHARGE_NO ";
p_pssm_13190/pssm18z_inq.cpp	1498	1507	sqlstr = " SELECT * FROM TPSSM03 WHERE PONO IN "
p_pssm_13190/pssm18z_inq.cpp	1581	1582	sqlstr = " SELECT sum(SLAB_SEQ_2) FROM TPSSM03 WHERE LSLAB_NO = @LSLAB_NO ";
p_pssm_13190/pssm18z_inq.cpp	1611	1612	sqlstr = " SELECT MAX(TIME_1) FROM TPSSM11 ";
p_pssm_13190/pssm18z_inq.cpp	1630	1631	sqlstr = " SELECT * FROM TAPBD006S2N ";
p_pssm_13190/pssm18z_inq.cpp	1652	1653	sqlstr = " SELECT * FROM TPSSM12Z WHERE DECODE(END_TIME_REAL,' ',END_TIME,END_TIME_REAL) > TO_CHAR(SYSDATE - 1 , 'YYYYMMDDHH24MISS') OR ( END_TIME_REAL = ' ' AN
p_pssm_13190/pssm18z_inq.cpp	1673	1674	sqlstr = " SELECT count(1) FROM TPSSM12 WHERE SM_PLAN_NO = @SM_PLAN_NO AND DEV_CODE LIKE 'B%' order by CHARGE_NO asc";
p_pssm_13190/pssm18z_inq.cpp	1679	1680	sqlstr = " SELECT count(1) FROM TPSSM12 WHERE SM_PLAN_NO = @SM_PLAN_NO AND DEV_CODE LIKE 'E%' order by CHARGE_NO asc";
p_pssm_13210/pssmt1_inq.cpp	47	61	sqlstr = " SELECT * FROM TPSSMDE WHERE 1=1   ";
p_pssm_13210/pssmt2_inq.cpp	48	51	sqlstr = " SELECT * FROM TPSSMB5 WHERE 1=1   ";
p_pssm_13210/pssmt3_inq.cpp	47	61	sqlstr = " SELECT * FROM TPSSMDE WHERE 1=1   ";
p_pssm_13210/pssmt4_inq.cpp	47	61	sqlstr = " SELECT * FROM TPSSMDE WHERE 1=1   ";
p_pssm_13210/pssmt_all_inq.cpp	52	55	sqlstr = " SELECT A.*,B.* FROM TMMSM21 A,TMMSM31 B WHERE A.HEAT_NO=B.HEAT_NO   ";
p_pssm_13210/pssmt_bof_inq.cpp	49	52	sqlstr = " SELECT * FROM TMMSM21 WHERE 1=1   ";
p_pssm_13210/pssmt_cc_inq.cpp	47	50	sqlstr = " SELECT * FROM TMMSM31 WHERE 1=1   ";
p_pssm_13210/pssmt_eval_inq.cpp	52	55	sqlstr = " SELECT * FROM TPSSMB2 WHERE 1=1   ";
p_pssm_13210/pssmt_jx_inq.cpp	52	59	sqlstr = " SELECT * FROM TPSSM18 WHERE 1=1   ";
p_pssm_13210/pssmt_lf_inq.cpp	48	51	sqlstr = " SELECT * FROM TMMSM24 WHERE 1=1   ";
p_pssm_13210/pssmt_rh_inq.cpp	47	50	sqlstr = " SELECT * FROM TMMSM23 WHERE 1=1   ";
p_pssm_13250/pssmerrf2_inq.cpp	105	107	sqlstr = " SELECT *  "
p_pssm_13250/pssmt_bof_zd.cpp	99	111	sqlstr = " select PROD_TIME DATE_TIME	"
p_pssm_13250/pssmt_cc_zd.cpp	99	111	sqlstr = " select PROD_TIME DATE_TIME	"
p_pssm_13250/pssmt_lf_zd.cpp	99	111	sqlstr = " select PROD_TIME DATE_TIME	"
p_pssm_13250/pssmt_rh_zd.cpp	99	111	sqlstr = " select PROD_TIME DATE_TIME	"
p_pssm_13250/pssmt_run_zd.cpp	99	111	sqlstr = " select PROD_TIME DATE_TIME	"
p_pssm_13250/pssmt_zd_ins.cpp	92	98	sqlstr = " SELECT FACTORY_DIV, STATION_ID		"
p_pssm_13250/pssmt_zd_ins.cpp	112	117	sqlstr_12 = " SELECT  START_TIME, START_TIME_REAL, PROC_TIME, DEV_CODE	"
p_pssm_13250/pssmt_zd_ins.cpp	118	124	" SELECT  START_TIME, START_TIME_REAL, PROC_TIME, DEV_CODE	"
p_pssm_13250/pssmt_zd_ins.cpp	237	238	sqlstr = "SELECT CODE FROM TEP0002 WHERE CODE_CLASS='PSA0' ";
p_pssm_13250/pssmt_zs_inq.cpp	98	101	sqlstr = " SELECT * FROM TPSSMB4 WHERE 1=1   ";
p_pssm_13250/pssmt_zs_ins.cpp	92	98	sqlstr = " SELECT FACTORY_DIV, STATION_ID		"
p_pssm_13250/pssmt_zs_ins.cpp	112	117	sqlstr_12 = " SELECT  START_TIME, START_TIME_REAL, PROC_TIME, DEV_CODE	"
p_pssm_13250/pssmt_zs_ins.cpp	118	124	" SELECT  START_TIME, START_TIME_REAL, PROC_TIME, DEV_CODE	"
p_pssm_13250/pssmt_zs_ins.cpp	237	238	sqlstr = "SELECT CODE FROM TEP0002 WHERE CODE_CLASS='PSA0' ";
p_pssm_13250/pssmxh35_ins.cpp	130	132	sqlstr = "SELECT COUNT (*)  FROM TPSSM35 WHERE FACTORY_DIV = @factory_div "
p_pssm_13250/pssmxh35_ins.cpp	211	213	sqlstr = "SELECT COUNT (*)  FROM TPSSM35 WHERE FACTORY_DIV = @factory_div "
p_pssm_13250/pssmxh35_ins.cpp	268	270	sqlstr = "SELECT COUNT (*)  FROM TPSSM35 WHERE FACTORY_DIV = @factory_div "
p_pssm_13250/pssmxh35_ins.cpp	325	327	sqlstr = "SELECT COUNT (*)  FROM TPSSM35 WHERE FACTORY_DIV = @factory_div "
p_pssm_13250/pssmxh35_ins.cpp	382	384	sqlstr = "SELECT COUNT (*)  FROM TPSSM35 WHERE FACTORY_DIV = @factory_div "
p_pssm_13250/pssmxh35_ins.cpp	439	441	sqlstr = "SELECT COUNT (*)  FROM TPSSM35 WHERE FACTORY_DIV = @factory_div "
p_pssm_13250/pssmxh35_ins.cpp	496	498	sqlstr = "SELECT COUNT (*)  FROM TPSSM35 WHERE FACTORY_DIV = @factory_div "
p_pssm_13250/pssmxh35_ins.cpp	553	555	sqlstr = "SELECT COUNT (*)  FROM TPSSM35 WHERE FACTORY_DIV = @factory_div "
p_pssm_13250/pssmxh35_ins.cpp	610	612	sqlstr = "SELECT COUNT (*)  FROM TPSSM35 WHERE FACTORY_DIV = @factory_div "
p_pssm_13250/pssmxh35_ins.cpp	667	669	sqlstr = "SELECT COUNT (*)  FROM TPSSM35 WHERE FACTORY_DIV = @factory_div "
p_pssm_13250/pssmxh35_upd.cpp	105	106	sqlstr = "  SELECT *  FROM TPSSM35 WHERE HEAT_NO = @cs_heat_no  order by RET_HEAT_NO";
p_pssm_13270/pssmt_ard_inq.cpp	128	135	sqlstr = " SELECT STATION_ID															"
p_pssm_13270/pssmt_arg_inq.cpp	129	137	" SELECT STATION_ID																		   "
p_pssm_13270/pssmt_ars_inq.cpp	129	138	" SELECT STATION_ID																		   "
p_pssm_13270/pssmt_cc_speed.cpp	51	54	sqlstr = " SELECT * FROM TMMSM21 WHERE 1=1   ";
p_pssm_13270/pssmt_ccd_inq.cpp	128	135	sqlstr = " SELECT STATION_ID															"
p_pssm_13270/pssmt_ccg_inq.cpp	129	137	" SELECT STATION_ID																		   "
p_pssm_13270/pssmt_iron_swing.cpp	49	52	sqlstr = " SELECT * FROM TPSSMT12 WHERE 1=1   ";
p_pssm_13270/pssmt_iron_wt.cpp	51	54	sqlstr = " SELECT * FROM TMMSM21 WHERE 1=1   ";
p_pssm_13270/pssmt_ladle_inq.cpp	49	52	sqlstr = " SELECT * FROM TMMSM21 WHERE 1=1   ";
p_pssm_13270/pssmt_ladle_swing.cpp	49	52	sqlstr = " SELECT * FROM TPSSMT21 WHERE 1=1   ";
p_pssm_13270/pssmt_ladle_wt.cpp	51	54	sqlstr = " SELECT * FROM TMMSM21 WHERE 1=1   ";
p_pssm_13270/pssmt_lf_fh.cpp	161	168	sqlstr = " SELECT STATION_ID															"
p_pssm_13270/pssmt_lf_fh.cpp	244	253	" SELECT STATION_ID																		   "
p_pssm_13270/pssmt_lf_fh.cpp	322	330	" SELECT STATION_ID																		   "
p_pssm_13270/pssmt_lfd_inq.cpp	128	135	sqlstr = " SELECT STATION_ID															"
p_pssm_13270/pssmt_lfg_inq.cpp	129	137	" SELECT STATION_ID																		   "
p_pssm_13270/pssmt_lfs_inq.cpp	129	138	" SELECT STATION_ID																		   "
p_pssm_13270/pssmt_pd_inq.cpp	128	135	sqlstr = " SELECT STATION_ID															"
p_pssm_13270/pssmt_pg_inq.cpp	129	137	" SELECT STATION_ID																		   "
p_pssm_13270/pssmt_pr_inq.cpp	129	137	" SELECT STATION_ID																		   "
p_pssm_13270/pssmt_qcd_inq.cpp	128	135	sqlstr = " SELECT STATION_ID															"
p_pssm_13270/pssmt_qcg_inq.cpp	129	137	" SELECT STATION_ID																		   "
p_pssm_13270/pssmt_rhd_inq.cpp	128	135	sqlstr = " SELECT STATION_ID															"
p_pssm_13270/pssmt_rhg_inq.cpp	129	137	" SELECT STATION_ID																		   "
p_pssm_13270/pssmt_rhs_inq.cpp	129	138	" SELECT STATION_ID																		   "
p_pssm_13290/pssmdd_inq.cpp	49	63	sqlstr = " SELECT * FROM TPSSMDD WHERE 1=1   ";
p_pssm_13290/pssmdd_save.cpp	89	90	sqlstr = "INSERT INTO TPSSMDD" ;
p_pssm_13290/pssmdd_save.cpp	114	115	sqlstr = "UPDATE TPSSMDD SET ";
p_pssm_13290/pssmdd_save.cpp	131	132	sqlstr = "DELETE FROM TPSSMDD" ;
p_pssm_13290/pssmde_inq.cpp	49	63	sqlstr = " SELECT * FROM TPSSMDE WHERE 1=1   ";
p_pssm_13290/pssmde_save.cpp	88	89	sqlstr = "INSERT INTO TPSSMDE";
p_pssm_13290/pssmde_save.cpp	113	114	sqlstr = "UPDATE TPSSMDE SET ";
p_pssm_13290/pssmde_save.cpp	130	131	sqlstr = "DELETE FROM TPSSMDE" ;
p_pssm_13290/pssmdk_inq.cpp	49	63	sqlstr = " SELECT * FROM TPSSMDK WHERE 1=1   ";
p_pssm_13290/pssmdk_save.cpp	87	88	sqlstr = "INSERT INTO TPSSMDK" ;
p_pssm_13290/pssmdk_save.cpp	112	113	sqlstr = "UPDATE  TPSSMDK SET ";
p_pssm_13290/pssmdk_save.cpp	129	130	sqlstr = "DELETE FROM TPSSMDK" ;
p_pssm_13290/pssmt_iron_inq.cpp	64	72	sqlstr = " SELECT SUBSTRING(START_TIME, 1, 8)	DATE_TIME					 "
p_pssm_13290/pssmt_pac_inq.cpp	63	71	sqlstr =  "  SELECT SUBSTRING(START_TIME, 1, 8)	DATE_TIME                                    "
p_pssm_13290/pssmt_steel_inq.cpp	64	72	sqlstr = " SELECT SUBSTRING(START_TIME, 1, 8)	DATE_TIME                                       "
p_pssm_5000/pssm10aaf3_ins.cpp	137	142	sqlstr = " SELECT t.* FROM tqmts0x t  where t.st_no = @st_no  "
p_pssm_5000/pssm10aaf3_ins.cpp	297	300	sqlstr = CString("  SELECT NVL(MAX(CC_SEQ), 0) + 1 FROM TPSSM10 \
