file	start	end	preview
libMMSM/f_e2t8m1_proc.cpp	183	183	CString time_temp = Db::QueryCString("select CODE from TWMSMZD02 where CODE_CLASS='MMSM' ");
libMMSM/f_e2t8m1_proc.cpp	194	195	sqlstr = "SELECT PONO,ST_NO_1,CAST_NO,CAST_DIV_NO,ST_NO,SM_PLAN_NO  FROM TPSSM11 WHERE   SM_PLAN_NOL2 ='" +
libMMSM/f_e2t8m1_proc.cpp	212	213	sqlstr = "SELECT PONO,ST_NO_1,CAST_NO,CAST_DIV_NO,ST_NO,SM_PLAN_NO  FROM TPSSM41 WHERE   SM_PLAN_NOL2 ='" +
libMMSM/f_e2t8m1_proc.cpp	228	229	sqlstr_ss = " select ST_NO from tpssmss where HEAT_NO='" + bcls_rec_MMSM33.Tables["TMMSM33"].Rows[0]["HEAT_NO"].ToString() + "' and DEV_CODE like 'C%' AND STATU
libMMSM/f_e2t8m1_proc.cpp	243	244	sqlstr = "SELECT PONO,ST_NO FROM TPSSM_PLAN_ST  WHERE HEAT_NO = '" +
libMMSM/f_e2t8m1_proc.cpp	263	264	cmd_inq.SetCommandText("SELECT BACK_N_1,BACK_N_2,BACK_C1,BACK_C2 FROM TWMSMPZ WHERE CODE_CLASS='JHKD' AND CODE_DESC_1_CONTENT='" + bcls_rec_MMSM33.Tables["TMMSM
libMMSM/f_e2t8m1_proc.cpp	320	321	sqlstr = "SELECT PROC_NO FROM TPSSM12 WHERE HEAT_NO = '" + bcls_rec_MMSM33.Tables["TMMSM33"].Rows[0]["HEAT_NO"].ToString() + "'  AND AREA_ID = '5'   AND DEV_COD
libMMSM/f_e2t8m1_proc.cpp	499	500	sqlstr = "SELECT  CAST_LOT_NO,FACTORY_NEXT,INGOT_CODE,SLAB_DEST,PONO FROM TPSSM03 WHERE LSLAB_NO ='" + tmmsm33["VIRTUAL_SLAB_NO"].ToString() + "' ";
libMMSM/f_e2t8m1_proc.cpp	520	522	else if (v_pono_03.Trim()!=""&&tmmsm33["ST_NO"].ToString() != Db::QueryCString("SELECT ST_NO FROM TPSSM01 WHERE PONO='"+ v_pono_03 +"'"))//在判断虚拟板坯带的钢种与炉次钢种是否相同
libMMSM/f_e2t8m1_proc.cpp	542	543	sqlstr = "SELECT DECODE(LSLAB_NO_LENGTH,0,SLAB_LEN,LSLAB_NO_LENGTH) LSLAB_NO_LENGTH,SLAB_WIDTH,SLAB_THICK,CAST_LOT_NO,FACTORY_NEXT,INGOT_CODE,SLAB_DEST,LSLAB_NO
libMMSM/f_e2t8m1_proc.cpp	649	651	sqlstr = " select LSLAB_NO, DECODE(lslab_no_length, 0, SLAB_LEN, lslab_no_length) lslab_no_length,SLAB_WIDTH, SLAB_THICK  "
libMMSM/f_e2t8m1_proc.cpp	760	762	sqlstr = "select LSLAB_NO, DECODE(lslab_no_length, 0, SLAB_LEN, lslab_no_length) lslab_no_length,SLAB_WIDTH, SLAB_THICK  "
libMMSM/f_e2t8m1_proc.cpp	873	874	sqlstr = "SELECT SLAB_NO,LSLAB_NO_LENGTH FROM TPSSM03 WHERE LSLAB_NO ='" + bcls_rec_MMSM33.Tables["TMMSM33"].Rows[0]["LSLAB_NO"].ToString().Trim() + "' AND   SL
libMMSM/f_e2t8m1_proc.cpp	926	927	sqlstr = "SELECT SLAB_DEST,INGOT_CODE FROM TPSSM03 WHERE PONO ='" + tmmsm33["PONO"].ToString().Trim() + "'  order by  SLAB_NO desc ";
libMMSM/f_e2t8m1_proc.cpp	964	967	" SELECT FIN_ST_NO,JUDGE_CODE FROM TQMTS23 "
libMMSM/f_e2t8m1_proc.cpp	1019	1020	sqlstr_upd03 = " UPDATE TPSSM03 SET  SLAB_PROD_FLAG = '1' WHERE LSLAB_NO ='" + bcls_rec_MMSM33.Tables["TMMSM33"].Rows[0]["LSLAB_NO"].ToString().Trim() + "' "
libMMSM/f_e2t8m1_proc.cpp	1044	1052	sql_insert = "INSERT INTO DA_CCM_SLAB_SUMMARY  "
libMMSM/f_getSeqNextValue.cpp	24	25	sqlstr = "SELECT TO_CHAR(T.SEQ_NOW),LENGTH(T.SEQ_NOW),T.SEQ_LEN,T.SEQ_PRE FROM TED21 T WHERE T.SEQ_NAME = @SEQ_NAME";
libMMSM/f_getSeqNextValue.cpp	49	50	sqlstr = "UPDATE TED21 T SET T.SEQ_NOW = T.SEQ_NOW + 1 WHERE T.SEQ_NAME = @SEQ_NAME";
libMMSM/f_mmsm0001_proc.cpp	218	219	cmd_inq.SetCommandText(" SELECT TRIM(DECODE(ORDER_NO,' ',0,1)) ORDER_REMAIN_DIV,SLAB_MIN_LEN,SLAB_MAX_LEN,SLAB_LEN,SLAB_MIN_WT,SLAB_MAX_WT,SLAB_WT FROM TPSSM03 
libMMSM/f_mmsm0003_proc.cpp	90	91	cmd_inq.SetCommandText(" SELECT NVL(MAX(SUB_BACKLOG_SEQ),0) FROM TMMSM04 WHERE MAT_NO = @tmmsm03.mat_no AND BACKLOG_PASS_TIME > ' ' ");
libMMSM/f_mmsm0003_proc.cpp	99	100	cmd_inq.SetCommandText(" SELECT * FROM TMMSM04 WHERE MAT_NO = @tmmsm03.mat_no AND BACKLOG_PASS_TIME > ' ' AND AIM_MAT_NO = (SELECT NVL(MIN(AIM_MAT_NO),' ') FROM
libMMSM/f_mmsm0003_proc.cpp	106	107	cmd_inq2.SetCommandText(" SELECT COUNT(0) FROM TMMSM04 WHERE AIM_MAT_NO = @tmmsm03.aim_mat_no AND SUB_BACKLOG_SEQ = @tmmsm04.sub_backlog_seq ");
libMMSM/f_mmsm0005_proc.cpp	151	152	cmd_inq.SetCommandText(" SELECT ORDER_NO FROM TPSSM03 WHERE SLAB_NO = @tmmsm03.pono_slab ");
libMMSM/f_mmsm0005_proc.cpp	204	205	cmd_inq.SetCommandText(" SELECT ORDER_NO FROM TPMOUHP32 WHERE PONO_SLAB = @tmmsm03.pono_slab AND ORDER_SEQ_NO = 1 ");
libMMSM/f_mmsm0007_subBklgIns.cpp	74	77	sqlstr = " UPDATE TMMSM04 "
libMMSM/f_mmsm0007_subBklgIns.cpp	85	86	cmd_inq.SetCommandText(" SELECT AIM_MAT_NO FROM TMMSM03 WHERE MAT_NO = @tmmsm04.mat_no ");
libMMSM/f_mmsm0007_subBklgIns.cpp	97	98	cmd_inq.SetCommandText(" SELECT NEXT_SUB_BACKLOG_SEQ FROM TMMSM01 WHERE MAT_NO = @tmmsm04.mat_no ");
libMMSM/f_mmsm0007_subBklgIns.cpp	109	110	cmd_inq.SetCommandText(" SELECT SUB_BACKLOG_CODE FROM TMMSM04 WHERE MAT_NO = @tmmsm04.mat_no AND SUB_BACKLOG_SEQ = @tmmsm01.next_sub_backlog_seq fetch first 1 r
libMMSM/f_mmsm0055_proc.cpp	104	105	sqlstr = "UPDATE TMMSM21 SET PONO = '" + updPono + "',ST_NO = '" + updStNo + "',REC_REVISOR = '"+ recRevisor + "',REC_REVISE_TIME = '" + recReviseTime + "'"
libMMSM/f_mmsm0055_proc.cpp	112	113	sqlstr = "UPDATE TMMSM21 SET PONO = '" + updPono + "',ST_NO = '" + updStNo + "',REC_REVISOR = '"+ recRevisor + "',REC_REVISE_TIME = '" + recReviseTime + "'"
libMMSM/f_mmsm0055_proc.cpp	120	121	sqlstr = "UPDATE TMMSM21 SET PONO = '" + updPono + "',ST_NO = '" + updStNo + "',REC_REVISOR = '"+ recRevisor + "',REC_REVISE_TIME = '" + recReviseTime + "'"
libMMSM/f_mmsm0055_proc.cpp	129	130	sqlstr = "UPDATE TMMSM22 SET PONO = '" + updPono + "',ST_NO = '" + updStNo + "',REC_REVISOR = '"+ recRevisor + "',REC_REVISE_TIME = '" + recReviseTime + "'"
libMMSM/f_mmsm0055_proc.cpp	137	138	sqlstr = "UPDATE TMMSM22 SET PONO = '" + updPono + "',ST_NO = '" + updStNo + "',REC_REVISOR = '"+ recRevisor + "',REC_REVISE_TIME = '" + recReviseTime + "'"
libMMSM/f_mmsm0055_proc.cpp	145	146	sqlstr = "UPDATE TMMSM22 SET PONO = '" + updPono + "',ST_NO = '" + updStNo + "',REC_REVISOR = '"+ recRevisor + "',REC_REVISE_TIME = '" + recReviseTime + "'"
libMMSM/f_mmsm0055_proc.cpp	154	155	sqlstr = "UPDATE TMMSM23 SET PONO = '" + updPono + "',ST_NO = '" + updStNo + "',REC_REVISOR = '"+ recRevisor + "',REC_REVISE_TIME = '" + recReviseTime + "'"
libMMSM/f_mmsm0055_proc.cpp	162	163	sqlstr = "UPDATE TMMSM23 SET PONO = '" + updPono + "',ST_NO = '" + updStNo + "',REC_REVISOR = '"+ recRevisor + "',REC_REVISE_TIME = '" + recReviseTime + "'"
libMMSM/f_mmsm0055_proc.cpp	170	171	sqlstr = "UPDATE TMMSM23 SET PONO = '" + updPono + "',ST_NO = '" + updStNo + "',REC_REVISOR = '"+ recRevisor + "',REC_REVISE_TIME = '" + recReviseTime + "'"
libMMSM/f_mmsm0055_proc.cpp	179	180	sqlstr = "UPDATE TMMSM24 SET PONO = '" + updPono + "',ST_NO = '" + updStNo + "',REC_REVISOR = '"+ recRevisor + "',REC_REVISE_TIME = '" + recReviseTime + "'"
libMMSM/f_mmsm0055_proc.cpp	187	188	sqlstr = "UPDATE TMMSM24 SET PONO = '" + updPono + "',ST_NO = '" + updStNo + "',REC_REVISOR = '"+ recRevisor + "',REC_REVISE_TIME = '" + recReviseTime + "'"
libMMSM/f_mmsm0055_proc.cpp	195	196	sqlstr = "UPDATE TMMSM24 SET PONO = '" + updPono + "',ST_NO = '" + updStNo + "',REC_REVISOR = '"+ recRevisor + "',REC_REVISE_TIME = '" + recReviseTime + "'"
libMMSM/f_mmsm0055_proc.cpp	205	206	sqlstr = "UPDATE tmmsm25 SET PONO = '" + updPono + "',ST_NO = '" + updStNo + "',REC_REVISOR = '"+ recRevisor + "',REC_REVISE_TIME = '" + recReviseTime + "'"
libMMSM/f_mmsm0055_proc.cpp	213	214	sqlstr = "UPDATE tmmsm25 SET PONO = '" + updPono + "',ST_NO = '" + updStNo + "',REC_REVISOR = '"+ recRevisor + "',REC_REVISE_TIME = '" + recReviseTime + "'"
libMMSM/f_mmsm0055_proc.cpp	221	222	sqlstr = "UPDATE tmmsm25 SET PONO = '" + updPono + "',ST_NO = '" + updStNo + "',REC_REVISOR = '"+ recRevisor + "',REC_REVISE_TIME = '" + recReviseTime + "'"
libMMSM/f_mmsm0055_proc.cpp	230	231	sqlstr = "UPDATE TMMSM31 SET PONO = '" + updPono + "',ST_NO = '" + updStNo + "',REC_REVISOR = '"+ recRevisor + "',REC_REVISE_TIME = '" + recReviseTime + "'"
libMMSM/f_mmsm0055_proc.cpp	238	239	sqlstr = "UPDATE TMMSM31 SET PONO = '" + updPono + "',ST_NO = '" + updStNo + "',REC_REVISOR = '"+ recRevisor + "',REC_REVISE_TIME = '" + recReviseTime + "'"
libMMSM/f_mmsm0055_proc.cpp	246	247	sqlstr = "UPDATE TMMSM31 SET PONO = '" + updPono + "',ST_NO = '" + updStNo + "',REC_REVISOR = '"+ recRevisor + "',REC_REVISE_TIME = '" + recReviseTime + "'"
libMMSM/f_mmsm0055_proc.cpp	280	281	sqlstr = "UPDATE TMMSM33 SET PONO = '" + updPono + "',ST_NO = '" + updStNo + "',REC_REVISOR = '"+ recRevisor + "',REC_REVISE_TIME = '" + recReviseTime + "'"
libMMSM/f_mmsm0055_proc.cpp	288	289	sqlstr = "UPDATE TMMSM33 SET PONO = '" + updPono + "',ST_NO = '" + updStNo + "',REC_REVISOR = '"+ recRevisor + "',REC_REVISE_TIME = '" + recReviseTime + "'"
libMMSM/f_mmsm0055_proc.cpp	296	297	sqlstr = "UPDATE TMMSM33 SET PONO = '" + updPono + "',ST_NO = '" + updStNo + "',REC_REVISOR = '"+ recRevisor + "',REC_REVISE_TIME = '" + recReviseTime + "'"
libMMSM/f_mmsm009a_snd.cpp	267	268	cmd_inq12.SetCommandText(" select TAP_IRON_START_TIME,TAP_IRON_END_TIME from TMMSM11B where IRON_NO=@IRON_NO ");
libMMSM/f_mmsm009a_snd.cpp	305	306	cmd_inq12.SetCommandText(" select TAP_IRON_START_TIME,TAP_IRON_END_TIME from TMMSM11B where IRON_NO=@IRON_NO ");
libMMSM/f_mmsm009a_snd.cpp	342	343	cmd_inq12.SetCommandText(" select TAP_IRON_START_TIME,TAP_IRON_END_TIME from TMMSM11B where IRON_NO=@IRON_NO ");
libMMSM/f_mmsm009a_snd.cpp	1784	1785	cmd_inq.SetCommandText(" select ID from (select row_number() over (partition by t.CAST_DIV_NO,t.TD_NO_1 order by LADLE_LEAVE_TIME) ID ,t.* from TMMSM31 t "
libMMSM/f_mmsm009a_snd.cpp	1798	1799	cmd_inq31.SetCommandText(" SELECT ON_LINE_TIME FROM TTMSM22 where TD_NO='" + tmmsm31["TD_NO_1"].ToString() + "' and CC_MACH_NO='" + tmmsm31["DEV_CODE"].ToString
libMMSM/f_mmsm009a_snd.cpp	1931	1932	cmd_inq.SetCommandText(" select * from TMMSM2A_YL where HEAT_NO=@HEAT_NO ");
libMMSM/f_mmsm009a_snd.cpp	1954	1973	cmd_inq12.SetCommandText(" SELECT MAT_CODE, "
libMMSM/f_mmsm009c_snd.cpp	344	374	sql_insert =" insert into DA_AOD_PRO_SUMMARY (ID, AGGREGATECODE, HEATNUMBER, PLANID, SPLITINDICATION, TREATMENTCOUNTER, "
libMMSM/f_mmsm009c_snd.cpp	597	618	sql_insert = " insert into DA_BOF_PRO_SUMMARY (ID, AGGREGATECODE, HEATNUMBER, PLANID, SPLITINDICATION, TREATMENTCOUNTER, SHIFTTEAM, "
libMMSM/f_mmsm009c_snd.cpp	883	913	sql_insert = " insert into DA_EAF_PRO_SUMMARY (ID, AGGREGATECODE, HEATNUMBER, PLANID, SPLITINDICATION, TREATMENTCOUNTER, "
libMMSM/f_mmsm009c_snd.cpp	1097	1122	sql_insert = " insert into DA_LF_PRO_SUMMARY (ID, AGGREGATECODE, HEATNUMBER, PLANID, SPLITINDICATION, TREATMENTCOUNTER, "
libMMSM/f_mmsm009c_snd.cpp	1150	1151	cmd_sql_count.SetCommandText(" select count(*) from DA_LTS_PROD_SUMMARY where HEAT_NUMBER='" + heat_number + "' ");
libMMSM/f_mmsm009c_snd.cpp	1158	1159	cmd_sql_delete.SetCommandText(" delete from DA_LTS_PROD_SUMMARY where HEAT_NUMBER='" + heat_number + "' ");
libMMSM/f_mmsm009c_snd.cpp	1225	1235	sql_insert = " insert into DA_LTS_PROD_SUMMARY (ID, AGGREGATE_NAME, HEAT_NUMBER, ORDER_NUMBER, SPLIT_INDICATION, TREATMENT_COUNTER, "
libMMSM/f_mmsm009c_snd.cpp	1260	1261	cmd_sql_count.SetCommandText(" select * from DA_RH_PRO_SUMMARY where HEATNUMBER='" + heatnumber + "' ");
libMMSM/f_mmsm009c_snd.cpp	1268	1269	cmd_sql_delete.SetCommandText(" delete from DA_RH_PRO_SUMMARY where HEATNUMBER='" + heatnumber + "' ");
libMMSM/f_mmsm009c_snd.cpp	1338	1350	sql_insert = " insert into DA_RH_PRO_SUMMARY (ID, AGGREGATECODE, HEATNUMBER, PLANID, SPLITINDICATION, EMPTY_LADLE_WEIGHT, SHIFT_TEAM, "
libMMSM/f_mmsm009c_snd.cpp	1519	1540	sql_insert = " insert into DA_VOD_PRO_SUMMARY (ID, AGGREGATECODE, HEATNUMBER, SPLITINDICATION, TREATMENTCOUNTER, "
libMMSM/f_mmsm009c_snd.cpp	1563	1564	cmd_sql_count.SetCommandText(" select * from DA_CCM_PRO_SUMMARY where HEATNUMBER='"+heatnumber+"' ");
libMMSM/f_mmsm009c_snd.cpp	1571	1572	cmd_sql_delete .SetCommandText(" delete from DA_CCM_PRO_SUMMARY where HEATNUMBER='" + heatnumber + "' ");
libMMSM/f_mmsm009c_snd.cpp	1682	1696	sql_insert = " insert into DA_CCM_PRO_SUMMARY ( "
libMMSM/f_mmsm009c_snd.cpp	1778	1779	cmd_sql_count.SetCommandText(" select * from DA_DES_PRO_SUMMARY01 where HEAT_NUMBER='" + heat_number + "' ");
libMMSM/f_mmsm009c_snd.cpp	1786	1787	cmd_sql_delete.SetCommandText(" delete from DA_DES_PRO_SUMMARY01 where HEAT_NUMBER='" + heat_number + "' ");
libMMSM/f_mmsm009c_snd.cpp	1849	1858	sql_insert = " insert into DA_DES_PRO_SUMMARY01 (ID, AGGREGATE_NAME, HEAT_NUMBER, ORDER_NUMBER, SPLIT_INDICATION, TREATMENT_COUNTER, "
libMMSM/f_mmsm009c_snd.cpp	1875	1876	cmd_sql_count.SetCommandText(" select * from DA_IF_PRO_SUMMARY where HEAT_NUMBER='" + heat_number + "' ");
libMMSM/f_mmsm009c_snd.cpp	1883	1884	cmd_sql_delete.SetCommandText(" delete from DA_IF_PRO_SUMMARY where HEAT_NUMBER='" + heat_number + "' ");
libMMSM/f_mmsm009c_snd.cpp	1958	1974	sql_insert = " insert into DA_IF_PRO_SUMMARY (ID, AGGREGATE_NAME, HEAT_NUMBER, PLAN_NUMBER, SPLIT_INDICATION, LADLE_NUMBER, "
libMMSM/f_mmsm009d_snd.cpp	50	51	cmd_sql.SetCommandText(" SELECT LPAD(TO_CHAR(TMMSM2A_ID.NEXTVAL), 9, '0') AS ID FROM DUAl ");
libMMSM/f_mmsm009d_snd.cpp	100	105	sql_insert = " insert into DA_BOF_CHARGE (ID, AGGREGATE_NAME, HEAT_NUMBER, ORDER_NUMBER, SPLIT_INDICATION, "
libMMSM/f_mmsm009d_snd.cpp	172	179	sql_insert = " insert into DA_AOD_CHARGE (ID, AGGREGATE_NAME, HEAT_NUMBER, ORDER_NUMBER, SPLIT_INDICATION, "
libMMSM/f_mmsm009d_snd.cpp	239	246	sql_insert = " insert into DA_EAF_CHARGE (ID, AGGREGATE_NAME, HEAT_NUMBER, ORDER_NUMBER, SPLIT_INDICATION, "
libMMSM/f_mmsm009d_snd.cpp	293	300	sql_insert = " insert into DA_IF_CHARGE (ID, AGGREGATE_NAME, HEAT_NUMBER, ORDER_NUMBER, SPLIT_INDICATION, "
libMMSM/f_mmsm009d_snd.cpp	360	367	sql_insert = " insert into DA_LTS_CHARGE (ID, AGGREGATE_NAME, HEAT_NUMBER, ORDER_NUMBER, SPLIT_INDICATION, "
libMMSM/f_mmsm009d_snd.cpp	428	435	sql_insert = " insert into DA_LF_CHARGE (ID, AGGREGATE_NAME, HEAT_NUMBER, ORDER_NUMBER, SPLIT_INDICATION, "
libMMSM/f_mmsm009d_snd.cpp	496	503	sql_insert = " insert into DA_RH_CHARGE (ID, AGGREGATE_NAME, HEAT_NUMBER, ORDER_NUMBER, SPLIT_INDICATION, "
libMMSM/f_mmsm009d_snd.cpp	564	571	sql_insert = " insert into DA_VOD_CHARGE (ID, AGGREGATE_NAME, HEAT_NUMBER, ORDER_NUMBER, SPLIT_INDICATION, "
libMMSM/f_mmsm009d_snd.cpp	620	627	sql_insert = " insert into DA_DES_CHARGE (ID, AGGREGATE_NAME, HEAT_NUMBER, ORDER_NUMBER, SPLIT_INDICATION, "
libMMSM/f_mmsm009e_snd.cpp	248	249	cmd_sql.SetCommandText(" SELECT L2_PROC_NO,HEAT_NO FROM "+table_name+" where SM_PLAN_NOL2='"+sm_plan_nol2+"' ");
libMMSM/f_mmsm009e_snd.cpp	837	838	cmd_sql2a.SetCommandText(" SELECT * from TMMSM2A where SM_PLAN_NOL2='" + sm_plan_nol2 + "' ");
libMMSM/f_mmsm01_ins.cpp	254	257	sqlstr = "SELECT SLAB_THICK, SLAB_WIDTH, SLAB_LEN "
libMMSM/f_mmsm01_ins.cpp	341	343	sqlstr = "SELECT * "
libMMSM/f_mmsm01_ins.cpp	359	360	sqlstr_ps10 = " select * from vpssm10 where pono ='" + tmmsm33["PONO"].ToString().Trim() + "' ";
libMMSM/f_mmsm01_ins.cpp	387	391	sqlstr = "SELECT SLAB_NO "
libMMSM/f_mmsm01_ins.cpp	395	400	sqlstr = "SELECT SLAB_NO "
libMMSM/f_mmsm01_ins.cpp	431	434	" SELECT * FROM TPSSM03 "
libMMSM/f_mmsm01_ins.cpp	463	464	sqlstr_ps10 = " select * from vpssm10 where pono ='" + tmmsm33["PONO"].ToString().Trim() + "' ";
libMMSM/f_mmsm01_ins.cpp	484	486	sqlstr = "SELECT REFINE_ROUTE_CODE "
libMMSM/f_mmsm01_ins.cpp	862	862	sqlstr = "SELECT SG_SIGN FROM (  "
libMMSM/f_mmsm01_ins.cpp	863	864	" SELECT row_number() over(partition by SG_SIGN order by  SLAB_NO DESC) MAX_SG, SG_SIGN  "
libMMSM/f_mmsm01_ins.cpp	885	885	sqlstr = "SELECT SG_SIGN FROM (  "
libMMSM/f_mmsm01_ins.cpp	886	887	" SELECT row_number() over(partition by SG_SIGN order by  SLAB_NO DESC) MAX_SG, SG_SIGN  "
libMMSM/f_mmsm01_ins.cpp	900	901	sqlstr = "SELECT SG_SIGN FROM TPSSM01 where PONO = '" + tmmsm01["PONO"].ToString().Trim() + "'";
libMMSM/f_mmsm01_ins.cpp	1071	1073	sqlstr = CString("SELECT FIN_ST_NO,JUDGE_CODE FROM TQMTS23 WHERE HEAT_NO = @heat_no ");
libMMSM/f_mmsm01_ins.cpp	1086	1088	sqlstr = CString("SELECT ST_NO,PCH_JUDGE_CODE FROM TQMTQB0 WHERE HEAT_NO = @heat_no ");
libMMSM/f_mmsm01_ins.cpp	1174	1175	cmd_inq.SetCommandText("SELECT SLAB_COOL_IND,MACH_CLEAR_DIV FROM TQMTS08 WHERE ST_NO = @st_no ORDER BY VERSION DESC ");
libMMSM/f_mmsm01_ins.cpp	1206	1207	CString sql_tqmts0x = "SELECT C_DIV,SG_GRADE_1 FROM TQMTS0X WHERE ST_NO = '" + tmmsm01["ST_NO"].ToString() + "'";
libMMSM/f_mmsm01_ins.cpp	1246	1247	cmd_inq.SetCommandText("SELECT STATION_NAME FROM TPSSMD1 WHERE DEV_CODE ='"+tmmsm01["DEV_CODE"].ToString()+"'");
libMMSM/f_mmsm01_ins.cpp	1255	1256	cmd_inq.SetCommandText("SELECT CK_RESULT from tmmsm3f where slab_no = '"+ tmmsm01["SLAB_NO"].ToString().Trim() +"'  ORDER BY  ID DESC");
libMMSM/f_mmsm01_ins.cpp	1421	1423	" SELECT sum(SLAB_MIN_LEN),sum(SLAB_MAX_LEN) from tpssm03 where lslab_no =@lslab_no  ";
libMMSM/f_mmsm01_st_no_update.cpp	44	45	sqlstr = "SELECT * FROM TMMSM33 WHERE HEAT_NO = @heat_no ";
libMMSM/f_mmsm0603_proc.cpp	120	122	sqlstr = " SELECT NVL(MAX(DEFECT_NO),0) + 1 "
libMMSM/f_mmsm10_proc.cpp	74	76	sqlstr = "SELECT * "
libMMSM/f_mmsm10_proc.cpp	97	99	sqlstr = "SELECT * "
libMMSM/f_mmsm10_proc.cpp	196	199	sqlstr_mm = " SELECT *  FROM " + v_table_name + " WHERE  HEAT_NO = @heat_no ";
libMMSM/f_mmsm10_trace.cpp	143	144	sqlstr_mm = " SELECT *  FROM " + v_table_name + " WHERE  L2_PROC_NO = @l2_proc_no ";
libMMSM/f_mmsm10_trace.cpp	414	417	sqlstr_ps = " SELECT PROC_NO FROM TPSSM12"
libMMSM/f_mmsm12_proc.cpp	312	314	sqlstr = "SELECT (TO_DATE(@end_time, 'yyyy-mm-dd hh24:mi:ss') - "
libMMSM/f_mmsm12a_proc.cpp	216	218	sqlstr = "SELECT (TO_DATE(@end_time, 'yyyy-mm-dd hh24:mi:ss') - "
libMMSM/f_mmsm13_proc.cpp	112	114	sqlstr = " SELECT REC_CREATE_TIME, REC_CREATOR  "
libMMSM/f_mmsm14_proc.cpp	77	78	cmd_inq.SetCommandText("SELECT LPAD(TO_CHAR(TMMSM14_PROC.NEXTVAL), 5, '0') FROM DUAL");
libMMSM/f_mmsm14_proc.cpp	164	166	sqlstr = " SELECT REC_CREATE_TIME, REC_CREATOR  "
libMMSM/f_mmsm18_proc.cpp	90	92	sqlstr = " SELECT REC_CREATE_TIME, REC_CREATOR  "
libMMSM/f_mmsm19_proc.cpp	207	208	cmd_id.SetCommandText(" SELECT LPAD(TO_CHAR(TEST_ID_XMY.NEXTVAL), 5, '0') AS ID FROM DUAl ");
libMMSM/f_mmsm19_proc.cpp	225	226	cmd_inq.SetCommandText(" select HEAT_NO from TMMSM19 WHERE PROC_NO='"+tmmsm19["PROC_NO"].ToString()+"' ");
libMMSM/f_mmsm19_proc.cpp	273	274	sqlstr = " SELECT * FROM TMMSM2A "
libMMSM/f_mmsm20_proc.cpp	141	142	cmd_inq_code.SetCommandText(" SELECT SM_PLAN_NO FROM TPSSM11 WHERE SM_PLAN_NOL2 ='" + bcls_rec->Tables[0].Rows[0]["SM_PLAN_NOL2"].ToString() + "'");
libMMSM/f_mmsm20_proc.cpp	218	219	cmd_id.SetCommandText(" SELECT LPAD(TO_CHAR(TEST_ID_XMY.NEXTVAL), 9, '0') AS ID FROM DUAl ");
libMMSM/f_mmsm20_proc.cpp	259	260	cmd_inq.SetCommandText(" select HEAT_NO from TMMSM20 WHERE L2_PROC_NO='" + tmmsm20["L2_PROC_NO"].ToString() + "' ");
libMMSM/f_mmsm20_proc.cpp	309	310	sqlstr = " SELECT * FROM TMMSM2A "
libMMSM/f_mmsm21_proc.cpp	241	242	cmd_id.SetCommandText(" SELECT LPAD(TO_CHAR(TEST_ID_XMY.NEXTVAL), 5, '0') AS ID FROM DUAl ");
libMMSM/f_mmsm21_proc.cpp	290	291	cmd_inq.SetCommandText(" select ID_SJ from TMMSM21 WHERE L2_PROC_NO='" + tmmsm21["L2_PROC_NO"].ToString() + "' ");
libMMSM/f_mmsm21_proc.cpp	355	356	sqlstr = " SELECT * FROM TMMSM2A "
libMMSM/f_mmsm21_proc.cpp	761	762	cmd_kr.SetCommandText(" select * from TMMSMKR14 WHERE HEAT_NO='" + tmmsm21["HEAT_NO"].ToString() + "'  ");
libMMSM/f_mmsm22_proc.cpp	336	337	sqlstr = " SELECT * FROM TMMSM2A "
libMMSM/f_mmsm23_proc.cpp	219	220	cmd_id.SetCommandText(" SELECT LPAD(TO_CHAR(TEST_ID_XMY.NEXTVAL), 9, '0') AS ID FROM DUAl ");
libMMSM/f_mmsm23_proc.cpp	260	261	cmd_inq.SetCommandText(" select PROC_NO from TMMSM23 WHERE HEAT_NO='" + tmmsm23["HEAT_NO"].ToString() + "' ");
libMMSM/f_mmsm23_proc.cpp	313	314	sqlstr = " SELECT * FROM TMMSM2A "
libMMSM/f_mmsm24_proc.cpp	221	222	cmd_sql0x.SetCommandText(" select C_DIV  from TQMTS0X where ST_NO=@ST_NO ");
libMMSM/f_mmsm24_proc.cpp	235	236	cmd_id.SetCommandText(" SELECT LPAD(TO_CHAR(TEST_ID_XMY.NEXTVAL), 9, '0') AS ID FROM DUAl ");
libMMSM/f_mmsm24_proc.cpp	280	281	cmd_inq.SetCommandText(" select PROC_NO,L2_PROC_NO from TMMSM24 WHERE HEAT_NO='" + tmmsm24["HEAT_NO"].ToString() + "' ");
libMMSM/f_mmsm24_proc.cpp	331	332	sqlstr = " SELECT * FROM TMMSM2A "
libMMSM/f_mmsm25_proc.cpp	227	228	cmd_id.SetCommandText(" SELECT LPAD(TO_CHAR(TEST_ID_XMY.NEXTVAL), 9, '0') AS ID FROM DUAl ");
libMMSM/f_mmsm25_proc.cpp	264	265	cmd_inq.SetCommandText(" select PROC_NO,PONO,L2_PROC_NO from TMMSM25 WHERE HEAT_NO='" + tmmsm25["HEAT_NO"].ToString() + "' ");
libMMSM/f_mmsm25_proc.cpp	318	319	sqlstr = " SELECT * FROM TMMSM2A "
libMMSM/f_mmsm26_proc.cpp	219	220	cmd_id.SetCommandText(" SELECT LPAD(TO_CHAR(TEST_ID_XMY.NEXTVAL), 9, '0') AS ID FROM DUAl ");
libMMSM/f_mmsm26_proc.cpp	255	256	cmd_inq.SetCommandText(" select HEAT_NO,PROC_NO from TMMSM26 WHERE L2_PROC_NO='" + tmmsm26["L2_PROC_NO"].ToString() + "' ");
libMMSM/f_mmsm26_proc.cpp	311	312	sqlstr = " SELECT * FROM TMMSM2A "
libMMSM/f_mmsm27_proc.cpp	225	226	cmd_id.SetCommandText(" SELECT LPAD(TO_CHAR(TEST_ID_XMY.NEXTVAL), 9, '0') AS ID FROM DUAl ");
libMMSM/f_mmsm27_proc.cpp	260	261	cmd_inq.SetCommandText(" select PROC_NO from TMMSM27 WHERE HEAT_NO='" + tmmsm27["HEAT_NO"].ToString() + "' ");
libMMSM/f_mmsm27_proc.cpp	310	311	sqlstr = " SELECT * FROM TMMSM2A "
libMMSM/f_mmsm2a_proc.cpp	200	201	cmd_sql.SetCommandText("UPDATE TMMSM51 SET REC_REVISE_TIME = @dateNow,REC_REVISOR = @s.userid,STOCK_WT = STOCK_WT - @tmmsm2a.DEVO_WT WHERE MAT_CODE = @tmmsm2a.M
libMMSM/f_mmsm2a_proc.cpp	252	252	cmd_inq.SetCommandText("select  nvl(MAX(PROC_COUNT),0)+1 from tmmsm2a where  HEAT_NO ='" + tmmsm2a["HEAT_NO"].ToString().Trim() + "' ");
libMMSM/f_mmsm2a_proc.cpp	255	258	cmd_inq.SetCommandText("select  nvl(MAX(PROC_COUNT),0)+1 from tmmsm2a where  HEAT_NO ='" + tmmsm2a["HEAT_NO"].ToString().Trim() + "'  AND PROC_NO = '" + tmmsm2a
libMMSM/f_mmsm2a_proc.cpp	274	275	cmd_sql.SetCommandText("UPDATE TMMSM51 SET REC_REVISE_TIME = @dateNow,REC_REVISOR = @s.userid,STOCK_WT = STOCK_WT + @tmmsm2a.DEVO_WT  - @newWt WHERE MAT_CODE = 
libMMSM/f_mmsm2a_proc.cpp	339	340	cmd_sql.SetCommandText("UPDATE TMMSM51 SET REC_REVISE_TIME = @dateNow,REC_REVISOR = @s.userid,STOCK_WT = STOCK_WT + @tmmsm2a.DEVO_WT WHERE MAT_CODE = @tmmsm2a.M
libMMSM/f_mmsm2a_save.cpp	80	81	sqlstr = "SELECT TMMSM2A.*,' ' PROC_DIV,0 NEW_WT,' ' NEW_HANDWORK_MARK,' ' NEW_COLL_MODE FROM TMMSM2A WHERE PROC_NO = @tmmsm2a.PROC_NO";
libMMSM/f_mmsm2ahj_proc.cpp	108	114	sqlstr = " select * from tmmsm85 "
libMMSM/f_mmsm2ahj_proc.cpp	132	133	sqlstr = "  SELECT LPAD(TO_CHAR(MMLC_2AYL.NEXTVAL),5 ,'0') FROM DUAL ";
libMMSM/f_mmsm2ahj_proc.cpp	177	183	sqlstr = " select count(1)"
libMMSM/f_mmsm2ahj_proc.cpp	195	199	sqlstr = " select QUALITY_BATCH_NO,LOT_NO from tmmsm60 "
libMMSM/f_mmsm2ahj_proc.cpp	219	225	sqlstr = " select QUALITY_BATCH_NO,LOT_NO from tmmsm81 "
libMMSM/f_mmsm2ahj_proc.cpp	230	235	sqlstr = " select QUALITY_BATCH_NO,LOT_NO from tmmsm81 "
libMMSM/f_mmsm2ahj_proc.cpp	249	250	sqlstr = "  SELECT LPAD(TO_CHAR(MMLC_2AYL.NEXTVAL),5 ,'0') FROM DUAL ";
libMMSM/f_mmsm2ahj_proc.cpp	300	301	sqlstr1 = "SELECT ST_NO FROM TPSSMSS WHERE EVENT_TIME = (SELECT MAX(EVENT_TIME) FROM TPSSMSS  A  WHERE 1 = 1 and DEV_CODE like @DEV_CODE||'%' and EVENT_ID = '3'
libMMSM/f_mmsm2ahj_proc.cpp	311	313	sqlstr1 = " select COUNT(1) AS COUNT_I from TQMTS0X T "
libMMSM/f_mmsm2ahj_proc.cpp	328	332	sqlstr = " select * from tmmsm85 "
libMMSM/f_mmsm2ahj_proc.cpp	337	341	sqlstr = " select * from tmmsm85 "
libMMSM/f_mmsm2ahj_proc.cpp	351	355	sqlstr = " select * from tmmsm85 "
libMMSM/f_mmsm2ahj_proc.cpp	361	365	sqlstr = " select * from tmmsm85 "
libMMSM/f_mmsm2ahj_proc.cpp	389	390	sqlstr = "  SELECT LPAD(TO_CHAR(MMLC_2AYL.NEXTVAL),5 ,'0') FROM DUAL ";
libMMSM/f_mmsm2ahj_proc.cpp	444	445	sqlstr = "  SELECT LPAD(TO_CHAR(MMLC_2AYL.NEXTVAL),5 ,'0') FROM DUAL ";
libMMSM/f_mmsm2ahj_proc.cpp	498	499	sqlstr = "SELECT MAT_CODE FROM tmmsm60 WHERE BUNKER_NO = @bunker_no";
libMMSM/f_mmsm2ahj_proc.cpp	513	514	sqlstr = "SELECT MAT_CODE FROM tmmsm60 WHERE BUNKER_NO = @bunker_no";
libMMSM/f_mmsm2ahj_proc.cpp	532	536	sqlstr = " select QUALITY_BATCH_NO,LOT_NO from tmmsm60 "
libMMSM/f_mmsm2ahj_proc.cpp	551	557	sqlstr = " select QUALITY_BATCH_NO,LOT_NO from tmmsm81 "
libMMSM/f_mmsm2ahj_proc.cpp	570	575	sqlstr = " select QUALITY_BATCH_NO,LOT_NO from tmmsm81 "
libMMSM/f_mmsm2ahj_proc.cpp	590	591	sqlstr = "  SELECT LPAD(TO_CHAR(MMLC_2AYL.NEXTVAL),5 ,'0') FROM DUAL ";
libMMSM/f_mmsm2ahj_proc.cpp	637	641	sqlstr = " select * from tmmsm85 "
libMMSM/f_mmsm2ahj_proc.cpp	663	664	sqlstr = "  SELECT LPAD(TO_CHAR(MMLC_2AYL.NEXTVAL),5 ,'0') FROM DUAL ";
libMMSM/f_mmsm2ahj_proc.cpp	717	718	sqlstr = "  SELECT LPAD(TO_CHAR(MMLC_2AYL.NEXTVAL),5 ,'0') FROM DUAL ";
libMMSM/f_mmsm2ahj_proc.cpp	768	771	sqlstr = " select * from tmmsm85 "
libMMSM/f_mmsm2ahj_proc.cpp	850	851	sqlstr = "  SELECT LPAD(TO_CHAR(MMLC_2AYL.NEXTVAL),5 ,'0') FROM DUAL ";
libMMSM/f_mmsm2ahj_proc.cpp	901	902	sqlstr = "  SELECT LPAD(TO_CHAR(MMLC_2AYL.NEXTVAL),5 ,'0') FROM DUAL ";
libMMSM/f_mmsm2ahj_proc.cpp	965	969	sqlstr = " select QUALITY_BATCH_NO,LOT_NO from tmmsm60 "
libMMSM/f_mmsm2ahj_proc.cpp	984	990	sqlstr = " select QUALITY_BATCH_NO,LOT_NO from tmmsm81 "
libMMSM/f_mmsm2ahj_proc.cpp	1004	1009	sqlstr = " select QUALITY_BATCH_NO,LOT_NO from tmmsm81 "
libMMSM/f_mmsm2ahj_proc.cpp	1023	1024	sqlstr = "  SELECT LPAD(TO_CHAR(MMLC_2AYL.NEXTVAL),5 ,'0') FROM DUAL ";
libMMSM/f_mmsm2d_proc.cpp	118	122	sqlstr = "SELECT SUBSTR(DEV_CODE,1,1),SUBSTR(DEV_CODE,2,1) "
libMMSM/f_mmsm31_proc.cpp	235	236	cmd_inq.SetCommandText(" select STEEL_NET_WT_CRANE  from TMMSM31C where HEAT_NO=@HEAT_NO ORDER BY REC_CREATE_TIME DESC ");
libMMSM/f_mmsm31_proc.cpp	257	260	" SELECT FIN_ST_NO,JUDGE_CODE FROM TQMTS23 "
libMMSM/f_mmsm31_proc.cpp	286	287	cmd_id.SetCommandText(" SELECT LPAD(TO_CHAR(TEST_ID_XMY.NEXTVAL), 9, '0') AS ID FROM DUAl ");
libMMSM/f_mmsm3301_rcv.cpp	184	184	CString time_temp = Db::QueryCString("select CODE from TWMSMZD02 where CODE_CLASS='MMSM' ");
libMMSM/f_mmsm3301_rcv.cpp	195	196	sqlstr = "SELECT PONO,ST_NO_1,CAST_NO,CAST_DIV_NO,ST_NO,SM_PLAN_NO  FROM TPSSM11 WHERE   SM_PLAN_NOL2 ='" +
libMMSM/f_mmsm3301_rcv.cpp	213	214	sqlstr = "SELECT PONO,ST_NO_1,CAST_NO,CAST_DIV_NO,ST_NO,SM_PLAN_NO  FROM TPSSM41 WHERE   SM_PLAN_NOL2 ='" +
libMMSM/f_mmsm3301_rcv.cpp	229	230	sqlstr_ss = " select ST_NO from tpssmss where HEAT_NO='" + bcls_rec_MMSM33_1.Tables["TMMSM33_1"].Rows[0]["HEAT_NO"].ToString() + "' and DEV_CODE like 'C%' AND S
libMMSM/f_mmsm3301_rcv.cpp	244	245	sqlstr = "SELECT PONO,ST_NO FROM TPSSM_PLAN_ST  WHERE HEAT_NO = '" +
libMMSM/f_mmsm3301_rcv.cpp	321	322	sqlstr = "SELECT PROC_NO FROM TPSSM12 WHERE HEAT_NO = '" + bcls_rec_MMSM33_1.Tables["TMMSM33_1"].Rows[0]["HEAT_NO"].ToString() + "'  AND AREA_ID = '5'   AND DEV
libMMSM/f_mmsm3301_rcv.cpp	543	544	sqlstr = "SELECT DECODE(LSLAB_NO_LENGTH,0,SLAB_LEN,LSLAB_NO_LENGTH) LSLAB_NO_LENGTH,SLAB_WIDTH,SLAB_THICK,CAST_LOT_NO,FACTORY_NEXT,INGOT_CODE,SLAB_DEST,LSLAB_NO
libMMSM/f_mmsm3301_rcv.cpp	650	652	sqlstr = " select LSLAB_NO, DECODE(lslab_no_length, 0, SLAB_LEN, lslab_no_length) lslab_no_length,SLAB_WIDTH, SLAB_THICK  "
libMMSM/f_mmsm3301_rcv.cpp	761	763	sqlstr = "select LSLAB_NO, DECODE(lslab_no_length, 0, SLAB_LEN, lslab_no_length) lslab_no_length,SLAB_WIDTH, SLAB_THICK  "
libMMSM/f_mmsm3301_rcv.cpp	874	875	sqlstr = "SELECT SLAB_NO,LSLAB_NO_LENGTH FROM TPSSM03 WHERE LSLAB_NO ='" + bcls_rec_MMSM33_1.Tables["TMMSM33_1"].Rows[0]["LSLAB_NO"].ToString().Trim() + "' AND 
libMMSM/f_mmsm3301_rcv.cpp	927	928	sqlstr = "SELECT SLAB_DEST,INGOT_CODE FROM TPSSM03 WHERE PONO ='" + tmmsm33_1["PONO"].ToString().Trim() + "'  order by  SLAB_NO desc ";
libMMSM/f_mmsm3301_rcv.cpp	965	968	" SELECT FIN_ST_NO,JUDGE_CODE FROM TQMTS23 "
libMMSM/f_mmsm3301d_proc.cpp	252	253	cmd_inq.SetCommandText("SELECT CUT_FIN_FLAG FROM TPSSM11 WHERE HEAT_NO = @tmmsm33.HEAT_NO");
libMMSM/f_mmsm3301d_proc.cpp	413	415	" SELECT * FROM TWMA0"
libMMSM/f_mmsm3301n_proc.cpp	446	448	" SELECT ORDER_TYPE FROM TPMOF01 "
libMMSM/f_mmsm3301n_proc.cpp	566	567	sqlstr = "select BACK_C1 from twmsmpz WHERE CODE_CLASS='ZDQX'  AND CODE_DESC_1_CONTENT ='"+tmmsm01["STRAND_NO"].ToString()+"'";
libMMSM/f_mmsm3301n_proc.cpp	585	586	sqlstr = "select BACK_N_1 from twmsmpz WHERE CODE_CLASS='ZDLK'  AND CODE_DESC_1_CONTENT ='" + tmmsm01["STRAND_NO"].ToString() + "'";
libMMSM/f_mmsm3331_proc.cpp	102	103	cmd_inq.SetCommandText("SELECT count(1),sum(slab_wt),sum(mat_theory_wt),max(fin_st_no) FROM TMMSM33 WHERE HEAT_NO = @tmmsm31.HEAT_NO group by heat_no ");
libMMSM/f_mmsm33_check.cpp	147	148	" select count(1) from tmmsmwt where ingot_code =@tmmsm33.INGOT_CODE "
libMMSM/f_mmsm33_check.cpp	157	159	sqlstr = "select count(1)"//ingot_code,ingot_name,slab_thick,slab_width,slab_len,ingot_unit_wt
libMMSM/f_mmsm33_check.cpp	167	169	sqlstr = "select ingot_code,ingot_name,slab_thick,slab_width,slab_len,ingot_unit_wt "
libMMSM/f_mmsm33_check.cpp	199	200	sqlstr = "select ingot_code from tpssm03 where slab_no =@tmmsm33.PONO_SLAB_1 ";
libMMSM/f_mmsm33_check.cpp	264	264	" select sum(cnt) from ("
libMMSM/f_mmsm33_check.cpp	265	268	" SELECT count(1) cnt  FROM tpssm11 "
libMMSM/f_mmsm33_check.cpp	269	272	" SELECT count(1)  cnt FROM tpssm41 "
libMMSM/f_mmsm33_check.cpp	316	318	sqlstr = "select slab_no,pono from tpssm03 "
libMMSM/f_mmsm33_delete.cpp	100	101	sqlstr = CString(" SELECT PONO_STATUS FROM TPSSM41 "
libMMSM/f_mmsm33_get_stno.cpp	104	106	" SELECT PONO,ST_NO,FIN_ST_NO,JUDGE_CODE,JUDGE_TIME FROM TQMTS23 "
libMMSM/f_mmsm33_insert.cpp	127	129	" SELECT COUNT(1) FROM "
libMMSM/f_mmsm33_insert.cpp	175	178	" SELECT FIN_ST_NO,JUDGE_CODE FROM TQMTS23 "
libMMSM/f_mmsm33_pickslab.cpp	68	71	sqlstr = "SELECT CODE_DESC_5_CONTENT"
libMMSM/f_mmsm33_pickslab.cpp	101	103	sqlstr = "SELECT LSLAB_NO,SLAB_NO,SLAB_DEST,SLAB_PROD_FLAG FROM TPSSM03 WHERE PONO = @pono " + ic_cc_div_sql +
libMMSM/f_mmsm33_pickslab.cpp	115	117	sqlstr = "SELECT LSLAB_NO,SLAB_NO,SLAB_DEST,SLAB_PROD_FLAG FROM TPSSM03 WHERE PONO = @pono " + ic_cc_div_sql +
libMMSM/f_mmsm33_pickslab.cpp	132	135	sqlstr = "SELECT LSLAB_NO,SLAB_NO,SLAB_DEST,SLAB_PROD_FLAG FROM TPSSM03 "
libMMSM/f_mmsm33_pickslab.cpp	147	150	sqlstr = "SELECT LSLAB_NO,SLAB_NO,SLAB_DEST,SLAB_PROD_FLAG FROM TPSSM03 "
libMMSM/f_mmsm33_pickslab.cpp	366	367	sqlstr = "SELECT count(distinct LSLAB_NO),sum(slab_len) FROM TPSSM03 WHERE SLAB_NO in ( " + v_slab_str + ")"
libMMSM/f_mmsm33_pickslab.cpp	373	374	sqlstr = "SELECT count(distinct LSLAB_NO),sum(slab_len) FROM TPSSM03 WHERE SLAB_NO in ( " + v_slab_str + ")"
libMMSM/f_mmsm33_pmof.cpp	119	121	sqlstr = "SELECT slab_wt "
libMMSM/f_mmsm33_update.cpp	183	184	cmd_inq.SetCommandText("SELECT CUT_FIN_FLAG FROM TPSSM11 WHERE HEAT_NO = @tmmsm33.HEAT_NO");
libMMSM/f_mmsm33dbsx_proc.cpp	134	135	sqlstr = "SELECT * FROM TMMSM33DBSX WHERE MAT_NO = '" + tmmsm01["MAT_NO"].ToString() + "' order by SEQ_NO asc";
libMMSM/f_mmsm33dbsx_proc.cpp	497	498	sqlstr = "SELECT * FROM TMMSM35 WHERE IN_MAT_NO = '" + tmmsm33dbsx["MAT_NO"].ToString() + "' order by PROD_SEQ_NO asc";
libMMSM/f_mmsm33dbsx_proc.cpp	607	608	sqlstr = " SELECT * FROM TPSSM03 WHERE LSLAB_NO = '" + tmmsm01_slab["LSLAB_NO"].ToString().Trim() + "' AND  SLAB_PROD_FLAG = '1'"
libMMSM/f_mmsm3401_proc.cpp	190	191	CString strsql = " SELECT t.CODE_DESC_1_CONTENT FROM TWMSMZD02 t WHERE 1 =1 and t.CODE_CLASS = 'METALRATE'  and t.CODE = '"+stNo+"' ";
libMMSM/f_mmsm3401_proc.cpp	347	348	CString sql = "  select t.MEND_INNER_MACHINE,t.MEND_INNER_OPERATOR from tmmsm34 t where t.MAT_NO = '" + tmmsm34["MAT_NO"].ToString() + "' and t.PROD_SEQ_NO = '"
libMMSM/f_mmsm3401_proc.cpp	442	443	CString strsql = " SELECT t.CODE_DESC_1_CONTENT FROM TWMSMZD02 t WHERE 1 =1 and t.CODE_CLASS = 'METALRATE'  and t.CODE = '" + stNo + "' ";
libMMSM/f_mmsm3401_proc.cpp	1000	1002	sqlstr = "SELECT t.PROD_SEQ_NO,t.MAT_NO,t.MEND_FLAG,t.MEND_BEFORE_WEIGHT,t.MEND_AFTER_WEIGHT,t.MEND_SECOND_WEIGHT  "
libMMSM/f_mmsm3401_proc.cpp	2143	2145	sqlstr = "SELECT  FACTORY_DIV,PLAN_NO,PLAN_BACKLOG_CODE "
libMMSM/f_mmsm3601_proc.cpp	283	285	sqlstr1 = "SELECT  B.BATCH, B.ST_NO, B.UNIT_CODE, B.MAT_WIDTH, A.DEAL_NOTION, A.GRIND_MAIN_REASON,A.CASTING_PRE_JUDGMENT  FROM TMMSM36 A "
libMMSM/f_mmsm3601_proc.cpp	338	340	sqlstr1 = "SELECT  B.BATCH, B.ST_NO, B.UNIT_CODE, B.MAT_WIDTH, A.DEAL_NOTION, A.GRIND_MAIN_REASON,A.CASTING_PRE_JUDGMENT  FROM TMMSM36 A "
libMMSM/f_mmsm41a_proc.cpp	178	181	sqlstr = " SELECT REC_CREATE_TIME, REC_CREATOR  "
libMMSM/f_mmsm4501_proc.cpp	97	99	sqlstr = "SELECT STRAND_NO,INGOT_CODE "
libMMSM/f_mmsm50_proc.cpp	136	138	sqlstr = " SELECT REC_CREATE_TIME, REC_CREATOR  "
libMMSM/f_mmsm50a_proc.cpp	120	123	sqlstr = "SELECT CODE_DESC_1_CONTENT "
libMMSM/f_mmsm50a_proc.cpp	142	149	c_sql_condition2 = "insert into tmmsm50a "
libMMSM/f_mmsm50a_proc.cpp	172	174	c_sql_condition2 = "delete tmmsm50a "
libMMSM/f_mmsm53_proc.cpp	94	96	sqlstr = "SELECT STOCK_WT "
libMMSM/f_mmsm54_proc.cpp	102	104	sqlstr = "SELECT  MAT_TYPE "
libMMSM/f_mmsm54_proc.cpp	199	201	sqlstr = " SELECT AFFIRM_FLAG,OUT_STOCK_NO"
libMMSM/f_mmsm54_proc.cpp	228	230	sqlstr = " SELECT REC_CREATE_TIME, REC_CREATOR"
libMMSM/f_mmsm54a_proc.cpp	165	167	sqlstr = "SELECT  MAT_TYPE "
libMMSM/f_mmsm54a_proc.cpp	201	203	sqlstr = " SELECT REC_CREATE_TIME, REC_CREATOR,PLAN_STATUS"
libMMSM/f_mmsm55_proc.cpp	106	108	sqlstr = "SELECT  MAT_TYPE "
libMMSM/f_mmsm55_proc.cpp	140	142	sqlstr = " SELECT REC_CREATE_TIME, REC_CREATOR,AFFIRM_FLAG"
libMMSM/f_mmsm55_proc.cpp	174	176	sqlstr = " SELECT AFFIRM_FLAG"
libMMSM/f_mmsm55_proc.cpp	233	236	sqlstr = "SELECT STOCK_WT "
libMMSM/f_mmsm55_proc.cpp	362	364	sqlstr = "SELECT STOCK_WT "
libMMSM/f_mmsm55_proc.cpp	472	473	cmd_sql.SetCommandText("UPDATE TMMSM51 SET REC_REVISE_TIME = @dateNow,REC_REVISOR = @s.userid,STOCK_WT = STOCK_WT - @hmmsm55.IN_STOCK_WT + @tmmsm55.IN_STOCK_WT 
libMMSM/f_mmsm55_proc.cpp	556	557	sqlstr = "SELECT MAT_NAME,MAT_TYPE FROM TMMSM50 WHERE MAT_CODE = @tmmsm55.MAT_CODE";
libMMSM/f_mmsm55_proc.cpp	593	594	cmd_sql.SetCommandText("UPDATE TMMSM51 SET REC_REVISE_TIME = @dateNow,REC_REVISOR = @s.userid,STOCK_WT = STOCK_WT - @hmmsm55.IN_STOCK_WT + @tmmsm55.IN_STOCK_WT 
libMMSM/f_mmsm56_proc.cpp	89	91	sqlstr = "SELECT  MAT_TYPE "
libMMSM/f_mmsm56_proc.cpp	126	128	sqlstr = " SELECT REC_CREATE_TIME, REC_CREATOR,AFFIRM_FLAG"
libMMSM/f_mmsm56_proc.cpp	162	164	sqlstr = " SELECT AFFIRM_FLAG"
libMMSM/f_mmsm56_proc.cpp	209	212	sqlstr = "SELECT STOCK_WT "
libMMSM/f_mmsm56_proc.cpp	283	286	sqlstr = "SELECT STOCK_WT "
libMMSM/f_mmsm56_proc.cpp	357	360	sqlstr = "SELECT STOCK_WT "
libMMSM/f_mmsm57_proc.cpp	104	106	sqlstr = " SELECT REC_CREATE_TIME, REC_CREATOR  "
libMMSM/f_mmsm61.cpp	239	240	sqlstr = " DELETE FROM TMMSM03 "
libMMSM/f_mmsm61.cpp	258	259	sqlstr = " DELETE FROM TMMSM04 "
libMMSM/f_mmsm61.cpp	277	280	sqlstr = " SELECT MIN(PONO_SLAB) "
libMMSM/f_mmsm61.cpp	308	311	sqlstr = " SELECT PLATE_DT_CODE, "
libMMSM/f_mmsm61.cpp	345	348	sqlstr = " SELECT * "
libMMSM/f_mmsm61.cpp	376	379	sqlstr = "SELECT APN,"
libMMSM/f_mmsm61.cpp	408	413	sqlstr = "SELECT WHOLE_BACKLOG,"
libMMSM/f_mmsm61.cpp	600	603	sqlstr = " SELECT * "
libMMSM/f_mmsm61.cpp	1045	1055	sqlstr = " SELECT SUB_BACKLOG_CODE, "
libMMSM/f_mmsm61.cpp	1077	1087	sqlstr = " SELECT SUB_BACKLOG_CODE, "
libMMSM/f_mmsm62.cpp	138	141	sqlstr =" SELECT PONO_SLAB "
libMMSM/f_mmsm62.cpp	162	166	sqlstr =" SELECT SAMPLE_LOT_NO, "
libMMSM/f_mmsm62.cpp	212	214	sqlstr =" SELECT NVL(MIN(AIM_MAT_NO),' ') "
libMMSM/f_mmsm62.cpp	238	240	sqlstr =" DELETE FROM TMMSM03 "
libMMSM/f_mmsm62.cpp	260	277	sqlstr =" UPDATE TMMSM03 "
libMMSM/f_mmsm62.cpp	300	303	sqlstr =" DELETE FROM TMMSM04 "
libMMSM/f_mmsm63.cpp	300	302	sqlstr = "SELECT * "
libMMSM/f_mmsm63.cpp	329	331	sqlstr = "SELECT * "
libMMSM/f_mmsm7001_proc.cpp	188	190	sqlstr = "select CODE_DESC_1_CONTENT from tep0002 where 1=1 and code_class = 'M00M' "
libMMSM/f_mmsm7001_proc.cpp	196	198	sqlstr = "select CODE_DESC_1_CONTENT from tep0002 where 1=1 and code_class = 'M00M' "
libMMSM/f_mmsm7003_proc.cpp	173	176	sqlstr = " select ITEM_ENAME from ted54 where func_id = @v_func_id "
libMMSM/f_mmsm7101_proc.cpp	84	86	sqlstr = "SELECT MAX(SUBSTR(SLAG_PROC_NO, 5, 5)) + 1 FROM TMMSM71 WHERE  SUBSTR(SLAG_PROC_NO, 1, 2) = (SELECT substr(to_char(CURRENT_DATE,'yyyy'),3,2) FROM DUAL
libMMSM/f_mmsm7101_proc.cpp	98	100	sqlstr = "SELECT MAX(SUBSTR(SLAG_PROC_NO, 5, 5)) + 1 FROM TMMSM71 WHERE  SUBSTR(SLAG_PROC_NO, 1, 2) = (SELECT substr(to_char(CURRENT_DATE,'yyyy'),3,2)  FROM DUA
libMMSM/f_mmsm7101_proc.cpp	133	135	sqlstr = " SELECT REC_CREATE_TIME, REC_CREATOR  "
libMMSM/f_mmsm80.cpp	72	73	CDbCommand getSeq("SELECT MMSM_MATNO_SEQ.NEXTVAL  FROM DUAL", conn);
libMMSM/f_mmsm80a.cpp	78	79	CDbCommand getSeq("SELECT MMSM_MATNO_SEQ.NEXTVAL  FROM DUAL", conn);
libMMSM/f_mmsm80a.cpp	447	449	sqlstr = " SELECT TO_CHAR(CURRENT_TIMESTAMP, 'YYYYMMDDHH24MISSFF4') "
libMMSM/f_mmsm80a.cpp	454	456	sqlstr = "SELECT TO_CHAR(SYSDATE,'YYYYMMDDHH24MISS')||LPAD(TO_CHAR(RESUME_SEQ_NO_TMMSM96.NEXTVAL),4,'0') "
libMMSM/f_mmsm81.cpp	101	102	CDbCommand getSeq("SELECT MMSM_MATNO_SEQ.NEXTVAL  FROM DUAL", conn);
libMMSM/f_mmsm81_d021_handle_rcv.cpp	123	125	sqlstr = " SELECT CODE,CODE_DESC_1_CONTENT,CODE_DESC_2_CONTENT FROM TEP0002 t WHERE CODE_CLASS ='MMLC04' and CODE = @CODE   ";
libMMSM/f_mmsm81_d021_handle_rcv.cpp	137	138	sqlstr = " SELECT CODE,CODE_DESC_1_CONTENT,CODE_DESC_2_CONTENT FROM TEP0002 t WHERE CODE_CLASS ='MMLC04' and CODE = @CODE   ";
libMMSM/f_mmsm81_ins_h.cpp	62	63	cmd_inq.SetCommandText("select * from tmmsm81_rcv t where t.call_flag = '0' order by REC_CREATE_TIME ");
libMMSM/f_mmsm81_ins_h.cpp	140	141	sqlstr = " update WL_LOAD_RECORD_DET set MAT_ACT_WT = " + (twmsm61["MAT_WT"].ToDecimal()/1000).ToString() + " where SJ_NO = '" + twmsm61["PRACTICE_NO"].ToString
libMMSM/f_mmsm831_upd_mmlc83.cpp	183	184	sql = " select count(1) from  TMMSM85 where 1=1 AND BUNKER_NO	= @BUNKER_NO and QUALITY_BATCH_NO <> ' ' ";
libMMSM/f_mmsm831_upd_mmlc83.cpp	199	200	sqlstr = "  SELECT NVL(max(SEQ_NO),0) FROM  TMMSM85     WHERE 1=1";
libMMSM/f_mmsm831_upd_mmlc83.cpp	212	213	sqlstr = "  SELECT CODE FROM TWMSMZD02 WHERE REC_CREATE_TIME =(SELECT MAX(REC_CREATE_TIME) REC_CREATE_TIME FROM TWMSMZD02 t WHERE CODE_CLASS ='MMLC03') ";
libMMSM/f_mmsm831_upd_mmlc83.cpp	226	227	sql = "  SELECT LPAD(TO_CHAR(MMLC_DD.NEXTVAL),3 ,'0') FROM DUAL ";
libMMSM/f_mmsm831_upd_mmlc83.cpp	239	241	sql = "  SELECT * FROM  TMMSM85 "
libMMSM/f_mmsm831_upd_mmlc83.cpp	252	259	sqlstr = " select C_ORDERID"
libMMSM/f_mmsm831_upd_mmlc83.cpp	380	384	sql = "  SELECT * FROM  TMMSM85"
libMMSM/f_mmsm831_upd_mmlc83.cpp	412	413	sqlstr = "  SELECT LPAD(TO_CHAR(MMLC_LS.NEXTVAL),18 ) FROM DUAL ";
libMMSM/f_mmsm831_upd_mmlc83.cpp	466	467	sqlstr = "  SELECT LPAD(TO_CHAR(MMLC_LS.NEXTVAL),18 ) FROM DUAL ";
libMMSM/f_mmsm83z_bacth_proc.cpp	79	80	sqlstr = "  SELECT CODE FROM TWMSMZD02 WHERE REC_CREATE_TIME =(SELECT MAX(REC_CREATE_TIME) REC_CREATE_TIME FROM TWMSMZD02 t WHERE CODE_CLASS ='MMLC03') ";
libMMSM/f_mmsm83z_bacth_proc.cpp	150	152	sqlstr = "  SELECT NVL(max(SEQ_NO),0) FROM  TMMSM85     WHERE 1=1   ";
libMMSM/f_mmsm83z_bacth_proc.cpp	165	166	sql = " SELECT NVL(min(SEQ_NO),0) SEQ_NO ,SUM(STOCK_WT) STOCK_WT FROM  TMMSM85     WHERE 1=1   AND BUNKER_NO = @BUNKER_NO  and QUALITY_BATCH_NO <> ' ' AND STOCK
libMMSM/f_mmsm83z_bacth_proc.cpp	186	187	sql = "  SELECT LPAD(TO_CHAR(MMLC_DD.NEXTVAL),3 ,'0') FROM DUAL ";
libMMSM/f_mmsm83z_bacth_proc.cpp	203	204	sql = "  SELECT * FROM  TMMSM85     WHERE 1=1   AND BUNKER_NO	= @BUNKER_NO and QUALITY_BATCH_NO <> ' ' ORDER BY SEQ_NO ASC ";
libMMSM/f_mmsm83z_bacth_proc.cpp	321	323	sqlstr = " update tmmsm60 set stock_wt = (select nvl(sum(stock_wt),0) from tmmsm85 where BUNKER_NO = @bunker_no)"
libMMSM/f_mmsm83z_bacth_proc.cpp	330	332	sqlstr = " update tmmsm60 set stock_wt = (select nvl(sum(stock_wt),0) from tmmsm85 where BUNKER_NO = @bunker_no)"
libMMSM/f_mmsm89.cpp	56	57	sqlstr = "SELECT  LPAD(TO_CHAR(RESUME_SEQ_NO.NEXTVAL), 8, '0') FROM DUAL ";
libMMSM/f_mmsm89.cpp	68	69	sqlstr = "SELECT  BUNKER_TYPE,BUNKER_NAME FROM tmmsm60 where BUNKER_NO = @BUNKER_NO ";
libMMSM/f_mmsm89.cpp	81	82	sqlstr = "SELECT  BUNKER_TYPE,BUNKER_NAME FROM tmmsm60 where BUNKER_NO = @BUNKER_NO ";
libMMSM/f_mmsm_210049_snd.cpp	146	147	cmd_inqsj.SetCommandText(" select POWER_CONSUME,AR_SUM_COMSUME from TMMSM24 WHERE HEAT_NO='" + tmmsmgy06["HEAT_NO"].ToString() + "' ");
libMMSM/f_mmsm_210049_snd.cpp	158	159	cmd_inqsj.SetCommandText(" select POWER_CONSUME from TMMSM19 WHERE HEAT_NO='" + tmmsmgy06["HEAT_NO"].ToString() + "' ");
libMMSM/f_mmsm_210049_snd.cpp	169	170	cmd_inqsj.SetCommandText(" select POWER_CONSUME,OXYGEN_FINAL,TOP_N2_CONS from TMMSM20 WHERE HEAT_NO='" + tmmsmgy06["HEAT_NO"].ToString() + "' ");
libMMSM/f_mmsm_210049_snd.cpp	182	183	cmd_inqsj.SetCommandText(" select OXYGEN_FINAL,TOTAL_N2_CONS,AR_SUM_COMSUME from TMMSM21 WHERE HEAT_NO='" + tmmsmgy06["HEAT_NO"].ToString() + "' ");
libMMSM/f_mmsm_210049_snd.cpp	195	196	cmd_inqsj.SetCommandText(" select O2_SUM_COMSUME,N_SUM_COMSUME,AR_SUM_COMSUME from TMMSM23 WHERE HEAT_NO='" + tmmsmgy06["HEAT_NO"].ToString() + "' ");
libMMSM/f_mmsm_210049_snd.cpp	208	209	cmd_inqsj.SetCommandText(" select OXYGEN_FINAL,AR_SUM_COMSUME from TMMSM25 WHERE HEAT_NO='" + tmmsmgy06["HEAT_NO"].ToString() + "' ");
libMMSM/f_mmsm_210049_snd.cpp	223	224	cmd_inqsj.SetCommandText(" select OXYGEN_FINAL,NITROGEN_TOT,TOTAL_AR_CONS from TMMSM27 WHERE HEAT_NO='" + tmmsmgy06["HEAT_NO"].ToString() + "' ");
libMMSM/f_mmsm_21b004_snd.cpp	93	94	sqlstr = "  SELECT ELM_NAME ,ELM_CODE,ELM_VALUE FROM  TMMSM81AL    WHERE  QUALITY_BATCH_NO	= @QUALITY_BATCH_NO";
libMMSM/f_mmsm_21b006_snd.cpp	82	84	" SELECT CODE_DESC_1_CONTENT FROM TEP0002 WHERE "
libMMSM/f_mmsm_21c005_snd.cpp	79	82	" SELECT CODE_DESC_1_CONTENT FROM TEP0002 WHERE 1=1"
libMMSM/f_mmsm_21c006_snd.cpp	72	73	sqlstr = "  SELECT LPAD(TO_CHAR(MMLC_ZXH1.NEXTVAL),4,0) FROM DUAL ";
libMMSM/f_mmsm_acyfl.cpp	52	53	cmd_inq.SetCommandText("SELECT FACTORY_DIV,substr(DEV_CODE,1,1) FROM TPSSM12 WHERE heat_no = @heat_no AND AREA_ID = '5'");
libMMSM/f_mmsm_acyfl.cpp	64	65	cmd_inq.SetCommandText(" SELECT CODE_DESC_3_CONTENT, CODE_DESC_4_CONTENT  FROM TEP0002  WHERE CODE_CLASS = 'M00F' AND CODE = @factory_div ");
libMMSM/f_mmsm_acyfl.cpp	121	122	cmd_inq.SetCommandText("SELECT FACTORY_DIV,substr(DEV_CODE,1,1) FROM TPSSM12 WHERE heat_no = @heat_no AND AREA_ID = '5'");
libMMSM/f_mmsm_acyfl.cpp	133	134	cmd_inq.SetCommandText(" SELECT CODE_DESC_3_CONTENT, CODE_DESC_4_CONTENT  FROM TEP0002  WHERE CODE_CLASS = 'M00F' AND CODE = @factory_div ");
libMMSM/f_mmsm_acyfl.cpp	149	150	cmd_inq.SetCommandText("SELECT * FROM TMMSM2A WHERE HEAT_NO = @heat_no AND PROC_NO = @proc_no");
libMMSM/f_mmsm_acyfl.cpp	199	200	cmd_inq.SetCommandText("SELECT FACTORY_DIV,substr(DEV_CODE,1,1) FROM TPSSM12 WHERE heat_no = @heat_no AND AREA_ID = '5'");
libMMSM/f_mmsm_acyfl.cpp	211	212	cmd_inq.SetCommandText(" SELECT CODE_DESC_3_CONTENT, CODE_DESC_4_CONTENT  FROM TEP0002  WHERE CODE_CLASS = 'M00F' AND CODE = @factory_div ");
libMMSM/f_mmsm_acyfl.cpp	227	228	cmd_inq.SetCommandText("SELECT * FROM TMMSM2A WHERE HEAT_NO = @heat_no AND PROC_NO = @proc_no AND PROC_COUNT = @proc_count");
libMMSM/f_mmsm_acyfl_cnzy.cpp	38	39	cmd_inq.SetCommandText(" SELECT CODE_DESC_3_CONTENT, CODE_DESC_4_CONTENT  FROM TEP0002  WHERE CODE_CLASS = 'M00F' AND CODE = @factory_div ");
libMMSM/f_mmsm_acyfl_seq.cpp	44	47	sqlstr = "SELECT LPAD(TO_CHAR(MMSM_MATNO_SEQ.NEXTVAL),4,'0') "
libMMSM/f_mmsm_acyfl_seq.cpp	52	54	sqlstr = "SELECT LPAD(TO_CHAR(MMSM_MATNO_SEQ.NEXTVAL),4,'0') "
libMMSM/f_mmsm_acyfl_tlcc.cpp	54	55	cmd_inq.SetCommandText("SELECT FACTORY_DIV,substr(DEV_CODE,1,1) FROM TPSSM12 WHERE heat_no = @heat_no AND AREA_ID = '5'");
libMMSM/f_mmsm_acyfl_tlcc.cpp	66	67	cmd_inq.SetCommandText(" SELECT CODE_DESC_3_CONTENT, CODE_DESC_4_CONTENT  FROM TEP0002  WHERE CODE_CLASS = 'M00F' AND CODE = @factory_div ");
libMMSM/f_mmsm_acyfl_tlcc.cpp	82	83	cmd_inq.SetCommandText("SELECT * FROM " + table_name + " WHERE heat_no = @heat_no ");
libMMSM/f_mmsm_confirm_flag.cpp	40	42	sqlstr = "SELECT PONO "
libMMSM/f_mmsm_count.cpp	69	74	sqlstr = " SELECT nvl(MAX(PROC_COUNT),0) FROM " + v_table_type + " WHERE 1=1 ";
libMMSM/f_mmsm_get_dens.cpp	53	54	sqlstr = " select CODE_DESC_1_CONTENT,CODE_DESC_2_CONTENT from TWMSMZD02 where CODE_CLASS='MMSMDENS' ORDER BY CODE  ";
libMMSM/f_mmsm_get_density.cpp	58	59	sqlstr = " select CODE_DESC_1_CONTENT,CASE WHEN trim(CODE_DESC_2_CONTENT) IS NULL OR trim(CODE_DESC_2_CONTENT) = '' THEN 7.85 ELSE trim(CODE_DESC_2_CONTENT) END
libMMSM/f_mmsm_get_matno.cpp	61	63	cmd_inq.SetCommandText("SELECT MAX(SUBSTR( MAT_NO, LENGTH(MAT_NO) - 1 )) FROM TMMSM33 WHERE HEAT_NO = @heatNo AND STRAND_NO = @strand_no ");
libMMSM/f_mmsm_get_matno.cpp	90	92	cmd_inq.SetCommandText("SELECT  MAX(SUBSTR( MAT_NO, LENGTH(MAT_NO) - 2 )) FROM TMMSM33 WHERE HEAT_NO = @heatNo");
libMMSM/f_mmsm_get_matno.cpp	139	140	sqlstr = "SELECT MAX(SUBSTR( MAT_NO, LENGTH(MAT_NO) - 1 )) FROM            "
libMMSM/f_mmsm_get_matno.cpp	141	146	"  SELECT MAT_NO FROM TMMSM01       "
libMMSM/f_mmsm_get_matno.cpp	147	151	"  SELECT MAT_NO FROM HMMSM01       "
libMMSM/f_mmsm_get_matno.cpp	242	243	sqlstr = "SELECT MAX(SUBSTR( MAT_NO, LENGTH(MAT_NO) - 2 )) FROM            "
libMMSM/f_mmsm_get_matno.cpp	244	248	"  SELECT MAT_NO FROM TMMSM01       "
libMMSM/f_mmsm_get_matno.cpp	249	253	"  SELECT MAT_NO FROM HMMSM01       "
libMMSM/f_mmsm_get_matwt.cpp	72	76	cmd_inq.SetCommandText("SELECT RESUME_SEQ_NO,WT_PER_METER FROM TMMSMWT WHERE RESUME_SEQ_NO = (SELECT MAX(RESUME_SEQ_NO) FROM TMMSMWT WHERE  INGOT_CODE = @tmmsm3
libMMSM/f_mmsm_get_matwt.cpp	80	80	cmd_inq.SetCommandText("SELECT RESUME_SEQ_NO,WT_PER_METER FROM TMMSMWT WHERE RESUME_SEQ_NO = (SELECT MAX(RESUME_SEQ_NO) FROM TMMSMWT WHERE SLAB_THICK = @tmmsm33
libMMSM/f_mmsm_get_matwt.cpp	84	90	cmd_inq.SetCommandText("SELECT RESUME_SEQ_NO,WT_PER_METER FROM TMMSMWT WHERE RESUME_SEQ_NO = (SELECT MAX(RESUME_SEQ_NO) FROM TMMSMWT WHERE SLAB_THICK = @tmmsm33
libMMSM/f_mmsm_get_pono.cpp	40	42	sqlstr = "SELECT  PONO,FACTORY_DIV "
libMMSM/f_mmsm_get_seq_no.cpp	68	70	sqlstr = "SELECT LPAD(TO_CHAR(MMSM_MATNO_SEQ.NEXTVAL),6,'0') "
libMMSM/f_mmsm_get_seq_no.cpp	75	77	sqlstr = "SELECT LPAD(TO_CHAR(MMSM_MATNO_SEQ.NEXTVAL),6,'0') "
libMMSM/f_mmsm_get_seq_no.cpp	156	158	sqlstr = "SELECT LPAD(TO_CHAR(MMSM_MATNO_SEQ.NEXTVAL),6,'0') "
libMMSM/f_mmsm_get_seq_no.cpp	163	165	sqlstr = "SELECT LPAD(TO_CHAR(MMSM_MATNO_SEQ.NEXTVAL),6,'0') "
libMMSM/f_mmsm_getdata.cpp	81	84	sqlstr = "SELECT  START_O2 AS ITEM_3,PURE_DEGAS_DURATION AS ITEM_5,O2_SUM_COMSUME AS ITEM_6 "
libMMSM/f_mmsm_getprice.cpp	59	65	sqlstr = "select TYPE_CONVERT,UNIT_PRICE,USE_CR,USE_NI,USE_MO,UNIT_PRICE_CR,UNIT_PRICE_NI"
libMMSM/f_mmsm_getprice.cpp	107	111	sqlstr = " select UNIT_PRICE,USE_CR,USE_NI"
libMMSM/f_mmsm_getprice.cpp	125	129	sqlstr = " select UNIT_PRICE,USE_CR,USE_NI"
libMMSM/f_mmsm_getprice.cpp	143	147	sqlstr = " select UNIT_PRICE,USE_CR,USE_MO"
libMMSM/f_mmsm_gycast.cpp	43	47	sqlstr = " delete tmmsmgy07"
libMMSM/f_mmsm_gycast.cpp	57	57	" select sm_plan_no,heat_no,st_no,sum(mat_act_wt) mat_act_wt from ("
libMMSM/f_mmsm_gycast.cpp	58	59	" select sm_plan_no,heat_no,st_no,mat_act_wt from tmmsm01 t1 where heat_no=@ret_heat_no"
libMMSM/f_mmsm_gycast.cpp	60	62	" select sm_plan_no,heat_no,st_no,mat_act_wt from hmmsm01 t1 where mat_no not in (select IN_MAT_NO from tmmsm35 ) and heat_no=@ret_heat_no"
libMMSM/f_mmsm_gycast.cpp	64	64	" insert into tmmsmgy07(REC_CREATOR,REC_CREATE_TIME,sm_plan_nol2,heat_no,st_no,heat_no_old,l2_proc_no,dev_code,START_TIME,END_TIME,PROD_DATE,PROD_SHIFT_NO,PROD_
libMMSM/f_mmsm_gycast.cpp	65	72	" select @rec_creator,@rec_create_time,t1.sm_plan_no,t1.heat_no,t1.st_no,@heat_no,t2.l2_proc_no,t2.dev_code,t2.START_TIME,t2.END_TIME,t2.PROD_DATE,t2.PROD_SHIFT
libMMSM/f_mmsm_gycast.cpp	85	90	sqlstr = " delete  from tmmsmgy07A"
libMMSM/f_mmsm_gycast.cpp	99	99	" select sm_plan_no,heat_no,st_no,sum(mat_act_wt) mat_act_wt from ("
libMMSM/f_mmsm_gycast.cpp	100	101	" select sm_plan_no,heat_no,st_no,mat_act_wt from tmmsm01 t1 where heat_no=@ret_heat_no"
libMMSM/f_mmsm_gycast.cpp	102	104	" select sm_plan_no,heat_no,st_no,mat_act_wt from hmmsm01 t1 where mat_no not in (select IN_MAT_NO from tmmsm35 ) and heat_no=@ret_heat_no"
libMMSM/f_mmsm_gycast.cpp	106	106	" insert into tmmsmgy07A(REC_CREATOR,REC_CREATE_TIME,sm_plan_nol2,heat_no_old,heat_no,st_no,l2_proc_no,PROC_NO,dev_code,mat_code,ID_2A,PROC_COUNT,WEIGH_NO,QUALI
libMMSM/f_mmsm_gycast.cpp	107	114	" select @rec_creator,@rec_create_time,t1.sm_plan_no,@heat_no,@ret_heat_no,t1.st_no,t3.l2_proc_no,t3.PROC_NO,t3.dev_code,t3.mat_code,t3.ID_2A,t3.PROC_COUNT,t3.W
libMMSM/f_mmsm_gycast.cpp	125	129	sqlstr = " update tmmsmgy07a t1 set LOT_NO = (select lot_no from vlotno t2 where t1.WEIGH_NO=t2.WEIGH_NO)"
libMMSM/f_mmsm_gycast.cpp	136	140	sqlstr = " update tmmsmgy07a t1 set RECV_MAT_TIME = (select RECV_MAT_TIME from tmmsmgy05 t2 where t1.heat_no=t2.heat_no)"
libMMSM/f_mmsm_gycast.cpp	147	151	sqlstr = " update tmmsmgy07a t1 set MAT_NAME = (select MAT_NAME from TMMSM50 t2 where t1.MAT_CODE=t2.MAT_CODE)"
libMMSM/f_mmsm_gyft.cpp	44	48	sqlstr = " delete from tmmsm56"
libMMSM/f_mmsm_gyft.cpp	56	56	" select sm_plan_no,heat_no,st_no,sum(mat_act_wt) mat_act_wt from ("
libMMSM/f_mmsm_gyft.cpp	57	58	" select sm_plan_no,heat_no,st_no,mat_act_wt from tmmsm01 t1 where exists (select 1 from  tmmsmgy05 t2 where t1.sm_plan_no=t2.sm_plan_nol2 and t2.stat_date=@sta
libMMSM/f_mmsm_gyft.cpp	59	61	" select sm_plan_no,heat_no,st_no,mat_act_wt from hmmsm01 t1 where exists (select 1 from  tmmsmgy05 t2 where t1.sm_plan_no=t2.sm_plan_nol2 and t2.stat_date=@sta
libMMSM/f_mmsm_gyft.cpp	63	63	" insert into tmmsm56(rec_creator,rec_create_time,stat_date,sm_plan_nol2,heat_no,st_no,dev_code,mat_code,OUT_STOCK_TIME,WEIGH_NO,QUALITY_BATCH_NO,OUT_STOCK_WT,M
libMMSM/f_mmsm_gyft.cpp	64	65	" select @rec_creator,@rec_create_time,@stat_date,sm_plan_no,heat_no,st_no,dev_code,mat_code,DEVO_TIME,WEIGH_NO,QUALITY_BATCH_NO,use_wt,mat_act_wt,use_wt,'I','I
libMMSM/f_mmsm_gyft.cpp	66	74	" select t1.sm_plan_no,t1.heat_no,t1.st_no,t3.dev_code,t3.mat_code,t3.DEVO_TIME,t3.WEIGH_NO,t3.QUALITY_BATCH_NO,round(t3.use_wt/t2.all_wt*t1.mat_act_wt ,0) use_
libMMSM/f_mmsm_gyft.cpp	83	84	sqlstr = " select sm_plan_nol2,heat_no,dev_code,mat_code,OUT_STOCK_TIME,WEIGH_NO,QUALITY_BATCH_NO,sum(OUT_STOCK_WT) OUT_STOCK_WT"
libMMSM/f_mmsm_gyft.cpp	85	90	"select sm_plan_nol2,heat_no,dev_code,mat_code,OUT_STOCK_TIME,WEIGH_NO,QUALITY_BATCH_NO,0-OUT_STOCK_WT OUT_STOCK_WT"
libMMSM/f_mmsm_gyft.cpp	91	99	" select sm_plan_nol2,heat_no,dev_code,mat_code,DEVO_TIME as OUT_STOCK_TIME,WEIGH_NO,QUALITY_BATCH_NO,sum(DEVO_WT) OUT_STOCK_WT"
libMMSM/f_mmsm_gyft.cpp	107	114	sqlstr = " update tmmsm56 set OUT_STOCK_WT = OUT_STOCK_WT + @out_stock_wt,DEVO_WT = DEVO_WT+@out_stock_wt"
libMMSM/f_mmsm_gyft.cpp	131	136	sqlstr = " update tmmsm56 t1 set (steel_type,RECV_MAT_TIME)=(select max(steel_type),max(RECV_MAT_TIME) from tmmsmgy05 t2 where t1.SM_PLAN_NOL2=t2.SM_PLAN_NOL2 a
libMMSM/f_mmsm_gyft.cpp	143	147	sqlstr = "update tmmsm56 t1 set mat_name = (select mat_name from tmmsm50 t2 where t1.mat_code = t2.mat_code)"
libMMSM/f_mmsm_gyft.cpp	154	158	sqlstr = " delete from tmmsm2a_send"
libMMSM/f_mmsm_gyft.cpp	164	167	sqlstr = " select max(SEQ_NO_2A) "
libMMSM/f_mmsm_gyft.cpp	184	184	sqlstr = " insert into tmmsm2a_send(rec_creator,rec_create_time,stat_date,sm_plan_nol2,heat_no,st_no,dev_code,mat_code,WEIGH_NO,QUALITY_BATCH_NO,DEVO_TIME,prod_
libMMSM/f_mmsm_gyft.cpp	185	186	" select @rec_creator,@rec_create_time,stat_date,sm_plan_nol2,heat_no,st_no,dev_code,mat_code,WEIGH_NO,QUALITY_BATCH_NO,DEVO_TIME,prod_date,devo_wt ,@stat_date|
libMMSM/f_mmsm_gyft.cpp	187	188	" select stat_date,sm_plan_nol2,heat_no,st_no,dev_code,mat_code,WEIGH_NO,QUALITY_BATCH_NO,DEVO_TIME,prod_date,sum(devo_wt) devo_wt "
libMMSM/f_mmsm_gyft.cpp	189	192	" select stat_date,sm_plan_nol2,heat_no,st_no,dev_code,mat_code,WEIGH_NO,QUALITY_BATCH_NO,OUT_STOCK_TIME as DEVO_TIME,substr(recv_mat_time,1,8) as prod_date,OUT
libMMSM/f_mmsm_gyft.cpp	193	201	" select stat_date,sm_plan_nol2,heat_no,st_no,dev_code,mat_code,WEIGH_NO,QUALITY_BATCH_NO,DEVO_TIME,prod_date,0-devo_wt as devo_wt"
libMMSM/f_mmsm_gyft.cpp	213	218	sqlstr = "update tmmsm2a_send t1 set (mat_name,SYSTEM_ID_MAT) = (select mat_name,SYSTEM_ID_MAT from tmmsm50 t2 where t1.mat_code = t2.mat_code)"
libMMSM/f_mmsm_gyhl.cpp	45	49	sqlstr = " delete from tmmsmgy07"
libMMSM/f_mmsm_gyhl.cpp	55	59	sqlstr = " delete from tmmsmgy07a"
libMMSM/f_mmsm_gyhl.cpp	66	70	sqlstr = " select ret_heat_no,heat_no,rate,sum(rate) over() all_rate"
libMMSM/f_mmsm_gyhl.cpp	82	82	sqlstr = " insert into tmmsmgy07(REC_CREATOR, REC_CREATE_TIME, heat_no,l2_proc_no,dev_code,PONO,START_TIME,END_TIME,PROD_DATE,PROD_SHIFT_NO,PROD_SHIFT_GROUP,HEA
libMMSM/f_mmsm_gyhl.cpp	83	88	" select @rec_creator,@rec_create_time,@ret_heat_no,l2_proc_no,dev_code,PONO,START_TIME,END_TIME,PROD_DATE,PROD_SHIFT_NO,PROD_SHIFT_GROUP,HEAT_COUNT,round(DURAT
libMMSM/f_mmsm_gyhl.cpp	98	98	sqlstr = " insert into tmmsmgy07(REC_CREATOR, REC_CREATE_TIME, heat_no,l2_proc_no,dev_code,PONO,START_TIME,END_TIME,PROD_DATE,PROD_SHIFT_NO,PROD_SHIFT_GROUP,HEA
libMMSM/f_mmsm_gyhl.cpp	99	104	" select @rec_creator,@rec_create_time,heat_no,l2_proc_no,dev_code,PONO,START_TIME,END_TIME,PROD_DATE,PROD_SHIFT_NO,PROD_SHIFT_GROUP,HEAT_COUNT,0-round(DURATION
libMMSM/f_mmsm_gyhl.cpp	116	116	sqlstr = " insert into tmmsmgy07a(REC_CREATOR, REC_CREATE_TIME, sm_plan_nol2, heat_no, l2_proc_no, PROC_NO, dev_code, mat_code,mat_name, ID_2A, PROC_COUNT, WEIG
libMMSM/f_mmsm_gyhl.cpp	117	125	" select @rec_creator,@rec_create_time,t1.sm_plan_nol2,@ret_heat_no,t1.l2_proc_no,t1.PROC_NO,t1.dev_code,t1.mat_code,t2.mat_name,t1.ID_2A,t1.PROC_COUNT,t1.WEIGH
libMMSM/f_mmsm_gyhl.cpp	136	136	sqlstr = " insert into tmmsmgy07a(REC_CREATOR, REC_CREATE_TIME, sm_plan_nol2, heat_no, l2_proc_no, PROC_NO, dev_code, mat_code,mat_name, ID_2A, PROC_COUNT, WEIG
libMMSM/f_mmsm_gyhl.cpp	137	144	" select @rec_creator,@rec_create_time,t1.sm_plan_nol2,@ret_heat_no,t1.l2_proc_no,t1.PROC_NO,t1.dev_code,t1.mat_code,t2.mat_name,' ',0,' ',' ',' ',t1.DEVO_TIME,
libMMSM/f_mmsm_gyhl.cpp	160	161	sqlstr = " select l2_proc_no,PROC_NO,dev_code,mat_code,ID_2A,PROC_COUNT,WEIGH_NO,QUALITY_BATCH_NO,LOT_NO,DEVO_TIME,STK_NO,CHARGE_TYPE,sum(devo_wt) "
libMMSM/f_mmsm_gyhl.cpp	162	167	" select l2_proc_no,PROC_NO,dev_code,mat_code,ID_2A,PROC_COUNT,WEIGH_NO,QUALITY_BATCH_NO,LOT_NO,DEVO_TIME,STK_NO,CHARGE_TYPE,devo_wt"
libMMSM/f_mmsm_gyhl.cpp	168	177	" select l2_proc_no,PROC_NO,dev_code,mat_code,ID_2A,PROC_COUNT,WEIGH_NO,QUALITY_BATCH_NO,LOT_NO,DEVO_TIME,STK_NO,CHARGE_TYPE,0-devo_wt devo_wt"
libMMSM/f_mmsm_gyhl.cpp	184	200	sqlstr = " update tmmsmgy07a set devo_wt = devo_wt+@dif_wt"
libMMSM/f_mmsm_gyhl.cpp	224	224	sqlstr = " insert into tmmsmgy07a(REC_CREATOR, REC_CREATE_TIME, sm_plan_nol2, heat_no, l2_proc_no, PROC_NO, dev_code, mat_code, mat_name,ID_2A, PROC_COUNT, WEIG
libMMSM/f_mmsm_gyhl.cpp	225	231	" select @rec_creator,@rec_create_time,nvl(t2.sm_plan_nol2,' '),@heat_no,t1.l2_proc_no,t1.PROC_NO,t1.dev_code,t1.mat_code,t1.mat_name,t1.ID_2A,t1.PROC_COUNT,t1.
libMMSM/f_mmsm_gyhl.cpp	241	245	sqlstr = " select ret_heat_no"
libMMSM/f_mmsm_gyins.cpp	41	42	sqlstr = " delete from tmmsmgy05"
libMMSM/f_mmsm_gyins.cpp	50	50	sqlstr = " insert into tmmsmgy05(REC_CREATOR,REC_CREATE_TIME,SM_PLAN_NOL2,HEAT_NO,proc_no,L2_PROC_NO,DEV_CODE,ST_NO,START_TIME,END_TIME,HEATNO_PREMELT1,HEATNO_P
libMMSM/f_mmsm_gyins.cpp	51	54	" select @rec_creator,@rec_create_time,sm_plan_nol2,heat_no,proc_no,L2_PROC_NO,DEV_CODE,ST_NO,START_TIME,END_TIME,HEATNO_PREMELT1,HEATNO_PREMELT2,HEATNO_PREMELT
libMMSM/f_mmsm_gyins.cpp	55	56	" select sm_plan_nol2,heat_no,proc_no,L2_PROC_NO,DEV_CODE,START_TIME,end_time, st_no,HEATNO_PREMELT1,HEATNO_PREMELT2,HEATNO_PREMELT3,HEATNO_PREMELT4,HEATNO_PREM
libMMSM/f_mmsm_gyins.cpp	57	61	" select sm_plan_nol2,heat_no,proc_no,L2_PROC_NO,DEV_CODE,START_TIME,end_time, st_no, HEATNO_PREMELT1, HEATNO_PREMELT2, HEATNO_PREMELT3, ' ' HEATNO_PREMELT4, ' 
libMMSM/f_mmsm_gyins.cpp	72	75	sqlstr = " update tmmsmgy05 t1 set STAT_DATE = substr(recv_mat_time,1,6)"
libMMSM/f_mmsm_gyins.cpp	83	86	sqlstr = " update tmmsmgy05 t1 set steel_type = decode(substr(ST_NO,0,1),'1',decode(substr(ST_NO,2,1),'A','镍钢','D','镍钢','F','铬钢','M','铬钢','不锈钢'),'2','碳钢','3','硅
libMMSM/f_mmsm_gyins.cpp	95	99	sqlstr = " delete from tmmsmgy06 t1"
libMMSM/f_mmsm_gyins.cpp	201	205	sqlstr = " delete from tmmsmgy08 t1"
libMMSM/f_mmsm_gyins.cpp	215	215	sqlstr = " insert into tmmsmgy08(REC_CREATOR,REC_CREATE_TIME,sm_plan_nol2,heat_no,l2_proc_no,PROC_NO,dev_code,mat_code,DEVO_TIME,DEVO_WT,HANDLE_DIV)"
libMMSM/f_mmsm_gyins.cpp	216	221	" select @rec_creator,@rec_create_time,sm_plan_nol2,heat_no,l2_proc_no,PROC_NO,dev_code,'TS0000',START_TIME,case when DES_TREATMENT_NO=' ' then MOLTIRON_WT*RATI
libMMSM/f_mmsm_gyins.cpp	231	231	sqlstr = " insert into tmmsmgy08(REC_CREATOR,REC_CREATE_TIME,sm_plan_nol2,heat_no,l2_proc_no,PROC_NO,dev_code,mat_code,DEVO_TIME,DEVO_WT,HANDLE_DIV)"
libMMSM/f_mmsm_gyins.cpp	232	237	" select @rec_creator,@rec_create_time,sm_plan_nol2,heat_no,l2_proc_no,PROC_NO,dev_code,'TS0000',START_TIME,case when HEATNO_PREMELT1 like 'D%' or HEATNO_PREMEL
libMMSM/f_mmsm_gyins.cpp	247	251	sqlstr = " update tmmsmgy05 t1 set MOLTIRON_WT=(select sum(DEVO_WT) from tmmsmgy08 t2 where 1=1 and t2.mat_code = 'TS0000' and  t1.HEAT_NO = t2.HEAT_NO  )"
libMMSM/f_mmsm_gyins.cpp	258	258	sqlstr = " insert into tmmsmgy08(REC_CREATOR,REC_CREATE_TIME,sm_plan_nol2,heat_no,l2_proc_no,PROC_NO,dev_code,mat_code,ID_2A,PROC_COUNT,WEIGH_NO,QUALITY_BATCH_N
libMMSM/f_mmsm_gyins.cpp	259	265	" select @rec_creator,@rec_create_time,sm_plan_nol2,heat_no,l2_proc_no,PROC_NO,dev_code,mat_code,ID_2A,PROC_COUNT,WEIGH_NO,QUALITY_BATCH_NO,DEVO_TIME,sum(DEVO_W
libMMSM/f_mmsm_gyins.cpp	273	277	sqlstr = " update tmmsmgy08 t1 set mat_name = (select mat_name from tmmsm50 t2 where t1.mat_code = t2.mat_code)"
libMMSM/f_mmsm_gyins.cpp	286	290	sqlstr = " update tmmsmgy06 t1 set STAT_DATE = (select max(STAT_DATE) from tmmsmgy05 t2 where  t1.HEAT_NO = t2.HEAT_NO )"
libMMSM/f_mmsm_gyins.cpp	298	302	sqlstr = " update tmmsmgy08 t1 set STAT_DATE = (select max(STAT_DATE) from tmmsmgy05 t2 where  t1.HEAT_NO = t2.HEAT_NO )"
libMMSM/f_mmsm_gyins2.cpp	55	57	sqlstr = " select LOCK_FLAG from tmmsmgy05"
libMMSM/f_mmsm_gyins2.cpp	74	77	sqlstr = " select count(1) from tmmsmgy05 "
libMMSM/f_mmsm_gyins2.cpp	89	95	sqlstr = " update tmmsmgy05 t1 set (sm_plan_nol2,ST_NO,pono,START_TIME,END_TIME,HEATNO_PREMELT1,HEATNO_PREMELT2,HEATNO_PREMELT3,HEATNO_PREMELT4,HEATNO_PREMELT5,
libMMSM/f_mmsm_gyins2.cpp	96	97	" select sm_plan_nol2,pono,heat_no,proc_no,L2_PROC_NO,DEV_CODE,START_TIME,end_time, st_no,HEATNO_PREMELT1,HEATNO_PREMELT2,HEATNO_PREMELT3,HEATNO_PREMELT4,HEATNO
libMMSM/f_mmsm_gyins2.cpp	98	102	" select sm_plan_nol2,pono,heat_no,proc_no,L2_PROC_NO,DEV_CODE,START_TIME,end_time, st_no, HEATNO_PREMELT1, HEATNO_PREMELT2, HEATNO_PREMELT3, ' ' HEATNO_PREMELT
libMMSM/f_mmsm_gyins2.cpp	103	106	" select sm_plan_nol2,pono,heat_no,proc_no,L2_PROC_NO,DEV_CODE,START_TIME,end_time, st_no, HEATNO_PREMELT1, HEATNO_PREMELT2, HEATNO_PREMELT3, ' ' HEATNO_PREMELT
libMMSM/f_mmsm_gyins2.cpp	115	117	sqlstr = " select nvl(CAST_NUMBER, '0') from ( select t.*,"
libMMSM/f_mmsm_gyins2.cpp	118	123	" select t.heatnumber, t.heatincast, t.castcounter, t.tundishnumber1, t.id, t.ladleopentime, t.aggregatecode, t.timestamp, "
libMMSM/f_mmsm_gyins2.cpp	129	132	sqlstr = " update tmmsmgy05 t1 set CAST_DIV_NO_1 = @cast_div_no_1 "
libMMSM/f_mmsm_gyins2.cpp	145	145	sqlstr = " insert into tmmsmgy05(REC_CREATOR,REC_CREATE_TIME,SM_PLAN_NOL2,HEAT_NO,pono,proc_no,L2_PROC_NO,DEV_CODE,ST_NO,START_TIME,END_TIME,HEATNO_PREMELT1,HEA
libMMSM/f_mmsm_gyins2.cpp	146	151	" select @rec_creator,@rec_create_time,sm_plan_nol2,heat_no,pono,proc_no,L2_PROC_NO,DEV_CODE,ST_NO,START_TIME,END_TIME,HEATNO_PREMELT1,HEATNO_PREMELT2,HEATNO_PR
libMMSM/f_mmsm_gyins2.cpp	152	153	" select sm_plan_nol2,heat_no,pono,proc_no,L2_PROC_NO,DEV_CODE,START_TIME,end_time, st_no,HEATNO_PREMELT1,HEATNO_PREMELT2,HEATNO_PREMELT3,HEATNO_PREMELT4,HEATNO
libMMSM/f_mmsm_gyins2.cpp	154	156	" select sm_plan_nol2,heat_no,pono,proc_no,L2_PROC_NO,DEV_CODE,START_TIME,end_time, st_no, HEATNO_PREMELT1, HEATNO_PREMELT2, HEATNO_PREMELT3, ' ' HEATNO_PREMELT
libMMSM/f_mmsm_gyins2.cpp	166	168	sqlstr = " select nvl(CAST_NUMBER, '0') from ( select t.*,"
libMMSM/f_mmsm_gyins2.cpp	169	174	" select t.heatnumber, t.heatincast, t.castcounter, t.tundishnumber1, t.id, t.ladleopentime, t.aggregatecode, t.timestamp, "
libMMSM/f_mmsm_gyins2.cpp	180	183	sqlstr = " update tmmsmgy05 t1 set CAST_DIV_NO_1 = @cast_div_no_1 "
libMMSM/f_mmsm_gyins2.cpp	195	199	sqlstr = " delete from tmmsmgy06 t1"
libMMSM/f_mmsm_gyins2.cpp	206	206	sqlstr = " insert into tmmsmgy06(REC_CREATOR,REC_CREATE_TIME,sm_plan_nol2,HEAT_NO, DEV_CODE, PROC_NO,L2_PROC_NO,ST_NO,STATION_ID, START_TIME, END_TIME,DURATION_
libMMSM/f_mmsm_gyins2.cpp	207	209	" select @rec_creator,@rec_create_time,sm_plan_nol2,HEAT_NO, DEV_CODE, PROC_NO,L2_PROC_NO,ST_NO,STATION_ID, START_TIME, END_TIME,case when DURATION_TIME>9999 th
libMMSM/f_mmsm_gyins2.cpp	210	218	" select sm_plan_nol2,HEAT_NO, DEV_CODE, PROC_NO,L2_PROC_NO,ST_NO,STATION_ID, START_TIME, END_TIME, case when END_TIME !=' ' and start_time !=' ' then ROUND((to
libMMSM/f_mmsm_gyins2.cpp	219	226	" select sm_plan_nol2,HEAT_NO, DEV_CODE, PROC_NO,L2_PROC_NO,ST_NO,STATION_ID, START_TIME, END_TIME, case when END_TIME !=' ' and start_time !=' ' then ROUND((to
libMMSM/f_mmsm_gyins2.cpp	227	234	" select sm_plan_nol2,HEAT_NO, DEV_CODE, PROC_NO,L2_PROC_NO,ST_NO,STATION_ID, START_TIME, END_TIME, case when END_TIME !=' ' and start_time !=' ' then ROUND((to
libMMSM/f_mmsm_gyins2.cpp	235	242	" select sm_plan_nol2,HEAT_NO, DEV_CODE, PROC_NO,L2_PROC_NO,ST_NO,STATION_ID, START_TIME, END_TIME, case when END_TIME !=' ' and start_time !=' ' then ROUND((to
libMMSM/f_mmsm_gyins2.cpp	243	250	" select sm_plan_nol2,HEAT_NO, DEV_CODE, PROC_NO,L2_PROC_NO,ST_NO,STATION_ID, START_TIME, END_TIME, case when END_TIME !=' ' and start_time !=' ' then ROUND((to
libMMSM/f_mmsm_gyins2.cpp	251	258	" select sm_plan_nol2,HEAT_NO, DEV_CODE, PROC_NO,L2_PROC_NO,ST_NO,STATION_ID, START_TIME, END_TIME, case when END_TIME !=' ' and start_time !=' ' then ROUND((to
libMMSM/f_mmsm_gyins2.cpp	259	267	" select sm_plan_nol2,HEAT_NO, DEV_CODE, PROC_NO,L2_PROC_NO,ST_NO,STATION_ID, START_TIME, END_TIME, case when END_TIME !=' ' and start_time !=' ' then ROUND((to
libMMSM/f_mmsm_gyins2.cpp	277	277	sqlstr = " insert into tmmsmgy06(REC_CREATOR,REC_CREATE_TIME,sm_plan_nol2,HEAT_NO,L2_PROC_NO,DEV_CODE,WEIGHT_PREMELT1,HANDLE_DIV,HEAT_COUNT)"
libMMSM/f_mmsm_gyins2.cpp	278	279	" select @rec_creator,@rec_create_time,@sm_plan_nol2,@heat_no,SUBSTR(HEATNO_PREMELT,1,8) ,SUBSTR(HEATNO_PREMELT,1,2),WEIGHT_PREMELT,'Y',1"
libMMSM/f_mmsm_gyins2.cpp	280	280	" select HEATNO_PREMELT,sum(WEIGHT_PREMELT) WEIGHT_PREMELT from ("
libMMSM/f_mmsm_gyins2.cpp	281	285	" SELECT  HEATNO_PREMELT1 HEATNO_PREMELT,WEIGHT_PREMELT1 as WEIGHT_PREMELT"
libMMSM/f_mmsm_gyins2.cpp	286	290	" SELECT  HEATNO_PREMELT2 HEATNO_PREMELT,WEIGHT_PREMELT2 as WEIGHT_PREMELT"
libMMSM/f_mmsm_gyins2.cpp	291	295	" SELECT  HEATNO_PREMELT3 HEATNO_PREMELT,WEIGHT_PREMELT3 as WEIGHT_PREMELT"
libMMSM/f_mmsm_gyins2.cpp	296	300	" SELECT  HEATNO_PREMELT1 HEATNO_PREMELT,WEIGHT_PREMELT1 as WEIGHT_PREMELT"
libMMSM/f_mmsm_gyins2.cpp	301	305	" SELECT  HEATNO_PREMELT2 HEATNO_PREMELT,WEIGHT_PREMELT2 as WEIGHT_PREMELT"
libMMSM/f_mmsm_gyins2.cpp	306	310	" SELECT  HEATNO_PREMELT3 HEATNO_PREMELT,WEIGHT_PREMELT3 as WEIGHT_PREMELT"
libMMSM/f_mmsm_gyins2.cpp	311	317	" SELECT  HEATNO_PREMELT4 HEATNO_PREMELT,0 as WEIGHT_PREMELT"
libMMSM/f_mmsm_gyins2.cpp	328	336	sqlstr = " update tmmsmgy06 t1 set  (DEV_CODE, PROC_NO,ST_NO,STATION_ID, START_TIME, END_TIME,PROD_DATE,PROD_SHIFT_NO,PROD_SHIFT_GROUP, DURATION_TIME,TC_SEND_FL
libMMSM/f_mmsm_gyins2.cpp	341	349	sqlstr = " update tmmsmgy06 t1 set  (DEV_CODE, PROC_NO,ST_NO,STATION_ID, START_TIME, END_TIME,PROD_DATE,PROD_SHIFT_NO,PROD_SHIFT_GROUP, DURATION_TIME,TC_SEND_FL
libMMSM/f_mmsm_gyins2.cpp	354	362	sqlstr = " update tmmsmgy06 t1 set  (DEV_CODE, PROC_NO,ST_NO,STATION_ID, START_TIME, END_TIME,PROD_DATE,PROD_SHIFT_NO,PROD_SHIFT_GROUP, DURATION_TIME,TC_SEND_FL
libMMSM/f_mmsm_gyins2.cpp	368	376	sqlstr = " update tmmsmgy06 t1 set  (DEV_CODE, PROC_NO,ST_NO,STATION_ID, START_TIME, END_TIME,PROD_DATE,PROD_SHIFT_NO,PROD_SHIFT_GROUP, DURATION_TIME,TC_SEND_FL
libMMSM/f_mmsm_gyins2.cpp	382	390	sqlstr = " update tmmsmgy06 t1 set  (DEV_CODE, PROC_NO,ST_NO,STATION_ID, START_TIME, END_TIME,PROD_DATE,PROD_SHIFT_NO,PROD_SHIFT_GROUP, DURATION_TIME,TC_SEND_FL
libMMSM/f_mmsm_gyins2.cpp	397	397	sqlstr = " insert into tmmsmgy06(REC_CREATOR, REC_CREATE_TIME, sm_plan_nol2, HEAT_NO, L2_PROC_NO, WEIGHT_PREMELT1, DEV_CODE, PROC_NO, ST_NO, STATION_ID, START_T
libMMSM/f_mmsm_gyins2.cpp	398	404	" select @rec_creator,@rec_create_time,t2.sm_plan_nol2, t2.HEAT_NO, t2.L2_PROC_NO, t2.WEIGHT_PREMELT1, t1.DEV_CODE, t1.PROC_NO, t1.ST_NO, t1.STATION_ID, t1.STAR
libMMSM/f_mmsm_gyins2.cpp	412	412	sqlstr = " insert into tmmsmgy06(REC_CREATOR, REC_CREATE_TIME, sm_plan_nol2, HEAT_NO, L2_PROC_NO, WEIGHT_PREMELT1, DEV_CODE, PROC_NO, ST_NO, STATION_ID, START_T
libMMSM/f_mmsm_gyins2.cpp	413	419	" select @rec_creator,@rec_create_time,t2.sm_plan_nol2, t2.HEAT_NO, t2.L2_PROC_NO, t2.WEIGHT_PREMELT1, t1.DEV_CODE, t1.PROC_NO, t1.ST_NO, t1.STATION_ID, t1.STAR
libMMSM/f_mmsm_gyins2.cpp	427	427	sqlstr = " insert into tmmsmgy06(REC_CREATOR, REC_CREATE_TIME, sm_plan_nol2, HEAT_NO, L2_PROC_NO, WEIGHT_PREMELT1, DEV_CODE, PROC_NO, ST_NO, STATION_ID, START_T
libMMSM/f_mmsm_gyins2.cpp	428	434	" select @rec_creator,@rec_create_time,t2.sm_plan_nol2, t2.HEAT_NO, t2.L2_PROC_NO, t2.WEIGHT_PREMELT1, t1.DEV_CODE, t1.PROC_NO, t1.ST_NO, t1.STATION_ID, t1.STAR
libMMSM/f_mmsm_gyins2.cpp	442	442	sqlstr = " insert into tmmsmgy06(REC_CREATOR, REC_CREATE_TIME, sm_plan_nol2, HEAT_NO, L2_PROC_NO, WEIGHT_PREMELT1, DEV_CODE, PROC_NO, ST_NO, STATION_ID, START_T
libMMSM/f_mmsm_gyins2.cpp	443	449	" select @rec_creator,@rec_create_time,t2.sm_plan_nol2, t2.HEAT_NO, t2.L2_PROC_NO, t2.WEIGHT_PREMELT1, t1.DEV_CODE, t1.PROC_NO, t1.ST_NO, t1.STATION_ID, t1.STAR
libMMSM/f_mmsm_gyins2.cpp	459	464	sqlstr = " update tmmsmgy06 t1 set DURATION_TIME = (select STD_TIME from tmmsmw2 t3 where 1=1 and t3.DEV_CODE = t1.dev_code)"
libMMSM/f_mmsm_gyins2.cpp	473	474	sqlstr = " SELECT HEATNO_PREMELT1,count(1) count_num"
libMMSM/f_mmsm_gyins2.cpp	475	479	" SELECT HEATNO_PREMELT1 HEATNO_PREMELT1"
libMMSM/f_mmsm_gyins2.cpp	480	484	" SELECT HEATNO_PREMELT2 HEATNO_PREMELT1"
libMMSM/f_mmsm_gyins2.cpp	485	489	" SELECT HEATNO_PREMELT3 HEATNO_PREMELT1"
libMMSM/f_mmsm_gyins2.cpp	490	495	" SELECT HEATNO_PREMELT4 HEATNO_PREMELT1"
libMMSM/f_mmsm_gyins2.cpp	508	511	sqlstr = " SELECT  sum(WEIGHT_PREMELT) as WEIGHT_PREMELT, count(1) count_num"
libMMSM/f_mmsm_gyins2.cpp	512	512	" select distinct sm_plan_nol2 ,heat_no,sum(WEIGHT_PREMELT) WEIGHT_PREMELT from ("
libMMSM/f_mmsm_gyins2.cpp	513	516	" SELECT sm_plan_nol2 ,heat_no, WEIGHT_PREMELT1 as WEIGHT_PREMELT"
libMMSM/f_mmsm_gyins2.cpp	517	520	" SELECT sm_plan_nol2,heat_no, WEIGHT_PREMELT2 as WEIGHT_PREMELT"
libMMSM/f_mmsm_gyins2.cpp	521	524	" SELECT sm_plan_nol2,heat_no, WEIGHT_PREMELT3  as WEIGHT_PREMELT"
libMMSM/f_mmsm_gyins2.cpp	525	531	" SELECT sm_plan_nol2,heat_no, 0  as WEIGHT_PREMELT"
libMMSM/f_mmsm_gyins2.cpp	544	548	sqlstr = " update tmmsmgy06 set HEAT_COUNT = @all_wt"
libMMSM/f_mmsm_gyins2.cpp	556	561	sqlstr = " select heat_no from tmmsmgy06"
libMMSM/f_mmsm_gyins2.cpp	582	583	sqlstr = "select count(1) from tmmsmgy05 where heat_no=@heat_no";
libMMSM/f_mmsm_gyins2.cpp	595	597	sqlstr = " select count(1) from DA_HEAT_RELATION_syn"
libMMSM/f_mmsm_gyins2.cpp	602	605	sqlstr = " update DA_HEAT_RELATION_syn t1 set (AGGREGATE_NAME,GRADEACT,CONFIRM_READ,COMFIRM_TIME,START_TIME,END_TIME)=(select dev_code,st_no,'Y',to_date(@dateNo
libMMSM/f_mmsm_gyins2.cpp	615	616	sqlstr = " select max(ID) from DA_HEAT_RELATION_syn";
libMMSM/f_mmsm_gyins2.cpp	625	625	sqlstr = " insert into DA_HEAT_RELATION_syn(ID,AGGREGATE_NAME,HEAT_NUMBER,TIME_STAMP,CONFIRM_READ,COMFIRM_TIME,GRADEACT,START_TIME,END_TIME)"
libMMSM/f_mmsm_gyins2.cpp	626	630	" select @seq_no,dev_code,heat_no,to_date(@dateNow,'yyyy-mm-dd hh24-mi-ss'),'Y',to_date(@dateNow,'yyyy-mm-dd hh24-mi-ss'),st_no,to_date(START_TIME,'yyyy-mm-dd h
libMMSM/f_mmsm_gyins2.cpp	643	645	sqlstr = " delete from DA_HEAT_RELATION_syn"
libMMSM/f_mmsm_gyins2.cpp	653	654	sqlstr = " select max(ID) from DA_HEAT_RELATION" ;
libMMSM/f_mmsm_gyins2.cpp	662	662	sqlstr = " insert into DA_HEAT_RELATION(ID,AGGREGATE_NAME,HEAT_NUMBER,PROC_NUMBER,TIME_STAMP,CONFIRM_READ,COMFIRM_TIME,GRADEACT,HMWEIGHT,WEIGHT_PREMELT)"
libMMSM/f_mmsm_gyins2.cpp	663	669	" select rownum+@seq_no,dev_code,heat_no,l2_proc_no,to_date(@dateNow,'yyyy-mm-dd hh24-mi-ss'),'N','',st_no,moltiron_wt,weight_premelt1"
libMMSM/f_mmsm_gyins2.cpp	679	683	sqlstr = " delete from DA_HEAT_RELATION t2"
libMMSM/f_mmsm_gyupd.cpp	104	107	sqlstr = " delete from tmmsmgy08 t1"
libMMSM/f_mmsm_gyupd.cpp	114	115	sqlstr = " update tmmsmgy06 t1 set BACK_C1 =' ' where 1 = 1 and heat_no = @heat_no "
libMMSM/f_mmsm_gyupd.cpp	120	124	sqlstr = " update tmmsmgy06 t1 set BACK_C1 = (select t2.ratio_num from tmmsmgy09 t2 where t1.heat_no=t2.heat_no and t1.l2_proc_no=t2.l2_proc_no)"
libMMSM/f_mmsm_gyupd.cpp	148	148	sqlstr = " insert into tmmsmgy08(REC_CREATOR,REC_CREATE_TIME,sm_plan_nol2,heat_no,l2_proc_no,PROC_NO,dev_code,mat_code,DEVO_TIME,DEVO_WT,HANDLE_DIV)"
libMMSM/f_mmsm_gyupd.cpp	149	150	" select @rec_creator,@rec_create_time,t1.sm_plan_nol2,t1.heat_no,t1.l2_proc_no,t1.PROC_NO,t1.dev_code,'TS0000',t1.START_TIME,case when  nvl((select DES_TREATME
libMMSM/f_mmsm_gyupd.cpp	151	158	" select sm_plan_nol2,heat_no,l2_proc_no,PROC_NO,dev_code,decode(HEAT_COUNT,0,1,HEAT_COUNT) HEAT_COUNT,TO_NUMBER(TRIM(CASE WHEN trim(BACK_C1) IS NULL THEN 0 ELS
libMMSM/f_mmsm_gyupd.cpp	184	184	sqlstr = " insert into tmmsmgy08(REC_CREATOR,REC_CREATE_TIME,sm_plan_nol2,heat_no,l2_proc_no,PROC_NO,dev_code,mat_code,DEVO_TIME,DEVO_WT,HANDLE_DIV)"
libMMSM/f_mmsm_gyupd.cpp	185	186	" select @rec_creator,@rec_create_time,t1.sm_plan_nol2,t1.heat_no,t1.l2_proc_no,t1.PROC_NO,t1.dev_code,'TS0000',t1.START_TIME,case when  nvl((select DES_TREATME
libMMSM/f_mmsm_gyupd.cpp	187	195	" select sm_plan_nol2,heat_no,l2_proc_no,PROC_NO,dev_code,decode(HEAT_COUNT,0,1,HEAT_COUNT) HEAT_COUNT,TO_NUMBER(TRIM(CASE WHEN trim(BACK_C1) IS NULL THEN 0 ELS
libMMSM/f_mmsm_gyupd.cpp	204	204	sqlstr = " insert into tmmsmgy08(REC_CREATOR,REC_CREATE_TIME,sm_plan_nol2,heat_no,l2_proc_no,PROC_NO,dev_code,mat_code,DEVO_TIME,DEVO_WT,HANDLE_DIV)"
libMMSM/f_mmsm_gyupd.cpp	205	208	" select @rec_creator,@rec_create_time,t1.sm_plan_nol2,t1.heat_no,t1.l2_proc_no,t1.PROC_NO,t1.dev_code,'TS0000',t1.START_TIME"
libMMSM/f_mmsm_gyupd.cpp	209	217	" select sm_plan_nol2,heat_no,l2_proc_no,PROC_NO,dev_code,START_TIME,HANDLE_DIV,RATIO_A,RATIO_AS,RATIO_AN"
libMMSM/f_mmsm_gyupd.cpp	244	244	sqlstr = " insert into tmmsmgy08(REC_CREATOR,REC_CREATE_TIME,sm_plan_nol2,heat_no,l2_proc_no,PROC_NO,dev_code,mat_code,ID_2A,PROC_COUNT,WEIGH_NO,QUALITY_BATCH_N
libMMSM/f_mmsm_gyupd.cpp	245	246	" select @rec_creator,@rec_create_time,sm_plan_nol2,heat_no,l2_proc_no,PROC_NO,dev_code,mat_code,ID_2A,PROC_COUNT,WEIGH_NO,QUALITY_BATCH_NO,LOT_NO,DEVO_TIME,rou
libMMSM/f_mmsm_gyupd.cpp	247	255	" select t1.sm_plan_nol2,t1.heat_no,t1.l2_proc_no,t1.proc_no,t1.dev_code,decode(t1.HEAT_COUNT,0,1,t1.HEAT_COUNT) HEAT_COUNT,TO_NUMBER(TRIM(CASE WHEN trim(BACK_C
libMMSM/f_mmsm_gyupd.cpp	281	281	sqlstr = " insert into tmmsmgy08(REC_CREATOR,REC_CREATE_TIME,sm_plan_nol2,heat_no,l2_proc_no,PROC_NO,dev_code,mat_code,ID_2A,PROC_COUNT,WEIGH_NO,QUALITY_BATCH_N
libMMSM/f_mmsm_gyupd.cpp	282	283	" select @rec_creator,@rec_create_time,sm_plan_nol2,heat_no,l2_proc_no,PROC_NO,dev_code,mat_code,ID_2A,PROC_COUNT,WEIGH_NO,QUALITY_BATCH_NO,LOT_NO,DEVO_TIME,rou
libMMSM/f_mmsm_gyupd.cpp	284	292	" select t1.sm_plan_nol2,t1.heat_no,t1.l2_proc_no,t1.proc_no,t1.dev_code,decode(t1.HEAT_COUNT,0,1,t1.HEAT_COUNT) HEAT_COUNT,TO_NUMBER(TRIM(CASE WHEN trim(BACK_C
libMMSM/f_mmsm_gyupd.cpp	302	302	sqlstr = " insert into tmmsmgy08(REC_CREATOR, REC_CREATE_TIME, sm_plan_nol2, heat_no, l2_proc_no, PROC_NO, dev_code, mat_code,mat_name, ID_2A, PROC_COUNT, WEIGH
libMMSM/f_mmsm_gyupd.cpp	303	309	" select @rec_creator,@rec_create_time,t1.sm_plan_nol2,t1.heat_no,t1.l2_proc_no,t1.PROC_NO,t1.dev_code,t1.mat_code,t2.mat_name,t1.ID_2A,t1.PROC_COUNT,t1.WEIGH_N
libMMSM/f_mmsm_gyupd.cpp	601	603	sqlstr = " delete from tmmsm2a_ts"
libMMSM/f_mmsm_gyupd.cpp	611	611	sqlstr = " insert into tmmsm2a_ts(REC_CREATOR,REC_CREATE_TIME,sm_plan_nol2,heat_no,l2_proc_no,PROC_NO,dev_code,mat_code,DEVO_TIME,DEVO_WT,HANDLE_DIV)"
libMMSM/f_mmsm_gyupd.cpp	612	616	" select REC_CREATOR,REC_CREATE_TIME,sm_plan_nol2,heat_no,l2_proc_no,PROC_NO,dev_code,mat_code,DEVO_TIME,DEVO_WT,HANDLE_DIV"
libMMSM/f_mmsm_gyupd.cpp	625	629	sqlstr = " update tmmsmgy08 t1 set mat_name = (select mat_name from tmmsm50 t2 where t1.mat_code = t2.mat_code)"
libMMSM/f_mmsm_gyupd.cpp	641	644	sqlstr = "select max(recv_mat_time),sum(case when recv_mat_time=' ' then 1 else 0 end) "
libMMSM/f_mmsm_gyupd.cpp	654	657	sqlstr = " update tmmsmgy05 t1 set STAT_DATE = @stat_date,recv_mat_time = @recv_mat_time "
libMMSM/f_mmsm_gyupd.cpp	668	671	sqlstr = " update tmmsmgy05 t1 set STAT_DATE = ' ',recv_mat_time = ' ' "
libMMSM/f_mmsm_gyupd.cpp	684	687	sqlstr = " delete from tmmsm56b "
libMMSM/f_mmsm_gyupd.cpp	693	693	sqlstr = " insert into tmmsm56b(rec_creator,rec_create_time,stat_date,sm_plan_nol2,sm_plan_no,heat_no,st_no,MAT_ACT_WT)"
libMMSM/f_mmsm_gyupd.cpp	694	700	" select @rec_creator,@rec_create_time,@stat_date,t2.sm_plan_nol2,t2.sm_plan_nol2,t1.heat_no,t1.st_no,sum(t1.RECEIVE_WEIGHT) mat_act_wt"
libMMSM/f_mmsm_gyupd.cpp	711	714	sqlstr = " update tmmsmgy06 t1 set STAT_DATE = @stat_date "
libMMSM/f_mmsm_gyupd.cpp	722	726	sqlstr = " update tmmsmgy05 t1 set (CAST_DIV_NO,TD_NO_1) = (select CAST_DIV_NO,TD_NO_1 from tmmsm31 t2 where t1.heat_no=t2.heat_no)"
libMMSM/f_mmsm_gyupd.cpp	735	738	sqlstr = " select st_no,CAST_DIV_NO,TD_NO_1,CAST_DIV_NO_1 "
libMMSM/f_mmsm_gyupd.cpp	750	754	sqlstr = " delete tmmsmgy08"
libMMSM/f_mmsm_gyupd.cpp	763	767	sqlstr = " select sum(DEVO_WT) all_use"
libMMSM/f_mmsm_gyupd.cpp	780	784	sqlstr = " select sum(mat_act_wt) "
libMMSM/f_mmsm_gyupd.cpp	799	799	sqlstr = " insert into tmmsmgy08(REC_CREATOR, REC_CREATE_TIME, sm_plan_nol2, heat_no, l2_proc_no, PROC_NO, dev_code, mat_code, DEVO_TIME, DEVO_WT, HANDLE_DIV,st
libMMSM/f_mmsm_gyupd.cpp	800	809	" select @rec_creator,@rec_create_time,t1.sm_plan_nol2,t1.heat_no,t1.l2_proc_no,t1.PROC_NO,t1.dev_code,'TS0000',DEVO_TIME,round(DEVO_WT/all_DEVO_WT*mat_act_wt*@
libMMSM/f_mmsm_gyupd.cpp	824	830	sqlstr = " update tmmsmgy08 set DEVO_WT = DEVO_WT+(select @all_use_wt-sum(DEVO_WT) from tmmsmgy08 where mat_code = 'TS0000' and  heat_no in (select heat_no from
libMMSM/f_mmsm_gyupd.cpp	843	847	sqlstr = " select heat_no "
libMMSM/f_mmsm_gyupd.cpp	856	860	sqlstr = " delete from tmmsm56"
libMMSM/f_mmsm_gyupd.cpp	867	870	sqlstr = " select count(1) from tmmsm56b"
libMMSM/f_mmsm_gyupd.cpp	877	877	" insert into tmmsm56(rec_creator,rec_create_time,stat_date,sm_plan_nol2,heat_no,st_no,dev_code,l2_proc_no,lot_no,mat_code,OUT_STOCK_TIME,WEIGH_NO,QUALITY_BATCH
libMMSM/f_mmsm_gyupd.cpp	878	879	" select @rec_creator,@rec_create_time,@stat_date,sm_plan_no,heat_no,st_no,dev_code,l2_proc_no,lot_no,mat_code,DEVO_TIME,WEIGH_NO,QUALITY_BATCH_NO,use_wt,mat_ac
libMMSM/f_mmsm_gyupd.cpp	880	888	" select t1.sm_plan_no,t1.heat_no,t1.st_no,t3.dev_code,t3.l2_proc_no,t3.lot_no,t3.mat_code,t3.DEVO_TIME,t3.WEIGH_NO,t3.QUALITY_BATCH_NO,round(t3.use_wt/t2.all_w
libMMSM/f_mmsm_gyupd.cpp	898	898	" insert into tmmsm56(rec_creator,rec_create_time,stat_date,sm_plan_nol2,heat_no,st_no,dev_code,l2_proc_no,lot_no,mat_code,OUT_STOCK_TIME,WEIGH_NO,QUALITY_BATCH
libMMSM/f_mmsm_gyupd.cpp	899	900	" select @rec_creator,@rec_create_time,@stat_date,sm_plan_no,heat_no,st_no,dev_code,l2_proc_no,lot_no,mat_code,DEVO_TIME,WEIGH_NO,QUALITY_BATCH_NO,use_wt,mat_ac
libMMSM/f_mmsm_gyupd.cpp	901	909	" select t1.sm_plan_no,t1.heat_no,t1.st_no,t3.dev_code,t3.l2_proc_no,t3.lot_no,t3.mat_code,t3.DEVO_TIME,t3.WEIGH_NO,t3.QUALITY_BATCH_NO,round(t3.use_wt/t2.all_w
libMMSM/f_mmsm_gyupd.cpp	919	920	sqlstr = " select heat_no,dev_code,l2_proc_no,lot_no,mat_code,OUT_STOCK_TIME,WEIGH_NO,QUALITY_BATCH_NO,sum(OUT_STOCK_WT) OUT_STOCK_WT"
libMMSM/f_mmsm_gyupd.cpp	921	926	"select heat_no,dev_code,l2_proc_no,lot_no,mat_code,OUT_STOCK_TIME,WEIGH_NO,QUALITY_BATCH_NO,0-OUT_STOCK_WT OUT_STOCK_WT"
libMMSM/f_mmsm_gyupd.cpp	927	935	" select heat_no,dev_code,l2_proc_no,lot_no,mat_code,DEVO_TIME as OUT_STOCK_TIME,WEIGH_NO,QUALITY_BATCH_NO,sum(DEVO_WT) OUT_STOCK_WT"
libMMSM/f_mmsm_gyupd.cpp	944	951	sqlstr = " update tmmsm56 set OUT_STOCK_WT = OUT_STOCK_WT + @out_stock_wt,DEVO_WT = DEVO_WT+@out_stock_wt"
libMMSM/f_mmsm_gyupd.cpp	972	972	" insert into tmmsm56(rec_creator,rec_create_time,stat_date,sm_plan_nol2,heat_no,st_no,dev_code,l2_proc_no,lot_no,mat_code,OUT_STOCK_TIME,WEIGH_NO,QUALITY_BATCH
libMMSM/f_mmsm_gyupd.cpp	973	974	" select @rec_creator,@rec_create_time,@stat_date,sm_plan_no,heat_no,st_no,dev_code,l2_proc_no,lot_no,mat_code,DEVO_TIME,WEIGH_NO,QUALITY_BATCH_NO,use_wt,mat_ac
libMMSM/f_mmsm_gyupd.cpp	975	983	" select t1.sm_plan_no,t1.heat_no,t1.st_no,t3.dev_code,t3.l2_proc_no,t3.lot_no,t3.mat_code,t3.DEVO_TIME,t3.WEIGH_NO,t3.QUALITY_BATCH_NO,round(t3.use_wt/t2.all_w
libMMSM/f_mmsm_gyupd.cpp	995	1000	sqlstr = " update tmmsm56 t1 set (RECV_MAT_TIME,pono)=(select max(RECV_MAT_TIME),max(pono) from tmmsmgy05 t2 where  t2.heat_no=@heat_no )"
libMMSM/f_mmsm_gyupd.cpp	1007	1011	sqlstr = "update tmmsm56 t1 set mat_name = (select mat_name from tmmsm50 t2 where t1.mat_code = t2.mat_code)"
libMMSM/f_mmsm_gyupd.cpp	1018	1021	sqlstr = " update tmmsm56 t1 set LOT_NO = (select lot_no from vlotno t2 where t1.WEIGH_NO=t2.WEIGH_NO)"
libMMSM/f_mmsm_gyupd.cpp	1036	1039	sqlstr = " delete from tmmsmgy06a "
libMMSM/f_mmsm_gyupd.cpp	1046	1046	" insert into tmmsmgy06a(rec_creator,rec_create_time,stat_date,sm_plan_nol2,heat_no,st_no,l2_proc_no,dev_code,DURATION_TIME,PONO,START_TIME,END_TIME,PROD_DATE,P
libMMSM/f_mmsm_gyupd.cpp	1047	1048	" select @rec_creator,@rec_create_time,@stat_date,sm_plan_no,heat_no,st_no,l2_proc_no,dev_code,use_wt,PONO,START_TIME,END_TIME,PROD_DATE,PROD_SHIFT_NO,PROD_SHIF
libMMSM/f_mmsm_gyupd.cpp	1049	1056	" select t1.sm_plan_no,t1.heat_no,t1.st_no,t3.dev_code,t3.l2_proc_no,round(t3.use_wt/t2.all_wt*t1.mat_act_wt ,0) use_wt"
libMMSM/f_mmsm_gyupd.cpp	1057	1061	" select heat_no, l2_proc_no, dev_code, PONO, START_TIME, END_TIME, PROD_DATE, PROD_SHIFT_NO, PROD_SHIFT_GROUP, HEAT_COUNT, DURATION_TIME use_wt from tmmsmgy07 
libMMSM/f_mmsm_gyupd.cpp	1070	1071	sqlstr = " select heat_no,dev_code,l2_proc_no,sum(DURATION_TIME) DURATION_TIME"
libMMSM/f_mmsm_gyupd.cpp	1072	1076	"select heat_no,dev_code,l2_proc_no,0-DURATION_TIME DURATION_TIME"
libMMSM/f_mmsm_gyupd.cpp	1077	1082	" select heat_no,dev_code,l2_proc_no,sum(DURATION_TIME) DURATION_TIME"
libMMSM/f_mmsm_gyupd.cpp	1083	1091	" select heat_no,dev_code,l2_proc_no,sum(DURATION_TIME) DURATION_TIME"
libMMSM/f_mmsm_gyupd.cpp	1099	1105	sqlstr = " update tmmsmgy06a set DURATION_TIME = DURATION_TIME + @dif_wt"
libMMSM/f_mmsm_gyupd.cpp	1120	1123	sqlstr = " update tmmsmgy08 t1 set STAT_DATE = @stat_date"
libMMSM/f_mmsm_gyupd.cpp	1130	1134	sqlstr = " delete from tmmsm56"
libMMSM/f_mmsm_gyupd.cpp	1141	1144	sqlstr = " select count(1) from tmmsm56b"
libMMSM/f_mmsm_gyupd.cpp	1151	1151	" insert into tmmsm56(rec_creator,rec_create_time,stat_date,sm_plan_nol2,heat_no,st_no,dev_code,l2_proc_no,lot_no,mat_code,OUT_STOCK_TIME,WEIGH_NO,QUALITY_BATCH
libMMSM/f_mmsm_gyupd.cpp	1152	1153	" select @rec_creator,@rec_create_time,@stat_date,sm_plan_no,heat_no,st_no,dev_code,l2_proc_no,lot_no,mat_code,DEVO_TIME,WEIGH_NO,QUALITY_BATCH_NO,use_wt,mat_ac
libMMSM/f_mmsm_gyupd.cpp	1154	1162	" select t1.sm_plan_no,t1.heat_no,t1.st_no,t3.dev_code,t3.l2_proc_no,t3.lot_no,t3.mat_code,t3.DEVO_TIME,t3.WEIGH_NO,t3.QUALITY_BATCH_NO,round(t3.use_wt/t2.all_w
libMMSM/f_mmsm_gyupd.cpp	1172	1172	" insert into tmmsm56(rec_creator,rec_create_time,stat_date,sm_plan_nol2,heat_no,st_no,dev_code,l2_proc_no,lot_no,mat_code,OUT_STOCK_TIME,WEIGH_NO,QUALITY_BATCH
libMMSM/f_mmsm_gyupd.cpp	1173	1174	" select @rec_creator,@rec_create_time,@stat_date,sm_plan_no,heat_no,st_no,dev_code,l2_proc_no,lot_no,mat_code,DEVO_TIME,WEIGH_NO,QUALITY_BATCH_NO,use_wt,mat_ac
libMMSM/f_mmsm_gyupd.cpp	1175	1183	" select t1.sm_plan_no,t1.heat_no,t1.st_no,t3.dev_code,t3.l2_proc_no,t3.lot_no,t3.mat_code,t3.DEVO_TIME,t3.WEIGH_NO,t3.QUALITY_BATCH_NO,round(t3.use_wt/t2.all_w
libMMSM/f_mmsm_gyupd.cpp	1193	1194	sqlstr = " select heat_no,dev_code,l2_proc_no,lot_no,mat_code,OUT_STOCK_TIME,WEIGH_NO,QUALITY_BATCH_NO,sum(OUT_STOCK_WT) OUT_STOCK_WT"
libMMSM/f_mmsm_gyupd.cpp	1195	1200	"select heat_no,dev_code,l2_proc_no,lot_no,mat_code,OUT_STOCK_TIME,WEIGH_NO,QUALITY_BATCH_NO,0-OUT_STOCK_WT OUT_STOCK_WT"
libMMSM/f_mmsm_gyupd.cpp	1201	1209	" select heat_no,dev_code,l2_proc_no,lot_no,mat_code,DEVO_TIME as OUT_STOCK_TIME,WEIGH_NO,QUALITY_BATCH_NO,sum(DEVO_WT) OUT_STOCK_WT"
libMMSM/f_mmsm_gyupd.cpp	1218	1225	sqlstr = " update tmmsm56 set OUT_STOCK_WT = OUT_STOCK_WT + @out_stock_wt,DEVO_WT = DEVO_WT+@out_stock_wt"
libMMSM/f_mmsm_gyupd.cpp	1246	1246	" insert into tmmsm56(rec_creator,rec_create_time,stat_date,sm_plan_nol2,heat_no,st_no,dev_code,l2_proc_no,lot_no,mat_code,OUT_STOCK_TIME,WEIGH_NO,QUALITY_BATCH
libMMSM/f_mmsm_gyupd.cpp	1247	1248	" select @rec_creator,@rec_create_time,@stat_date,sm_plan_no,heat_no,st_no,dev_code,l2_proc_no,lot_no,mat_code,DEVO_TIME,WEIGH_NO,QUALITY_BATCH_NO,use_wt,mat_ac
libMMSM/f_mmsm_gyupd.cpp	1249	1258	" select t1.sm_plan_no,t1.heat_no,t1.st_no,t3.dev_code,t3.l2_proc_no,t3.lot_no,t3.mat_code,t3.DEVO_TIME,t3.WEIGH_NO,t3.QUALITY_BATCH_NO,case when nvl(t2.all_wt,
libMMSM/f_mmsm_gyupd.cpp	1274	1279	sqlstr = " update tmmsm56 t1 set (RECV_MAT_TIME,pono)=(select max(RECV_MAT_TIME),max(pono) from tmmsmgy05 t2 where  t2.heat_no=@heat_no )"
libMMSM/f_mmsm_gyupd.cpp	1286	1290	sqlstr = "update tmmsm56 t1 set mat_name = (select mat_name from tmmsm50 t2 where t1.mat_code = t2.mat_code)"
libMMSM/f_mmsm_gyupd.cpp	1298	1301	sqlstr = " update tmmsm56 t1 set LOT_NO = (select lot_no from vlotno t2 where t1.WEIGH_NO=t2.WEIGH_NO)"
libMMSM/f_mmsm_gyupd.cpp	1309	1316	sqlstr = " update tmmsmgy05 t1 set  F_ROUTE1=(select case when substr(t1.st_no, 1, 1) in('1', '4') then case when INSTR(t1.heatno_premelt1 || t1.heatno_premelt2
libMMSM/f_mmsm_gyupd.cpp	1323	1326	sqlstr = " update tmmsmgy05 t1 set  OUT_STEEL_WT = nvl((select STEEL_NET_WEIGHT from VW_CCM_STEEL_WT t2 where t2.HEAT_NAME = t1.heat_no and rownum=1),0)"
libMMSM/f_mmsm_gyupd.cpp	1332	1337	sqlstr = " update tmmsmgy05 t1 set OUT_STEEL_WT = (select max(LADLE_ARRIVE_WT-LADLE_LEAVE_WT) from tmmsm31 t2 where t2.heat_no=@heat_no )"
libMMSM/f_mmsm_gyupd.cpp	1343	1348	sqlstr = " update tmmsmgy05 t1 set OUT_STEEL_WT = (select max(ACTRESULT) from tmmsm27 t2 where t1.heat_no=t2.heat_no )"
libMMSM/f_mmsm_gyupd.cpp	1355	1363	sqlstr = " update tmmsmgy05 t1 set COMPOSE_LIST_NO2=(select COMPOSE_LIST_NO2 from tqmtscb11d_dr t2 where t1.F_ROUTE1 = t2.F_ROUTE1 and t2.GRADE_TYPE1 = (select 
libMMSM/f_mmsm_gyupd.cpp	1383	1384	sqlstr = " select B.MAT_TYPE,A.* from tmmsmgy08 A LEFT JOIN TMMSM50 B ON A.MAT_CODE=B.MAT_CODE  where HEAT_NO='" + heat_no + "' ";
libMMSM/f_mmsm_heat_confirm.cpp	82	84	sqlstr = " SELECT ORDER_NO, PONO, WHOLE_BACKLOG_NO, WHOLE_BACKLOG, WHOLE_BACKLOG_SEQ, WHOLE_BACKLOG_CODE"
libMMSM/f_mmsm_heat_confirm_lot.cpp	81	83	sqlstr = " SELECT ORDER_NO, PONO, WHOLE_BACKLOG_NO, WHOLE_BACKLOG, WHOLE_BACKLOG_SEQ, WHOLE_BACKLOG_CODE"
libMMSM/f_mmsm_hlgy.cpp	41	44	sqlstr = " delete tmmsmgy07"
libMMSM/f_mmsm_hlgy.cpp	51	51	sqlstr = " insert into tmmsmgy07(REC_CREATOR,REC_CREATE_TIME,heat_no,RET_HEAT_NO,proc_no,dev_code,DURATION_TIME,HANDLE_DIV)"
libMMSM/f_mmsm_hlgy.cpp	52	58	" select @rec_creator,@rec_create_time,t1.heat_no,t1.RET_HEAT_NO,t2.l2_proc_no,t2.dev_code,round(t1.rate*t2.DURATION_TIME,0),'H'"
libMMSM/f_mmsm_manage_flag.cpp	34	37	sqlstr = "SELECT CODE"
libMMSM/f_mmsm_manage_flag.cpp	58	61	sqlstr = "SELECT CODE_DESC_1_CONTENT "
libMMSM/f_mmsm_mat_no_ins.cpp	182	183	cmd_inq.SetCommandText("SELECT NVL(MAX(SUBSTR( MAT_NO, LENGTH(MAT_NO) - 1 , 2 )),0) FROM TMMSM33 WHERE HEAT_NO = @heatNo  AND SUBSTR(MAT_NO,9,2) <> 'AA' AND SUB
libMMSM/f_mmsm_mat_no_ins.cpp	202	203	cmd_inq_mat_no.SetCommandText("SELECT NVL(MAX(SUBSTR( MAT_NO, LENGTH(MAT_NO) - 1 , 2 )),0) FROM TMMSM33 WHERE HEAT_NO = @heatNo ");
libMMSM/f_mmsm_mat_no_ins.cpp	219	220	cmd_inq.SetCommandText("SELECT NVL(MAX(SUBSTR( MAT_NO, LENGTH(MAT_NO) - 1 , 2 )),0) FROM TMMSM33 WHERE HEAT_NO = @heatNo  AND STRAND_NO ='" + v_strand_no + "' "
libMMSM/f_mmsm_mat_no_ins.cpp	249	250	cmd_inq_mat_no.SetCommandText("SELECT NVL(MAX(SUBSTR( MAT_NO, LENGTH(MAT_NO) - 1 , 2 )),0) FROM TMMSM33 WHERE HEAT_NO = @heatNo ");
libMMSM/f_mmsm_mat_no_ins.cpp	285	286	cmd_inq.SetCommandText("select NVL(MAX(SUBSTR(MAT_NO, LENGTH(MAT_NO) - 1 , 1 )),0) from tmmsm01 where mat_no like '" + old_mat_no.SubstringNE(0, 10) + "%'");
libMMSM/f_mmsm_mat_no_ins.cpp	314	315	cmd_inq.SetCommandText("select NVL(MAX(SUBSTR(MAT_NO, LENGTH(MAT_NO) - 1 , 1 )),0),NVL(MAX(SUBSTR(MAT_NO, LENGTH(MAT_NO), 1 )),0) from tmmsm01 where mat_no like
libMMSM/f_mmsm_matno_catch.cpp	107	110	sqlstr = "select CODE,CODE_DESC_2_CONTENT,CODE_DESC_4_CONTENT from tep0002 "
libMMSM/f_mmsm_matno_catch.cpp	138	140	sqlstr = "select CODE,CODE_DESC_2_CONTENT,CODE_DESC_4_CONTENT from tep0002 "
libMMSM/f_mmsm_matno_catch.cpp	259	260	sqlstr = "select CODE,to_number(CODE_DESC_1_CONTENT) from tep0002 "
libMMSM/f_mmsm_matno_catch.cpp	403	404	sqlstr = "select CODE,to_number(CODE_DESC_1_CONTENT) from tep0002 "//MM0M
libMMSM/f_mmsm_matno_catch.cpp	434	435	sqlstr = "select CODE,to_number(CODE_DESC_1_CONTENT) from tep0002 "
libMMSM/f_mmsm_matno_catch_sm.cpp	110	113	sqlstr = "select CODE,CODE_DESC_2_CONTENT,CODE_DESC_4_CONTENT from tep0002 "
libMMSM/f_mmsm_matno_catch_sm.cpp	141	143	sqlstr = "select CODE,CODE_DESC_2_CONTENT,CODE_DESC_4_CONTENT from tep0002 "
libMMSM/f_mmsm_matno_catch_sm.cpp	260	261	sqlstr = "select CODE,to_number(CODE_DESC_1_CONTENT) from tep0002 "
libMMSM/f_mmsm_matno_catch_sm.cpp	414	415	sqlstr = "select CODE,to_number(CODE_DESC_1_CONTENT) from tep0002 "//MM0M
libMMSM/f_mmsm_matno_catch_sm.cpp	445	446	sqlstr = "select CODE,to_number(CODE_DESC_1_CONTENT) from tep0002 "
libMMSM/f_mmsm_matno_catch_sm.cpp	575	576	sqlstr = "select nvl( max(SUBSTR(MAT_NO,10,1)),'0') as seq  from tmmsm33 WHERE  MAT_NO LIKE @mat_no||'%' ";
libMMSM/f_mmsm_matno_catch_sm.cpp	597	598	sqlstr = "SELECT  chr(to_number(ABS(ASCII(@seq) - 55))+55+1)   FROM DUAL ";
libMMSM/f_mmsm_sample_lot_no.cpp	33	34	CDbCommand cmd_inq("SELECT * FROM TQMTOT3 WHERE ORDER_NO = @order_no AND WHOLE_BACKLOG_NO = @whole_backlog_no AND WHOLE_BACKLOG_SEQ = @whole_backlog_seq ", conn
libMMSM/f_mmsm_sample_lot_no.cpp	40	41	CDbCommand cmd_inq("SELECT SAMPLE_LOT_NO FROM TQMTOT3 WHERE ORDER_NO = @order_no AND PROD_NO_REP = @heat_no ", conn);
libMMSM/f_mmsm_sj.cpp	58	61	" SELECT HEAT_NO, PROC_NO, DEV_CODE, SM_PLAN_NO, SM_PLAN_NOL2 "
libMMSM/f_mmsm_sj.cpp	62	66	" SELECT A.HEAT_NO, B.PROC_NO, B.DEV_CODE, A.SM_PLAN_NO, A.SM_PLAN_NOL2 "
libMMSM/f_mmsm_sj.cpp	76	77	" SELECT distinct HEAT_NO,SM_PLAN_NOL2 FROM (select HEAT_NO,PROC_NO,SM_PLAN_NOL2,SM_PLAN_NO from TMMSM19 "
libMMSM/f_mmsm_sj.cpp	78	79	" select HEAT_NO, PROC_NO, SM_PLAN_NOL2, SM_PLAN_NO from TMMSM20 "
libMMSM/f_mmsm_sj.cpp	80	81	" select HEAT_NO, PROC_NO, SM_PLAN_NOL2, SM_PLAN_NO from TMMSM21 "
libMMSM/f_mmsm_sj.cpp	82	83	" select HEAT_NO, PROC_NO, SM_PLAN_NOL2, SM_PLAN_NO from TMMSM23 "
libMMSM/f_mmsm_sj.cpp	84	85	" select HEAT_NO, PROC_NO, SM_PLAN_NOL2, SM_PLAN_NO from TMMSM24 "
libMMSM/f_mmsm_sj.cpp	86	87	" select HEAT_NO, PROC_NO, SM_PLAN_NOL2, SM_PLAN_NO from TMMSM25 "
libMMSM/f_mmsm_sj.cpp	88	89	" select HEAT_NO, PROC_NO, SM_PLAN_NOL2, SM_PLAN_NO from TMMSM26 "
libMMSM/f_mmsm_sj.cpp	90	92	" select HEAT_NO, PROC_NO, SM_PLAN_NOL2, SM_PLAN_NO from TMMSM27) "
libMMSM/f_mmsm_sj.cpp	113	118	" select  DISTINCT B.SM_PLAN_NOL2,B.HEAT_NO,B.PROC_NO,B.PONO,B.L2_PROC_NO "
libMMSM/f_mmsm_sj.cpp	124	125	sqlstr_2a = "update TMMSM2A set SM_PLAN_NOL2='" + tmmsm2a["SM_PLAN_NOL2"].ToString() + "',HEAT_NO='" + tmmsm2a["HEAT_NO"].ToString() + "',PROC_NO='" + tmmsm2a["
libMMSM/f_mmsm_sj.cpp	127	128	sqlstr = " update TMMSM2A_YL set SM_PLAN_NOL2='" + tmmsm2a["SM_PLAN_NOL2"].ToString() + "',HEAT_NO='" + tmmsm2a["HEAT_NO"].ToString() + "',PROC_NO='" + tmmsm2a[
libMMSM/f_mmsm_sj.cpp	135	136	cmd_sql_2b.SetCommandText(" select PROC_COUNT from tmmsm2b where SM_PLAN_NOL2='" + sm_plan_nol2 + "' and STATION_ID='Z' ");
libMMSM/f_mmsm_sj.cpp	149	150	cmd_sql_2a.SetCommandText(" select PROC_COUNT from tmmsm2a where SM_PLAN_NOL2='" + sm_plan_nol2 + "' and STATION_ID='E' ");
libMMSM/f_mmsm_sj.cpp	160	161	sqlstr = " update TMMSM2A_YL set HEAT_NO='" + tmmsm2a["HEAT_NO"].ToString() + "',PROC_NO='" + tmmsm2a["PROC_NO"].ToString() + "',SM_PLAN_NO='" + tmmsm2a["SM_PLA
libMMSM/f_mmsm_sj.cpp	164	165	cmd_sql_2b.SetCommandText(" select PROC_COUNT from tmmsm2b where SM_PLAN_NOL2='" + sm_plan_nol2 + "' and STATION_ID='E' ");
libMMSM/f_mmsm_sj.cpp	180	181	cmd_sql_2a.SetCommandText(" select PROC_COUNT from tmmsm2a where SM_PLAN_NOL2='" + sm_plan_nol2 + "' and STATION_ID='B' ");
libMMSM/f_mmsm_sj.cpp	193	194	sqlstr = " update TMMSM2A_YL set HEAT_NO='" + tmmsm2a["HEAT_NO"].ToString() + "',PROC_NO='" + tmmsm2a["PROC_NO"].ToString() + "',SM_PLAN_NO='" + tmmsm2a["SM_PLA
libMMSM/f_mmsm_sj.cpp	197	198	cmd_sql_2b.SetCommandText(" select PROC_COUNT from tmmsm2b where SM_PLAN_NOL2='" + sm_plan_nol2 + "' and STATION_ID='B' ");
libMMSM/f_mmsm_sj.cpp	211	212	cmd_sql_2a.SetCommandText(" select PROC_COUNT from tmmsm2a where SM_PLAN_NOL2='" + sm_plan_nol2 + "' and STATION_ID='R' ");
libMMSM/f_mmsm_sj.cpp	221	222	sqlstr = " update TMMSM2A_YL set HEAT_NO='" + tmmsm2a["HEAT_NO"].ToString() + "',PROC_NO='" + tmmsm2a["PROC_NO"].ToString() + "',SM_PLAN_NO='" + tmmsm2a["SM_PLA
libMMSM/f_mmsm_sj.cpp	225	226	cmd_sql_2b.SetCommandText(" select PROC_COUNT from tmmsm2b where SM_PLAN_NOL2='" + sm_plan_nol2 + "' and STATION_ID='R' ");
libMMSM/f_mmsm_sj.cpp	239	240	cmd_sql_2a.SetCommandText(" select PROC_COUNT from tmmsm2a where HEAT_NO='" + heat_no + "' and STATION_ID='F' ");
libMMSM/f_mmsm_sj.cpp	249	250	sqlstr = " update TMMSM2A_YL set HEAT_NO='" + tmmsm2a["HEAT_NO"].ToString() + "',PROC_NO='" + tmmsm2a["PROC_NO"].ToString() + "',SM_PLAN_NO='" + tmmsm2a["SM_PLA
libMMSM/f_mmsm_sj.cpp	253	254	cmd_sql_2b.SetCommandText(" select PROC_COUNT from tmmsm2b where SM_PLAN_NOL2='" + sm_plan_nol2 + "' and STATION_ID='F' ");
libMMSM/f_mmsm_sj.cpp	267	268	cmd_sql_2a.SetCommandText(" select PROC_COUNT from tmmsm2a where SM_PLAN_NOL2='" + sm_plan_nol2 + "' and STATION_ID='V' ");
libMMSM/f_mmsm_sj.cpp	277	278	sqlstr = " update TMMSM2A_YL set HEAT_NO='" + tmmsm2a["HEAT_NO"].ToString() + "',PROC_NO='" + tmmsm2a["PROC_NO"].ToString() + "',SM_PLAN_NO='" + tmmsm2a["SM_PLA
libMMSM/f_mmsm_sj.cpp	281	282	cmd_sql_2b.SetCommandText(" select PROC_COUNT from tmmsm2b where SM_PLAN_NOL2='" + sm_plan_nol2 + "' and STATION_ID='V' ");
libMMSM/f_mmsm_sj.cpp	295	296	cmd_sql_2a.SetCommandText(" select PROC_COUNT from tmmsm2a where SM_PLAN_NOL2='" + sm_plan_nol2 + "' and STATION_ID='S' ");
libMMSM/f_mmsm_sj.cpp	305	306	sqlstr = " update TMMSM2A_YL set HEAT_NO='" + tmmsm2a["HEAT_NO"].ToString() + "',PROC_NO='" + tmmsm2a["PROC_NO"].ToString() + "',SM_PLAN_NO='" + tmmsm2a["SM_PLA
libMMSM/f_mmsm_sj.cpp	309	310	cmd_sql_2b.SetCommandText(" select PROC_COUNT from tmmsm2b where SM_PLAN_NOL2='" + sm_plan_nol2 + "' and STATION_ID='S' ");
libMMSM/f_mmsm_sj.cpp	324	325	cmd_sql_2a.SetCommandText(" select PROC_COUNT from tmmsm2a where SM_PLAN_NOL2='" + sm_plan_nol2 + "' and STATION_ID='A' ");
libMMSM/f_mmsm_sj.cpp	334	335	sqlstr = " update TMMSM2A_YL set HEAT_NO='" + tmmsm2a["HEAT_NO"].ToString() + "',PROC_NO='" + tmmsm2a["PROC_NO"].ToString() + "',SM_PLAN_NO='" + tmmsm2a["SM_PLA
libMMSM/f_mmsm_sj.cpp	338	339	cmd_sql_2b.SetCommandText(" select PROC_COUNT from tmmsm2b where SM_PLAN_NOL2='" + sm_plan_nol2 + "' and STATION_ID='A' ");
libMMSM/f_mmsm_sj_proc.cpp	120	121	cmd_sql.SetCommandText(" select STATION_ID,STATION_NO  from TPSSMD1 where DEV_CODE='" + v_dev_code + "' ");
libMMSM/f_mmsm_sj_proc.cpp	241	245	sqlstr = " SELECT REC_CREATE_TIME,REC_CREATOR  FROM " + v_table_type + " WHERE 1=1 ";
libMMSM/f_mmsm_slab_dest.cpp	32	35	sqlstr = "SELECT CODE_DESC_3_CONTENT "
libMMSM/f_mmsm_t80r91_snd.cpp	116	119	sqlstr = " select dev_code from tmmsm31"
libMMSM/f_mmsm_t80r91_snd.cpp	130	133	sqlstr = " select RECV_MAT_TIME,CAST_DIV_NO_1,OUT_STEEL_WT,CC_NO,CAST_DIV_NO,TD_NO_1,stat_date,f_route1 from tmmsmgy05"
libMMSM/f_mmsm_t80r91_snd.cpp	187	189	" select sum(RECEIVE_WEIGHT) from VMMSMCPCL_BB1"
libMMSM/f_mmsm_t80r91_snd.cpp	207	211	sqlstr = " select SUM(OUT_STEEL_WT)  "
libMMSM/f_mmsm_t80r91_snd.cpp	226	229	sqlstr = " select  sum(mat_act_wt) mat_act_wt"
libMMSM/f_mmsm_t80r91_snd.cpp	265	265	sqlstr = " select sum(CUT_SCRAP_WT) from ("
libMMSM/f_mmsm_t80r91_snd.cpp	266	270	" select sum(CUT_SCRAP_WT) CUT_SCRAP_WT"
libMMSM/f_mmsm_t80r91_snd.cpp	271	276	" select sum(mat_act_wt) CUT_SCRAP_WT "
libMMSM/f_mmsm_t80r91_snd.cpp	354	357	sqlstr = "select PROD_SHIFT_GROUP"
libMMSM/f_mmsm_t80r91_snd.cpp	358	361	"select PROD_SHIFT_GROUP"
libMMSM/f_mmsm_t80r91_snd.cpp	377	383	sqlstr = " select count(1)"
libMMSM/f_mmsm_t80r91_snd.cpp	392	393	sqlstr = "SELECT  LPAD(TO_CHAR(RESUME_SEQ_NO.NEXTVAL), 8, '0') FROM DUAL ";
libMMSM/f_mmsm_t80rs0_snd.cpp	64	66	sqlstr = " SELECT CODE_DESC_1_CONTENT FROM TWMSMZD02 T WHERE 1=1 AND T.CODE_CLASS='WM02' AND T.CODE = @v_guide_dest ";
libMMSM/f_mmsm_t83313_snd.cpp	155	173	"	WITH T1 AS(SELECT DECODE(ELM_NAME, 'C_VALUE', 'C', 'SI_VALUE', 'Si', 'MN_VALUE', 'Mn', 'P_VALUE', 'P', 'S_VALUE', 'S',\
libMMSM/f_mmsm_t83313_snd.cpp	207	211	CString v_res_type = Db::QueryCString("select CODE_DESC_1_CONTENT from tep0002 where CODE_CLASS='MMRQLX' AND CODE ='" + tmmsmwq["RES_TYPE"].ToString() + "'");
libMMSM/f_mmsm_t8e2yb_snd.cpp	102	103	sqlstr = "  SELECT ELM_NAME ,ELM_VALUE FROM  TMMSM81AL    WHERE  QUALITY_BATCH_NO	= @tmmsm81.QUALITY_BATCH_NO";
libMMSM/f_mmsm_t8e2yc_snd.cpp	73	74	sqlstr = "  SELECT WEIGH_NO FROM  TMMSM81     WHERE  LOT_NO			= @tmmsm81.LOT_NO";
libMMSM/f_mmsm_t8e2yx_snd.cpp	92	93	sqlstr = "  SELECT * FROM TMMSM85 WHERE bunker_no = @bunker_no ";
libMMSM/f_mmsm_updlc.cpp	93	95	sqlstr = " update tmmsm60 set stock_wt = (select nvl(sum(stock_wt),0) from tmmsm85 where BUNKER_NO = @bunker_no)"
libMMSM/f_mmsm_updlc.cpp	102	106	sqlstr = " update tmmsm60 set RATE = round(STOCK_WT/UPPER_LIMIT_VALUE,3)"
libMMSM/f_mmsm_updlc.cpp	113	118	sqlstr = " update tmmsm60 set BACK_C3='0',BACK_C1='0',BACK_C2='0'"
libMMSM/f_mmsm_updlc.cpp	125	130	sqlstr = " select stock_wt,BUNKER_TYPE,STK_NO"
libMMSM/f_mmsm_updlc.cpp	215	218	sqlstr = " select count(1) from tmmsm85"
libMMSM/f_mmsm_updlc.cpp	230	233	sqlstr = " select mat_code from TMMSM81AL"
libMMSM/f_mmsm_yry.cpp	44	44	" select  sm_plan_nol2 ,heat_no,sum(WEIGHT_PREMELT) WEIGHT_PREMELT from ("
libMMSM/f_mmsm_yry.cpp	45	48	" SELECT sm_plan_nol2 ,heat_no, WEIGHT_PREMELT1 as WEIGHT_PREMELT"
libMMSM/f_mmsm_yry.cpp	49	52	" SELECT sm_plan_nol2,heat_no, WEIGHT_PREMELT2 as WEIGHT_PREMELT"
libMMSM/f_mmsm_yry.cpp	53	56	" SELECT sm_plan_nol2,heat_no, WEIGHT_PREMELT3  as WEIGHT_PREMELT"
libMMSM/f_mmsm_yry.cpp	57	60	" SELECT sm_plan_nol2,heat_no, 0  as WEIGHT_PREMELT"
libMMSM/f_mmsm_yry.cpp	61	64	" SELECT sm_plan_nol2,heat_no, 0  as WEIGHT_PREMELT"
libMMSM/f_mmsm_yry.cpp	65	68	" SELECT sm_plan_nol2,heat_no, 0  as WEIGHT_PREMELT"
libMMSM/f_mmsm_yry.cpp	69	72	" SELECT sm_plan_nol2 ,heat_no, WEIGHT_PREMELT1 as WEIGHT_PREMELT"
libMMSM/f_mmsm_yry.cpp	73	76	" SELECT sm_plan_nol2,heat_no, WEIGHT_PREMELT2 as WEIGHT_PREMELT"
libMMSM/f_mmsm_yry.cpp	77	80	" SELECT sm_plan_nol2,heat_no, WEIGHT_PREMELT3  as WEIGHT_PREMELT"
libMMSM/f_mmsm_yry.cpp	81	84	" SELECT sm_plan_nol2,heat_no, 0  as WEIGHT_PREMELT"
libMMSM/f_mmsm_yry.cpp	85	88	" SELECT sm_plan_nol2,heat_no, 0  as WEIGHT_PREMELT"
libMMSM/f_mmsm_yry.cpp	89	95	" SELECT sm_plan_nol2,heat_no, 0  as WEIGHT_PREMELT"
libMMSM/f_mmsm_yry.cpp	97	100	sqlstr = " SELECT  sum(WEIGHT_PREMELT) as WEIGHT_PREMELT, count(1) count_num"
libMMSM/f_mmsm_yry.cpp	113	117	sqlstr = " update tmmsmgy06 set HEAT_COUNT = @all_wt"
libMMSM/f_mmsm_yry.cpp	125	129	sqlstr = " delete from tmmsmgy06 t1 where 1=1"
libMMSM/f_mmsm_yry.cpp	137	137	sqlstr = "  insert into tmmsmgy06(REC_CREATOR, REC_CREATE_TIME, sm_plan_nol2, HEAT_NO, L2_PROC_NO, DEV_CODE, WEIGHT_PREMELT1, HANDLE_DIV, HEAT_COUNT)"
libMMSM/f_mmsm_yry.cpp	138	142	" select @rec_creator,@rec_create_time,sm_plan_nol2,heat_no,@l2_proc_no ,SUBSTR(@l2_proc_no,1,2),WEIGHT_PREMELT,'Y',@all_wt"
libMMSM/f_mmsm_yry.cpp	154	163	sqlstr = " update tmmsmgy06 t1 set  (DEV_CODE, PROC_NO,ST_NO,STATION_ID, START_TIME, END_TIME,PROD_DATE,PROD_SHIFT_NO,PROD_SHIFT_GROUP, DURATION_TIME,TC_SEND_FL
libMMSM/f_mmsm_yry.cpp	170	179	sqlstr = " update tmmsmgy06 t1 set  (DEV_CODE, PROC_NO,ST_NO,STATION_ID, START_TIME, END_TIME,PROD_DATE,PROD_SHIFT_NO,PROD_SHIFT_GROUP, DURATION_TIME,TC_SEND_FL
libMMSM/f_mmsm_yry.cpp	188	197	sqlstr = " update tmmsmgy06 t1 set  (DEV_CODE, PROC_NO,ST_NO,STATION_ID, START_TIME, END_TIME,PROD_DATE,PROD_SHIFT_NO,PROD_SHIFT_GROUP, DURATION_TIME,TC_SEND_FL
libMMSM/f_mmsm_yry.cpp	204	213	sqlstr = " update tmmsmgy06 t1 set  (DEV_CODE, PROC_NO,ST_NO,STATION_ID, START_TIME, END_TIME,PROD_DATE,PROD_SHIFT_NO,PROD_SHIFT_GROUP, DURATION_TIME,TC_SEND_FL
libMMSM/f_mmsm_yry.cpp	220	228	sqlstr = " update tmmsmgy06 t1 set  (DEV_CODE, PROC_NO,ST_NO,STATION_ID, START_TIME, END_TIME,PROD_DATE,PROD_SHIFT_NO,PROD_SHIFT_GROUP, DURATION_TIME,TC_SEND_FL
libMMSM/f_mmsm_yry.cpp	236	236	sqlstr = " insert into tmmsmgy06(REC_CREATOR, REC_CREATE_TIME, sm_plan_nol2, HEAT_NO, L2_PROC_NO, WEIGHT_PREMELT1, DEV_CODE, PROC_NO, ST_NO, STATION_ID, START_T
libMMSM/f_mmsm_yry.cpp	237	244	" select @rec_creator,@rec_create_time,t2.sm_plan_nol2, t2.HEAT_NO, t2.L2_PROC_NO, t2.WEIGHT_PREMELT1, t1.DEV_CODE, t1.PROC_NO, t1.ST_NO, t1.STATION_ID, t1.STAR
libMMSM/f_mmsm_yry.cpp	255	255	sqlstr = " insert into tmmsmgy06(REC_CREATOR, REC_CREATE_TIME, sm_plan_nol2, HEAT_NO, L2_PROC_NO, WEIGHT_PREMELT1, DEV_CODE, PROC_NO, ST_NO, STATION_ID, START_T
libMMSM/f_mmsm_yry.cpp	256	263	" select @rec_creator,@rec_create_time,t2.sm_plan_nol2, t2.HEAT_NO, t2.L2_PROC_NO, t2.WEIGHT_PREMELT1, t1.DEV_CODE, t1.PROC_NO, t1.ST_NO, t1.STATION_ID, t1.STAR
libMMSM/f_mmsm_yry.cpp	274	274	sqlstr = " insert into tmmsmgy06(REC_CREATOR, REC_CREATE_TIME, sm_plan_nol2, HEAT_NO, L2_PROC_NO, WEIGHT_PREMELT1, DEV_CODE, PROC_NO, ST_NO, STATION_ID, START_T
libMMSM/f_mmsm_yry.cpp	275	282	" select @rec_creator,@rec_create_time,t2.sm_plan_nol2, t2.HEAT_NO, t2.L2_PROC_NO, t2.WEIGHT_PREMELT1, t1.DEV_CODE, t1.PROC_NO, t1.ST_NO, t1.STATION_ID, t1.STAR
libMMSM/f_mmsm_yry.cpp	293	293	sqlstr = " insert into tmmsmgy06(REC_CREATOR, REC_CREATE_TIME, sm_plan_nol2, HEAT_NO, L2_PROC_NO, WEIGHT_PREMELT1, DEV_CODE, PROC_NO, ST_NO, STATION_ID, START_T
libMMSM/f_mmsm_yry.cpp	294	301	" select @rec_creator,@rec_create_time,t2.sm_plan_nol2, t2.HEAT_NO, t2.L2_PROC_NO, t2.WEIGHT_PREMELT1, t1.DEV_CODE, t1.PROC_NO, t1.ST_NO, t1.STATION_ID, t1.STAR
libMMSM/f_mmsm_yry.cpp	312	317	sqlstr = " update tmmsmgy06 t1 set DURATION_TIME = (select STD_TIME from tmmsmw2 t3 where 1=1 and t3.DEV_CODE = t1.dev_code)"
libMMSM/f_mmsm_yry.cpp	324	329	sqlstr = " update tmmsmgy06 t1 set DURATION_TIME = round(DURATION_TIME/ HEAT_COUNT ,0)"
libMMSM/f_mmsm_yry.cpp	336	342	sqlstr = " delete from DA_HEAT_RELATION t"
libMMSM/f_mmsm_yry.cpp	350	351	sqlstr = " select max(ID) from DA_HEAT_RELATION";
libMMSM/f_mmsm_yry.cpp	359	359	sqlstr = " insert into DA_HEAT_RELATION(ID,AGGREGATE_NAME,HEAT_NUMBER,PROC_NUMBER,TIME_STAMP,CONFIRM_READ,COMFIRM_TIME,GRADEACT,HMWEIGHT,WEIGHT_PREMELT)"
libMMSM/f_mmsm_yry.cpp	360	367	" select rownum+@seq_no,dev_code,heat_no,l2_proc_no,to_date(@dateNow,'yyyy-mm-dd hh24-mi-ss'),'N','',st_no,moltiron_wt,weight_premelt1"
libMMSM/f_mmsm_zxh01.cpp	73	76	sqlstr = " delete from TQMTSCB02_MX t1"
libMMSM/f_mmsm_zxh01.cpp	84	84	sqlstr = " insert into tqmtscb02_mx(REC_CREATOR,REC_CREATE_TIME,DATE_C,AOD_BOF_E_DTIME,CAST_SEQ,TD_NO_1,CAST_DIV_NO_1,CC_NO,HEATNR,TS_SHIFTNO,F_ROUTE1,GRADE_ID,
libMMSM/f_mmsm_zxh01.cpp	85	106	" select @rec_creator, @rec_create_time,stat_date"
libMMSM/f_mmsm_zxh01.cpp	117	121	sqlstr = " update tqmtscb02_mx t1 set GRADE_ID = (select st_no from (select st_no,sum(mat_act_wt) mat_act_wt from  VMMSMCPCL_BB1 t2 where t1.HEATNR=t2.heat_no  
libMMSM/f_mmsm_zxh01.cpp	129	133	sqlstr = " update tqmtscb02_mx t1 set GRADE_TYPE1 = (select  nvl(CODE_DESC_1_CONTENT,' ') from TQMTS0X t2  left join TEP0002 t3 on  t2.LABEL9 = t3.code  and COD
libMMSM/f_mmsm_zxh01.cpp	141	145	sqlstr = " update tqmtscb02_mx t1 set GRADE_TYPE1 = (select GRADE_TYPE3 from tqmtscb09_dr t2 where t1.GRADE_ID=t2.STEEL_GRADE )"
libMMSM/f_mmsm_zxh01.cpp	154	158	sqlstr = " update tqmtscb02_mx t1 set steel_wt = (select STEEL_NET_WEIGHT from VW_CCM_STEEL_WT t2 where t1.HEATNR=t2.HEAT_NAME and rownum=1) ,ORIGIN_SYS_CODE='L
libMMSM/f_mmsm_zxh01.cpp	165	171	sqlstr = " update tqmtscb02_mx t1 set steel_wt = (select ACTRESULT from tmmsm27 t2 where t1.HEATNR=t2.l2_proc_no) ,ORIGIN_SYS_CODE='AOD'"
libMMSM/f_mmsm_zxh01.cpp	178	182	sqlstr = " update tqmtscb02_mx t1 set lts_steel_wt = (SELECT STEEL_WT FROM TMMSM26 t2 where t1.HEATNR=t2.l2_proc_no  and rownum=1) "
libMMSM/f_mmsm_zxh01.cpp	190	195	sqlstr = " select distinct HEATNR"
libMMSM/f_mmsm_zxh01.cpp	205	211	sqlstr = "select dev_code,l2_proc_no"
libMMSM/f_mmsm_zxh01.cpp	220	221	sqlstr = " SELECT MOLTIRON_WT FROM TMMSM24 WHERE l2_proc_no = @heat_no";
libMMSM/f_mmsm_zxh01.cpp	233	234	sqlstr = " SELECT STEEL_WT FROM TMMSM26 WHERE l2_proc_no = @heat_no";
libMMSM/f_mmsm_zxh01.cpp	247	248	sqlstr = " SELECT ACTRESULT FROM TMMSM25 WHERE l2_proc_no = @heat_no";
libMMSM/f_mmsm_zxh01.cpp	261	262	sqlstr = " SELECT ACTRESULT FROM TMMSM23 WHERE l2_proc_no = @heat_no";
libMMSM/f_mmsm_zxh01.cpp	274	275	sqlstr = " SELECT ACTRESULT FROM TMMSM21 WHERE l2_proc_no = @heat_no";
libMMSM/f_mmsm_zxh01.cpp	296	300	sqlstr = " update tqmtscb02_mx t1 set steel_wt =@prod_out_wt ,ORIGIN_SYS_CODE=@origin_sys_code"
libMMSM/f_mmsm_zxh01.cpp	314	317	sqlstr = " update tqmtscb02_mx t1 set ACTRESULT = (select EAF_WEIGHT/1000 from tmmsm27 t2 where t1.HEATNR=t2.heat_no)"
libMMSM/f_mmsm_zxh01.cpp	325	328	sqlstr = " update tqmtscb02_mx t1 set ACTRESULT = (select ACTRESULT from tmmsm21 t2 where t1.HEATNR=t2.l2_proc_no)"
libMMSM/f_mmsm_zxh01.cpp	336	341	sqlstr = " select CAST_SEQ,TD_NO_1,CAST_DIV_NO_1,sum(steel_wt),sum(mat_act_wt),sum(xf_wt+CUT_SCRAP_WT)"
libMMSM/f_mmsm_zxh01.cpp	349	355	sqlstr = " update tqmtscb02_mx set CONVERSION_OK_WT =round(steel_wt*@mat_wt/@steel_wt,3) ,CONVERSION_ALLOY_WT = round(steel_wt*@cut_scrap_wt/@steel_wt,3)"
libMMSM/f_mmsm_zxh01.cpp	372	373	sqlstr = " delete from  tmmsmzxh01 where  stat_date = @stat_date ";
libMMSM/f_mmsm_zxh01.cpp	379	379	sqlstr = " insert into tmmsmzxh01 (REC_CREATOR,REC_CREATE_TIME,STAT_DATE,HEAT_NO,L2_PROC_NO,DEV_CODE,MAT_CODE,MAT_NAME,LOT_NO,WEIGH_NO,QUALITY_BATCH_NO,ST_NO,DE
libMMSM/f_mmsm_zxh01.cpp	380	390	" select @rec_creator,@rec_create_time,STAT_DATE,HEAT_NO,L2_PROC_NO,DEV_CODE,MAT_CODE,MAT_NAME,LOT_NO,WEIGH_NO,QUALITY_BATCH_NO,ST_NO,sum(OUT_STOCK_WT/1000),'计量
libMMSM/f_mmsm_zxh01.cpp	400	400	sqlstr = " insert into tmmsmzxh01 (REC_CREATOR,REC_CREATE_TIME,STAT_DATE,HEAT_NO,L2_PROC_NO,DEV_CODE,MAT_CODE,MAT_NAME,LOT_NO,WEIGH_NO,QUALITY_BATCH_NO,ST_NO,DE
libMMSM/f_mmsm_zxh01.cpp	401	415	" select @rec_creator,@rec_create_time,STAT_DATE,HEAT_NO,L2_PROC_NO,DEV_CODE,MAT_CODE,MAT_NAME,LOT_NO,WEIGH_NO,QUALITY_BATCH_NO,ST_NO,sum(DEVO_WT/1000),'计量单成分'"
libMMSM/f_mmsm_zxh01.cpp	425	429	sqlstr = " update tmmsmzxh01 t1 set (mat_act_wt,st_no_plan,PROD_OUT_WT,ORIGIN_SYS_CODE) = (select max(mat_act_wt),max(GRADE_ID),max(steel_wt),max(ORIGIN_SYS_COD
libMMSM/f_mmsm_zxh01.cpp	438	442	sqlstr = " update tmmsmzxh01 t1 set (TAP_END_TIME,SHIFT_GROUP,SHIFT_NO) = (select LADLE_ARRIVE_TIME,PROD_SHIFT_GROUP,PROD_SHIFT_NO from tmmsm31 t2 where t1.heat
libMMSM/f_mmsm_zxh01.cpp	450	454	sqlstr = " update tmmsmzxh01 t1 set PROCESS_ROUTE = (SELECT  LISTAGG(DISTINCT DEV_CODE,'/') WITHIN GROUP (ORDER BY START_TIME) FROM TMMSMGY06  t2 where t2.HANDL
libMMSM/f_mmsm_zxh01.cpp	462	467	sqlstr = " update tmmsmzxh01 t1 set TYPE_CODE1 = "
libMMSM/f_mmsm_zxh01.cpp	476	480	sqlstr = " update tmmsmzxh01 t1 set  (ST_NO_DESC,ST_NO_BIG_CLASS) = (select SG_GRADE_1,ST_NO_BIG_CLASS from TQMTS0X t2 where t1.ST_NO=t2.ST_NO)"
libMMSM/f_mmsm_zxh01.cpp	504	509	sqlstr = " update tmmsmzxh01 t1 set  (QUALITY_BATCH_NO,CR_VALUE,NI_VALUE,MO_VALUE,C_VALUE,SI_VALUE,S_VALUE,MN_VALUE) =(select LOT_NO,round(nvl(CR_VALUE,0)*nvl((
libMMSM/f_mmsm_zxh01.cpp	516	521	sqlstr = " update tmmsmzxh01 t1 set (QUALITY_BATCH_NO,CR_VALUE,NI_VALUE,MO_VALUE) = (select 'ZJ_MAT_ELEMENT',CR,NI,MO from ZJ_MAT_ELEMENT t2 where t1.MAT_CODE=t
libMMSM/f_mmsm_zxh01.cpp	530	536	sqlstr = " update tmmsmzxh01 t1 set QUALITY_BATCH_NO= (SELECT  max(QUALITY_BATCH_NO) FROM TMMSM81AH t2 WHERE t1.MAT_CODE=t2.MAT_CODE and  t1.LOT_NO=t2.LOT_NO AN
libMMSM/f_mmsm_zxh01.cpp	543	549	sqlstr = " update tmmsmzxh01 t1 set QUALITY_BATCH_NO = (SELECT MAX(QUALITY_BATCH_NO) FROM tmmsm81ah"
libMMSM/f_mmsm_zxh01.cpp	558	558	sqlstr = " update tmmsmzxh01 t1 set (QUALITY_BATCH_NO,CR_VALUE,NI_VALUE,MO_VALUE,C_VALUE,SI_VALUE,S_VALUE,MN_VALUE)= (SELECT QUALITY_BATCH_NO ,max(nvl(Cr,0)),ma
libMMSM/f_mmsm_zxh01.cpp	559	565	" SELECT  * FROM ( SELECT QUALITY_BATCH_NO ,ELM_VALUE,ELM_NAME FROM  TMMSM81AL )"
libMMSM/f_mmsm_zxh01.cpp	572	576	sqlstr = " update tmmsmzxh01 t1 set (CR_VALUE) = (select CR from ZJ_MAT_ELEMENT t2 where t1.MAT_CODE=t2.MAT_ID) ,TYPE_DESC='固定类型3'"
libMMSM/f_mmsm_zxh01.cpp	582	586	sqlstr = " update tmmsmzxh01 t1 set (NI_VALUE) = (select NI from ZJ_MAT_ELEMENT t2 where t1.MAT_CODE=t2.MAT_ID) ,TYPE_DESC='固定类型4'"
libMMSM/f_mmsm_zxh01.cpp	593	597	sqlstr = " update tmmsmzxh01 t1 set (MO_VALUE) = (select MO from ZJ_MAT_ELEMENT t2 where t1.MAT_CODE=t2.MAT_ID) ,TYPE_DESC='固定类型5'"
libMMSM/f_mmsm_zxh01.cpp	605	609	sqlstr = " update tmmsmzxh01 t1 set (CR_VALUE,NI_VALUE) = (select CR*t1.CR_VALUE,NI*t1.NI_VALUE from ZJ_MAT_ELEMENT t2 where t1.MAT_CODE=t2.MAT_ID) ,TYPE_DESC='
libMMSM/f_mmsm_zxh01.cpp	625	630	sqlstr = " select mat_code,CR_VALUE,NI_VALUE,MO_VALUE"
libMMSM/f_mmsm_zxh01.cpp	649	659	sqlstr = " update tmmsmzxh01 set  unit_price = @unit_price"
libMMSM/f_mmsm_zxh01.cpp	675	677	sqlstr = " delete from tqmtscb04_fx"
libMMSM/f_mmsm_zxh01.cpp	684	684	sqlstr = " insert into tqmtscb04_fx(REC_CREATOR,REC_CREATE_TIME,DATE_C,GRADE_TYPE1,PROCESS_ROUTE,ZB_DESC,WT_UNIT,SEQ_NO,INCLUDE_CR,INCLUDE_NI,INCLUDE_MO,MAT_COD
libMMSM/f_mmsm_zxh01.cpp	685	689	" select @rec_creator, @rec_create_time,@stat_date,t1.GRADE_TYPE1,t1.F_ROUTE1,t2.ZB_DESC,t2.WT_UNIT,t2.SEQ_NO,INCLUDE_CR,INCLUDE_NI,INCLUDE_MO,MAT_CODE_DR,MAT_N
libMMSM/f_mmsm_zxh01.cpp	699	705	sqlstr = " select MAT_CODE_DR,INCLUDE_CR,INCLUDE_NI,INCLUDE_MO"
libMMSM/f_mmsm_zxh01.cpp	723	731	sqlstr = " update tqmtscb04_fx set  UNIT_PRICE = @unit_price"
libMMSM/f_mmsm_zxh01.cpp	748	750	sqlstr = " delete from TQMTSCB01_MX t1"
libMMSM/f_mmsm_zxh01.cpp	756	756	sqlstr = " insert into tqmtscb01_mx(REC_CREATOR,REC_CREATE_TIME,AOD_BOF_E_DTIME,DATE_C,CAST_SEQ,HEATNR,AREA_CODE,STATION_NAME,TS_SHIFTNO,GRADE_ID,GRADE_TYPE1,F_
libMMSM/f_mmsm_zxh01.cpp	757	770	" select @rec_creator, @rec_create_time,t2.AOD_BOF_E_DTIME,t2.DATE_C,t2.CAST_SEQ,t2.HEATNR"
libMMSM/f_mmsm_zxh01.cpp	780	780	sqlstr = " insert into tqmtscb01_mx(REC_CREATOR,REC_CREATE_TIME,AOD_BOF_E_DTIME,DATE_C,CAST_SEQ,HEATNR,TS_SHIFTNO,GRADE_ID,GRADE_TYPE1,F_ROUTE1,CAST_DIV_NO_1,MA
libMMSM/f_mmsm_zxh01.cpp	781	795	" select @rec_creator, @rec_create_time,t2.AOD_BOF_E_DTIME,t2.DATE_C,t2.CAST_SEQ,t2.HEATNR"
libMMSM/f_mmsm_zxh01.cpp	805	805	sqlstr = " insert into tqmtscb01_mx(REC_CREATOR,REC_CREATE_TIME,AOD_BOF_E_DTIME,DATE_C,CAST_SEQ,HEATNR,TS_SHIFTNO,GRADE_ID,GRADE_TYPE1,F_ROUTE1,CAST_DIV_NO_1,MA
libMMSM/f_mmsm_zxh01.cpp	806	816	" select @rec_creator, @rec_create_time,t2.AOD_BOF_E_DTIME,t2.DATE_C,t2.CAST_SEQ,t1.heat_no"
libMMSM/f_mmsm_zxh01.cpp	830	835	" select t1.HEAT_NO, t1.L2_PROC_NO, t1.DEV_CODE, nvl(ACTRESULT, 0) ACTRESULT"
libMMSM/f_mmsm_zxh01.cpp	836	841	" select t1.HEAT_NO, t1.L2_PROC_NO, t1.DEV_CODE, nvl(ACTRESULT, 0) ACTRESULT"
libMMSM/f_mmsm_zxh01.cpp	842	848	" select t1.HEAT_NO, t1.L2_PROC_NO, t1.DEV_CODE, nvl(ACTRESULT, 0) ACTRESULT"
libMMSM/f_mmsm_zxh01.cpp	849	849	sqlstr = " insert into tqmtscb01_mx(REC_CREATOR,REC_CREATE_TIME,AOD_BOF_E_DTIME,DATE_C,CAST_SEQ,HEATNR,TS_SHIFTNO,GRADE_ID,GRADE_TYPE1,F_ROUTE1,CAST_DIV_NO_1,MA
libMMSM/f_mmsm_zxh01.cpp	850	863	" select @rec_creator, @rec_create_time,t2.AOD_BOF_E_DTIME,t2.DATE_C,t2.CAST_SEQ,t1.heat_no"
libMMSM/f_mmsm_zxh01.cpp	873	875	sqlstr = " delete from TQMTSCB03_MX t1"
libMMSM/f_mmsm_zxh01.cpp	881	881	sqlstr = " insert into tqmtscb03_mx(REC_CREATOR,REC_CREATE_TIME,AOD_BOF_E_DTIME,DATE_C,CAST_SEQ,HEATNR,AREA_CODE,STATION_NAME,TS_SHIFTNO,GRADE_ID,GRADE_TYPE1,F_
libMMSM/f_mmsm_zxh01.cpp	882	895	" select @rec_creator, @rec_create_time,t2.AOD_BOF_E_DTIME,t2.DATE_C,t2.CAST_SEQ,t2.HEATNR"
libMMSM/f_mmsm_zxh01.cpp	905	905	sqlstr = " insert into tqmtscb03_mx(REC_CREATOR,REC_CREATE_TIME,AOD_BOF_E_DTIME,DATE_C,CAST_SEQ,HEATNR,TS_SHIFTNO,GRADE_ID,GRADE_TYPE1,F_ROUTE1,CAST_DIV_NO_1,MA
libMMSM/f_mmsm_zxh01.cpp	906	920	" select @rec_creator, @rec_create_time,t2.AOD_BOF_E_DTIME,t2.DATE_C,t2.CAST_SEQ,t2.HEATNR"
libMMSM/f_mmsm_zxh01.cpp	930	930	sqlstr = " insert into tqmtscb03_mx(REC_CREATOR,REC_CREATE_TIME,AOD_BOF_E_DTIME,DATE_C,CAST_SEQ,HEATNR,TS_SHIFTNO,GRADE_ID,GRADE_TYPE1,F_ROUTE1,CAST_DIV_NO_1,MA
libMMSM/f_mmsm_zxh01.cpp	931	941	" select @rec_creator, @rec_create_time,t2.AOD_BOF_E_DTIME,t2.DATE_C,t2.CAST_SEQ,t1.heat_no"
libMMSM/f_mmsm_zxh01.cpp	952	957	" select t1.HEAT_NO, t1.L2_PROC_NO, t1.DEV_CODE, nvl(ACTRESULT, 0) ACTRESULT"
libMMSM/f_mmsm_zxh01.cpp	958	963	" select t1.HEAT_NO, t1.L2_PROC_NO, t1.DEV_CODE, nvl(ACTRESULT, 0) ACTRESULT"
libMMSM/f_mmsm_zxh01.cpp	964	970	" select t1.HEAT_NO, t1.L2_PROC_NO, t1.DEV_CODE, nvl(ACTRESULT, 0) ACTRESULT"
libMMSM/f_mmsm_zxh01.cpp	971	971	sqlstr = " insert into tqmtscb03_mx(REC_CREATOR,REC_CREATE_TIME,AOD_BOF_E_DTIME,DATE_C,CAST_SEQ,HEATNR,TS_SHIFTNO,GRADE_ID,GRADE_TYPE1,F_ROUTE1,CAST_DIV_NO_1,MA
libMMSM/f_mmsm_zxh01.cpp	972	984	" select @rec_creator, @rec_create_time,t2.AOD_BOF_E_DTIME,t2.DATE_C,t2.CAST_SEQ,t1.heat_no"
libMMSM/f_mmsm_zxh01.cpp	994	1002	sqlstr = " update tqmtscb01_mx t1 set (INCLUDE_CR,INCLUDE_NI,INCLUDE_MO) = ( SELECT NVL(CASE WHEN ELM_006 = -1 THEN 0 ELSE ELM_006 END, 0) AT_CR "
libMMSM/f_mmsm_zxh01.cpp	1010	1018	sqlstr = " update tqmtscb03_mx t1 set (INCLUDE_CR,INCLUDE_NI,INCLUDE_MO) = ( SELECT NVL(CASE WHEN ELM_006 = -1 THEN 0 ELSE ELM_006 END, 0) AT_CR "
libMMSM/f_mmsm_zxh01.cpp	1027	1029	sqlstr = " delete from TQMTSCB05_MX t1"
libMMSM/f_mmsm_zxh01.cpp	1035	1035	sqlstr = " insert into tqmtscb05_mx(REC_CREATOR,REC_CREATE_TIME,AOD_BOF_E_DTIME,DATE_C,CAST_SEQ,HEATNR,AREA_CODE,STATION_NAME,TS_SHIFTNO,GRADE_ID,GRADE_TYPE1,F_
libMMSM/f_mmsm_zxh01.cpp	1036	1049	" select @rec_creator, @rec_create_time,t2.AOD_BOF_E_DTIME,t2.DATE_C,t2.CAST_SEQ,t2.HEATNR"
libMMSM/f_mmsm_zxh01.cpp	1059	1059	sqlstr = " insert into tqmtscb05_mx(REC_CREATOR,REC_CREATE_TIME,AOD_BOF_E_DTIME,DATE_C,CAST_SEQ,HEATNR,TS_SHIFTNO,GRADE_ID,GRADE_TYPE1,F_ROUTE1,CAST_DIV_NO_1,MA
libMMSM/f_mmsm_zxh01.cpp	1060	1074	" select @rec_creator, @rec_create_time,t2.AOD_BOF_E_DTIME,t2.DATE_C,t2.CAST_SEQ,t2.HEATNR"
libMMSM/f_mmsm_zxh01.cpp	1084	1084	sqlstr = " insert into tqmtscb05_mx(REC_CREATOR,REC_CREATE_TIME,AOD_BOF_E_DTIME,DATE_C,CAST_SEQ,HEATNR,TS_SHIFTNO,GRADE_ID,GRADE_TYPE1,F_ROUTE1,CAST_DIV_NO_1,MA
libMMSM/f_mmsm_zxh01.cpp	1085	1095	" select @rec_creator, @rec_create_time,t2.AOD_BOF_E_DTIME,t2.DATE_C,t2.CAST_SEQ,t1.heat_no"
libMMSM/f_mmsm_zxh01.cpp	1106	1111	" select t1.HEAT_NO, t1.L2_PROC_NO, t1.DEV_CODE, nvl(ACTRESULT, 0) ACTRESULT"
libMMSM/f_mmsm_zxh01.cpp	1112	1117	" select t1.HEAT_NO, t1.L2_PROC_NO, t1.DEV_CODE, nvl(ACTRESULT, 0) ACTRESULT"
libMMSM/f_mmsm_zxh01.cpp	1118	1124	" select t1.HEAT_NO, t1.L2_PROC_NO, t1.DEV_CODE, nvl(ACTRESULT, 0) ACTRESULT"
libMMSM/f_mmsm_zxh01.cpp	1125	1125	sqlstr = " insert into tqmtscb05_mx(REC_CREATOR,REC_CREATE_TIME,AOD_BOF_E_DTIME,DATE_C,CAST_SEQ,HEATNR,TS_SHIFTNO,GRADE_ID,GRADE_TYPE1,F_ROUTE1,CAST_DIV_NO_1,MA
libMMSM/f_mmsm_zxh01.cpp	1126	1138	" select @rec_creator, @rec_create_time,t2.AOD_BOF_E_DTIME,t2.DATE_C,t2.CAST_SEQ,t1.heat_no"
libMMSM/f_mmsm_zxh01.cpp	1147	1150	sqlstr = " DELETE FROM tqmtscb01a_mx"
libMMSM/f_mmsm_zxh01.cpp	1157	1160	sqlstr = " DELETE FROM tqmtscb03a_mx"
libMMSM/f_mmsm_zxh01.cpp	1167	1167	sqlstr = " insert into tqmtscb03a_mx(REC_CREATOR, REC_CREATE_TIME, AOD_BOF_E_DTIME, DATE_C, CAST_SEQ, HEATNR, AREA_CODE, STATION_NAME, TS_SHIFTNO, GRADE_ID, GRA
libMMSM/f_mmsm_zxh01.cpp	1168	1172	" select REC_CREATOR, REC_CREATE_TIME, AOD_BOF_E_DTIME, DATE_C, CAST_SEQ, HEATNR, AREA_CODE, STATION_NAME, TS_SHIFTNO, GRADE_ID, GRADE_TYPE1, F_ROUTE1, CAST_DIV
libMMSM/f_mmsm_zxh01.cpp	1179	1179	sqlstr = " insert into tqmtscb01a_mx(REC_CREATOR,REC_CREATE_TIME,AOD_BOF_E_DTIME,DATE_C,CAST_SEQ,HEATNR,AREA_CODE,STATION_NAME,TS_SHIFTNO,GRADE_ID,GRADE_TYPE1,F
libMMSM/f_mmsm_zxh01.cpp	1180	1184	" select REC_CREATOR,REC_CREATE_TIME,AOD_BOF_E_DTIME,DATE_C,CAST_SEQ,HEATNR,AREA_CODE,STATION_NAME,TS_SHIFTNO,GRADE_ID,GRADE_TYPE1,F_ROUTE1,CAST_DIV_NO_1,MAT_TY
libMMSM/f_mmsm_zxh01.cpp	1191	1191	sqlstr = " insert into tqmtscb01a_mx(REC_CREATOR,REC_CREATE_TIME,AOD_BOF_E_DTIME,DATE_C,CAST_SEQ,HEATNR,AREA_CODE,STATION_NAME,TS_SHIFTNO,GRADE_ID,GRADE_TYPE1,F
libMMSM/f_mmsm_zxh01.cpp	1192	1206	" select @rec_creator, @rec_create_time,t2.AOD_BOF_E_DTIME,t2.DATE_C,t2.CAST_SEQ,t2.HEATNR"
libMMSM/f_mmsm_zxh01.cpp	1216	1216	sqlstr = " insert into tqmtscb03a_mx(REC_CREATOR,REC_CREATE_TIME,AOD_BOF_E_DTIME,DATE_C,CAST_SEQ,HEATNR,AREA_CODE,STATION_NAME,TS_SHIFTNO,GRADE_ID,GRADE_TYPE1,F
libMMSM/f_mmsm_zxh01.cpp	1217	1231	" select @rec_creator, @rec_create_time,t2.AOD_BOF_E_DTIME,t2.DATE_C,t2.CAST_SEQ,t2.HEATNR"
libMMSM/f_mmsm_zxh01.cpp	1242	1245	sqlstr = " delete from tqmtscb04_mx"
libMMSM/f_mmsm_zxh01.cpp	1251	1251	sqlstr = "insert into tqmtscb04_mx (REC_CREATOR,REC_CREATE_TIME,DATE_C,HEAT_COUNT,RECEIVE_WEIGHT,MAT_ACT_WT,CR_IN,NI_IN,MO_IN,CR_OUT,NI_OUT,MO_OUT,CR_YEILD,NI_Y
libMMSM/f_mmsm_zxh01.cpp	1252	1257	" select @rec_creator, @rec_create_time,t1.aod_bof_e_dtime, heat_count, RECEIVE_WEIGHT, MAT_ACT_WT"
libMMSM/f_mmsm_zxh01.cpp	1258	1262	" select aod_bof_e_dtime, sum(heat_count) over(order by aod_bof_e_dtime) heat_count"
libMMSM/f_mmsm_zxh01.cpp	1263	1270	" select aod_bof_e_dtime, count(1) heat_count, sum(RECEIVE_WEIGHT) RECEIVE_WEIGHT, sum(MAT_ACT_WT) MAT_ACT_WT, sum(CUT_SCRAP_WT) CUT_SCRAP_WT"
libMMSM/f_mmsm_zxh01.cpp	1271	1275	" select aod_bof_e_dtime, sum(IN_CR) over(order by aod_bof_e_dtime) IN_CR"
libMMSM/f_mmsm_zxh01.cpp	1276	1287	" select aod_bof_e_dtime, sum(include_cr*WEIGHT) IN_CR"
libMMSM/f_mmsm_zxh01.cpp	1288	1291	" select aod_bof_e_dtime, sum(AT_CR) over(order by aod_bof_e_dtime) AT_CR"
libMMSM/f_mmsm_zxh01.cpp	1292	1301	" select t.aod_bof_e_dtime, sum((RECEIVE_WEIGHT + CUT_SCRAP_WT)*NVL(CASE WHEN ELM_006 = -1 THEN 0 ELSE ELM_006 END, 0)) AT_CR"
libMMSM/f_mmsm_zxh01.cpp	1310	1310	sqlstr = "insert into tqmtscb04_mx (REC_CREATOR,REC_CREATE_TIME,DATE_C,HEAT_COUNT,RECEIVE_WEIGHT,MAT_ACT_WT,CR_IN,NI_IN,MO_IN,CR_OUT,NI_OUT,MO_OUT,CR_YEILD,NI_Y
libMMSM/f_mmsm_zxh01.cpp	1311	1316	" select @rec_creator, @rec_create_time,t1.aod_bof_e_dtime, heat_count, RECEIVE_WEIGHT, MAT_ACT_WT"
libMMSM/f_mmsm_zxh01.cpp	1317	1323	" select aod_bof_e_dtime, count(1) heat_count, sum(RECEIVE_WEIGHT) RECEIVE_WEIGHT, sum(MAT_ACT_WT) MAT_ACT_WT, sum(CUT_SCRAP_WT) CUT_SCRAP_WT"
libMMSM/f_mmsm_zxh01.cpp	1324	1334	" select aod_bof_e_dtime, sum(include_cr*WEIGHT) IN_CR"
libMMSM/f_mmsm_zxh01.cpp	1335	1343	" select t.aod_bof_e_dtime, sum((RECEIVE_WEIGHT + CUT_SCRAP_WT)*NVL(CASE WHEN ELM_006 = -1 THEN 0 ELSE ELM_006 END, 0)) AT_CR"
libMMSM/f_mmsm_zxh02.cpp	83	90	sqlstr = " select MAT_CODE_DR,INCLUDE_CR,INCLUDE_NI,INCLUDE_MO"
libMMSM/f_mmsm_zxh02.cpp	110	126	sqlstr = " update tqmtscb01a_mx set  CONVERSION_PRICE = @unit_price"
libMMSM/f_mmsm_zxh02.cpp	144	160	sqlstr = " update tqmtscb03a_mx set  CONVERSION_PRICE = @unit_price"
libMMSM/f_mmsm_zxh03.cpp	43	45	sqlstr = " delete from tqmtscb11c"
libMMSM/f_mmsm_zxh03.cpp	51	51	sqlstr = " insert into tqmtscb11c(REC_CREATOR,REC_CREATE_TIME,DATE_C,ST_NO,CR_PDI,NI_PDI,MO_PDI,MAT_CODE,MAT_NAME,CR_VALUE,NI_VALUE,MO_VALUE,WT_UNIT,KM_CODE,KM_
libMMSM/f_mmsm_zxh03.cpp	52	55	" select @rec_creator,@rec_create_time,@stat_date,t.st_no,nvl(CR_PDI,0),nvl(NI_PDI,0),nvl(MO_PDI,0),MAT_CODE,MAT_NAME,CR_VALUE,NI_VALUE,MO_VALUE,WT_UNIT,KM_CODE
libMMSM/f_mmsm_zxh03.cpp	74	80	sqlstr = " select MAT_CODE,CR_VALUE,NI_VALUE,MO_VALUE"
libMMSM/f_mmsm_zxh03.cpp	99	109	sqlstr = " update TQMTSCB11C set  UNIT_PRICE = @unit_price"
libMMSM/f_mmsm_zxh03.cpp	129	139	sqlstr = " update TQMTSCB11C t set REC_REVISOR =@user_id"
libMMSM/f_mmsmacsh_snd.cpp	86	87	sqlstr = " select DISTINCT t.CAST_LOT_NO from TPSSM03 t WHERE 1 = 1 "
libMMSM/f_mmsmacsh_snd.cpp	167	169	sqlstr = " SELECT CODE_DESC_1_CONTENT FROM TWMSMZD02 T WHERE 1=1 AND T.CODE_CLASS='WM02' AND T.CODE = @v_guide_dest ";
libMMSM/f_mmsmggl_proc.cpp	83	84	sqlstr1 = "SELECT COUNT(1) FROM （SELECT *  FROM  TMMSM01 WHERE PONO = '" + v_old_pono + "' AND RCV_MAT_FLAG = 'S'  UNION ALL SELECT *  FROM HMMSM01 WHERE PONO =
libMMSM/f_mmsmggl_proc.cpp	93	94	sqlstr1 = "SELECT COUNT(1) FROM （SELECT *  FROM  TMMSM01 WHERE PONO = '" + v_pono + "' AND RCV_MAT_FLAG = 'S'  UNION ALL SELECT *  FROM HMMSM01 WHERE PONO = '" 
libMMSM/f_mmsmggl_proc.cpp	105	106	sqlstr = "SELECT * FROM TMMSM01 WHERE PONO = '" + v_old_pono + "'";
libMMSM/f_mmsmgglwt_proc.cpp	81	82	cmd_inqgylx01.SetCommandText(" select AFFIRM_FLAG,TC_SEND_FLAG,DURATION_TIME from TMMSMGY06 WHERE HEAT_NO='" + heat_no + "' ");
libMMSM/f_mmsmgglwt_proc.cpp	119	120	cmd_sql.SetCommandText(" SELECT ACTRESULT FROM " + table_name + "  where HEAT_NO='" + heat_no + "' ");
libMMSM/f_mmsmgglwt_proc.cpp	129	130	cmd_inq12.SetCommandText(" select DEV_CODE from TPSSM12 WHERE HEAT_NO='" + heat_no + "' ");
libMMSM/f_mmsmgglwt_proc.cpp	139	140	cmd_inq.SetCommandText(" SELECT * FROM TMMSM19  where HEAT_NO='" + heat_no + "' ");
libMMSM/f_mmsmgglwt_proc.cpp	174	175	cmd_inq.SetCommandText(" SELECT * FROM TMMSM27  where HEAT_NO='" + heat_no + "' ");
libMMSM/f_mmsmgglwt_proc.cpp	204	205	cmd_inq.SetCommandText(" SELECT * FROM TMMSM20  where HEAT_NO='" + heat_no + "' ");
libMMSM/f_mmsmgglwt_proc.cpp	234	235	cmd_inq.SetCommandText(" SELECT * FROM TMMSM21  where HEAT_NO='" + heat_no + "' ");
libMMSM/f_mmsmgglwt_proc.cpp	265	266	cmd_inq.SetCommandText(" SELECT * FROM TMMSM24  where HEAT_NO='" + heat_no + "' ");
libMMSM/f_mmsmgglwt_proc.cpp	296	297	cmd_inq.SetCommandText(" SELECT * FROM TMMSM23  where HEAT_NO='" + heat_no + "' ");
libMMSM/f_mmsmgglwt_proc.cpp	327	328	cmd_inq.SetCommandText(" SELECT * FROM TMMSM26  where HEAT_NO='" + heat_no + "' ");
libMMSM/f_mmsmgglwt_proc.cpp	359	360	cmd_inq.SetCommandText(" SELECT * FROM TMMSM25  where HEAT_NO='" + heat_no + "' ");
libMMSM/f_mmsmgglwt_proc.cpp	541	542	cmd_sql.SetCommandText(" SELECT ACTRESULT FROM " + table_name + "  where HEAT_NO='" + heat_no + "' ");
libMMSM/f_mmsmgglwt_proc.cpp	554	555	cmd_inq12.SetCommandText(" select DEV_CODE from TPSSM12 WHERE HEAT_NO='" + heat_no + "' ");
libMMSM/f_mmsmgglwt_proc.cpp	564	565	cmd_inq.SetCommandText(" SELECT * FROM TMMSM19  where HEAT_NO='" + heat_no + "' ");
libMMSM/f_mmsmgglwt_proc.cpp	592	593	cmd_inq.SetCommandText(" SELECT * FROM TMMSM27  where HEAT_NO='" + heat_no + "' ");
libMMSM/f_mmsmgglwt_proc.cpp	619	620	cmd_inq.SetCommandText(" SELECT * FROM TMMSM20  where HEAT_NO='" + heat_no + "' ");
libMMSM/f_mmsmgglwt_proc.cpp	647	648	cmd_inq.SetCommandText(" SELECT * FROM TMMSM21  where HEAT_NO='" + heat_no + "' ");
libMMSM/f_mmsmgglwt_proc.cpp	674	675	cmd_inq.SetCommandText(" SELECT * FROM TMMSM24  where HEAT_NO='" + heat_no + "' ");
libMMSM/f_mmsmgglwt_proc.cpp	701	702	cmd_inq.SetCommandText(" SELECT * FROM TMMSM23  where HEAT_NO='" + heat_no + "' ");
libMMSM/f_mmsmgglwt_proc.cpp	728	729	cmd_inq.SetCommandText(" SELECT * FROM TMMSM26  where HEAT_NO='" + heat_no + "' ");
libMMSM/f_mmsmgglwt_proc.cpp	756	757	cmd_inq.SetCommandText(" SELECT * FROM TMMSM25  where HEAT_NO='" + heat_no + "' ");
libMMSM/f_mmsmgglwt_proc.cpp	792	793	cmd_inqhl.SetCommandText(" select TOGETHER_TIME from TMMSMHL WHERE HEAT_NO='" + heat_no + "' and PROC_NO='" + proc_no + "' ");
libMMSM/f_mmsmgglwt_proc.cpp	799	800	cmd_inqgylx.SetCommandText(" select * from TMMSMGY06 WHERE HEAT_NO='" + heat_no + "' and PROC_NO='" + proc_no + "' ");
libMMSM/f_mmsmnb01_proc.cpp	67	68	sqlstr = "  SELECT NVL(max(SEQ_NO),0) FROM  TMMSMNB01     WHERE 1=1   AND MAT_CODE= @MAT_CODE  ";
libMMSM/f_mmsms1_proc.cpp	96	98	sqlstr = " SELECT REC_CREATE_TIME, REC_CREATOR  "
libMMSM/f_mmsmwt_proc.cpp	48	49	CDbCommand getSeq("SELECT MMSM_MATNO_SEQ.NEXTVAL  FROM DUAL", conn);
libMMSM/f_mmsmwt_proc.cpp	82	83	sqlstr = "SELECT DISTINCT MAT_NO,MAT_LEN MAT_ACT_LEN,MAT_TUBE,MAT_THEORY_WT,(SELECT SUM(MAT_THEORY_WT) FROM TYMSMV3 WHERE WT_ENTRUST = @tmmsmwt.WT_ENTRUST) TOTA
libMMSM/f_mmsmwt_proc.cpp	87	93	sqlstr = "SELECT DISTINCT MAT_NO,MAT_ACT_LEN,MAT_TUBE,MAT_THEORY_WT FROM "
libMMSM/f_mmsmwt_proc.cpp	104	109	CDbCommand updTmmsm33("UPDATE TMMSM33 SET MEASURE_WT_FLAG = @wtOrder,SLAB_WT = ROUND(@tmmsmwt.WT_PER_METER * (SLAB_LEN / 1000) * MAT_TUBE,3) WHERE MAT_NO = @tmm
libMMSM/f_mmsmwt_proc_ins.cpp	53	54	CDbCommand getSeq("SELECT MMSM_MATNO_SEQ.NEXTVAL  FROM DUAL", conn);
libMMSM/f_mmsmwt_proc_ins.cpp	64	65	CDbCommand getSeq1("SELECT max(seq_id)+1  FROM tmmsmwt", conn);
libMMSM/f_mmsmwt_proc_ins.cpp	93	94	sqlstr = "SELECT PARA_NAME,PARA  FROM TMMSMPARA PROGRAM_NAME  = @s_formname and PARA_NAME = 'primary_key' ";
libMMSM/f_mmsmwt_proc_ins.cpp	112	113	sqlstr = "SELECT ITEM_ENAME FROM TED54 WHERE FUNC_ID = @i_func_id and item_key_flag = '1' ";
libMMSM/f_mmsmwt_proc_ins.cpp	137	138	sqlstr = "INSERT INTO TMMSMWTB WHERE OPER_FLAG = 'D' ";
libMMSM/f_mmsmzdsh_proc.cpp	107	108	sqlstr = "SELECT STRAND_NO,SH_SWITCH,PROC_TIME FROM TMMSM33ZDSH";
libMMSM/f_mmsmzdsh_proc.cpp	190	193	sqlstr = "select   CASE WHEN (SELECT PONO FROM TPSSM11 S WHERE S.PONO = T.PONO )  IS NULL THEN "
libMMSM/f_mmsmzdsh_proc.cpp	335	337	sqlstr = "select ELM_ACT FROM TQMTS29 WHERE HEAT_NO = '" + tmmsm01["HEAT_NO"].ToString().Trim() + "' AND ELM_NAME = 'C'";
libMMSM/f_t82304_snd.cpp	42	47	sqlstr = " select dev_code from tmmsmgy06"
libMMSM/f_t823_snd.cpp	69	74	" select a.SM_PLAN_NOL2,A.L2_PROC_NO, A.HEAT_NO, a.LADLE_ARRIVE_TIME "
libMMSM/f_t823_snd.cpp	81	82	" select *  from TMMSM2A WHERE SM_PLAN_NOL2='"+sm_plan_nol2+"' ");
libMMSM/f_t8f003_snd.cpp	36	37	sqlstr = " select * from tmmsm56 where  heat_no=@heat_no";
p_mmsm_17510/mmsm11_cfbf.cpp	54	55	sqlstr = " 					 SELECT TICODE, REMARK from TMMSM11_COPY_BF WHERE REMARK<>' '  ";
p_mmsm_17510/mmsm11_cfbf.cpp	65	113	sqlstr = "SELECT 'I' DEAL_FLAG,"
p_mmsm_17510/mmsmform_inq.cpp	88	93	sqlstr = " SELECT A.NAME FORM_ENAME, A.DESCRIPTION FORM_CNAME, A.ABBREV ABBREV, B.* FROM (SELECT NAME NAME, MAX(DESCRIPTION) DESCRIPTION, ABBREV FROM TESFORMRES
p_mmsm_17510/mmsmpara_ed54.cpp	143	147	c_sql_condition = "select  t.class_code,t.seq_no  "
p_mmsm_17510/mmsmpara_ed54.cpp	174	178	c_sql_condition = " SELECT T.DEV_CODE,T.STATION_NAME "
p_mmsm_17510/mmsmpara_ed54.cpp	223	226	c_sql_condition2 = " select count(1) from ted54 t "
p_mmsm_17510/mmsmpara_ed54.cpp	263	272	c_sql_condition2 = "insert into ted54 "
p_mmsm_17510/mmsmpara_ed54.cpp	295	302	c_sql_condition2 = "insert into ted54_res "
p_mmsm_17510/mmsmpara_ed54.cpp	325	329	c_sql_condition = CString("SELECT CODE,CODE_DESC_1_CONTENT "
p_mmsm_17510/mmsmpara_ed54.cpp	372	375	c_sql_condition2 = " select count(1) from ted54 t "
p_mmsm_17510/mmsmpara_ed54.cpp	412	421	c_sql_condition2 = "insert into ted54 "
p_mmsm_17510/mmsmpara_ed54.cpp	444	451	c_sql_condition2 = "insert into ted54_res "
p_mmsm_17510/mmsmpara_inq.cpp	69	69	sqlstr_count = " SELECT COUNT(1)  FROM TMMSMPARA WHERE 1=1 ";
p_mmsm_17510/mmsmpara_inq.cpp	70	76	sqlstr = " SELECT *  FROM TMMSMPARA WHERE 1=1 ";
p_mmsm_17510/mmsmpara_pro.cpp	72	73	sqlstr = " SELECT * FROM TMMSMPARA "
p_mmsm_17510/mmsmpara_pro.cpp	107	109	sqlstr = " SELECT REC_CREATE_TIME, REC_CREATOR  "
p_mmsm_17510/mmsmqc_ins_b.cpp	105	108	" SELECT * "
p_mmsm_17510/mmsmqc_ins_b.cpp	276	277	sqlstr = " select CODE_DESC_1_CONTENT from tep0002 where code_class = 'MHCC' and CODE_DESC_2_CONTENT = @tmmsmqc_bp_rec.OLD_ST_NO ";
p_mmsm_17510/mmsmqc_ins_b.cpp	384	389	sqlstr = " SELECT COUNT(1) "
p_mmsm_17510/mmsmqc_ins_b.cpp	486	491	sqlstr = " SELECT ST_NO "
p_mmsm_17510/mmsmqc_ins_b.cpp	716	718	sqlstr = "		 SELECT  COUNT(1)   "
p_mmsm_17510/mmsmqc_ins_b.cpp	785	788	sqlstr = "SELECT RPAD(SUBSTR(MAT_NO,1,6),8,'0')||SUBSTR(MAT_NO,8,1)|| "
p_mmsm_17510/mmsmqc_ins_b2.cpp	116	119	" SELECT * "
p_mmsm_17510/mmsmqc_ins_b2.cpp	148	151	" SELECT * "
p_mmsm_17510/mmsmqc_ins_b2.cpp	179	182	" SELECT * "
p_mmsm_17510/mmsmqc_ins_f.cpp	120	123	" SELECT * "
p_mmsm_17510/mmsmqc_ins_f.cpp	381	383	sqlstr = "		 SELECT  COUNT(1)   "
p_mmsm_17510/mmsmqc_ins_f.cpp	451	453	sqlstr = "		 SELECT  COUNT(1)   "
p_mmsm_17510/mmsmqc_ins_f2.cpp	104	107	" SELECT * "
p_mmsm_17510/mmsmqcsma1_inq.cpp	74	76	sqlstr = "SELECT COUNT(*) "
p_mmsm_17510/mmsmqcsma1_inq.cpp	116	118	sqlstr = "SELECT * "
p_mmsm_17510/mmsmqcsma2_inq.cpp	76	78	sqlstr = "SELECT COUNT(*) "
p_mmsm_17510/mmsmqcsma2_inq.cpp	118	120	sqlstr = "SELECT * "
p_mmsm_17520/mmsm01g1_inq.cpp	146	148	sqlstr = " SELECT  DISTINCT  A.PONO, A.HEAT_NO, A.ORDER_NO, "
p_mmsm_17520/mmsm01g1_inq.cpp	164	165	sqlstr = " SELECT A.*, SUM(B.MAT_WT) AS NOM_WT_2, SUM(B.MAT_NUM) AS NOM_NUM_2 "
p_mmsm_17520/mmsm01g1_inq.cpp	166	167	" SELECT A.*,SUM(B.MAT_WT) AS NOM_WT_1, SUM(B.MAT_NUM) AS NOM_NUM_1 "
p_mmsm_17520/mmsm01g1_inq.cpp	168	169	" SELECT A.*,SUM(E.MAT_ACT_WT) as HC_WT, SUM(E.MAT_NUM) as HC_NUM "
p_mmsm_17520/mmsm01g1_inq.cpp	170	183	" SELECT A.*,SUM(E.MAT_ACT_WT) AS MAT_WT, SUM(E.MAT_NUM) AS MAT_NUM  FROM "
p_mmsm_17520/mmsm01g1_inq.cpp	188	191	t_sqlsr = " SELECT  DISTINCT  A.PONO, A.HEAT_NO, A.ORDER_NO, "
p_mmsm_17520/mmsm01g1_inq.cpp	209	212	h_sqlsr =" SELECT  DISTINCT  A.PONO, A.HEAT_NO, A.ORDER_NO, "
p_mmsm_17520/mmsm01g1_inq.cpp	229	230	sqlstr = " SELECT A.*,SUM(B.MAT_WT) AS NOM_WT_2, SUM(B.MAT_NUM) AS NOM_NUM_2 "
p_mmsm_17520/mmsm01g1_inq.cpp	231	232	" SELECT A.* ,SUM(B.MAT_WT) AS NOM_WT_1, SUM(B.MAT_NUM) AS NOM_NUM_1 "
p_mmsm_17520/mmsm01g1_inq.cpp	234	235	" SELECT A.*,SUM(E.MAT_ACT_WT) as HC_WT_2, SUM(E.MAT_NUM) as HC_NUM_2 "
p_mmsm_17520/mmsm01g1_inq.cpp	236	237	" SELECT A.*,SUM(E.MAT_ACT_WT) as HC_WT_1, SUM(E.MAT_NUM) as HC_NUM_1 "
p_mmsm_17520/mmsm01g1_inq.cpp	238	239	" SELECT A.*,SUM(E.MAT_ACT_WT)  AS MAT_WT_2, SUM(E.MAT_NUM) AS MAT_NUM_2 "
p_mmsm_17520/mmsm01g1_inq.cpp	240	268	" SELECT A.*,SUM(E.MAT_ACT_WT)  AS MAT_WT_1, SUM(E.MAT_NUM) AS MAT_NUM_1 "
p_mmsm_17520/mmsm01g1_inq.cpp	274	276	sqlstr_count = "SELECT COUNT(*) FROM ( " + sqlstr + " )";
p_mmsm_17520/mmsm01g1_inq1.cpp	136	147	c_sql_condition = " select t.item_ename from ted54 t where t.func_id = @func_id   AND item_ename<>'ORIGIN_MAT_NO' order by t.class_code,t.seq_no";
p_mmsm_17520/mmsm01g1_inq1.cpp	181	184	sqlstr = " SELECT " + v_item_group + " FROM " + v_table_type + " WHERE PONO = @pono " + " GROUP BY  " + v_item_group;
p_mmsm_17520/mmsm01g1_inq1.cpp	187	189	sqlstr_count = "SELECT COUNT(*) FROM ( " + sqlstr + " )";
p_mmsm_17520/mmsm01g1_inq1.cpp	205	205	sqlstr = " SELECT " + v_item_group + " FROM TMMSM01 WHERE PONO = @pono " + " GROUP BY  " + v_item_group +
p_mmsm_17520/mmsm01g1_inq1.cpp	206	209	" UNION " + " SELECT " + v_item_group + " FROM HMMSM01 WHERE PONO = @pono " + " GROUP BY  " + v_item_group;
p_mmsm_17520/mmsm01g1_inq1.cpp	212	214	sqlstr_count = "SELECT COUNT(*) FROM ( " + sqlstr + " )";
p_mmsm_17520/mmsm01g1_inq1.cpp	235	237	sqlstr = "SELECT sum(mat_num),sum(mat_act_wt) "
p_mmsm_17520/mmsm01g1_inq1.cpp	259	261	sqlstr = "SELECT sum(mat_num),sum(mat_act_wt) "
p_mmsm_17520/mmsm01g2_code.cpp	55	56	strSql = "SELECT WHOLE_BACKLOG_CODE,WHOLE_BACKLOG_NAME ,UNIT_CODE ,BACKLOG_POS ,"
p_mmsm_17520/mmsm01g2_code.cpp	72	73	strSql = "SELECT  DISTINCT WHOLE_BACKLOG_CODE AS 全程工序代码 FROM TMMSM01"
p_mmsm_17520/mmsm01g2_code.cpp	85	88	strSql = " SELECT DISTINCT CODE,CODE_DESC_1_CONTENT FROM TEP0002 WHERE CODE_CLASS = @code_class ORDER BY CODE asc";
p_mmsm_17520/mmsm01g2_inq.cpp	337	337	sqlcount = "SELECT COUNT(A.MAT_NO) FROM TMMSM01 A LEFT JOIN TOM01 B ON A.ORDER_NO=B.ORDER_NO WHERE 1=1 ";
p_mmsm_17520/mmsm01g2_inq.cpp	339	352	sql = " SELECT A.MAT_NO,A.ST_NO,A.MAT_ACT_THICK,A.MAT_ACT_WIDTH,A.MAT_ACT_LEN,A.MAT_ACT_WT,"
p_mmsm_17520/mmsm01g2_inq.cpp	355	355	sqlcount= "SELECT COUNT(A.MAT_NO) FROM HMMSM01 A LEFT JOIN TOM01 B ON A.ORDER_NO=B.ORDER_NO WHERE 1=1 ";
p_mmsm_17520/mmsm01g2_inq.cpp	357	363	sql=" SELECT A.MAT_NO,A.ST_NO,A.MAT_ACT_THICK,A.MAT_ACT_WIDTH,A.MAT_ACT_LEN,A.MAT_ACT_WT,"
p_mmsm_17520/mmsm01g41_inq.cpp	101	101	sqlcount = " SELECT COUNT(*) FROM TMMSM31 A WHERE 1=1 " + sql_where;
p_mmsm_17520/mmsm01g41_inq.cpp	103	105	sqlstr = " SELECT A.PONO,A.HEAT_NO,B.TAP_START_TIME,A.PREC_ST_NO,A.FIN_ST_NO,A.HEAT_CONFM_TIME, "
p_mmsm_17520/mmsm01g41_inq.cpp	106	108	" SELECT A.PONO,A.HEAT_NO,A.PREC_ST_NO,A.FIN_ST_NO,A.HEAT_CONFM_TIME, "
p_mmsm_17520/mmsm01g41_inq.cpp	109	115	" SELECT DISTINCT A.PONO,A.HEAT_NO,A.PREC_ST_NO,A.FIN_ST_NO,A.HEAT_CONFM_TIME, "
p_mmsm_17520/mmsm01g41_inq.cpp	116	122	" SELECT A.HEAT_NO,SUM(C.DEVO_WT) AS SCRAP_STEEL_WT "
p_mmsm_17520/mmsm01g41_inq.cpp	149	150	sqlstr = "SELECT CODE FROM TEP0002 WHERE CODE_CLASS LIKE 'M00F' "
p_mmsm_17520/mmsm01g41_inq.cpp	167	168	sqlstr = "SELECT COUNT(*),SUM(STEEL_WT) FROM TMMSM31 A "
p_mmsm_17520/mmsm01g41_inq.cpp	179	179	sqlstr = " SELECT  A.MOLTIRON_WT, B.MACH FROM( "
p_mmsm_17520/mmsm01g41_inq.cpp	180	180	" SELECT SUM(MOLTIRON_WT)AS MOLTIRON_WT    FROM TMMSM21 WHERE HEAT_NO IN( "
p_mmsm_17520/mmsm01g41_inq.cpp	181	184	" SELECT A.HEAT_NO FROM TMMSM31 A "
p_mmsm_17520/mmsm01g41_inq.cpp	185	187	" SELECT A.HEAT_NO FROM TMMSM31 A "
p_mmsm_17520/mmsm01g5_inq.cpp	79	86	sqlstr = " SELECT DISTINCT REC_CREATE_TIME AS PRO_DATE,IRON_LADLE_NO,"
p_mmsm_17520/mmsm01g5_inq.cpp	98	99	sql_count = "SELECT COUNT(*) FROM (" + sqlstr + ")";
p_mmsm_17520/mmsm01g6_inq.cpp	107	109	tempsql = " SELECT DISTINCT PONO, HEAT_NO, PREC_ST_NO, POUR_START_TIME, POUR_END_TIME, CAST_NO, CAST_DIV_NO, "
p_mmsm_17520/mmsm01g6_inq.cpp	113	114	sqlstr = "SELECT COUNT(*) FROM( "+tempsql + sql_where+")";
p_mmsm_17520/mmsm01g6_inq.cpp	128	129	sqlstr = " SELECT A.*, (CASE WHEN A.CAST_NO!='' THEN COUNT(B.CAST_NO) ELSE NULL END ) AS CAST_PONO_SUM "
p_mmsm_17520/mmsm01g6_inq.cpp	130	135	"   SELECT CAST_NO "
p_mmsm_17520/mmsm01g6_inq.cpp	175	176	sqlstr = "SELECT CODE FROM TEP0002 WHERE CODE_CLASS LIKE 'M00F' "
p_mmsm_17520/mmsm01g6_inq.cpp	188	190	sqlstr = " SELECT DEV_CODE FROM TPSSMD1 WHERE AREA_ID LIKE @v_area_id ";
p_mmsm_17520/mmsm01g6_inq.cpp	246	247	sqlstr = "SELECT COUNT(*),NVL(SUM(SLAB_WT),0) FROM TMMSM31 A WHERE STATION_ID||STATION_NO LIKE @v_dev_code"
p_mmsm_17520/mmsm01g6_inq.cpp	250	251	sqlstr = "SELECT COUNT(*)  FROM TMMSM31 A WHERE STATION_ID||STATION_NO LIKE @v_dev_code"
p_mmsm_17520/mmsm01g6_inq.cpp	295	295	sqlstr = "SELECT COUNT(*),NVL(SUM(SLAB_WT),0) FROM TMMSM31 A WHERE  FACTORY_DIV LIKE @v_factory  " + sql_castsum_where;
p_mmsm_17520/mmsm01g6_inq.cpp	298	300	sqlstr = "SELECT COUNT(*)  FROM TMMSM31 A WHERE  FACTORY_DIV LIKE @v_factory " + sql_castsum_where;
p_mmsm_17520/mmsm01g8_inq.cpp	57	72	" SELECT MAT_DESTION,"
p_mmsm_17520/mmsm01g8_inq.cpp	75	77	" SELECT COUNT(*) "
p_mmsm_17520/mmsm01ga_inq.cpp	131	132	sqlcount = " SELECT COUNT(1) "
p_mmsm_17520/mmsm01ga_inq.cpp	134	137	sql = " SELECT A.*   FROM TMMSM01 A ";
p_mmsm_17520/mmsm01ga_inq.cpp	139	140	sqlcount = " SELECT COUNT(1) "
p_mmsm_17520/mmsm01ga_inq.cpp	142	147	sql = " SELECT A.*   FROM HMMSM01 A ";
p_mmsm_17520/mmsm01ga_inq2.cpp	81	86	sqlstr = "SELECT * "
p_mmsm_17520/mmsm01ga_inq2.cpp	119	126	sqlstr = "SELECT ORDER_WT, "
p_mmsm_17520/mmsm01ga_inq2.cpp	153	154	sqlstr = " SELECT ITEM_ENAME FROM TED54  WHERE FUNC_ID = 'MMSM01A1_INQ_DETAIL' AND CLASS_CODE = 'MM05'";
p_mmsm_17520/mmsm01ga_inq2.cpp	175	178	sqlstr = "SELECT * "
p_mmsm_17520/mmsmis02_inq.cpp	116	117	v_col_name = "SELECT " +  v_col_name;
p_mmsm_17520/mmsmis02_inq.cpp	176	178	strSql2 = "SELECT COUNT(MAT_NO) FROM TMMSM01 where 1 = 1 ";
p_mmsm_17520/mmsmis02_inq.cpp	180	182	strSql2 = "SELECT COUNT(MAT_NO) FROM HMMSM01 where 1 = 1 ";
p_mmsm_17520/mmsmis02_inq.cpp	330	331	sqlstr_outTIME = "select timestampdiff(8,char(timestamp('"+v_in_stock_hot_time+"','yyyy-MM-DD hh:mm:ss') - timestamp('"+v_slab_cut_time+"','yyyy-MM-DD hh:mm:ss'
p_mmsm_17520/mmsmis02_inq.cpp	349	350	sqlstr_SIGN = "SELECT  SIGN_CODE_1,SIGN_CODE_2,SIGN_CODE_3  FROM  OMPO.TOM01 WHERE ORDER_NO  = @v_order_no";
p_mmsm_17520/mmsmis02_inq.cpp	370	371	sqlstr_SIGN = "SELECT  WIDTH_ROLL_TRIM  FROM  MMSM.TMMSMQB WHERE MAT_NO  = @v_mat_no_temp";
p_mmsm_17520/mmsmis02_inq.cpp	446	450	CDbCommand comm1("SELECT PONO,CC_NUM,CAST_LOT_NO,HEAT_NO,ST_NO,CC_NO,CAST_NO,CAST_DIV_NO,CAST_TIME_14,HOT_SEND_DIV,HOT_CHARGE_FLAG,ODD_DECIDE_RESULT,EVEN_DECIDE
p_mmsm_17520/mmsmis02_inq.cpp	485	486	strSql4 = "SELECT COUNT (PONO) FROM TMMSMIS1F WHERE CAST_NO = @cast_no ";
p_mmsm_17520/mmsmis02_inq.cpp	531	535	strSql1 = CString("SELECT SUM(MAT_ACT_WT),COUNT(MAT_NO) "
p_mmsm_17520/mmsmis02_inq.cpp	551	554	strSql1 = CString("SELECT SUM(MAT_ACT_WT),COUNT(MAT_NO) "
p_mmsm_17520/mmsmis02_inq.cpp	579	584	strSql1 = CString("SELECT SUM(MAT_ACT_WT),COUNT(MAT_NO) "
p_mmsm_17520/mmsmis02_inq.cpp	589	594	strSql1 = CString("SELECT SUM(MAT_ACT_WT),COUNT(MAT_NO) "
p_mmsm_17520/mmsmis02_inq.cpp	598	602	strSql1 = CString("SELECT SUM(a.MAT_ACT_WT)+SUM(b.MAT_ACT_WT),COUNT(a.MAT_NO)+COUNT(b.MAT_NO) "
p_mmsm_17520/mmsmis02_inq.cpp	625	629	strSql1 = CString(" SELECT PLAN_TAP_WT,(FLOWN_SLAB_NUM_1 + FLOWN_SLAB_NUM_2) "
p_mmsm_17520/mmsmis02_inq.cpp	634	638	strSql1 = CString("SELECT NOM_SLAB_WT,INGOT_UNIT_WT,MAT_NO,MODEL_CAST_DIV "
p_mmsm_17520/mmsmis02_inq_p.cpp	88	89	strSql1 = " SELECT PONO FROM TMMSMIS1F  "
p_mmsm_17520/mmsmis02_inq_p.cpp	111	112	strSql1 = " SELECT PONO FROM TMMSMIS1F  "
p_mmsm_17520/mmsmis02_inq_p.cpp	116	117	strSql1 = " SELECT PONO FROM TMMSMIS1F  "
p_mmsm_17520/mmsmis02_inq_p.cpp	121	122	strSql1 = " SELECT PONO FROM TMMSMIS1F  "
p_mmsm_17520/mmsmis02_inqa.cpp	172	172	strSql2t = "SELECT COUNT(MAT_NO) FROM TMMSM01 where 1 = 1 ";
p_mmsm_17520/mmsmis02_inqa.cpp	173	175	strSql2h = "SELECT COUNT(MAT_NO) FROM HMMSM01 where 1 = 1 ";
p_mmsm_17520/mmsmis02_inqa.cpp	190	190	strSql2t = "SELECT ' ' as flag,t.* FROM TMMSM01 t where 1 = 1 ";
p_mmsm_17520/mmsmis02_inqa.cpp	191	194	strSql2h = "SELECT '*' as flag,t.* FROM HMMSM01 t where 1 = 1 ";
p_mmsm_17520/mmsmis02_inqa.cpp	241	242	sqlstr_outTIME = "select timestampdiff(8,char(timestamp('"+v_in_stock_hot_time+"','yyyy-MM-DD hh:mm:ss') - timestamp('"+v_slab_cut_time+"','yyyy-MM-DD hh:mm:ss'
p_mmsm_17520/mmsmis02_inqa.cpp	260	261	sqlstr_SIGN = "SELECT  SIGN_CODE_1,SIGN_CODE_2,SIGN_CODE_3  FROM  OMPO.TOM01 WHERE ORDER_NO  = @v_order_no";
p_mmsm_17520/mmsmis02_inqa.cpp	339	342	sqlstr =  "SELECT PONO,CC_NUM,CAST_LOT_NO,HEAT_NO,ST_NO,CC_NO,CAST_NO,CAST_DIV_NO,CAST_TIME_14,HOT_SEND_DIV,HOT_CHARGE_FLAG,ODD_DECIDE_RESULT,EVEN_DECIDE_RESULT
p_mmsm_17520/mmsmis02_inqa.cpp	378	379	strSql4 = "SELECT COUNT (PONO) FROM TMMSMIS1F WHERE CAST_NO = @cast_no ";
p_mmsm_17520/mmsmis02_inqa.cpp	419	423	strSql1 = CString("SELECT SUM(MAT_ACT_WT),COUNT(MAT_NO) "
p_mmsm_17520/mmsmis02_inqa.cpp	436	440	strSql1 = CString("SELECT SUM(MAT_ACT_WT),COUNT(MAT_NO) "
p_mmsm_17520/mmsmis02_inqa.cpp	456	461	strSql1 = CString("SELECT SUM(MAT_ACT_WT),COUNT(MAT_NO) "
p_mmsm_17520/mmsmis02_inqa.cpp	476	481	strSql1 = CString("SELECT SUM(MAT_ACT_WT),COUNT(MAT_NO) "
p_mmsm_17520/mmsmis02_inqa.cpp	510	514	strSql1 = CString(" SELECT PLAN_TAP_WT,(FLOWN_SLAB_NUM_1 + FLOWN_SLAB_NUM_2) "
p_mmsm_17520/mmsmis02_inqa.cpp	519	523	strSql1 = CString("SELECT NOM_SLAB_WT,INGOT_UNIT_WT,MAT_NO,MODEL_CAST_DIV "
p_mmsm_17520/mmsmis02a1_code.cpp	71	72	strSql = "SELECT WHOLE_BACKLOG_CODE,WHOLE_BACKLOG_NAME ,UNIT_CODE ,BACKLOG_POS ,"
p_mmsm_17520/mmsmis02a1_code.cpp	83	84	strSql = "SELECT WHOLE_BACKLOG_CODE ,WHOLE_BACKLOG_NAME ,UNIT_CODE ,BACKLOG_POS ,"
p_mmsm_17520/mmsmis02a1_code.cpp	97	100	strSql = " SELECT DISTINCT CODE,CODE_DESC_1_CONTENT FROM TEP0002 WHERE CODE_CLASS = @code_class ORDER BY CODE asc";
p_mmsm_17520/mmsmis02a1_inq.cpp	581	583	strSql2 = "SELECT COUNT(a.MAT_NO) FROM TMMSM01 a left join OMPO.TOM01 b  on a.ORDER_NO = b.ORDER_NO where 1 = 1 ";
p_mmsm_17520/mmsmis02a1_inq.cpp	585	588	strSql2 = "SELECT COUNT(a.MAT_NO) FROM HMMSM01 a left join OMPO.TOM01 b  on a.ORDER_NO = b.ORDER_NO where 1 = 1 ";
p_mmsm_17520/mmsmis02a1_inq.cpp	746	750	strSql2 = "SELECT a.MAT_NO,a.ST_NO,a.MAT_ACT_THICK,a.MAT_ACT_WIDTH,a.MAT_ACT_LEN,a.MAT_ACT_WT,a.WHOLE_BACKLOG_CODE,a.MAT_GROUP,a.QUALITY_GRADE,a.HSF_END_TIME,a.
p_mmsm_17520/mmsmis02a1_inq.cpp	755	759	strSql2 = "SELECT a.MAT_NO,a.ST_NO,a.MAT_ACT_THICK,a.MAT_ACT_WIDTH,a.MAT_ACT_LEN,a.MAT_ACT_WT,a.WHOLE_BACKLOG_CODE,a.MAT_GROUP,a.QUALITY_GRADE,a.HSF_END_TIME,a.
p_mmsm_17520/mmsmis02a1_inq.cpp	951	952	sqlstrt1 = "SELECT CONFM_PRG_PLAN_DATE FROM PMOF.TPMOFA18 WHERE ORDER_NO = @v_order_no ORDER BY SERIAL_NO DESC FETCH FIRST 1 ROWS ONLY ";
p_mmsm_17520/mmsmis02a1_inq.cpp	974	975	sqlstr = "SELECT unit_code "
p_mmsm_17520/mmsmis02a1_inq.cpp	980	981	sqlstr = "SELECT unit_code "
p_mmsm_17520/mmsmis02a1_inq.cpp	1128	1129	sqlstr_COLDTIME="select timestampdiff(8,char(CURRENT_TIMESTAMP - timestamp('"+v_slab_cut_time+"','yyyy-MM-DD hh:mm:ss')))  from DUAL";
p_mmsm_17520/mmsmis02a1_inq.cpp	1150	1151	sqlstr_COLDTIME="select timestampdiff(8,char(timestamp('"+v_in_stock_hot_time+"','yyyy-MM-DD hh:mm:ss') - timestamp('"+v_slab_cut_time+"','yyyy-MM-DD hh:mm:ss')
p_mmsm_17520/mmsmis02a1_inq.cpp	1173	1174	sqlstr = "SELECT HOT_CHARGE_METHOD "
p_mmsm_17520/mmsmis02a1_inq.cpp	1266	1268	strSql1 = CString("SELECT SUM(a.MAT_ACT_WT),COUNT(a.MAT_NO) "
p_mmsm_17520/mmsmis02a1_inq.cpp	1416	1418	strSql1 = CString("SELECT SUM(a.MAT_ACT_WT),COUNT(a.MAT_NO) "
p_mmsm_17520/mmsmis02a1_inqa.cpp	520	520	strSql2t = "SELECT COUNT(a.MAT_NO) FROM TMMSM01 a left join OMPO.TOM01 b  on a.ORDER_NO = b.ORDER_NO where 1 = 1 ";
p_mmsm_17520/mmsmis02a1_inqa.cpp	521	523	strSql2h = "SELECT COUNT(a.MAT_NO) FROM HMMSM01 a left join OMPO.TOM00 b  on a.ORDER_NO = b.ORDER_NO where 1 = 1 ";
p_mmsm_17520/mmsmis02a1_inqa.cpp	704	708	strSql2t = "SELECT a.MAT_NO,a.ST_NO,a.MAT_ACT_THICK,a.MAT_ACT_WIDTH,a.MAT_ACT_LEN,a.MAT_ACT_WT,a.WHOLE_BACKLOG_CODE,a.MAT_GROUP,a.QUALITY_GRADE,a.HSF_END_TIME,a
p_mmsm_17520/mmsmis02a1_inqa.cpp	710	714	strSql2h = "SELECT a.MAT_NO,a.ST_NO,a.MAT_ACT_THICK,a.MAT_ACT_WIDTH,a.MAT_ACT_LEN,a.MAT_ACT_WT,a.WHOLE_BACKLOG_CODE,a.MAT_GROUP,a.QUALITY_GRADE,a.HSF_END_TIME,a
p_mmsm_17520/mmsmis02a1_inqa.cpp	878	879	sqlstrt1 = "SELECT CONFM_PRG_PLAN_DATE FROM PMOF.TPMOFA18 WHERE ORDER_NO = @v_order_no ORDER BY SERIAL_NO DESC FETCH FIRST 1 ROWS ONLY ";
p_mmsm_17520/mmsmis02a1_inqa.cpp	921	922	sqlstr = "SELECT unit_code "
p_mmsm_17520/mmsmis02a1_inqa.cpp	926	927	sqlstr = "SELECT unit_code "
p_mmsm_17520/mmsmis02a1_inqa.cpp	1072	1073	sqlstr_COLDTIME="select timestampdiff(8,char(CURRENT_TIMESTAMP - timestamp('"+v_slab_cut_time+"','yyyy-MM-DD hh:mm:ss')))  from DUAL";
p_mmsm_17520/mmsmis02a1_inqa.cpp	1094	1095	sqlstr_COLDTIME="select timestampdiff(8,char(timestamp('"+v_in_stock_hot_time+"','yyyy-MM-DD hh:mm:ss') - timestamp('"+v_slab_cut_time+"','yyyy-MM-DD hh:mm:ss')
p_mmsm_17520/mmsmis02a1_inqa.cpp	1117	1118	sqlstr = "SELECT HOT_CHARGE_METHOD "
p_mmsm_17520/mmsmis02a1_inqa.cpp	1210	1211	strSql1 = CString("SELECT SUM(a.MAT_ACT_WT),COUNT(a.MAT_NO) "
p_mmsm_17520/mmsmis02a1_inqa.cpp	1214	1215	strSql2 = CString("SELECT SUM(a.MAT_ACT_WT),COUNT(a.MAT_NO) "
p_mmsm_17520/mmsmisng_inq.cpp	67	70	CString  sqlstr = "select REC_CREATE_TIME AS PRO_DATE,IRON_LADLE_NO,CAST(IRON_WT*0.1 AS DECIMAL(10,2)) AS IRON_WT,CAST(MEASURE_EMPTY_WT*0.1 AS DECIMAL(6,2)) AS 
p_mmsm_17520/mmsmisng_inq.cpp	81	82	CString sql_count = "select count(*) from "+ v_mmsm_table_name +" ";
p_mmsm_17520/mmsmisng_inq.cpp	99	101	CString sqlstr1 = "select  REC_CREATE_TIME AS PRO_DATE,IRON_LADLE_NO,CAST(IRON_WT*0.1 AS DECIMAL(10,2)) AS IRON_WT,CAST(MEASURE_EMPTY_WT*0.1 AS DECIMAL(6,2)) AS
p_mmsm_17520/mmsmisng_inq.cpp	106	108	" select  REC_CREATE_TIME AS PRO_DATE,IRON_LADLE_NO,CAST(IRON_WT*0.1 AS DECIMAL(10,2)) AS IRON_WT,CAST(MEASURE_EMPTY_WT*0.1 AS DECIMAL(6,2)) AS MEASURE_EMPTY_WT
p_mmsm_17520/mmsmisng_inq.cpp	112	113	sqlstr = " SELECT * FROM ( "  ;
p_mmsm_17520/mmsmisng_inq.cpp	116	117	CString sql_count = "select count(*) from ( "+ sqlstr1 +" )";
p_mmsm_17530/mmsm112cf2_inq.cpp	72	75	sqlstr_count = " SELECT COUNT(1) "
p_mmsm_17530/mmsm112cf2_inq.cpp	76	79	sqlstr = " SELECT * "
p_mmsm_17530/mmsm112df2_inq.cpp	72	75	sqlstr_count = " SELECT COUNT(1) "
p_mmsm_17530/mmsm112df2_inq.cpp	76	79	sqlstr = " SELECT * "
p_mmsm_17530/mmsm11_save.cpp	56	57	sqlstr = "INSERT INTO " + table_name;
p_mmsm_17530/mmsm11q_inq.cpp	54	55	sqlstr = " SELECT *  FROM TMMSM11C WHERE ITEM_NAME IN('Ladle1Wgt','Ladle2Wgt','Hm1Wgt','Hm2Wgt')   "
p_mmsm_17530/mmsm12_save.cpp	55	56	sqlstr = "INSERT INTO " + table_name;
p_mmsm_17530/mmsm835d_inq029.cpp	84	88	" SELECT TO_CHAR("
p_mmsm_17530/mmsm835d_inq029.cpp	111	130	" SELECT EVENT_TIME,SERIAL_NUMBER,'6240'  FACTORY_CODE,'6241' DST_STOCK_CODE,'6062' SRC_STOCK_CODE,WEIGH_NO,"
p_mmsm_17530/mmsm835d_inq029.cpp	159	161	sqlstr_count = " SELECT COUNT(1) FROM (" + sqlstr + sqlstr_temp + ") WHERE 1=1 ";
p_mmsm_17530/mmsmmzsjf2_inq.cpp	115	119	sqlstr = "SELECT * FROM TMMSM01 WHERE 1=1 AND " + proc_flag + " = '1'";
p_mmsm_17530/mmsmmzsjf2_inq.cpp	144	149	sqlstr = " SELECT * FROM " + tableName + " WHERE 1=1 ";
p_mmsm_17530/mmsmmzsjf2_inq.cpp	216	217	sqlstr_count = " SELECT COUNT(1) FROM (" + sqlstr + ") WHERE 1=1 ";
p_mmsm_17540/mmsm01g3_inq.cpp	69	71	sqlstr = "select MAT_NO,SLAB_CUT_TIME,ST_NO,FIN_ST_NO,MAT_ACT_WT,JUDGE_TIME,STOCK_NO,DEST_FIN from TMMSM01 \
p_mmsm_17540/mmsm01g3_inq.cpp	73	75	sqlstr_count = "select COUNT(*) from TMMSM01 \
p_mmsm_17540/mmsm01g3_inq.cpp	106	110	CString sql_cc_1 = "SELECT sum(MAT_ACT_WT),count(*) from TMMSM01  \
p_mmsm_17540/mmsm01g3_inq.cpp	132	136	CString sql_cc_2 = "SELECT sum(MAT_ACT_WT),count(*) from TMMSM01  \
p_mmsm_17540/mmsm01g3_inq.cpp	156	159	CString sql_cc_3 = "SELECT sum(MAT_ACT_WT),count(*) from TMMSM01  \
p_mmsm_17540/mmsm01g4_inq.cpp	70	80	sqlstr = "select t1.pono,t1.steel_wt as ms_total,t1.FACTORY_DIV,t2.dest_fin,t2.slab_num,t3.ST_NO as prec_st_no,t3.FIN_ST_NO,t3.JUDGE_TIME  from tmmsm31 t1,( \
p_mmsm_17540/mmsm01g4_inq.cpp	82	92	sqlstr_count = "select count(*)  from tmmsm31 t1,( \
p_mmsm_17540/mmsm01g4_inq.cpp	125	136	CString sql_cc_1 = "select sum(t1.STEEL_WT),sum(t2.slab_num)  from tmmsm31 t1,( \
p_mmsm_17540/mmsm01g4_inq.cpp	158	168	CString sql_cc_2 = "select sum(t1.STEEL_WT),sum(t2.slab_num)  from tmmsm31 t1,( select t1.heat_no, min(t1.SLAB_PLAN_DEST)as dest_fin, count(*) as slab_num \
p_mmsm_17540/mmsm01g4_inq.cpp	188	199	CString sql_cc_3 = "select sum(t1.STEEL_WT),sum(t2.slab_num)  from tmmsm31 t1,( \
p_mmsm_17540/mmsm01g4_inq.cpp	221	231	CString sql_cc_4= "select sum(t1.STEEL_WT),sum(t2.slab_num)  from tmmsm31 t1,(select t1.heat_no, min(t1.SLAB_PLAN_DEST)as dest_fin, count(*) as slab_num \
p_mmsm_17540/mmsm01zlf_inq.cpp	74	74	CString    c_sql_condition  =  " SELECT  t.* FROM TMMSM01 t  " ;
p_mmsm_17540/mmsm01zlf_inq.cpp	75	76	CString    c_sql_count = " SELECT  count(*) FROM TMMSM01  ";
p_mmsm_17540/mmsmcs_sg_inq.cpp	57	58	CString    c_sql_condition  =  " SELECT  t.* FROM TMMSM01 t  " ;
p_mmsm_17540/mmsmcs_sg_inq.cpp	64	81	CString    c_sql_condition2 =  " SELECT  t.* FROM tpmof01 t  where t.order_no = @order_no" ;
p_mmsm_17550/mmsm10_inq.cpp	80	80	sqlstr_count = " SELECT COUNT(1)  FROM  TMMSM10 WHERE 1=1 ";
p_mmsm_17550/mmsm10_inq.cpp	82	86	sqlstr = " SELECT *  FROM TMMSM10 WHERE 1=1 ";
p_mmsm_17550/mmsm11_inq.cpp	50	50	sqlstr_count = " SELECT COUNT(1)  FROM  TMMSM11 WHERE 1=1 ";
p_mmsm_17550/mmsm11_inq.cpp	51	57	sqlstr = " SELECT *  FROM TMMSM11 WHERE 1=1 ";
p_mmsm_17550/mmsm11_tpd_wt_inq.cpp	75	75	sqlstr = " SELECT TPD_NO, IRON_LADLE_NO, MOLTIRON_WT FROM ("
p_mmsm_17550/mmsm11_tpd_wt_inq.cpp	76	80	" SELECT  TPD_NO, IRON_LADLE_NO, MOLTIRON_WT1 MOLTIRON_WT,END_TIME"
p_mmsm_17550/mmsm11_tpd_wt_inq.cpp	81	85	" SELECT  TPD_NO, IRON_LADLE_NO, MOLTIRON_WT2 MOLTIRON_WT,END_TIME"
p_mmsm_17550/mmsm11_tpd_wt_inq.cpp	86	90	" SELECT  TPD_NO, IRON_LADLE_NO, MOLTIRON_WT3 MOLTIRON_WT,END_TIME"
p_mmsm_17550/mmsm11_tpd_wt_inq.cpp	91	96	" SELECT  TPD_NO, IRON_LADLE_NO, MOLTIRON_WT4 MOLTIRON_WT,END_TIME"
p_mmsm_17550/mmsm11a_inq.cpp	38	38	sqlstr_count = " SELECT COUNT(1)  FROM  TMMSM11A WHERE 1=1 ";
p_mmsm_17550/mmsm11a_inq.cpp	39	43	sqlstr = " SELECT *  FROM TMMSM11A WHERE 1=1 ";
p_mmsm_17550/mmsm11b_inq.cpp	47	47	sqlstr_count = " SELECT COUNT(1)  FROM  TMMSM11B WHERE 1=1 ";
p_mmsm_17550/mmsm11b_inq.cpp	48	52	sqlstr = " SELECT *  FROM TMMSM11B WHERE 1=1 ";
p_mmsm_17550/mmsm11c_inq.cpp	45	45	sqlstr_count = " SELECT COUNT(1)  FROM  TMMSM11C T1, TMMSM11G T2 WHERE T1.ITEM_NAME = T2.ITEM_NAME ";
p_mmsm_17550/mmsm11c_inq.cpp	46	50	sqlstr = " SELECT T1.*,T2.ITEM_DES FROM TMMSM11C T1, TMMSM11G T2 WHERE T1.ITEM_NAME = T2.ITEM_NAME ";
p_mmsm_17550/mmsm11cv_inq.cpp	74	76	sqlstr = " SELECT a.*,elem_c + elem_si as C_SI "
p_mmsm_17550/mmsm11d_inq.cpp	47	47	sqlstr_count = " SELECT COUNT(1)  FROM  TMMSM11D WHERE 1=1 ";
p_mmsm_17550/mmsm11d_inq.cpp	48	52	sqlstr = " SELECT *  FROM TMMSM11D WHERE 1=1 ";
p_mmsm_17550/mmsm11dcs2nf2_inq.cpp	70	73	sqlstr_count = " SELECT COUNT(1) "
p_mmsm_17550/mmsm11dcs2nf2_inq.cpp	74	77	sqlstr = " SELECT * "
p_mmsm_17550/mmsm11e_inq.cpp	38	38	sqlstr_count = " SELECT COUNT(1)  FROM  TMMSM11E WHERE 1=1 ";
p_mmsm_17550/mmsm11e_inq.cpp	39	43	sqlstr = " SELECT *  FROM TMMSM11E WHERE 1=1 ";
p_mmsm_17550/mmsm11f_inq.cpp	38	38	sqlstr_count = " SELECT COUNT(1)  FROM  TMMSM11F WHERE 1=1 ";
p_mmsm_17550/mmsm11f_inq.cpp	39	43	sqlstr = " SELECT *  FROM TMMSM11F WHERE 1=1 ";
p_mmsm_17550/mmsm11g_inq.cpp	42	42	sqlstr_count = " SELECT COUNT(1)  FROM  TMMSM11G WHERE 1=1 ";
p_mmsm_17550/mmsm11g_inq.cpp	43	49	sqlstr = " SELECT *  FROM TMMSM11G WHERE 1=1 ";
p_mmsm_17550/mmsm11h2_inq.cpp	37	37	sqlstr_count = " SELECT COUNT(1)  FROM  TMMSM11H2 WHERE 1=1 ";
p_mmsm_17550/mmsm11h2_inq.cpp	38	40	sqlstr = " SELECT *  FROM TMMSM11H2 WHERE 1=1 ";
p_mmsm_17550/mmsm11h_inq.cpp	39	39	sqlstr_count = " SELECT COUNT(1)  FROM  TMMSM11H1 WHERE 1=1 ";
p_mmsm_17550/mmsm11h_inq.cpp	40	42	sqlstr = " SELECT *  FROM TMMSM11H1 WHERE 1=1 ";
p_mmsm_17550/mmsm11k_inq.cpp	49	50	sqlstr = "   SELECT(SELECT  ELM_VALUE  FROM  tmmsm81aL  WHERE   ELM_NAME = 'Si' AND  LOT_NO = B.TPC_ID ) AS  ELEM_SI,   "
p_mmsm_17550/mmsm11k_inq2.cpp	40	40	sqlstr = "  SELECT *  FROM (  "
p_mmsm_17550/mmsm11k_inq2.cpp	41	43	"  SELECT STOCK_WT STOCK_WT1, HEAT_WT_MAX HEAT_WT_MAX1, HEAT_WT_MIN HEAT_WT_MIN1, VALUE_SI VALUE_SI1,  "
p_mmsm_17550/mmsm11k_inq2.cpp	44	45	" SELECT STOCK_WT, HEAT_WT_MAX, HEAT_WT_MIN, VALUE_SI,  "
p_mmsm_17550/mmsm11k_pro.cpp	91	92	sqlstr = "SELECT STOCK_WT ,HEAT_WT_MAX ,HEAT_WT_MIN ,VALUE_SI ,  SAP_ERP_S1025_1_H, SAP_ERP_S1025_1_L,MODE_NO,AC_WT   FROM  TMMSM11J WHERE MODE_NO ='1'   ";
p_mmsm_17550/mmsm11k_pro.cpp	114	115	sqlstr = "SELECT STOCK_WT ,HEAT_WT_MAX ,HEAT_WT_MIN ,VALUE_SI , SAP_ERP_S1025_1_H, SAP_ERP_S1025_1_L, MODE_NO,AC_WT     FROM  TMMSM11J WHERE MODE_NO ='2'   ";
p_mmsm_17550/mmsm12_inq.cpp	64	64	sqlstr_count = "SELECT COUNT(1) FROM TMMSM12 WHERE 1=1 ";
p_mmsm_17550/mmsm12_inq.cpp	65	70	sqlstr	 = "SELECT * FROM TMMSM12 WHERE 1=1 ";
p_mmsm_17550/mmsm12a_inq.cpp	51	51	sqlstr_count = "SELECT COUNT(1) FROM TMMSM12A WHERE 1 = 1 ";
p_mmsm_17550/mmsm12a_inq.cpp	52	57	sqlstr = "SELECT * FROM TMMSM12A T WHERE 1 = 1 ";
p_mmsm_17550/mmsm12b_inq.cpp	98	103	sqlstr = " SELECT * FROM TMMSM12B t1 WHERE 1=1 ";
p_mmsm_17550/mmsm12b_inq.cpp	136	137	sqlstr_count = "SELECT COUNT(1) FROM (" + sqlstr + ") T ";
p_mmsm_17550/mmsm12c_inq.cpp	71	71	sqlstr_count = "SELECT COUNT(1) FROM TMMSM12C WHERE 1=1 ";
p_mmsm_17550/mmsm12c_inq.cpp	72	77	sqlstr = "SELECT * FROM TMMSM12C WHERE 1=1 ";
p_mmsm_17550/mmsm12d_inq.cpp	38	38	sqlstr_count = " SELECT COUNT(1)  FROM  TMMSM12D WHERE 1=1 ";
p_mmsm_17550/mmsm12d_inq.cpp	39	43	sqlstr = " SELECT *  FROM TMMSM12D WHERE 1=1 ";
p_mmsm_17550/mmsm12dcs2nf2_inq.cpp	78	81	sqlstr_count = " SELECT COUNT(1) "
p_mmsm_17550/mmsm12dcs2nf2_inq.cpp	82	85	sqlstr = " SELECT * "
p_mmsm_17550/mmsm12e_inq.cpp	38	38	sqlstr_count = " SELECT COUNT(1)  FROM  TMMSM12E WHERE 1=1 ";
p_mmsm_17550/mmsm12e_inq.cpp	39	43	sqlstr = " SELECT *  FROM TMMSM12E WHERE 1=1 ";
p_mmsm_17550/mmsm12qys2nf2_inq.cpp	86	89	sqlstr_count = " SELECT COUNT(1) "
p_mmsm_17550/mmsm12qys2nf2_inq.cpp	90	93	sqlstr = " SELECT * "
p_mmsm_17550/mmsm12qys2nf7_upd.cpp	71	74	sqlstr_count = " SELECT COUNT(1) "
p_mmsm_17550/mmsm12qys2nf7_upd.cpp	80	83	sqlstr = "UPDATE TMMSM12"
p_mmsm_17550/mmsm12qys2nf8_upd.cpp	87	90	sqlstr_count = " SELECT COUNT(1) "
p_mmsm_17550/mmsm12qys2nf8_upd.cpp	91	94	sqlstr = " SELECT * "
p_mmsm_17550/mmsm12qys2nf8_upd.cpp	96	99	sqlstr1 = "UPDATE TMMSM12"
p_mmsm_17550/mmsm12qys2nf8_upd.cpp	101	104	sqlstr2 = "UPDATE TMMSM12"
p_mmsm_17550/mmsm12qys2nf8_upd.cpp	105	108	sqlstr3 = "UPDATE TMMSM12"
p_mmsm_17550/mmsm12qys2nf8_upd.cpp	109	112	sqlstr4 = "UPDATE TMMSM12"
p_mmsm_17550/mmsm13_inq.cpp	78	81	sqlstr_count = " SELECT COUNT(1) "
p_mmsm_17550/mmsm13_inq.cpp	82	85	sqlstr	 = " SELECT * "
p_mmsm_17550/mmsm14_inq.cpp	78	81	sqlstr_count = " SELECT COUNT(1) "
p_mmsm_17550/mmsm14_inq.cpp	82	85	sqlstr	 = " SELECT * "
p_mmsm_17550/mmsm15a_inq.cpp	62	62	sqlstr_count = "SELECT COUNT(1) FROM TMMSM15 WHERE 1=1 ";
p_mmsm_17550/mmsm15a_inq.cpp	63	66	sqlstr = "SELECT T.*,T.YG_AMOUNT - T.YG_ACCOUT_WT L1T_CL,T.SOUTH_AMOUNT - T.SOUTH_ACCOUT_WT L2S_CL,T.NORTH_AMOUNT - T.NORTH_ACCOUT_WT L2N_CL FROM TMMSM15 T WHER
p_mmsm_17550/mmsm18_inq.cpp	78	81	sqlstr_count = " SELECT COUNT(1) "
p_mmsm_17550/mmsm18_inq.cpp	82	85	sqlstr	 = " SELECT * "
p_mmsm_17550/mmsm21a_inq.cpp	75	78	sqlstr_count = " SELECT COUNT(1) "
p_mmsm_17550/mmsm21a_inq.cpp	79	82	sqlstr	 = " SELECT * "
p_mmsm_17550/mmsm21a_phn.cpp	63	63	sqlstr = " SELECT * FROM("
p_mmsm_17550/mmsm21a_phn.cpp	64	72	" SELECT"
p_mmsm_17550/mmsm21b_inq.cpp	75	78	sqlstr_count = " SELECT COUNT(1) "
p_mmsm_17550/mmsm21b_inq.cpp	79	166	sqlstr	 = "SELECT "
p_mmsm_17550/mmsm21c_inq.cpp	75	78	sqlstr_count = " SELECT COUNT(1) "
p_mmsm_17550/mmsm21c_inq.cpp	79	82	sqlstr	 = " SELECT * "
p_mmsm_17550/mmsm21d_inq.cpp	75	78	sqlstr_count = " SELECT COUNT(1) "
p_mmsm_17550/mmsm21d_inq.cpp	79	82	sqlstr	 = " SELECT * "
p_mmsm_17550/mmsm27cf_pro.cpp	40	42	sqlstr = "UPDATE TMMSM27 SET REC_REVISE_TIME='" + tmmsm27["REC_REVISE_TIME"].ToString() + "',REC_REVISOR ='" + tmmsm27["REC_REVISOR"].ToString() + "',HEATNO_PRE
p_mmsm_17550/mmsm2a_del.cpp	42	45	sqlstr = " DELETE  "
p_mmsm_17550/mmsm2a_inq.cpp	60	64	sqlstr = "  select  * from"
p_mmsm_17550/mmsm2a_inq1.cpp	66	67	sqlstr = " select * from TMMSM2A where 1 = 1 "
p_mmsm_17550/mmsm2a_pro.cpp	118	120	Record old_mmsm2a = Db::QueryFirst("SELECT * FROM TMMSM2A WHERE PROC_NO = @PROC_NO AND  MAT_CODE=@MAT_CODE AND  PROC_COUNT=@PROC_COUNT", drSrc);
p_mmsm_17550/mmsm2e_inq.cpp	87	90	sqlstr = "SELECT DEV_CODE,PROD_SHIFT_GROUP,IS_PLAN,STOP_START_TIME,STOP_END_TIME,"
p_mmsm_17550/mmsm33batch_inq.cpp	146	146	sqlstr_count = " SELECT COUNT(1)  FROM " + v_table_type + " WHERE 1=1 ";
p_mmsm_17550/mmsm33batch_inq.cpp	147	151	sqlstr = " SELECT *  FROM " + v_table_type + " WHERE 1=1 ";
p_mmsm_17550/mmsm33bpgg_inq.cpp	70	73	sqlstr_count = " SELECT COUNT(1) "
p_mmsm_17550/mmsm33bpgg_inq.cpp	74	77	sqlstr = " SELECT * "
p_mmsm_17550/mmsm33czxs_inq.cpp	75	78	sqlstr_count = " SELECT COUNT(1) "
p_mmsm_17550/mmsm33czxs_inq.cpp	79	82	sqlstr = " SELECT * "
p_mmsm_17550/mmsm33tgjy_inq.cpp	76	79	sqlstr_count = " SELECT COUNT(1) "
p_mmsm_17550/mmsm33tgjy_inq.cpp	80	83	sqlstr = " SELECT * "
p_mmsm_17550/mmsm33xcjl_inq.cpp	54	58	sqlstr = " select  * from tmmsm33xcjl where 1 = 1 ";
p_mmsm_17550/mmsm33xcjl_pro.cpp	60	61	sqlstr = "SELECT CODE FROM TWMSMZD02 WHERE CODE_CLASS ='MMXCJLFM' AND CODE_DESC_1_CONTENT  = '" + bcls_rec->Tables[0].Rows[i]["C_DIV"].ToString().Trim() + "'";
p_mmsm_17550/mmsm33xcjl_pro.cpp	74	75	sqlstr = "UPDATE TWMSMZD02 SET CODE = '" + bcls_rec->Tables[0].Rows[i]["MAT_WT"].ToString().Trim() + "'"
p_mmsm_17550/mmsm33xcjl_pro.cpp	121	122	sqlstr = "UPDATE TMMSM33XCJL COUNTERWEIGH_S = '" + bcls_rec->Tables[0].Rows[i]["MAT_WT"].ToString().Trim() + "'  where PROD_DATE > '" + dateNow.Substring(0, 8) 
p_mmsm_17550/mmsm33xcjl_pro.cpp	129	130	sqlstr = "UPDATE TMMSM33XCJL COUNTERWEIGH_C = '" + bcls_rec->Tables[0].Rows[i]["MAT_WT"].ToString().Trim() + "'  where PROD_DATE > '" + dateNow.Substring(0, 8) 
p_mmsm_17550/mmsm33xsdm_inq.cpp	73	76	sqlstr_count = " SELECT COUNT(1) "
p_mmsm_17550/mmsm33xsdm_inq.cpp	78	81	sqlstr = " SELECT * "
p_mmsm_17550/mmsm391_inq.cpp	66	68	sqlstr = " SELECT * "
p_mmsm_17550/mmsm39_inq.cpp	69	75	sqlstr = " SELECT * FROM " + tableName + " WHERE 1=1 ";
p_mmsm_17550/mmsm3af2_inq.cpp	58	59	sqlstr = " SELECT *  FROM  TMMSM3A "
p_mmsm_17550/mmsm50af2_inq1.cpp	64	69	sqlstr = " SELECT * FROM TMMSMQ1  t"
p_mmsm_17550/mmsmaod_inq.cpp	66	69	sqlstr = " SELECT * FROM TMMSM27 where 1=1 ";
p_mmsm_17550/mmsmaod_inq.cpp	103	103	sqlstr = "SELECT DISTINCT  HEATNO_PREMELT1 FROM( "
p_mmsm_17550/mmsmaod_inq.cpp	104	107	"SELECT HEATNO_PREMELT1 HEATNO_PREMELT1 "
p_mmsm_17550/mmsmaod_inq.cpp	108	111	"SELECT HEATNO_PREMELT2 HEATNO_PREMELT1 "
p_mmsm_17550/mmsmaod_inq.cpp	112	115	"SELECT HEATNO_PREMELT3 HEATNO_PREMELT1 "
p_mmsm_17550/mmsmaod_inq.cpp	116	119	"SELECT HEATNO_PREMELT4 HEATNO_PREMELT1 "
p_mmsm_17550/mmsmaod_inq.cpp	120	123	"SELECT HEATNO_PREMELT5 HEATNO_PREMELT1 "
p_mmsm_17550/mmsmaod_inq.cpp	124	127	"SELECT HEATNO_PREMELT6 HEATNO_PREMELT1 "
p_mmsm_17550/mmsmaod_inq.cpp	146	147	sqlstr = "WITH table1 AS (select substr(heatno_premelt1,2,7) as 预溶液号 from tmmsm27 where heatno_premelt1 like 'F1%' "
p_mmsm_17550/mmsmaod_inq.cpp	148	149	" select substr(heatno_premelt2, 2, 7) as 预溶液号 from tmmsm27 where heatno_premelt2 like 'F1%' "
p_mmsm_17550/mmsmaod_inq.cpp	150	150	" select substr(heatno_premelt3, 2, 7) as 预溶液号 from tmmsm27 where heatno_premelt3 like 'F1%') "
p_mmsm_17550/mmsmaod_inq.cpp	151	152	" select t.*, (t.X_HEAT_NO - D_HEAT_NO) as ZHI from(SELECT 预溶液号 as D_HEAT_NO, LEAD(预溶液号, 1, 0) over(ORDER BY 预溶液号 ASC) AS X_HEAT_NO from table1) t ";
p_mmsm_17550/mmsmcf_inq.cpp	64	66	sqlstr = " SELECT ST_SAMPLE_NO, WHOLE_BACKLOG_CODE FROM TQMTS24 WHERE  1 =1 ";
p_mmsm_17550/mmsmcf_inq.cpp	104	113	sqlstr1 = "select (SELECT nvl(ELM_ACT,0) FROM TQMTS25 WHERE heat_no = '"+ heat_no +"'  and elm_code = '012' and st_sample_no = '"+ st_sample_no +"' ) C," +
p_mmsm_17550/mmsmdr_inq.cpp	86	89	sqlstr_count = " SELECT COUNT(1) "
p_mmsm_17550/mmsmdr_inq.cpp	90	93	sqlstr = " SELECT * "
p_mmsm_17550/mmsmdr_ins.cpp	47	50	sqlstr = "SELECT MAT_CODE, L2_PROC_NO, DEV_CODE, MAT_NAME, SUM(DEVO_WT) DEVO_WT "
p_mmsm_17550/mmsmele_inq.cpp	72	75	sqlstr = " select B.CODE_DESC_1_CONTENT ELM_NAME,A.ELM_ACT,A.SAMPLE_TAKEN_TIME REC_CREATE_TIME,A.ST_SAMPLE_NO from (SELECT HEAT_NO,WHOLE_BACKLOG_CODE,SUBSTR(ELM
p_mmsm_17550/mmsmg2a_inq.cpp	52	52	sqlstr = " select distinct A.HEAT_NO,A.ST_NO,A.DEV_CODE,A.PROC_NO,c.AFFIRM_FLAG,c.CONFIRM_TIME from ( "
p_mmsm_17550/mmsmg2a_inq.cpp	53	53	" select HEAT_NO, ST_NO, DEV_CODE, PROC_NO from( "
p_mmsm_17550/mmsmg2a_inq.cpp	54	55	" select HEAT_NO, ST_NO, DEV_CODE, PROC_NO from tmmsm19 "
p_mmsm_17550/mmsmg2a_inq.cpp	56	57	" select HEAT_NO, ST_NO, DEV_CODE, PROC_NO from tmmsm20 "
p_mmsm_17550/mmsmg2a_inq.cpp	58	59	" select HEAT_NO, ST_NO, DEV_CODE, PROC_NO from tmmsm21 "
p_mmsm_17550/mmsmg2a_inq.cpp	60	61	" select HEAT_NO, ST_NO, DEV_CODE, PROC_NO from tmmsm22 "
p_mmsm_17550/mmsmg2a_inq.cpp	62	63	" select HEAT_NO, ST_NO, DEV_CODE, PROC_NO from tmmsm23 "
p_mmsm_17550/mmsmg2a_inq.cpp	64	65	" select HEAT_NO, ST_NO, DEV_CODE, PROC_NO from tmmsm24 "
p_mmsm_17550/mmsmg2a_inq.cpp	66	67	" select HEAT_NO, ST_NO, DEV_CODE, PROC_NO from tmmsm25 "
p_mmsm_17550/mmsmg2a_inq.cpp	68	69	" select HEAT_NO, ST_NO, DEV_CODE, PROC_NO from tmmsm26 "
p_mmsm_17550/mmsmg2a_inq.cpp	70	71	" select HEAT_NO, ST_NO, DEV_CODE, PROC_NO from tmmsm27 "
p_mmsm_17550/mmsmg2a_inq.cpp	72	74	" select HEAT_NO, ST_NO, DEV_CODE, PROC_NO from tmmsm31 "
p_mmsm_17550/mmsmg2a_inq.cpp	99	99	sqlstr = " select HEAT_NO,DEV_CODE,PROC_NO,START_TIME,END_TIME,REMARK from ( "
p_mmsm_17550/mmsmg2a_inq.cpp	100	101	" select HEAT_NO, DEV_CODE, PROC_NO, START_TIME, END_TIME, ROUND(ROUND(TO_NUMBER(TO_DATE(END_TIME, 'YYYYMMDDhh24miss') -TO_DATE(START_TIME, 'YYYYMMDDhh24miss'))
p_mmsm_17550/mmsmg2a_inq.cpp	102	103	" select HEAT_NO, DEV_CODE, PROC_NO, START_TIME, END_TIME, ROUND(ROUND(TO_NUMBER(TO_DATE(END_TIME, 'YYYYMMDDhh24miss') -TO_DATE(START_TIME, 'YYYYMMDDhh24miss'))
p_mmsm_17550/mmsmg2a_inq.cpp	104	105	" select HEAT_NO, DEV_CODE, PROC_NO, START_TIME, END_TIME, ROUND(ROUND(TO_NUMBER(TO_DATE(END_TIME, 'YYYYMMDDhh24miss') -TO_DATE(START_TIME, 'YYYYMMDDhh24miss'))
p_mmsm_17550/mmsmg2a_inq.cpp	106	107	" select HEAT_NO, DEV_CODE, PROC_NO, START_TIME, END_TIME, ROUND(ROUND(TO_NUMBER(TO_DATE(END_TIME, 'YYYYMMDDhh24miss') -TO_DATE(START_TIME, 'YYYYMMDDhh24miss'))
p_mmsm_17550/mmsmg2a_inq.cpp	108	109	" select HEAT_NO, DEV_CODE, PROC_NO, START_TIME, END_TIME, ROUND(ROUND(TO_NUMBER(TO_DATE(END_TIME, 'YYYYMMDDhh24miss') -TO_DATE(START_TIME, 'YYYYMMDDhh24miss'))
p_mmsm_17550/mmsmg2a_inq.cpp	110	111	" select HEAT_NO, DEV_CODE, PROC_NO, START_TIME, END_TIME, ROUND(ROUND(TO_NUMBER(TO_DATE(END_TIME, 'YYYYMMDDhh24miss') -TO_DATE(START_TIME, 'YYYYMMDDhh24miss'))
p_mmsm_17550/mmsmg2a_inq.cpp	112	113	" select HEAT_NO, DEV_CODE, PROC_NO, START_TIME, END_TIME, ROUND(ROUND(TO_NUMBER(TO_DATE(END_TIME, 'YYYYMMDDhh24miss') -TO_DATE(START_TIME, 'YYYYMMDDhh24miss'))
p_mmsm_17550/mmsmg2a_inq.cpp	114	115	" select HEAT_NO, DEV_CODE, PROC_NO, START_TIME, END_TIME, ROUND(ROUND(TO_NUMBER(TO_DATE(END_TIME, 'YYYYMMDDhh24miss') -TO_DATE(START_TIME, 'YYYYMMDDhh24miss'))
p_mmsm_17550/mmsmg2a_inq.cpp	116	117	" select HEAT_NO, DEV_CODE, PROC_NO, START_TIME, END_TIME,ROUND(ROUND(TO_NUMBER(TO_DATE(END_TIME, 'YYYYMMDDhh24miss') -TO_DATE(START_TIME, 'YYYYMMDDhh24miss')) 
p_mmsm_17550/mmsmg2a_inq.cpp	143	146	sqlstr = " select * from VMMSM01 where 1=1 ";
p_mmsm_17550/mmsmg2a_inq.cpp	169	172	sqlstr = " select * from HMMSMGY06 where 1=1 ";
p_mmsm_17550/mmsmggl_inq.cpp	58	60	sqlstr = " select C.HEAT_NO,C.ST_NO,C.LADLE_ARRIVE_TIME,C.DEV_CODE, MIN(NVL(G.AFFIRM_FLAG,0)) AFFIRM_FLAG,MAX(TC_SEND_FLAG) TC_SEND_FLAG "
p_mmsm_17550/mmsmggl_xf.cpp	79	80	cmd_inq.SetCommandText(" select L2_PROC_NO,DEV_CODE from TMMSMGY06 where  HEAT_NO = '" + v_heat_no + "' and AFFIRM_FLAG='1' "
p_mmsm_17550/mmsmggl_xf.cpp	105	106	cmd_1.SetCommandText(" SELECT LPAD(TO_CHAR(HMMSMGY06_ID.NEXTVAL), 9, '0') AS ID FROM DUAl ");
p_mmsm_17550/mmsmggl_xf.cpp	124	125	cmd_1.SetCommandText(" SELECT LPAD(TO_CHAR(HMMSMGY06_ID.NEXTVAL), 9, '0') AS ID FROM DUAl ");
p_mmsm_17550/mmsmgp_inq.cpp	72	75	sqlstr_count = " SELECT COUNT(1) "
p_mmsm_17550/mmsmgp_inq.cpp	76	81	sqlstr = " SELECT * "
p_mmsm_17550/mmsmgy2a_inq.cpp	54	56	sqlstr = "SELECT MAT_CODE, L2_PROC_NO, DEV_CODE, MAT_NAME, SUM(DEVO_WT) DEVO_WT "
p_mmsm_17550/mmsmgycs_inq.cpp	75	81	sqlstr = " SELECT 'EGBB' AS COST_CENTER,T1.*,T2.MAT_ACT_WT,ROUND(ROUND(TO_NUMBER(TO_DATE(END_TIME, 'YYYYMMDDhh24miss') -TO_DATE(START_TIME, 'YYYYMMDDhh24miss'))
p_mmsm_17550/mmsmgycs_inq.cpp	94	100	sqlstr = " SELECT 'EGBC' AS COST_CENTER,T1.*,T2.MAT_ACT_WT,ROUND(ROUND(TO_NUMBER(TO_DATE(END_TIME, 'YYYYMMDDhh24miss') -TO_DATE(START_TIME, 'YYYYMMDDhh24miss'))
p_mmsm_17550/mmsmgycs_inq.cpp	112	118	sqlstr = " SELECT 'EGBD' AS COST_CENTER,T1.*,T2.MAT_ACT_WT,ROUND(ROUND(TO_NUMBER(TO_DATE(END_TIME, 'YYYYMMDDhh24miss') -TO_DATE(START_TIME, 'YYYYMMDDhh24miss'))
p_mmsm_17550/mmsmgycs_inq.cpp	130	136	sqlstr = " SELECT 'EGBF' AS COST_CENTER,T1.*,T2.MAT_ACT_WT,ROUND(ROUND(TO_NUMBER(TO_DATE(END_TIME, 'YYYYMMDDhh24miss') -TO_DATE(START_TIME, 'YYYYMMDDhh24miss'))
p_mmsm_17550/mmsmgycs_inq.cpp	148	158	sqlstr = " SELECT 'EGBG' AS COST_CENTER,T3.*,T4.MAT_ACT_WT, "
p_mmsm_17550/mmsmgycs_inq.cpp	170	176	sqlstr = " SELECT 'EGBH' AS COST_CENTER,T1.*,T2.MAT_ACT_WT,ROUND(ROUND(TO_NUMBER(TO_DATE(END_TIME, 'YYYYMMDDhh24miss') -TO_DATE(START_TIME, 'YYYYMMDDhh24miss'))
p_mmsm_17550/mmsmgycs_inq.cpp	188	194	sqlstr = " SELECT 'EGBI' AS COST_CENTER,T1.*,T2.MAT_ACT_WT,ROUND(ROUND(TO_NUMBER(TO_DATE(END_TIME, 'YYYYMMDDhh24miss') -TO_DATE(START_TIME, 'YYYYMMDDhh24miss'))
p_mmsm_17550/mmsmgycs_inq.cpp	206	215	sqlstr = " SELECT 'EGBK' AS COST_CENTER,T3.END_TIME,T3.HEAT_NO,T3.ST_NO,T4.MAT_ACT_WT, "
p_mmsm_17550/mmsmgycs_inq.cpp	227	234	sqlstr = " SELECT 'EGBL' AS COST_CENTER,T1.END_TIME,T1.HEAT_NO,T1.ST_NO,T2.MAT_ACT_WT, "
p_mmsm_17550/mmsmgycs_inq.cpp	248	248	sqlstr = " SELECT * FROM( "
p_mmsm_17550/mmsmgycs_inq.cpp	249	249	" SELECT T3.*, ROW_NUMBER() OVER(PARTITION BY HEAT_NO ORDER BY END_TIME) AS RN FROM( "
p_mmsm_17550/mmsmgycs_inq.cpp	250	251	" SELECT  'EGBM' AS COST_CENTER, GRINDING_START_TIME AS END_TIME,T.HEAT_NO,ST_NO,T2.MEND_BEFORE_WEIGHT,T2.MEND_AFTER_WEIGHT "
p_mmsm_17550/mmsmgycs_inq1.cpp	113	114	sqlstr = " SELECT T.REC_CREATE_TIME,T.HEAT_NO,T.SEQ_NO,T.WT_SCARP_RC,T.WT_SCARP_RCS FROM TQMTSFGB T WHERE 1 = 1 "
p_mmsm_17550/mmsmgycs_inq1.cpp	125	126	sqlstr = " select c.REC_CREATE_TIME, c.ELM_NAME, b.ST_NO, c.MAIN_MAX, c.MAIN_MIN, c.MAIN_AIM, c.SPE_MAX,c.SPE_MIN,b.ELM_STD_IDX_A "
p_mmsm_17550/mmsmgycs_inq1.cpp	127	131	" select IDX_NO, ELM_NAME from TQMTS02 where 1 = 1 group by IDX_NO, ELM_NAME having count(1) > 1) a "
p_mmsm_17550/mmsmgycs_inq1.cpp	140	142	sqlstr = " SELECT * FROM TMMSMT823SJ "
p_mmsm_17550/mmsmgycs_inq1.cpp	161	163	sqlstr = " SELECT * FROM TWMSM64 "
p_mmsm_17550/mmsmgycs_inq1.cpp	173	175	sqlstr = " SELECT * FROM TMMSM3E "
p_mmsm_17550/mmsmgycs_inq1.cpp	191	193	sqlstr = " SELECT * FROM TWMSMZHZLLL t "
p_mmsm_17550/mmsmgycs_inq1.cpp	204	221	sqlstr = " SELECT  t.*,re.cname,\
p_mmsm_17550/mmsmgycs_inq1.cpp	242	244	sqlstr = " SELECT a.*,b.*  "
p_mmsm_17550/mmsmgycs_inq1.cpp	275	277	sqlstr = " SELECT *  "
p_mmsm_17550/mmsmgycs_inq1.cpp	297	299	sqlstr = " SELECT *  "
p_mmsm_17550/mmsmgycs_inq1.cpp	319	321	sqlstr = " SELECT *  "
p_mmsm_17550/mmsmgycs_inq1.cpp	341	343	sqlstr = " SELECT *  "
p_mmsm_17550/mmsmgylx_pro.cpp	51	51	sqlstr = " select A.HEAT_NO,A.PONO,A.DEV_CODE,a.START_TIME,a.END_TIME,A.ST_NO,a.L2_PROC_NO,a.PROD_DATE,a.PROD_SHIFT_NO,a.PROD_SHIFT_GROUP,C.TC_SEND_FLAG,C.DATI_
p_mmsm_17550/mmsmgylx_pro.cpp	52	53	" select HEAT_NO, PONO, L2_PROC_NO, ST_NO, DEV_CODE, STATION_ID, STATION_NO, STATION_POS, START_TIME, END_TIME, SM_PLAN_NOL2,PROD_DATE,PROD_SHIFT_NO,PROD_SHIFT_
p_mmsm_17550/mmsmgylx_pro.cpp	54	55	" SELECT HEAT_NO, PONO, L2_PROC_NO, ST_NO, DEV_CODE, STATION_ID, STATION_NO, STATION_POS, START_TIME, END_TIME, SM_PLAN_NOL2,PROD_DATE,PROD_SHIFT_NO,PROD_SHIFT_
p_mmsm_17550/mmsmgylx_pro.cpp	56	57	" SELECT HEAT_NO, PONO, L2_PROC_NO, ST_NO, DEV_CODE, STATION_ID, STATION_NO, STATION_POS, START_TIME, END_TIME, SM_PLAN_NOL2,PROD_DATE,PROD_SHIFT_NO,PROD_SHIFT_
p_mmsm_17550/mmsmgylx_pro.cpp	58	59	" SELECT HEAT_NO, PONO, L2_PROC_NO, ST_NO, DEV_CODE, STATION_ID, STATION_NO, STATION_POS, START_TIME, END_TIME, SM_PLAN_NOL2,PROD_DATE,PROD_SHIFT_NO,PROD_SHIFT_
p_mmsm_17550/mmsmgylx_pro.cpp	60	61	" SELECT HEAT_NO, PONO, L2_PROC_NO, ST_NO, DEV_CODE, STATION_ID, STATION_NO, STATION_POS, START_TIME, END_TIME, SM_PLAN_NOL2,PROD_DATE,PROD_SHIFT_NO,PROD_SHIFT_
p_mmsm_17550/mmsmgylx_pro.cpp	62	63	" SELECT HEAT_NO, PONO, L2_PROC_NO, ST_NO, DEV_CODE, STATION_ID, STATION_NO, STATION_POS, START_TIME, END_TIME, SM_PLAN_NOL2,PROD_DATE,PROD_SHIFT_NO,PROD_SHIFT_
p_mmsm_17550/mmsmgylx_pro.cpp	64	65	" SELECT HEAT_NO, PONO, L2_PROC_NO, ST_NO, DEV_CODE, STATION_ID, STATION_NO, STATION_POS, START_TIME, END_TIME, SM_PLAN_NOL2,PROD_DATE,PROD_SHIFT_NO,PROD_SHIFT_
p_mmsm_17550/mmsmgylx_pro.cpp	66	67	" SELECT HEAT_NO, PONO, L2_PROC_NO, ST_NO, DEV_CODE, STATION_ID, STATION_NO, STATION_POS, START_TIME, END_TIME, SM_PLAN_NOL2,PROD_DATE,PROD_SHIFT_NO,PROD_SHIFT_
p_mmsm_17550/mmsmgylx_pro.cpp	68	69	" SELECT HEAT_NO, PONO, L2_PROC_NO, ST_NO, DEV_CODE, STATION_ID, STATION_NO, STATION_POS, START_TIME, END_TIME, SM_PLAN_NOL2,PROD_DATE,PROD_SHIFT_NO,PROD_SHIFT_
p_mmsm_17550/mmsmgylx_pro.cpp	70	71	" 	SELECT HEAT_NO, PONO, L2_PROC_NO, ST_NO, DEV_CODE, STATION_ID, STATION_NO, STATION_POS, START_TIME, END_TIME, SM_PLAN_NOL2,PROD_DATE,PROD_SHIFT_NO,PROD_SHIFT
p_mmsm_17550/mmsmhtno_inq.cpp	199	203	sqlstr_inq = " select t.*, t.rowid from tpssm11 t "
p_mmsm_17550/mmsmhtno_inq.cpp	211	224	sqlstr_inq = " SELECT a.*, b.* "
p_mmsm_17550/mmsmhtno_inq.cpp	232	244	sqlstr_inq = " SELECT a.*, b.* "
p_mmsm_17550/mmsmhtno_inq.cpp	399	402	sqlstr = CString("SELECT ITEM_ENAME,ITEM_TYPE,CODE,ITEM_ENAME_P"
p_mmsm_17550/mmsmhtno_inq.cpp	502	505	sqlstr = "SELECT  STATION_NO "
p_mmsm_17550/mmsmhtno_inq.cpp	537	539	sqlstr = "SELECT distinct(slab_dest) "
p_mmsm_17550/mmsmhtno_inq.cpp	564	566	sqlstr = "SELECT  COUNT(DISTINCT(LSLAB_NO))"
p_mmsm_17550/mmsmhtno_inq.cpp	572	574	sqlstr = "SELECT  SUM(SLAB_NUM)"
p_mmsm_17550/mmsmhtno_inq.cpp	620	625	sqlstr2 = " SELECT a.PROC_NO FROM TPSSM12 a"
p_mmsm_17550/mmsmhtno_inq.cpp	663	665	sqlstr = " SELECT " + sqlstr_item_display +
p_mmsm_17550/mmsmhtno_inq.cpp	720	722	sqlstr = " SELECT SUBSTR(DEV_CODE, 1, 1)"
p_mmsm_17550/mmsmhtno_inq.cpp	766	768	sqlstr = " SELECT " + sqlstr_item_display_3 +
p_mmsm_17550/mmsmkr14_inq.cpp	78	81	sqlstr_count = " SELECT COUNT(1) "
p_mmsm_17550/mmsmkr14_inq.cpp	82	85	sqlstr = " SELECT * "
p_mmsm_17550/mmsmkr14_pro.cpp	62	64	sqlstr = " SELECT REC_CREATE_TIME, REC_CREATOR  "
p_mmsm_17550/mmsmlcl_inq.cpp	53	58	sqlstr = " with table1 as (select mat_no,heat_no,st_no,mat_act_wt from tmmsm01 where RECV_MAT_TIME >= '20240301000000' "
p_mmsm_17550/mmsmlcl_inq.cpp	59	70	" select ST_NO, HEAT_NO, ACTRESULT, "
p_mmsm_17550/mmsmlcl_inq.cpp	71	82	" select ST_NO, HEAT_NO, ACTRESULT, "
p_mmsm_17550/mmsmlcl_inq.cpp	83	94	" select ST_NO, HEAT_NO, ACTRESULT, "
p_mmsm_17550/mmsmlcl_inq.cpp	95	96	sqlstr_count = "select count(*) from (" + sqlstr + ")" + sqlstr_temp;
p_mmsm_17550/mmsmplanno_inq.cpp	89	93	sqlstr_inq = " SELECT * FROM TPSSM11 ";
p_mmsm_17550/mmsmsjdc_inq.cpp	152	153	sqlstrsa = " select distinct mat_code from TMMSM2A"
p_mmsm_17550/mmsmsjdc_inq.cpp	163	164	sqlstrsb = " select distinct PROC_COUNT from TMMSM2B "
p_mmsm_17550/mmsmsjdc_inq.cpp	173	175	sqlstr = " select t1.*, t2.*, T3.* "
p_mmsm_17550/mmsmsjdc_inq.cpp	176	181	" select heat_no as HEAT_NO2 " + sqlstr_sub + " "
p_mmsm_17550/mmsmsjdc_inq.cpp	182	187	" select heat_no as HEAT_NO3 " + sqlstr_sub1 + " "
p_mmsm_17550/mmsmsjdc_inq.cpp	189	190	sqlstr_count = " SELECT COUNT(*)  FROM " + v_table_type + " WHERE 1=1 ";
p_mmsm_17550/mmsmsjf2_inq.cpp	160	160	sqlstr_count = " SELECT COUNT(1)  FROM " + v_table_type + " WHERE 1=1 ";
p_mmsm_17550/mmsmsjf2_inq.cpp	161	168	sqlstr = " SELECT *  FROM " + v_table_type + " WHERE 1=1 ";
p_mmsm_17550/mmsmsjf2_inq1.cpp	94	103	sqlstr = " SELECT *  FROM " + v_table_type + " WHERE 1=1 ";
p_mmsm_17550/mmsmsjf2_inqm.cpp	143	146	sqlstr = CString("SELECT T.CODE_DESC_3_CONTENT "
p_mmsm_17550/mmsmsjf2_inqm.cpp	183	186	sqlstr = " SELECT FACTORY_DIV, PROC_NO, HEAT_NO, PONO, ST_NO, START_TIME, END_TIME,STATION_ID,STATION_NO,PROD_SHIFT_NO,PROD_SHIFT_GROUP FROM TMMSM22 "
p_mmsm_17550/mmsmsjf2_inqm.cpp	188	191	" SELECT FACTORY_DIV, PROC_NO, HEAT_NO, PONO, ST_NO, START_TIME, END_TIME,STATION_ID,STATION_NO,PROD_SHIFT_NO,PROD_SHIFT_GROUP FROM TMMSM23 "
p_mmsm_17550/mmsmsjf2_inqm.cpp	195	198	" SELECT FACTORY_DIV, PROC_NO, HEAT_NO, PONO, ST_NO, START_TIME, END_TIME,STATION_ID,STATION_NO,PROD_SHIFT_NO,PROD_SHIFT_GROUP FROM TMMSM24 "
p_mmsm_17550/mmsmsjf2_inqm.cpp	202	205	" SELECT FACTORY_DIV, PROC_NO, HEAT_NO, PONO, ST_NO, START_TIME, END_TIME,STATION_ID,STATION_NO,PROD_SHIFT_NO,PROD_SHIFT_GROUP FROM TMMSM25 "
p_mmsm_17550/mmsmsjf2_inqm.cpp	215	217	sqlstr = " SELECT * FROM " + v_table_type + " WHERE  FACTORY_DIV = nvl(@factory_div, FACTORY_DIV)"
p_mmsm_17550/mmsmsjf2_inqm.cpp	234	237	sqlstr_count = "SELECT COUNT(*) FROM ( " + sqlstr + " )";
p_mmsm_17550/mmsmsjf2_inqm.cpp	255	259	sqlstr = CString("SELECT  DISTINCT(T.DEV_CODE)  "
p_mmsm_17550/mmsmsjf2_inqm.cpp	279	282	sqlstr = CString("SELECT CODE "
p_mmsm_17550/mmsmsjf2_inqm.cpp	368	371	sqlstr = "SELECT STATION_ID||STATION_NO,PROC_NO FROM TMMSM22"
p_mmsm_17550/mmsmsjf2_inqm.cpp	373	376	"SELECT  STATION_ID||STATION_NO,PROC_NO FROM TMMSM23"
p_mmsm_17550/mmsmsjf2_inqm.cpp	378	381	"SELECT  STATION_ID||STATION_NO,PROC_NO FROM TMMSM24"
p_mmsm_17550/mmsmsjf2_inqm.cpp	383	386	"SELECT STATION_ID||STATION_NO ,PROC_NO  FROM TMMSM25"
p_mmsm_17550/mmsmsjf2_inqm.cpp	394	396	sqlstr = " SELECT  MAT_NO,MAT_ACT_WT, MAT_TUBE  FROM " + v_table_type + " WHERE  FACTORY_DIV = nvl(@factory_div, FACTORY_DIV)"
p_mmsm_17550/mmsmsjf2_inqm.cpp	402	404	sqlstr = " SELECT  STATION_ID||STATION_NO,SLAB_WT, MAT_TUBE  FROM " + v_table_type + " WHERE  FACTORY_DIV = nvl(@factory_div, FACTORY_DIV)"
p_mmsm_17550/mmsmsjf2_inqm.cpp	410	414	sqlstr = " SELECT STATION_ID||STATION_NO  FROM " + v_table_type + " WHERE  FACTORY_DIV = nvl(@factory_div, FACTORY_DIV)"
p_mmsm_17550/mmsmt82306_inq.cpp	49	55	sqlstr =" select a.SM_PLAN_NOL2,A.L2_PROC_NO, A.HEAT_NO, a.LADLE_ARRIVE_TIME "
p_mmsm_17550/mmsmt82306_inq.cpp	67	68	" select  DEV_CODE,HEAT_NO,SM_PLAN_NOL2,MAT_CODE,MAT_NAME,ST_NO,sum(OUT_STOCK_WT) DEVO_WT from TMMSM56 "
p_mmsm_17550/mmsmt823sj_inq.cpp	52	55	sqlstr = " select distinct HEAT_NO,DEV_CODE,ST_NO from TMMSMT823SJ where 1=1 ";
p_mmsm_17550/mmsmt823sj_inq.cpp	87	90	sqlstr = " select * from TMMSMT823SJ where 1=1 ";
p_mmsm_17550/mmsmtf08_inq.cpp	43	43	sqlstr = " select distinct A.HEAT_NO,A.ST_NO,A.DEV_CODE,A.PROC_NO,c.AFFIRM_FLAG,c.CONFIRM_TIME from ( "
p_mmsm_17550/mmsmtf08_inq.cpp	44	44	" select HEAT_NO, ST_NO, DEV_CODE, PROC_NO from( "
p_mmsm_17550/mmsmtf08_inq.cpp	45	46	" select HEAT_NO, ST_NO, DEV_CODE, PROC_NO from tmmsm19 "
p_mmsm_17550/mmsmtf08_inq.cpp	47	48	" select HEAT_NO, ST_NO, DEV_CODE, PROC_NO from tmmsm20 "
p_mmsm_17550/mmsmtf08_inq.cpp	49	50	" select HEAT_NO, ST_NO, DEV_CODE, PROC_NO from tmmsm21 "
p_mmsm_17550/mmsmtf08_inq.cpp	51	52	" select HEAT_NO, ST_NO, DEV_CODE, PROC_NO from tmmsm22 "
p_mmsm_17550/mmsmtf08_inq.cpp	53	54	" select HEAT_NO, ST_NO, DEV_CODE, PROC_NO from tmmsm23 "
p_mmsm_17550/mmsmtf08_inq.cpp	55	56	" select HEAT_NO, ST_NO, DEV_CODE, PROC_NO from tmmsm24 "
p_mmsm_17550/mmsmtf08_inq.cpp	57	58	" select HEAT_NO, ST_NO, DEV_CODE, PROC_NO from tmmsm25 "
p_mmsm_17550/mmsmtf08_inq.cpp	59	60	" select HEAT_NO, ST_NO, DEV_CODE, PROC_NO from tmmsm26 "
p_mmsm_17550/mmsmtf08_inq.cpp	61	62	" select HEAT_NO, ST_NO, DEV_CODE, PROC_NO from tmmsm27 "
p_mmsm_17550/mmsmtf08_inq.cpp	63	65	" select HEAT_NO, ST_NO, DEV_CODE, PROC_NO from tmmsm31 "
p_mmsm_17550/mmsmtf08_inq.cpp	90	90	sqlstr = " select HEAT_NO,DEV_CODE,PROC_NO,L2_PROC_NO from ( "
p_mmsm_17550/mmsmtf08_inq.cpp	91	92	" select HEAT_NO, DEV_CODE, PROC_NO,L2_PROC_NO from tmmsm19 "
p_mmsm_17550/mmsmtf08_inq.cpp	93	94	" select HEAT_NO, DEV_CODE, PROC_NO,L2_PROC_NO from tmmsm20 "
p_mmsm_17550/mmsmtf08_inq.cpp	95	96	" select HEAT_NO, DEV_CODE, PROC_NO,L2_PROC_NO from tmmsm21 "
p_mmsm_17550/mmsmtf08_inq.cpp	97	98	" select HEAT_NO, DEV_CODE, PROC_NO,L2_PROC_NO from tmmsm23 "
p_mmsm_17550/mmsmtf08_inq.cpp	99	100	" select HEAT_NO, DEV_CODE, PROC_NO,L2_PROC_NO from tmmsm24 "
p_mmsm_17550/mmsmtf08_inq.cpp	101	102	" select HEAT_NO, DEV_CODE, PROC_NO,L2_PROC_NO from tmmsm25 "
p_mmsm_17550/mmsmtf08_inq.cpp	103	104	" select HEAT_NO, DEV_CODE, PROC_NO,L2_PROC_NO from tmmsm26 "
p_mmsm_17550/mmsmtf08_inq.cpp	105	106	" select HEAT_NO, DEV_CODE, PROC_NO,L2_PROC_NO from tmmsm27 "
p_mmsm_17550/mmsmtf08_inq.cpp	107	108	" select HEAT_NO, DEV_CODE, PROC_NO,L2_PROC_NO from tmmsm31 "
p_mmsm_17550/mmsmtf08_inq.cpp	135	138	sqlstr = " select * from VMMSM01 where 1=1 ";
p_mmsm_17550/mmsmtf08_inq.cpp	161	164	sqlstr = " select * from TMMSMT8F0 where 1=1 ";
p_mmsm_17550/mmsmtf08_xf.cpp	89	92	cmd_inq.SetCommandText(" select HEAT_NO, DEV_CODE, PROC_NO, L2_PROC_NO "
p_mmsm_17550/mmsmtf08_xf.cpp	93	95	" select HEAT_NO, DEV_CODE, PROC_NO, L2_PROC_NO "
p_mmsm_17550/mmsmtf08_xf.cpp	96	98	" select HEAT_NO, DEV_CODE, PROC_NO, L2_PROC_NO "
p_mmsm_17550/mmsmtf08_xf.cpp	99	101	" select HEAT_NO, DEV_CODE, PROC_NO, L2_PROC_NO "
p_mmsm_17550/mmsmtf08_xf.cpp	102	104	" select HEAT_NO, DEV_CODE, PROC_NO, L2_PROC_NO "
p_mmsm_17550/mmsmtf08_xf.cpp	105	107	" select HEAT_NO, DEV_CODE, PROC_NO, L2_PROC_NO "
p_mmsm_17550/mmsmtf08_xf.cpp	108	110	" select HEAT_NO, DEV_CODE, PROC_NO, L2_PROC_NO "
p_mmsm_17550/mmsmtf08_xf.cpp	111	113	" select HEAT_NO, DEV_CODE, PROC_NO, L2_PROC_NO "
p_mmsm_17550/mmsmtf08_xf.cpp	114	118	" select HEAT_NO, DEV_CODE, PROC_NO, L2_PROC_NO "
p_mmsm_17550/mmsmtl_inq.cpp	50	51	sqlstr = (" select * from TMMSM31 WHERE REC_CREATE_TIME>='20240630606060' and REC_CREATE_TIME<='20240730606060' AND REC_CREATOR!='QC' ");
p_mmsm_17550/mmsmts01_inq.cpp	52	52	sqlstr_count = "SELECT COUNT(1) FROM TMMSM88_0 WHERE 1=1 ";
p_mmsm_17550/mmsmts01_inq.cpp	53	57	sqlstr = "SELECT * FROM TMMSM88_0 T WHERE 1 = 1 ";
p_mmsm_17550/mmsmxm01_inq.cpp	54	54	sqlstr_count = "SELECT COUNT(1) FROM TMMSMTS01 WHERE 1=1 ";
p_mmsm_17550/mmsmxm01_inq.cpp	55	59	sqlstr = "SELECT * FROM TMMSMTS01 WHERE 1=1 ";
p_mmsm_17550/源.cpp	72	80	mr00xx["SEQ_NO"] = Db::QeuryCDecimal("select max(seq_no)+1 from " + v_table_name + " where DATE_TIME = '" + datetimeNow.SubstringNE(0, 8) + "' ");
p_mmsm_17560/mmsm34_1_inq.cpp	139	139	sqlstr_count = " SELECT COUNT(1) FROM " + tableName + " WHERE 1=1 ";
p_mmsm_17560/mmsm34_1_inq.cpp	140	146	sqlstr = " SELECT * FROM " + tableName + " WHERE 1=1 ";
p_mmsm_17560/mmsm34f2_inq.cpp	228	229	sqlstr_count = " SELECT COUNT(1) FROM " + tableName + " WHERE 1=1 ";
p_mmsm_17560/mmsm34f2_inq.cpp	231	233	sqlstr = " SELECT T1.*,TQ01.APN AS APN_1,TQ01.ORDER_THICK,TQ01.PROD_CLASS_DESC FROM TMMSM01 T1  "
p_mmsm_17560/mmsm34f2_inq.cpp	237	248	sqlstr = " SELECT * FROM " + tableName + " WHERE 1=1 ";
p_mmsm_17560/mmsm34f2_inq.cpp	368	370	CString sqlstrIp = " SELECT t.CODE_DESC_1_CONTENT FROM TWMSMZD02 t  WHERE 1 = 1  AND t.CODE_CLASS = 'MEND_SET_IP'  AND t.CODE = '" + ip + "' ";
p_mmsm_17560/mmsm34f3_ins.cpp	343	344	sqlstr = " SELECT t.CODE_DESC_1_CONTENT FROM TWMSMZD02 t  WHERE 1 = 1  AND t.CODE_CLASS = 'MEND_SET_IP'  AND t.CODE = '" + ip + "' ";
p_mmsm_17560/mmsm34f3_ins.cpp	449	451	sqlstr = " SELECT t.CODE_DESC_1_CONTENT FROM TWMSMZD02 t  WHERE 1 = 1  AND t.CODE_CLASS = 'MEND_SET_IP'  AND t.CODE = '" + ip + "' ";
p_mmsm_17560/mmsm34f4_upd.cpp	175	176	CString strsql = " SELECT t.CODE_DESC_1_CONTENT FROM TWMSMZD02 t WHERE 1 =1 and t.CODE_CLASS = 'METALRATE'  and t.CODE = '" + stNo + "' ";
p_mmsm_17560/mmsm35f2_inq.cpp	118	118	sqlstr_count = " SELECT COUNT(1) FROM " + tableName + " WHERE 1=1 ";
p_mmsm_17560/mmsm35f2_inq.cpp	119	124	sqlstr = " SELECT * FROM " + tableName + " WHERE 1=1 ";
p_mmsm_17560/mmsm35f6_cut.cpp	407	408	sqlstr = " SELECT * FROM TPSSM03 WHERE LSLAB_NO = '" + tmmsm01_slab["LSLAB_NO"].ToString().Trim() + "' AND  SLAB_PROD_FLAG = '1'"
p_mmsm_17560/mmsm35f9_del.cpp	102	103	sqlstr = "SELECT * FROM TMMSM35 WHERE IN_MAT_NO = '"+ tmmsm01["IN_MAT_NO"].ToString() +"'";
p_mmsm_17560/mmsm35popf2_inq.cpp	143	144	sqlstr = " SELECT  BATCH,SUBSTR(BATCH,9,2) FROM TMMSM35 WHERE HEAT_NO = '" + v_heat_no + "' AND SUBSTR(BATCH,9,2) > '30' "
p_mmsm_17560/mmsm35popf2_inq.cpp	146	149	sqlstr_count = " SELECT COUNT(1) "
p_mmsm_17560/mmsm35popf2_inq.cpp	165	166	sqlstr_t01 = " SELECT  BATCH,SUBSTR(BATCH,9,2) FROM VMMSM01 WHERE HEAT_NO = '" + v_heat_no + "' AND SUBSTR(BATCH,9,2) > '30' "
p_mmsm_17570/mmsm33c_pro.cpp	234	235	sqlstr = "SELECT  SG_GRADE_1,C_DIV  FROM TQMTS0X  WHERE ST_NO = '" + tmmsm01["ST_NO"].ToString().Trim() + "'";
p_mmsm_17570/mmsm33cf2_inq.cpp	113	116	sqlstr = " select * from TMMSM38 WHERE 1=1 ";
p_mmsm_17570/mmsm33cf2_inq.cpp	147	149	sqlstr = " select T1.ST_NO, sum(T1.CUT_SCRAP_WT) - max(NVL(T2.MAT_ACT_WT,0)) AS CUT_SCRAP_WT "
p_mmsm_17570/mmsm33cut_batch.cpp	125	126	sqlstr = "SELECT decode(LSLAB_NO_LENGTH,0,slab_len,LSLAB_NO_LENGTH) slab_len,T.* FROM TPSSM03 T WHERE PONO = '" + tpssm03["PONO"].ToString() + "'  AND  SLAB_PRO
p_mmsm_17570/mmsm33cut_batch.cpp	131	132	sqlstr = "SELECT SM_PLAN_NOL2,HEAT_NO,SPLIT_INDICATION,ST_NO,CAST_DIV_NO FROM TPSSM11 WHERE PONO = '" + tpssm03["PONO"].ToString() + "'";
p_mmsm_17570/mmsm33cut_batch.cpp	147	148	sqlstr = "SELECT SM_PLAN_NOL2,HEAT_NO,SPLIT_INDICATION,ST_NO,CAST_DIV_NO FROM TPSSM41 WHERE PONO = '" + tpssm03["PONO"].ToString() + "'";
p_mmsm_17570/mmsm33cut_batch.cpp	161	162	sqlstr = "SELECT DEV_CODE FROM TPSSM12 WHERE HEAT_NO = '" + heat_no + "' and AREA_ID = '5'";
p_mmsm_17570/mmsm33cut_batch.cpp	173	174	sqlstr = "SELECT DEV_CODE FROM TPSSM42 WHERE HEAT_NO = '" + heat_no + "' and AREA_ID = '5'";
p_mmsm_17570/mmsm33cut_batch.cpp	262	263	cmd_inq.SetCommandText("SELECT NVL(MAX(SUBSTR( MAT_NO, LENGTH(MAT_NO) - 1 , 2 )),0) FROM TMMSM33 WHERE HEAT_NO = @heatNo  AND STRAND_NO ='" + v_strand_no + "'"
p_mmsm_17570/mmsm33f2_inq.cpp	234	241	sqlstr = " SELECT a.*, b.proc_no, b.dev_code,b.START_TIME_REAL,b.END_TIME_REAL  "
p_mmsm_17570/mmsm33f2_inq.cpp	243	250	sqlstr_count = " SELECT COUNT(1) "
p_mmsm_17570/mmsm33f2_inq.cpp	301	306	sqlstr = " SELECT a.*, b.proc_no, b.dev_code,b.START_TIME_REAL,b.END_TIME_REAL  "
p_mmsm_17570/mmsm33f2_inq.cpp	308	313	sqlh = " SELECT a.*, b.proc_no, b.dev_code,b.START_TIME_REAL,b.END_TIME_REAL  "
p_mmsm_17570/mmsm33f2_inq.cpp	347	349	sqlstr_count = "select COUNT(*) from ( " + sqlstr + " )";
p_mmsm_17570/mmsm33f2_inq.cpp	365	372	sqlstr = " SELECT a.*, b.proc_no, b.dev_code,b.START_TIME_REAL,b.END_TIME_REAL  "
p_mmsm_17570/mmsm33f2_inq.cpp	374	381	sqlstr_count = " SELECT COUNT(1) "
p_mmsm_17570/mmsm33f2_inq.cpp	476	479	sqlstr_tpssm03 = " SELECT BILLET_TYPE,SLAB_DEST,SLAB_NUM,INGOT_CODE,LSLAB_NO"
p_mmsm_17570/mmsm33f2_inq.cpp	525	527	sqlstr_tmmsm33 = " SELECT sum(mat_tube)"
p_mmsm_17570/mmsm33f2_inq1.cpp	95	95	sqlstr = " select a.code,nvl(b.ingot_code,' ')ingot_code,nvl(b.code_desc_1_content,' ') code_desc_1_content from("
p_mmsm_17570/mmsm33f2_inq1.cpp	96	100	" select CODE, code_class from tep0002 where code_class = 'MS41' AND CODE_DESC_2_CONTENT = '1')a "
p_mmsm_17570/mmsm33f2_inq1.cpp	123	137	sqlstr = "SELECT * FROM "
p_mmsm_17570/mmsm33f2_inq1.cpp	142	154	sqlstr = "SELECT * FROM "
p_mmsm_17570/mmsm33f2_inq1.cpp	196	200	sqlstr = " SELECT  (SELECT PRINT_NO FROM TMMSM01 T WHERE T1.MAT_NO = T.MAT_NO) PRINT_NO, (SELECT BATCH FROM TMMSM01 T WHERE T1.MAT_NO = T.MAT_NO)  BATCH ,(SELEC
p_mmsm_17570/mmsm33f2new_inq.cpp	187	194	"	SELECT a.HEAT_NO, a.PONO, a.ST_NO, a.CUT_FIN_FLAG, a.cast_no, a.cast_div_no, a.proc_no, a.factory_div,a.sm_plan_no,a.START_TIME_REAL,  "
p_mmsm_17570/mmsm33f2new_inq.cpp	195	200	"		SELECT a.HEAT_NO, A.PONO, A.ST_NO, A.CUT_FIN_FLAG, a.cast_no, a.cast_div_no,A.FACTORY_DIV,A.SM_PLAN_NO,b.START_TIME_REAL "
p_mmsm_17570/mmsm33f2new_inq.cpp	201	221	"		SELECT PONO, SLAB_DEST, BILLET_TYPE, INGOT_CODE, sum(SLAB_NUM)SLAB_NUM FROM TPSSM03 "
p_mmsm_17570/mmsm33f2new_inq.cpp	250	251	sqlstr_count = "select count(0) from (" + sqlstr + sqlstr_temp + ")";
p_mmsm_17570/mmsm33f2new_inq1.cpp	84	84	sqlstr = " select a.code,nvl(b.ingot_code,' ')ingot_code,nvl(b.code_desc_1_content,' ') code_desc_1_content from("
p_mmsm_17570/mmsm33f2new_inq1.cpp	85	89	" select CODE, code_class from tep0002 where code_class = 'MS41' AND CODE_DESC_2_CONTENT = '1')a "
p_mmsm_17570/mmsm33f2new_inq1.cpp	107	111	sqlstr = " SELECT * "
p_mmsm_17570/mmsm33f2new_inq1.cpp	117	126	"SELECT * "
p_mmsm_17570/mmsm33f2new_inq1.cpp	171	175	" SELECT A.*,B.order_no,TQMTS0X.LABEL1 "
p_mmsm_17570/mmsm33f2new_inq1.cpp	176	181	"				SELECT MAT_NO,order_no "
p_mmsm_17570/mmsm33f6_cut.cpp	125	127	sqlstr = "SELECT MANAGE_FLAG"
p_mmsm_17570/mmsm33f6_cut.cpp	145	147	sqlstr = "SELECT  MAT_NO,MAT_NUM,UNIT_CODE"
p_mmsm_17570/mmsm33matno_inq.cpp	88	93	" SELECT LSLAB_NO,nvl(sum(slab_len),0),nvl(count(1),0),nvl(SLAB_NUM,0) FROM TPSSM03 "
p_mmsm_17570/mmsm33matno_inq.cpp	122	126	" SELECT LSLAB_NO,nvl(sum(slab_len),0),nvl(count(1),0),nvl(SLAB_NUM,0) FROM TPSSM03 "
p_mmsm_17570/mmsm33mf2_inq.cpp	106	106	CString c_sql_condition  =  " SELECT *        FROM tmmsm33  t" ;
p_mmsm_17570/mmsm33mf2_inq.cpp	107	108	CString c_sql_condition2 =	" SELECT COUNT(1) FROM tmmsm33  t";
p_mmsm_17570/mmsm33mf2_inq.cpp	119	122	sqlstr_count = " SELECT COUNT(1) "
p_mmsm_17570/mmsm33mf2_inq.cpp	123	126	sqlstr	 = " SELECT * "
p_mmsm_17570/mmsm33tgjypop_inq.cpp	87	89	sqlstr_count = " SELECT COUNT(1) "
p_mmsm_17570/mmsm33tgjypop_inq.cpp	90	92	sqlstr = " SELECT * "
p_mmsm_17570/mmsm34_1_inq.cpp	139	139	sqlstr_count = " SELECT COUNT(1) FROM " + tableName + " WHERE 1=1 ";
p_mmsm_17570/mmsm34_1_inq.cpp	140	146	sqlstr = " SELECT * FROM " + tableName + " WHERE 1=1 ";
p_mmsm_17570/mmsm34f2_inq.cpp	228	229	sqlstr_count = " SELECT COUNT(1) FROM " + tableName + " WHERE 1=1 ";
p_mmsm_17570/mmsm34f2_inq.cpp	231	233	sqlstr = " SELECT T1.*,TQ01.APN AS APN_1,TQ01.ORDER_THICK,TQ01.PROD_CLASS_DESC FROM TMMSM01 T1  "
p_mmsm_17570/mmsm34f2_inq.cpp	237	248	sqlstr = " SELECT * FROM " + tableName + " WHERE 1=1 ";
p_mmsm_17570/mmsm34f2_inq.cpp	368	370	CString sqlstrIp = " SELECT t.CODE_DESC_1_CONTENT FROM TWMSMZD02 t  WHERE 1 = 1  AND t.CODE_CLASS = 'MEND_SET_IP'  AND t.CODE = '" + ip + "' ";
p_mmsm_17570/mmsm34f3_ins.cpp	343	344	sqlstr = " SELECT t.CODE_DESC_1_CONTENT FROM TWMSMZD02 t  WHERE 1 = 1  AND t.CODE_CLASS = 'MEND_SET_IP'  AND t.CODE = '" + ip + "' ";
p_mmsm_17570/mmsm34f3_ins.cpp	449	451	sqlstr = " SELECT t.CODE_DESC_1_CONTENT FROM TWMSMZD02 t  WHERE 1 = 1  AND t.CODE_CLASS = 'MEND_SET_IP'  AND t.CODE = '" + ip + "' ";
p_mmsm_17570/mmsm34f4_upd.cpp	175	176	CString strsql = " SELECT t.CODE_DESC_1_CONTENT FROM TWMSMZD02 t WHERE 1 =1 and t.CODE_CLASS = 'METALRATE'  and t.CODE = '" + stNo + "' ";
p_mmsm_17570/mmsm35f2_inq.cpp	118	118	sqlstr_count = " SELECT COUNT(1) FROM " + tableName + " WHERE 1=1 ";
p_mmsm_17570/mmsm35f2_inq.cpp	119	124	sqlstr = " SELECT * FROM " + tableName + " WHERE 1=1 ";
p_mmsm_17570/mmsm35f6_cut.cpp	407	408	sqlstr = " SELECT * FROM TPSSM03 WHERE LSLAB_NO = '" + tmmsm01_slab["LSLAB_NO"].ToString().Trim() + "' AND  SLAB_PROD_FLAG = '1'"
p_mmsm_17570/mmsm35f9_del.cpp	102	103	sqlstr = "SELECT * FROM TMMSM35 WHERE IN_MAT_NO = '"+ tmmsm01["IN_MAT_NO"].ToString() +"'";
p_mmsm_17570/mmsm35popf2_inq.cpp	143	144	sqlstr = " SELECT  BATCH,SUBSTR(BATCH,9,2) FROM TMMSM35 WHERE HEAT_NO = '" + v_heat_no + "' AND SUBSTR(BATCH,9,2) > '30' "
p_mmsm_17570/mmsm35popf2_inq.cpp	146	149	sqlstr_count = " SELECT COUNT(1) "
p_mmsm_17570/mmsm35popf2_inq.cpp	165	166	sqlstr_t01 = " SELECT  BATCH,SUBSTR(BATCH,9,2) FROM VMMSM01 WHERE HEAT_NO = '" + v_heat_no + "' AND SUBSTR(BATCH,9,2) > '30' "
p_mmsm_17570/mmsm36_pro.cpp	51	52	CString strsql = " select CODE,CODE_DESC_1_CONTENT from TWMSMZD02  where CODE_CLASS = 'INSPECT_MAKER' and code =  " + maker + "";
p_mmsm_17570/mmsm36f2_inq.cpp	157	157	sqlstr_count = " SELECT COUNT(1) FROM " + qy_table + " WHERE 1=1 ";
p_mmsm_17570/mmsm36f2_inq.cpp	159	165	sqlstr = " SELECT *  FROM  " + qy_table + " WHERE 1=1 ";
p_mmsm_17570/mmsm_upload_pro.cpp	54	58	sqlstr = " SELECT MAT_NO,PROD_SEQ_NO,ISUPLOAD  FROM TMMSM34  WHERE 1 = 1  AND  ISUPLOAD not in ('1','2')  ORDER BY REC_CREATE_TIME DESC, MAT_NO ASC ";
p_mmsm_17570/mmsmacshf2_inq.cpp	247	249	sqlstr = "SELECT * FROM ( SELECT CASE WHEN (SELECT PONO FROM TPSSM11 S WHERE S.PONO = T.PONO )  IS NULL and (SELECT PONO FROM TPSSM_PLAN_ST S WHERE S.PONO = T.P
p_mmsm_17570/mmsmacshf2_inq.cpp	250	252	"	SELECT CASE WHEN(SELECT PONO FROM TPSSM11 S WHERE S.PONO = T.PONO)  IS NULL and(SELECT PONO FROM TPSSM_PLAN_ST S WHERE S.PONO = T.PONO) IS NULL  THEN	"
p_mmsm_17570/mmsmacshf2_inq1.cpp	93	97	sqlstr = " SELECT * FROM TMMSM33ZDSH ORDER BY SHOW_SEQ_NO";
p_mmsm_17570/mmsmacshf2_inq2.cpp	98	98	sqlstr_count = " SELECT COUNT(1) WHERE MAT_NO = '" + v_mat_no + "'";
p_mmsm_17570/mmsmacshf2_inq2.cpp	99	103	sqlstr = " SELECT * FROM TMMSM3E  WHERE MAT_NO = '" + v_mat_no + "'";
p_mmsm_17570/mmsmcode_query.cpp	48	51	sqlstr = "SELECT STOCK_NO,STOCK_NO_ANOTHER,stock_desc FROM TWM01 where 1=1";
p_mmsm_17570/mmsmcode_query.cpp	53	56	sqlstr = "SELECT LOAD_CODE,LOAD_NAME FROM TWMSM61A where 1=1 order by LOAD_CODE";
p_mmsm_17570/mmsmcode_query.cpp	58	61	sqlstr = "SELECT UNLOAD_CODE,UNLOAD_NAME FROM TWMSM62A where 1=1 order by UNLOAD_CODE";
p_mmsm_17570/mmsmcode_query.cpp	63	67	sqlstr = "select CODE,CODE_DESC_1_CONTENT from TWMSMZD02  where CODE_CLASS='WM01'";
p_mmsm_17570/mmsmcode_query.cpp	68	73	sqlstr = " select stock_place_no,CODE_DESC,STOCK_NO from twm04 where 1=1 and STOCK_NO = '" + value + "' order by stock_place_no";
p_mmsm_17570/mmsmcode_query.cpp	79	81	sqlstr = " SELECT t.CODE_DESC_1_CONTENT ,t.CODE_CLASS FROM TWMSMZD02 t WHERE 1 =1 and  (t.CODE_CLASS = 'METALRATE' or t.CODE_CLASS = 'PROCESS_S')  and t.CODE = 
p_mmsm_17570/mmsmcode_query.cpp	83	83	sqlstr = " SELECT t.CODE_DESC_2_CONTENT as CODE_DESC_1_CONTENT ,t.CODE_CLASS FROM TWMSMZD02 t WHERE 1 =1 and  (t.CODE_CLASS = 'METALRATE' or t.CODE_CLASS = 'PRO
p_mmsm_17570/mmsmcode_query.cpp	87	97	sqlstr = " SELECT ' ' as CODE_DESC_1_CONTENT ,t.CODE_CLASS FROM TWMSMZD02 t WHERE 1 =1 and  (t.CODE_CLASS = 'METALRATE' or t.CODE_CLASS = 'PROCESS_S')  and t.CO
p_mmsm_17570/mmsmcode_query.cpp	99	104	sqlstr = " SELECT t.CODE_DESC_3_CONTENT ,t.CODE_DESC_4_CONTENT FROM TWMSMZD02 t WHERE 1 =1 and t.CODE_CLASS = 'PROCESS_S' and t.CODE = '" + value + "' ";
p_mmsm_17570/mmsmcode_query.cpp	111	112	CString ipCount = " select count(*)  FROM TWMSMZD02 t  WHERE 1 = 1  AND t.CODE_CLASS = 'MEND_SET_IP'  AND t.CODE = '" + value + "' ";
p_mmsm_17570/mmsmcode_query.cpp	125	131	sqlstr = " SELECT t.CODE_DESC_1_CONTENT,T.CODE_DESC_2_CONTENT ,'" + name + "' as CODE_DESC_3_CONTENT , '" + PROD_SHIFT_GROUP + "'as CODE_DESC_4_CONTENT  FROM TW
p_mmsm_17570/mmsmcode_query.cpp	133	136	sqlstr = "select CODE,CODE_DESC_1_CONTENT from TWMSMZD02  where CODE_CLASS='WM02'";
p_mmsm_17570/mmsmcode_query.cpp	138	141	sqlstr = "select CODE,CODE_DESC_1_CONTENT from TWMSMZD02  where CODE_CLASS='MMBMZL'";
p_mmsm_17570/mmsmcode_query.cpp	143	146	sqlstr = " SELECT LOAD_CODE,LOAD_NAME FROM TWMSM61A where 1=1 order by LOAD_CODE ";
p_mmsm_17570/mmsmcode_query.cpp	148	151	sqlstr = " SELECT UNLOAD_CODE,UNLOAD_NAME FROM TWMSM62A where 1=1 order by UNLOAD_CODE ";
p_mmsm_17570/mmsmcode_query.cpp	153	156	sqlstr = " select code,CODE_DESC_1_CONTENT from TEP0002 t where t.CODE_CLASS = 'LC03' ";
p_mmsm_17570/mmsmcode_query.cpp	158	161	sqlstr = " select t.wlpot, t.description from Tmmsmpot t where t.kzkri = 'X' ";
p_mmsm_17570/mmsmcode_query.cpp	163	166	sqlstr = "  select CODE_CLASS,CODE ,CODE_DESC_1_CONTENT from TWMSMZD02  where CODE_CLASS in ('XMBMZL' ,'WM02') order by CODE_CLASS desc  ";
p_mmsm_17570/mmsmfply_inq.cpp	60	61	sqlstr = " SELECT T1.*,T2.SG_GRADE_1 ,T3.CODE_DESC_1_CONTENT AS STEEL_TYPE FROM TMMSMFPLY T1 LEFT JOIN TQMTS0X T2 ON T1.ST_NO = T2.ST_NO "
p_mmsm_17570/mmsmfpmx_inq.cpp	84	89	sqlstr = " SELECT T.*,T2.CODE_DESC_1_CONTENT AS STEEL_TYPE FROM (\
p_mmsm_17570/mmsmfpmx_inq.cpp	153	158	sqlstr = " SELECT T.*,T2.CODE_DESC_1_CONTENT AS STEEL_TYPE FROM (\
p_mmsm_17570/mmsmfpmx_inq.cpp	222	246	sqlstr = " SELECT * FROM (SELECT T.ST_NO,T.PROD_TIME,T.PROD_SHIFT_GROUP,T.MAT_ACT_WIDTH,T.SG_GRADE_1 AS MATERIAL_DESC_BACK,\
p_mmsm_17570/mmsmfpmx_inq.cpp	274	297	sqlstr = " SELECT T1.*,T2.CODE_DESC_1_CONTENT AS STEEL_TYPE FROM (\
p_mmsm_17570/mmsmfpmx_inq1.cpp	74	77	sqlstr = " SELECT T1.*,T2.SG_GRADE_1 FROM "
p_mmsm_17570/mmsmfpmx_inq1.cpp	118	121	sqlstr = " SELECT T1.*, T2.SG_GRADE_1 FROM "
p_mmsm_17570/mmsmfpmx_inq2.cpp	68	69	sqlstr = " SELECT T1.*,T2.RECUT_GROUP,T2.RECUT_DATE FROM VMMSM01 T1 "
p_mmsm_17570/mmsmfpmx_inq3.cpp	72	72	sqlstr = "  SELECT * FROM (SELECT T.*,CASE WHEN SUBSTR(T.ST_NO,0,1) = '2' THEN '0' ELSE '1' END AS C_DIV FROM ( "
p_mmsm_17570/mmsmfpmx_inq3.cpp	73	80	" SELECT T.PROD_TIME, T.PROD_SHIFT_GROUP, T.RECUT_GROUP, T.PROD_SHIFT_NO, T.HEAT_NO, T.MAT_NO, T.BATCH, T.ST_NO, R1.SG_GRADE_1, R2.CODE_DESC_1_CONTENT AS STEEL_
p_mmsm_17570/mmsmfpmx_inq3.cpp	81	83	" SELECT MAX(MAT_LEN_1) MAT_LEN_1, MAX(MAT_LEN_2) MAT_LEN_2, MAX(MAT_LEN_3) MAT_LEN_3, MAX(MAT_LEN_4) MAT_LEN_4, MAX(MAT_LEN_5) MAT_LEN_5, MAX(MAT_LEN_6) MAT_LE
p_mmsm_17570/mmsmfpmx_inq3.cpp	84	100	" SELECT CASE WHEN PX_OR = '1' THEN MAT_LEN ELSE 0 END MAT_LEN_1, CASE WHEN PX_OR = '2' THEN MAT_LEN ELSE 0 END MAT_LEN_2, "
p_mmsm_17570/mmsmfpmx_inq4.cpp	72	73	sqlstr = "  SELECT * FROM (SELECT T.*,CASE WHEN SUBSTR(T.ST_NO,0,1) = '2' THEN '0' ELSE '1' END AS C_DIV, "
p_mmsm_17570/mmsmfpmx_inq4.cpp	74	81	" SELECT T.PROD_TIME, T.PROD_SHIFT_GROUP, T.RECUT_GROUP, T.PROD_SHIFT_NO, T.HEAT_NO, T.MAT_NO, T.BATCH, T.ST_NO, R1.SG_GRADE_1, R2.CODE_DESC_1_CONTENT AS STEEL_
p_mmsm_17570/mmsmfpmx_inq4.cpp	82	84	" SELECT MAX(MAT_LEN_1) MAT_LEN_1, MAX(MAT_LEN_2) MAT_LEN_2, MAX(MAT_LEN_3) MAT_LEN_3, MAX(MAT_LEN_4) MAT_LEN_4, MAX(MAT_LEN_5) MAT_LEN_5, MAX(MAT_LEN_6) MAT_LE
p_mmsm_17570/mmsmfpmx_inq4.cpp	85	101	" SELECT CASE WHEN PX_OR = '1' THEN MAT_LEN ELSE 0 END MAT_LEN_1, CASE WHEN PX_OR = '2' THEN MAT_LEN ELSE 0 END MAT_LEN_2, "
p_mmsm_17570/mmsmgetdata_inq.cpp	74	78	sqlstr = "SELECT  SG_GRADE_1  FROM TQMTS0X  WHERE 1 =1 ";
p_mmsm_17570/mmsmgetdata_inq.cpp	99	99	sqlstr = "select ROW_NUMBER() over ( ORDER BY CAST_NUM DESC ),CAST_DIV_NO FROM ( "
p_mmsm_17570/mmsmgetdata_inq.cpp	100	102	" SELECT SUBSTR(SLAB_NO, 18, 3) CAST_DIV_NO, COUNT(1) AS CAST_NUM FROM TMMSM01 WHERE HEAT_NO = '" + v_heat_no_01a1 + "'  "
p_mmsm_17570/mmsmgetdata_inq.cpp	103	104	" SELECT SUBSTR(SLAB_NO, 18, 3) CAST_DIV_NO, COUNT(1) AS CAST_NUM  FROM HMMSM01 WHERE HEAT_NO = '" + v_heat_no_01a1 + "' "
p_mmsm_17570/mmsmgetdata_inq.cpp	116	118	sqlstr = "SELECT SM_PLAN_NOL2,PONO  FROM TPSSM11 WHERE HEAT_NO = '" + v_heat_no_01a1 + "' ";
p_mmsm_17570/mmsmgetdata_inq.cpp	132	133	sqlstr = "SELECT SM_PLAN_NOL2,PONO  FROM TPSSM41 WHERE HEAT_NO = '" + v_heat_no_01a1 + "' ";
p_mmsm_17570/mmsmgetdata_inq.cpp	168	169	sqlstr = "SELECT  SG_GRADE_1  FROM TQMTS0X  WHERE ST_NO = '" + v_st_no11 + "'";
p_mmsm_17570/mmsmingotcode_inq.cpp	79	81	sqlstr_inq = " SELECT * FROM TQMTMD9 ";
p_mmsm_17570/mmsmwt_del.cpp	75	76	sqlstr = "SELECT MMSM_MATNO_SEQ.NEXTVAL FROM TMMSM25 ";
p_mmsm_17570/mmsmwt_del.cpp	80	81	sqlstr = "SELECT MMSM_MATNO_SEQ.NEXTVAL  FROM DUAL";
p_mmsm_17570/mmsmwt_inq.cpp	59	59	"select tmmsmwt.* from tmmsmwt where 1=1 ";
p_mmsm_17570/mmsmwt_inq.cpp	60	63	sqlstr_count = " SELECT COUNT(1) FROM tmmsmwt where 1=1 ";
p_mmsm_17570/mmsmwt_ins.cpp	52	53	sqlstr = "SELECT MMSM_MATNO_SEQ.NEXTVAL FROM TMMSM25 ";
p_mmsm_17570/mmsmwt_ins.cpp	57	58	sqlstr = "SELECT MMSM_MATNO_SEQ.NEXTVAL  FROM DUAL";
p_mmsm_17570/mmsmwt_ins.cpp	69	70	CDbCommand getSeq1("SELECT max(seq_id)+1  FROM tmmsmwt", conn);
p_mmsm_17570/mmsmwt_ins.cpp	96	97	sqlstr = "SELECT PARA_NAME,PARA  FROM TMMSMPARA WHERE PROGRAM_NAME  = @s_formname and PARA_NAME = 'primary_key' ";
p_mmsm_17570/mmsmwt_ins.cpp	115	116	sqlstr = "SELECT ITEM_ENAME FROM TED54 WHERE FUNC_ID = @i_func_id and item_key_flag = '1' ";
p_mmsm_17570/mmsmwt_ins.cpp	139	140	sqlstr = "INSERT INTO TMMSMWTB WHERE OPER_FLAG = 'D' ";
p_mmsm_17570/mmsmwt_upd.cpp	58	59	sqlstr = "SELECT MMSM_MATNO_SEQ.NEXTVAL FROM TMMSM25 ";
p_mmsm_17570/mmsmwt_upd.cpp	63	64	sqlstr = "SELECT MMSM_MATNO_SEQ.NEXTVAL  FROM DUAL";
p_mmsm_17570/mmsmwt_upd.cpp	79	80	sqlstr = "SELECT PARA_NAME,PARA  FROM TMMSMPARA PROGRAM_NAME  = @s_formname and PARA_NAME = 'pop_flag' ";
p_mmsm_17570/mmsmwt_upd.cpp	92	92	sqlstr = "SELECT PARA_NAME,PARA  FROM TMMSMPARA PROGRAM_NAME  = @s_formname and PARA_NAME = 'func_id_p' ";
p_mmsm_17570/mmsmwt_upd.cpp	96	98	sqlstr = "SELECT PARA_NAME,PARA  FROM TMMSMPARA PROGRAM_NAME  = @s_formname and PARA_NAME = 'func_id' ";
p_mmsm_17570/mmsmwt_upd.cpp	109	110	sqlstr = "SELECT ITEM_ENAME FROM TED54 WHERE FUNC_ID = @i_func_id and FORM_EDIT_FLAG = '1' AND ITEM_ENAME!='SEQ_ID' ";
p_mmsm_17570/mmsmwtb_inq.cpp	51	51	"select tmmsmwtb.* from tmmsmwtb where 1=1 ";
p_mmsm_17570/mmsmwtb_inq.cpp	52	55	sqlstr_count = " SELECT COUNT(1) FROM tmmsmwtb where 1=1 ";
p_mmsm_17570/mmsmzdsh_pro.cpp	90	91	sqlstr = "SELECT STRAND_NO,SH_SWITCH,PROC_TIME FROM TMMSM33ZDSH";
p_mmsm_17570/mmsmzdsh_pro.cpp	188	191	sqlstr = "select   CASE WHEN (SELECT PONO FROM TPSSM11 S WHERE S.PONO = T.PONO )  IS NULL THEN "
p_mmsm_17570/mmsmzdsh_pro.cpp	361	363	sqlstr = "select ELM_ACT FROM TQMTS29 WHERE HEAT_NO = '" + tmmsm01["HEAT_NO"].ToString().Trim() + "' AND ELM_NAME = 'C'";
p_mmsm_17570/tpssm81f2_inq.cpp	132	132	sqlstr_count = " SELECT COUNT(1) FROM " + tableName + " WHERE 1=1 ";
p_mmsm_17570/tpssm81f2_inq.cpp	133	137	sqlstr = " SELECT * FROM " + tableName + " WHERE 1=1 ";
p_mmsm_17580/mmsm57a_inq.cpp	60	72	" select stat_date,seq_id,mat_code,mat_name,STOCK_WT_QC,IN_STOCK_WT1,STOCK_WT_QC1,IN_STOCK_WT,IN_STOCK_WT2,OUT_STOCK_WT1"
p_mmsm_17580/mmsm57a_inq.cpp	73	82	" select t1.stat_date,t1.seq_id,t1.mat_code,t1.mat_name,t1.STOCK_WT_QC,t1.IN_STOCK_WT1,t1.STOCK_WT_QC1,t1.IN_STOCK_WT,t1.IN_STOCK_WT2,t1.OUT_STOCK_WT1"
p_mmsm_17580/mmsm57a_inq.cpp	106	108	sqlstr = "select to_number(to_char(last_day(to_date(@stat_date,'yyyyMMdd')),'yyyyMMdd')) "
p_mmsm_17580/mmsm57a_inq.cpp	120	136	" select stat_date,seq_id,mat_code,mat_name"
p_mmsm_17580/mmsm57a_inq.cpp	137	146	" select t1.stat_date,t1.seq_id,t1.mat_code,t1.mat_name,t1.STOCK_WT_QC,t1.IN_STOCK_WT1,t1.STOCK_WT_QC1,t1.IN_STOCK_WT,t1.IN_STOCK_WT2,t1.OUT_STOCK_WT1"
p_mmsm_17580/mmsm57a_inq.cpp	302	305	sqlstr = " SELECT EAF1_E,EAF2_E,IF1_E,IF2_E,IF3_E,IF4_E,IF5_E,IF6_E,IF7_E,IF8_E "
p_mmsm_17580/mmsm57a_inq.cpp	311	314	sqlstr = " SELECT EAF1_E,EAF2_E,IF1_E,IF2_E,IF3_E,IF4_E,IF5_E,IF6_E,IF7_E,IF8_E "
p_mmsm_17580/mmsm57a_inq.cpp	427	429	sqlstr = "select to_number(to_char(last_day(to_date(@stat_date,'yyyyMM')),'yyyyMMdd')) "
p_mmsm_17580/mmsm57a_inq.cpp	440	446	sqlstr = " SELECT STAT_DATE,MAT_CODE,MAT_NAME,STOCK_WT_QC,STOCK_WT_QC1,STOCK_WT_QC2,IN_STOCK_WT1,IN_STOCK_WT2,IN_STOCK_WT,OUT_STOCK_WT,OUT_STOCK_WT1,OUT_STOCK_W
p_mmsm_17580/mmsm57a_inq.cpp	447	452	" select STAT_DATE,t1.MAT_CODE,MAT_NAME,STOCK_WT_QC,STOCK_WT_QC1,STOCK_WT_QC2,IN_STOCK_WT1,IN_STOCK_WT2,IN_STOCK_WT,OUT_STOCK_WT,OUT_STOCK_WT1,OUT_STOCK_WT2,OUT
p_mmsm_17580/mmsm57a_inq.cpp	453	456	" select mat_code,sum(devo_wt) mes_wt from (select mat_code,sum(devo_wt) devo_wt from  tmmsm2a_send where 1 = 1 and  send_flag = '1' and  RTN_FLAG != '1' AND HA
p_mmsm_17580/mmsm57a_inq.cpp	473	484	sqlstr = " SELECT STAT_DATE,MAT_CODE,MAT_NAME"
p_mmsm_17580/mmsm57a_inq.cpp	485	490	" select STAT_DATE,t1.MAT_CODE,MAT_NAME,STOCK_WT_QC,STOCK_WT_QC1,STOCK_WT_QC2,IN_STOCK_WT1,IN_STOCK_WT2,IN_STOCK_WT,OUT_STOCK_WT,OUT_STOCK_WT1,OUT_STOCK_WT2,OUT
p_mmsm_17580/mmsm57a_inq.cpp	491	494	" select mat_code,sum(devo_wt) mes_wt from (select mat_code,sum(devo_wt) devo_wt from  tmmsm2a_send where 1 = 1 and  send_flag = '1' and  RTN_FLAG != '1' AND HA
p_mmsm_17580/mmsm57a_inq.cpp	521	524	sqlstr = " select * "
p_mmsm_17580/mmsm57a_save.cpp	51	54	sqlstr = " delete from " + v_table +
p_mmsm_17580/mmsm57a_save.cpp	61	64	sqlstr = " select max(SEQ_ID) from " + v_table +
p_mmsm_17580/mmsm82a_inq.cpp	77	81	sqlstr = " select BOF0_S,BOF0_E,BOF1_S,BOF1_E,BOF2_S,BOF2_E,BOF9_S,BOF9_E,AOD0_S,AOD0_E,AOD1_S,AOD1_E,AOD2_S,AOD2_E,AOD6_S,AOD6_E"
p_mmsm_17580/mmsm82a_inq.cpp	154	161	sqlstr = " select t.*"
p_mmsm_17580/mmsm82a_inq.cpp	165	166	" select heat_no,dev_code,ST_NO,MAT_CODE,LOT_NO,sum(DEVO_WT) DEVO_WT"
p_mmsm_17580/mmsm82a_inq.cpp	167	173	" select heat_no,dev_code,ST_NO,MAT_CODE,LOT_NO,OUT_STOCK_WT DEVO_WT"
p_mmsm_17580/mmsm82a_inq.cpp	174	180	" select heat_no,dev_code,ST_NO,MAT_CODE,' ' LOT_NO,OUT_STOCK_WT DEVO_WT"
p_mmsm_17580/mmsm82a_inq.cpp	181	191	" select heat_no,dev_code,ST_NO,MAT_CODE,LOT_NO,0-DEVO_WT as DEVO_WT"
p_mmsm_17580/mmsm82a_inq2.cpp	71	74	sqlstr = " select * from tmmsmgy06"
p_mmsm_17580/mmsm82a_inq2.cpp	84	90	sqlstr = " select stat_date,sm_plan_nol2,heat_no,st_no,dev_code,mat_code,MAT_NAME,LOT_NO,SUM(OUT_STOCK_WT) as DEVO_WT	 "
p_mmsm_17580/mmsm82a_inq2.cpp	97	100	sqlstr = " select mat_no,recv_mat_time,RECEIVE_WEIGHT as mat_act_wt,st_no"
p_mmsm_17580/mmsm82a_inq2.cpp	101	106	" select mat_no,recv_mat_time,RECEIVE_WEIGHT as mat_act_wt,st_no"
p_mmsm_17580/mmsm82a_inq2.cpp	113	116	sqlstr = " select * from tmmsm2a_send"
p_mmsm_17580/mmsm82a_snd.cpp	117	120	sqlstr = " select stat_date"
p_mmsm_17580/mmsm82a_snd.cpp	141	146	sqlstr = " select prod_date from TMMSM2A_SEND "
p_mmsm_17580/mmsm82a_snd.cpp	171	172	sqlstr = " select VALID_FLAG_1 from tmmsmgy05 where  heat_no=@heat_no "
p_mmsm_17580/mmsm82a_snd.cpp	190	194	sqlstr = " select * from tmmsmgy06_sed"
p_mmsm_17580/mmsm82a_snd.cpp	214	219	sqlstr = " update tmmsmgy06_sed set RTN_FLAG = '1',RETURN_TIME=@datetime"
p_mmsm_17580/mmsm82a_snd.cpp	229	236	sqlstr = " select * from TMMSM2A_SEND t1"
p_mmsm_17580/mmsm82a_snd.cpp	259	266	sqlstr = " select * from TMMSM2A_SEND t1"
p_mmsm_17580/mmsm82a_snd.cpp	288	294	sqlstr = " update tmmsm2a_send set RTN_FLAG = '1',RETURN_TIME=@datetime"
p_mmsm_17580/mmsm82a_snd.cpp	313	314	sqlstr = " select AFFIRM_FLAG from tmmsmgy06 where AFFIRM_FLAG !='1' and  heat_no=@heat_no "
p_mmsm_17580/mmsm82a_snd.cpp	327	328	sqlstr = " select mat_no from tmmsm01 where recv_mat_time=' ' and  heat_no=@heat_no "
p_mmsm_17580/mmsm82a_snd.cpp	329	330	" select mat_no from hmmsm01 where recv_mat_time = ' ' and  heat_no = @heat_no "
p_mmsm_17580/mmsm82a_snd.cpp	343	344	sqlstr = " select VALID_FLAG_1,RECV_MAT_TIME from tmmsmgy05 where  heat_no=@heat_no "
p_mmsm_17580/mmsm82a_snd.cpp	361	367	sqlstr = " select count(1)"
p_mmsm_17580/mmsm82a_snd.cpp	386	390	sqlstr = " select * from tmmsmgy06A"
p_mmsm_17580/mmsm82a_snd.cpp	411	415	sqlstr = " update tmmsmgy06_sed set TC_SEND_FLAG = '1',DATI_MSG_SENT=@datetime"
p_mmsm_17580/mmsm82a_snd.cpp	425	429	sqlstr = " delete from tmmsm2a_send"
p_mmsm_17580/mmsm82a_snd.cpp	435	440	sqlstr = " select max(SEQ_NO_2A) "
p_mmsm_17580/mmsm82a_snd.cpp	458	461	sqlstr = " update tmmsm56 t1 set LOT_NO = (select lot_no from vlotno t2 where t1.WEIGH_NO=t2.WEIGH_NO)"
p_mmsm_17580/mmsm82a_snd.cpp	467	467	sqlstr = " insert into tmmsm2a_send(rec_creator,rec_create_time,stat_date,sm_plan_nol2,heat_no,L2_PROC_NO,pono,st_no,dev_code,mat_code,LOT_NO,DEVO_TIME,prod_dat
p_mmsm_17580/mmsm82a_snd.cpp	468	469	" select @rec_creator,@rec_create_time,t1.stat_date,t1.sm_plan_nol2,t1.heat_no,t1.L2_PROC_NO,t1.pono,t1.st_no,t1.dev_code,t1.mat_code,t1.LOT_NO,@rec_create_time
p_mmsm_17580/mmsm82a_snd.cpp	470	472	" select stat_date,sm_plan_nol2,heat_no,L2_PROC_NO,pono,st_no,dev_code,mat_code,LOT_NO,prod_date,sum(devo_wt) devo_wt "
p_mmsm_17580/mmsm82a_snd.cpp	473	479	" select stat_date,sm_plan_nol2,heat_no,L2_PROC_NO,pono,st_no,dev_code,mat_code,LOT_NO,substr(recv_mat_time,1,8) as prod_date,OUT_STOCK_WT as devo_wt"
p_mmsm_17580/mmsm82a_snd.cpp	480	486	" select stat_date,sm_plan_nol2,heat_no,L2_PROC_NO,pono,st_no,dev_code,mat_code,' ' as LOT_NO,substr(recv_mat_time,1,8) as prod_date,OUT_STOCK_WT as devo_wt"
p_mmsm_17580/mmsm82a_snd.cpp	487	498	" select stat_date,sm_plan_nol2,heat_no,L2_PROC_NO,pono,st_no,dev_code,mat_code,LOT_NO,prod_date,0-devo_wt as devo_wt"
p_mmsm_17580/mmsm82a_snd.cpp	510	515	sqlstr = " update TMMSM2A_SEND t1 set mat_act_wt = (select sum(mat_act_wt) from tmmsm56b t2 where t1.st_no=t2.st_no and  t2.heat_no=@heat_no)"
p_mmsm_17580/mmsm82a_snd.cpp	524	531	sqlstr = " select * from TMMSM2A_SEND t1"
p_mmsm_17580/mmsm82a_snd.cpp	555	562	sqlstr = " select * from TMMSM2A_SEND t1"
p_mmsm_17580/mmsm82a_snd.cpp	583	589	sqlstr = " update tmmsm2a_send set SEND_FLAG = '1',SEND_TIME=@datetime"
p_mmsm_17580/mmsm82a_snd.cpp	645	646	sqlstr = " select VALID_FLAG_1,recv_mat_time from tmmsmgy05 where  heat_no=@heat_no "
p_mmsm_17580/mmsm82a_snd.cpp	660	665	sqlstr = " select prod_date from TMMSM2A_SEND "
p_mmsm_17580/mmsm82a_snd.cpp	685	686	sqlstr =  " select heat_no,dev_code,sum(DURATION_TIME) DURATION_TIME"
p_mmsm_17580/mmsm82a_snd.cpp	687	692	" select heat_no,dev_code,st_no,DURATION_TIME"
p_mmsm_17580/mmsm82a_snd.cpp	693	701	" select heat_no,dev_code,st_no,0-DURATION_TIME as DURATION_TIME"
p_mmsm_17580/mmsm82a_snd.cpp	707	711	sqlstr = " select * from tmmsmgy06_sed"
p_mmsm_17580/mmsm82a_snd.cpp	731	736	sqlstr = " update tmmsmgy06_sed set RTN_FLAG = '1',RETURN_TIME=@datetime"
p_mmsm_17580/mmsm82a_snd.cpp	744	748	sqlstr = " select * from tmmsmgy06A"
p_mmsm_17580/mmsm82a_snd.cpp	769	773	sqlstr = " update tmmsmgy06_sed set TC_SEND_FLAG = '1',DATI_MSG_SENT=@datetime"
p_mmsm_17580/mmsm82a_snd.cpp	785	786	sqlstr = " select heat_no,dev_code,ST_NO,MAT_CODE,LOT_NO,sum(DEVO_WT) DEVO_WT"
p_mmsm_17580/mmsm82a_snd.cpp	787	793	" select heat_no,dev_code,ST_NO,MAT_CODE,LOT_NO,OUT_STOCK_WT DEVO_WT"
p_mmsm_17580/mmsm82a_snd.cpp	794	800	" select heat_no,dev_code,ST_NO,MAT_CODE,' ' LOT_NO,OUT_STOCK_WT DEVO_WT"
p_mmsm_17580/mmsm82a_snd.cpp	801	810	" select heat_no,dev_code,ST_NO,MAT_CODE,LOT_NO,0-DEVO_WT as DEVO_WT"
p_mmsm_17580/mmsm82a_snd.cpp	817	824	sqlstr = " select * from TMMSM2A_SEND t1"
p_mmsm_17580/mmsm82a_snd.cpp	847	854	sqlstr = " select * from TMMSM2A_SEND t1"
p_mmsm_17580/mmsm82a_snd.cpp	876	882	sqlstr = " update tmmsm2a_send set RTN_FLAG = '1',RETURN_TIME=@datetime"
p_mmsm_17580/mmsm82a_snd.cpp	891	897	sqlstr = " select count(1)"
p_mmsm_17580/mmsm82a_snd.cpp	915	919	sqlstr = " delete from tmmsm2a_send"
p_mmsm_17580/mmsm82a_snd.cpp	925	930	sqlstr = " select max(SEQ_NO_2A) "
p_mmsm_17580/mmsm82a_snd.cpp	945	945	sqlstr = " insert into tmmsm2a_send(rec_creator,rec_create_time,stat_date,sm_plan_nol2,heat_no,L2_PROC_NO,pono,st_no,dev_code,mat_code,LOT_NO,DEVO_TIME,prod_dat
p_mmsm_17580/mmsm82a_snd.cpp	946	947	" select @rec_creator,@rec_create_time,t1.stat_date,t1.sm_plan_nol2,t1.heat_no,t1.L2_PROC_NO,t1.pono,t1.st_no,t1.dev_code,t1.mat_code,t1.LOT_NO,@rec_create_time
p_mmsm_17580/mmsm82a_snd.cpp	948	950	" select stat_date,sm_plan_nol2,heat_no,L2_PROC_NO,pono,st_no,dev_code,mat_code,LOT_NO,prod_date,sum(devo_wt) devo_wt "
p_mmsm_17580/mmsm82a_snd.cpp	951	957	" select stat_date,sm_plan_nol2,heat_no,L2_PROC_NO,pono,st_no,dev_code,mat_code,LOT_NO,substr(recv_mat_time,1,8) as prod_date,OUT_STOCK_WT as devo_wt"
p_mmsm_17580/mmsm82a_snd.cpp	958	964	" select stat_date,sm_plan_nol2,heat_no,L2_PROC_NO,pono,st_no,dev_code,mat_code,' ' LOT_NO,substr(recv_mat_time,1,8) as prod_date,OUT_STOCK_WT as devo_wt"
p_mmsm_17580/mmsm82a_snd.cpp	965	976	" select stat_date,sm_plan_nol2,heat_no,L2_PROC_NO,pono,st_no,dev_code,mat_code,LOT_NO,prod_date,0-devo_wt as devo_wt"
p_mmsm_17580/mmsm82a_snd.cpp	987	992	sqlstr = " update TMMSM2A_SEND t1 set mat_act_wt = (select sum(mat_act_wt) from tmmsm56b t2 where t1.st_no=t2.st_no and  t2.heat_no=@heat_no)"
p_mmsm_17580/mmsm82a_snd.cpp	1001	1008	sqlstr = " select * from TMMSM2A_SEND t1"
p_mmsm_17580/mmsm82a_snd.cpp	1032	1039	sqlstr = " select * from TMMSM2A_SEND t1"
p_mmsm_17580/mmsm82a_snd.cpp	1060	1066	sqlstr = " update tmmsm2a_send set SEND_FLAG = '1',SEND_TIME=@datetime"
p_mmsm_17580/mmsm82a_snd2_batch.cpp	100	101	sqlstr = " SELECT CODE1 FROM TMMSMZD WHERE CODE ='MMLC01'";
p_mmsm_17580/mmsm82a_snd2_batch.cpp	108	109	sqlstr = " SELECT CODE1 FROM TMMSMZD WHERE CODE ='MMLC02'";
p_mmsm_17580/mmsm82a_snd2_batch.cpp	120	128	sqlstr = " update tmmsmgy06 t1 set AFFIRM_FLAG ='1',AFFIRM_TIME = @datetime"
p_mmsm_17580/mmsm82a_snd2_batch.cpp	136	142	sqlstr = " update tmmsmgy05 set LOCK_FLAG = 'Y',AFFIRM_FLAG ='1',AFFIRM_TIME = @datetime"
p_mmsm_17580/mmsm82a_snd2_batch.cpp	156	164	sqlstr = " select heat_no,recv_mat_time from tmmsmgy05"
p_mmsm_17580/mmsm82a_snd2_batch.cpp	189	190	" select mat_no from tmmsm01 where recv_mat_time=' ' and  heat_no=@heat_no "
p_mmsm_17580/mmsm82a_snd2_batch.cpp	191	193	" select mat_no from hmmsm01 where recv_mat_time = ' ' and  heat_no = @heat_no "
p_mmsm_17580/mmsm82a_snd2_batch.cpp	205	211	sqlstr = " select count(1)"
p_mmsm_17580/mmsm82a_snd2_batch.cpp	229	233	sqlstr = " select * from tmmsmgy06A"
p_mmsm_17580/mmsm82a_snd2_batch.cpp	254	258	sqlstr = " update tmmsmgy06_sed set TC_SEND_FLAG = '1',DATI_MSG_SENT=@datetime"
p_mmsm_17580/mmsm82a_snd2_batch.cpp	268	272	sqlstr = " delete from tmmsm2a_send"
p_mmsm_17580/mmsm82a_snd2_batch.cpp	278	283	sqlstr = " select max(SEQ_NO_2A) "
p_mmsm_17580/mmsm82a_snd2_batch.cpp	301	304	sqlstr = " update tmmsm56 t1 set LOT_NO = (select lot_no from vlotno t2 where t1.WEIGH_NO=t2.WEIGH_NO)"
p_mmsm_17580/mmsm82a_snd2_batch.cpp	310	310	sqlstr = " insert into tmmsm2a_send(rec_creator,rec_create_time,stat_date,sm_plan_nol2,heat_no,L2_PROC_NO,pono,st_no,dev_code,mat_code,LOT_NO,DEVO_TIME,prod_dat
p_mmsm_17580/mmsm82a_snd2_batch.cpp	311	312	" select @rec_creator,@rec_create_time,t1.stat_date,t1.sm_plan_nol2,t1.heat_no,t1.L2_PROC_NO,t1.pono,t1.st_no,t1.dev_code,t1.mat_code,t1.LOT_NO,@rec_create_time
p_mmsm_17580/mmsm82a_snd2_batch.cpp	313	315	" select stat_date,sm_plan_nol2,heat_no,L2_PROC_NO,pono,st_no,dev_code,mat_code,LOT_NO,prod_date,sum(devo_wt) devo_wt "
p_mmsm_17580/mmsm82a_snd2_batch.cpp	316	322	" select stat_date,sm_plan_nol2,heat_no,L2_PROC_NO,pono,st_no,dev_code,mat_code,LOT_NO,substr(recv_mat_time,1,8) as prod_date,OUT_STOCK_WT as devo_wt"
p_mmsm_17580/mmsm82a_snd2_batch.cpp	323	329	" select stat_date,sm_plan_nol2,heat_no,L2_PROC_NO,pono,st_no,dev_code,mat_code,' ' as LOT_NO,substr(recv_mat_time,1,8) as prod_date,OUT_STOCK_WT as devo_wt"
p_mmsm_17580/mmsm82a_snd2_batch.cpp	330	341	" select stat_date,sm_plan_nol2,heat_no,L2_PROC_NO,pono,st_no,dev_code,mat_code,LOT_NO,prod_date,0-devo_wt as devo_wt"
p_mmsm_17580/mmsm82a_snd2_batch.cpp	353	358	sqlstr = " update TMMSM2A_SEND t1 set mat_act_wt = (select sum(mat_act_wt) from tmmsm56b t2 where t1.st_no=t2.st_no and  t2.heat_no=@heat_no)"
p_mmsm_17580/mmsm82a_snd2_batch.cpp	367	374	sqlstr = " select * from TMMSM2A_SEND t1"
p_mmsm_17580/mmsm82a_snd2_batch.cpp	398	405	sqlstr = " select * from TMMSM2A_SEND t1"
p_mmsm_17580/mmsm82a_snd2_batch.cpp	426	432	sqlstr = " update tmmsm2a_send set SEND_FLAG = '1',SEND_TIME=@datetime"
p_mmsm_17580/mmsm82a_snd_batch.cpp	62	62	sqlstr = " select distinct heat_no from ("
p_mmsm_17580/mmsm82a_snd_batch.cpp	63	64	" select heat_no from tmmsm01 where recv_mat_time<=@end_time and recv_mat_time>=@begin_time  "
p_mmsm_17580/mmsm82a_snd_batch.cpp	65	66	" select heat_no from hmmsm01 where recv_mat_time<=@end_time and recv_mat_time>=@begin_time  "
p_mmsm_17580/mmsm82a_snd_batch.cpp	67	70	" select heat_no from tmmsmgy05 where CC_START_TIME>=@end_day and recv_mat_time = ' '"
p_mmsm_17580/mmsm82a_snd_batch.cpp	96	96	sqlstr = " select distinct heat_no from ("
p_mmsm_17580/mmsm82a_snd_batch.cpp	97	98	" select heat_no,st_no,sum(mat_act_wt)"
p_mmsm_17580/mmsm82a_snd_batch.cpp	99	100	" select heat_no,st_no,sum(RECEIVE_WEIGHT) mat_act_wt from VMMSMCPCL_BB1 where  heat_no in (select heat_no from tmmsmgy05 where STAT_DATE = @stat_date ) group b
p_mmsm_17580/mmsm82a_snd_batch.cpp	101	105	" select heat_no,st_no,0-mat_act_wt from tmmsm56b where STAT_DATE = @stat_date  "
p_mmsm_17580/mmsm82a_snd_batch.cpp	126	127	sqlstr = " update tmmsmgy05 set SEND_T823 = '2'  "
p_mmsm_17580/mmsm82a_snd_batch.cpp	128	128	" select HEAT_NO,st_no,mat_code,sum(DEVO_WT) DEVO_WT from ("
p_mmsm_17580/mmsm82a_snd_batch.cpp	129	134	"SELECT HEAT_NO,st_no,mat_code,sum(OUT_STOCK_WT) DEVO_WT "
p_mmsm_17580/mmsm82a_snd_batch.cpp	135	152	"  select  HEAT_NO,st_no,mat_code, 0-sum(DEVO_WT) DEVO_WT "
p_mmsm_17580/mmsm82a_snd_batch.cpp	183	188	sqlstr = " select heat_no from tmmsmgy05"
p_mmsm_17580/mmsm82a_snd_force.cpp	117	120	sqlstr = " select stat_date"
p_mmsm_17580/mmsm82a_snd_force.cpp	141	146	sqlstr = " select prod_date from TMMSM2A_SEND "
p_mmsm_17580/mmsm82a_snd_force.cpp	171	172	sqlstr = " select VALID_FLAG_1 from tmmsmgy05 where  heat_no=@heat_no "
p_mmsm_17580/mmsm82a_snd_force.cpp	190	194	sqlstr = " select * from tmmsmgy06_sed"
p_mmsm_17580/mmsm82a_snd_force.cpp	214	219	sqlstr = " update tmmsmgy06_sed set RTN_FLAG = '1',RETURN_TIME=@datetime"
p_mmsm_17580/mmsm82a_snd_force.cpp	229	236	sqlstr = " select * from TMMSM2A_SEND t1"
p_mmsm_17580/mmsm82a_snd_force.cpp	259	266	sqlstr = " select * from TMMSM2A_SEND t1"
p_mmsm_17580/mmsm82a_snd_force.cpp	288	294	sqlstr = " update tmmsm2a_send set RTN_FLAG = '1',RETURN_TIME=@datetime"
p_mmsm_17580/mmsm82a_snd_force.cpp	313	314	sqlstr = " select AFFIRM_FLAG from tmmsmgy06 where AFFIRM_FLAG !='1' and  heat_no=@heat_no "
p_mmsm_17580/mmsm82a_snd_force.cpp	327	329	sqlstr = " update tmmsm56 t1 set t1.recv_mat_time=(select max(recv_mat_time) from "
p_mmsm_17580/mmsm82a_snd_force.cpp	330	331	"select recv_mat_time  from hmmsm01 where recv_mat_time != ' ' and heat_no =@heat_no)) where t1.heat_no =@heat_no and t1.recv_mat_time = ' '"
p_mmsm_17580/mmsm82a_snd_force.cpp	338	340	sqlstr = " update tmmsmgy05 t1 set t1.recv_mat_time=(select max(recv_mat_time) from "
p_mmsm_17580/mmsm82a_snd_force.cpp	341	342	"select recv_mat_time  from hmmsm01 where recv_mat_time != ' ' and heat_no =@heat_no)) where t1.heat_no =@heat_no and t1.recv_mat_time = ' '"
p_mmsm_17580/mmsm82a_snd_force.cpp	348	349	sqlstr = " select VALID_FLAG_1,RECV_MAT_TIME from tmmsmgy05 where  heat_no=@heat_no "
p_mmsm_17580/mmsm82a_snd_force.cpp	366	367	sqlstr = " update tmmsm56 t1 set stat_date=@recv_mat_time where  t1.heat_no=@heat_no and t1.stat_date= ' '";
p_mmsm_17580/mmsm82a_snd_force.cpp	374	380	sqlstr = " select count(1)"
p_mmsm_17580/mmsm82a_snd_force.cpp	399	403	sqlstr = " select * from tmmsmgy06A"
p_mmsm_17580/mmsm82a_snd_force.cpp	424	428	sqlstr = " update tmmsmgy06_sed set TC_SEND_FLAG = '1',DATI_MSG_SENT=@datetime"
p_mmsm_17580/mmsm82a_snd_force.cpp	438	442	sqlstr = " delete from tmmsm2a_send"
p_mmsm_17580/mmsm82a_snd_force.cpp	448	453	sqlstr = " select max(SEQ_NO_2A) "
p_mmsm_17580/mmsm82a_snd_force.cpp	471	474	sqlstr = " update tmmsm56 t1 set LOT_NO = (select lot_no from vlotno t2 where t1.WEIGH_NO=t2.WEIGH_NO)"
p_mmsm_17580/mmsm82a_snd_force.cpp	480	480	sqlstr = " insert into tmmsm2a_send(rec_creator,rec_create_time,stat_date,sm_plan_nol2,heat_no,L2_PROC_NO,pono,st_no,dev_code,mat_code,LOT_NO,DEVO_TIME,prod_dat
p_mmsm_17580/mmsm82a_snd_force.cpp	481	482	" select @rec_creator,@rec_create_time,t1.stat_date,t1.sm_plan_nol2,t1.heat_no,t1.L2_PROC_NO,t1.pono,t1.st_no,t1.dev_code,t1.mat_code,t1.LOT_NO,@rec_create_time
p_mmsm_17580/mmsm82a_snd_force.cpp	483	485	" select stat_date,sm_plan_nol2,heat_no,L2_PROC_NO,pono,st_no,dev_code,mat_code,LOT_NO,prod_date,sum(devo_wt) devo_wt "
p_mmsm_17580/mmsm82a_snd_force.cpp	486	492	" select stat_date,sm_plan_nol2,heat_no,L2_PROC_NO,pono,st_no,dev_code,mat_code,LOT_NO,substr(recv_mat_time,1,8) as prod_date,OUT_STOCK_WT as devo_wt"
p_mmsm_17580/mmsm82a_snd_force.cpp	493	499	" select stat_date,sm_plan_nol2,heat_no,L2_PROC_NO,pono,st_no,dev_code,mat_code,' ' as LOT_NO,substr(recv_mat_time,1,8) as prod_date,OUT_STOCK_WT as devo_wt"
p_mmsm_17580/mmsm82a_snd_force.cpp	500	511	" select stat_date,sm_plan_nol2,heat_no,L2_PROC_NO,pono,st_no,dev_code,mat_code,LOT_NO,prod_date,0-devo_wt as devo_wt"
p_mmsm_17580/mmsm82a_snd_force.cpp	523	528	sqlstr = " update TMMSM2A_SEND t1 set mat_act_wt = (select sum(mat_act_wt) from tmmsm56b t2 where t1.st_no=t2.st_no and  t2.heat_no=@heat_no)"
p_mmsm_17580/mmsm82a_snd_force.cpp	537	544	sqlstr = " select * from TMMSM2A_SEND t1"
p_mmsm_17580/mmsm82a_snd_force.cpp	568	575	sqlstr = " select * from TMMSM2A_SEND t1"
p_mmsm_17580/mmsm82a_snd_force.cpp	596	602	sqlstr = " update tmmsm2a_send set SEND_FLAG = '1',SEND_TIME=@datetime"
p_mmsm_17580/mmsm82a_snd_force.cpp	658	659	sqlstr = " select VALID_FLAG_1,recv_mat_time from tmmsmgy05 where  heat_no=@heat_no "
p_mmsm_17580/mmsm82a_snd_force.cpp	673	678	sqlstr = " select prod_date from TMMSM2A_SEND "
p_mmsm_17580/mmsm82a_snd_force.cpp	698	699	sqlstr = " select heat_no,dev_code,sum(DURATION_TIME) DURATION_TIME"
p_mmsm_17580/mmsm82a_snd_force.cpp	700	705	" select heat_no,dev_code,st_no,DURATION_TIME"
p_mmsm_17580/mmsm82a_snd_force.cpp	706	714	" select heat_no,dev_code,st_no,0-DURATION_TIME as DURATION_TIME"
p_mmsm_17580/mmsm82a_snd_force.cpp	720	724	sqlstr = " select * from tmmsmgy06_sed"
p_mmsm_17580/mmsm82a_snd_force.cpp	744	749	sqlstr = " update tmmsmgy06_sed set RTN_FLAG = '1',RETURN_TIME=@datetime"
p_mmsm_17580/mmsm82a_snd_force.cpp	757	761	sqlstr = " select * from tmmsmgy06A"
p_mmsm_17580/mmsm82a_snd_force.cpp	782	786	sqlstr = " update tmmsmgy06_sed set TC_SEND_FLAG = '1',DATI_MSG_SENT=@datetime"
p_mmsm_17580/mmsm82a_snd_force.cpp	798	799	sqlstr = " select heat_no,dev_code,ST_NO,MAT_CODE,LOT_NO,sum(DEVO_WT) DEVO_WT"
p_mmsm_17580/mmsm82a_snd_force.cpp	800	806	" select heat_no,dev_code,ST_NO,MAT_CODE,LOT_NO,OUT_STOCK_WT DEVO_WT"
p_mmsm_17580/mmsm82a_snd_force.cpp	807	813	" select heat_no,dev_code,ST_NO,MAT_CODE,' ' LOT_NO,OUT_STOCK_WT DEVO_WT"
p_mmsm_17580/mmsm82a_snd_force.cpp	814	823	" select heat_no,dev_code,ST_NO,MAT_CODE,LOT_NO,0-DEVO_WT as DEVO_WT"
p_mmsm_17580/mmsm82a_snd_force.cpp	830	837	sqlstr = " select * from TMMSM2A_SEND t1"
p_mmsm_17580/mmsm82a_snd_force.cpp	860	867	sqlstr = " select * from TMMSM2A_SEND t1"
p_mmsm_17580/mmsm82a_snd_force.cpp	889	895	sqlstr = " update tmmsm2a_send set RTN_FLAG = '1',RETURN_TIME=@datetime"
p_mmsm_17580/mmsm82a_snd_force.cpp	904	910	sqlstr = " select count(1)"
p_mmsm_17580/mmsm82a_snd_force.cpp	928	932	sqlstr = " delete from tmmsm2a_send"
p_mmsm_17580/mmsm82a_snd_force.cpp	938	943	sqlstr = " select max(SEQ_NO_2A) "
p_mmsm_17580/mmsm82a_snd_force.cpp	958	958	sqlstr = " insert into tmmsm2a_send(rec_creator,rec_create_time,stat_date,sm_plan_nol2,heat_no,L2_PROC_NO,pono,st_no,dev_code,mat_code,LOT_NO,DEVO_TIME,prod_dat
p_mmsm_17580/mmsm82a_snd_force.cpp	959	960	" select @rec_creator,@rec_create_time,t1.stat_date,t1.sm_plan_nol2,t1.heat_no,t1.L2_PROC_NO,t1.pono,t1.st_no,t1.dev_code,t1.mat_code,t1.LOT_NO,@rec_create_time
p_mmsm_17580/mmsm82a_snd_force.cpp	961	963	" select stat_date,sm_plan_nol2,heat_no,L2_PROC_NO,pono,st_no,dev_code,mat_code,LOT_NO,prod_date,sum(devo_wt) devo_wt "
p_mmsm_17580/mmsm82a_snd_force.cpp	964	970	" select stat_date,sm_plan_nol2,heat_no,L2_PROC_NO,pono,st_no,dev_code,mat_code,LOT_NO,substr(recv_mat_time,1,8) as prod_date,OUT_STOCK_WT as devo_wt"
p_mmsm_17580/mmsm82a_snd_force.cpp	971	977	" select stat_date,sm_plan_nol2,heat_no,L2_PROC_NO,pono,st_no,dev_code,mat_code,' ' LOT_NO,substr(recv_mat_time,1,8) as prod_date,OUT_STOCK_WT as devo_wt"
p_mmsm_17580/mmsm82a_snd_force.cpp	978	989	" select stat_date,sm_plan_nol2,heat_no,L2_PROC_NO,pono,st_no,dev_code,mat_code,LOT_NO,prod_date,0-devo_wt as devo_wt"
p_mmsm_17580/mmsm82a_snd_force.cpp	1000	1005	sqlstr = " update TMMSM2A_SEND t1 set mat_act_wt = (select sum(mat_act_wt) from tmmsm56b t2 where t1.st_no=t2.st_no and  t2.heat_no=@heat_no)"
p_mmsm_17580/mmsm82a_snd_force.cpp	1014	1021	sqlstr = " select * from TMMSM2A_SEND t1"
p_mmsm_17580/mmsm82a_snd_force.cpp	1045	1052	sqlstr = " select * from TMMSM2A_SEND t1"
p_mmsm_17580/mmsm82a_snd_force.cpp	1073	1079	sqlstr = " update tmmsm2a_send set SEND_FLAG = '1',SEND_TIME=@datetime"
p_mmsm_17580/mmsm82c1_inq.cpp	53	56	sqlstr = " select heat_no,proc_no,L2_PROC_NO,SM_PLAN_NOL2,PROC_COUNT,DEVO_TIME,MAT_CODE,MAT_NAME,DEVO_WT,DEV_CODE,STK_NO,WEIGH_NO, QUALITY_BATCH_NO,ID_2A,REMARK
p_mmsm_17580/mmsm82c1_inq.cpp	61	64	sqlstr = " select heat_no,proc_no,L2_PROC_NO,SM_PLAN_NOL2,PROC_COUNT,DEVO_TIME,MAT_CODE,MAT_NAME,DEVO_WT,DEV_CODE,STK_NO,WEIGH_NO, QUALITY_BATCH_NO,ID_2A,REMARK
p_mmsm_17580/mmsm82c1_inq.cpp	67	71	sqlstr_count = " select count(1) from tmmsm2A_yl where 1=1";
p_mmsm_17580/mmsm82c1_pro.cpp	50	51	sqlstr = "  SELECT LPAD(TO_CHAR(MMLC_2AYL.NEXTVAL),5 ,'0') FROM DUAL ";
p_mmsm_17580/mmsm82c1_pro.cpp	62	63	sqlstr = " select mat_name from tmmsm50 where mat_code = @mat_code";
p_mmsm_17580/mmsm82c1_pro.cpp	73	74	sqlstr = "select MAX(T.HEAT_NO) from tmmsmgy06 t where T.L2_PROC_NO= @l2_proc_no";
p_mmsm_17580/mmsm82c1_pro.cpp	101	102	sqlstr = "select MAX(T.HEAT_NO) from tmmsmgy06 t where T.L2_PROC_NO= @l2_proc_no";
p_mmsm_17580/mmsm82c1_pro.cpp	115	118	sqlstr = " select * from tmmsm2a_yl"
p_mmsm_17580/mmsm82c1_pro.cpp	140	142	sqlstr = " select distinct  heat_no from tmmsmgy06"
p_mmsm_17580/mmsm82c1_pro.cpp	162	165	sqlstr = " select * from tmmsm2a_yl"
p_mmsm_17580/mmsm82c1_pro.cpp	185	187	sqlstr = " select distinct  heat_no from tmmsmgy06"
p_mmsm_17580/mmsm82c1_ret.cpp	47	49	sqlstr = " select distinct  heat_no from tmmsmgy06"
p_mmsm_17580/mmsm82c1_upd_bat.cpp	50	51	sqlstr = "select MAX(T.HEAT_NO) from tmmsmgy06 t where T.L2_PROC_NO= @l2_proc_no";
p_mmsm_17580/mmsm82c1_upd_bat.cpp	64	67	sqlstr = " select * from tmmsm2a_yl"
p_mmsm_17580/mmsm82c1_upd_bat.cpp	89	91	sqlstr = " select distinct  heat_no from tmmsmgy06"
p_mmsm_17580/mmsm82c1_upd_bat.cpp	109	111	sqlstr = " select distinct  heat_no from tmmsmgy06"
p_mmsm_17580/mmsm82c2_upd_bat.cpp	75	76	sqlstr = "select MAX(T.HEAT_NO) from tmmsmgy06 t where T.L2_PROC_NO= @l2_proc_no";
p_mmsm_17580/mmsm82c2_upd_bat.cpp	90	93	sqlstr = " select * from tmmsm2a_yl"
p_mmsm_17580/mmsm82c2_upd_bat.cpp	114	116	sqlstr = " select distinct  heat_no from tmmsmgy06"
p_mmsm_17580/mmsm82c2_upd_bat.cpp	134	136	sqlstr = " select distinct  heat_no from tmmsmgy06"
p_mmsm_17580/mmsm82c3_upd_bat.cpp	55	56	sqlstr = "select MAX(T.HEAT_NO) from tmmsmgy06 t where T.L2_PROC_NO= @l2_proc_no";
p_mmsm_17580/mmsm82c3_upd_bat.cpp	69	72	sqlstr = " select * from tmmsm2a_yl"
p_mmsm_17580/mmsm82c3_upd_bat.cpp	94	96	sqlstr = " select distinct  heat_no from tmmsmgy06"
p_mmsm_17580/mmsm82c3_upd_bat.cpp	114	116	sqlstr = " select distinct  heat_no from tmmsmgy06"
p_mmsm_17580/mmsm82c_batch.cpp	59	65	sqlstr = " select t1.HEAT_NO,t2.L2_PROC_NO as HEATNO_PREMELT from "
p_mmsm_17580/mmsm82c_batch.cpp	66	75	" SELECT L2_PROC_NO, count(1) SJ_COUNT"
p_mmsm_17580/mmsm82c_gy.cpp	44	47	sqlstr = " select AFFIRM_FLAG from tmmsmgy05"
p_mmsm_17580/mmsm82c_gy.cpp	66	70	sqlstr = " select t.* "
p_mmsm_17580/mmsm82c_gy.cpp	90	100	sqlstr = " select sum(case when mat_code in (select mat_code from tmmsm50 where mat_type in ('1','2','4')) then DEVO_WT else 0 end)/1000"
p_mmsm_17580/mmsm82c_gy.cpp	101	106	" select mat_code,DEVO_WT FROM TMMSM2A_TS"
p_mmsm_17580/mmsm82c_gy.cpp	123	124	sqlstr = " select heat_no,proc_no,L2_PROC_NO,SM_PLAN_NOL2,PROC_COUNT,DEVO_TIME,MAT_CODE,MAT_NAME,DEVO_WT,DEV_CODE,STK_NO,WEIGH_NO, QUALITY_BATCH_NO,ID_2A,REMARK
p_mmsm_17580/mmsm82c_gy.cpp	125	132	" select heat_no,proc_no,L2_PROC_NO,SM_PLAN_NOL2,PROC_COUNT,DEVO_TIME,MAT_CODE,MAT_NAME,DEVO_WT,DEV_CODE,STK_NO,WEIGH_NO, QUALITY_BATCH_NO,ID_2A,REMARK_2,SEQ_NO
p_mmsm_17580/mmsm82c_gy.cpp	133	142	" select heat_no,proc_no,L2_PROC_NO,SM_PLAN_NOL2,0 PROC_COUNT,DEVO_TIME,MAT_CODE,MAT_NAME,DEVO_WT,DEV_CODE,' ' STK_NO,' ' WEIGH_NO, ' ' QUALITY_BATCH_NO,' ' ID_
p_mmsm_17580/mmsm82c_gy.cpp	149	150	sqlstr = " select heat_no,L2_PROC_NO,PROC_NO,dev_code,mat_code,mat_name,lot_no,sum(DEVO_WT) DEVO_WT,count(1) count_num"
p_mmsm_17580/mmsm82c_gy.cpp	151	160	" select heat_no,L2_PROC_NO,PROC_NO,dev_code,mat_code,mat_name,ID_2A,lot_no,sum(DEVO_WT) DEVO_WT"
p_mmsm_17580/mmsm82c_inq.cpp	102	106	sqlstr = " select t1.sm_plan_nol2,t1.heat_no,t1.proc_no,t1.L2_PROC_NO,t1.DEV_CODE,t1.START_TIME,t1.end_time, t1.st_no,t1.HEATNO_PREMELT1,t1.HEATNO_PREMELT2,t1.H
p_mmsm_17580/mmsm82c_inq.cpp	107	111	" select sm_plan_nol2,heat_no,proc_no,L2_PROC_NO,DEV_CODE,START_TIME,end_time, st_no,HEATNO_PREMELT1,HEATNO_PREMELT2,HEATNO_PREMELT3,HEATNO_PREMELT4,HEATNO_PREM
p_mmsm_17580/mmsm82c_inq.cpp	112	119	" select sm_plan_nol2,heat_no,proc_no,L2_PROC_NO,DEV_CODE,START_TIME,end_time, st_no, HEATNO_PREMELT1, HEATNO_PREMELT2, HEATNO_PREMELT3,HEATNO_PREMELT4,HEATNO_P
p_mmsm_17580/mmsm82c_inq.cpp	146	147	sqlstr = " SELECT HEATNO_PREMELT1,sum(WEIGHT_PREMELT1) as WEIGHT_PREMELT1,count(1) count_num"
p_mmsm_17580/mmsm82c_inq.cpp	148	151	" SELECT HEATNO_PREMELT1 HEATNO_PREMELT1, WEIGHT_PREMELT1"
p_mmsm_17580/mmsm82c_inq.cpp	152	155	" SELECT HEATNO_PREMELT2 HEATNO_PREMELT1, WEIGHT_PREMELT2 as WEIGHT_PREMELT1"
p_mmsm_17580/mmsm82c_inq.cpp	156	159	" SELECT HEATNO_PREMELT3 HEATNO_PREMELT1, WEIGHT_PREMELT3 as WEIGHT_PREMELT1"
p_mmsm_17580/mmsm82c_inq.cpp	160	163	" SELECT HEATNO_PREMELT4 HEATNO_PREMELT1, 0 as WEIGHT_PREMELT1"
p_mmsm_17580/mmsm82c_inq.cpp	164	167	" SELECT HEATNO_PREMELT5 HEATNO_PREMELT1, 0 as WEIGHT_PREMELT1  "
p_mmsm_17580/mmsm82c_inq.cpp	168	171	" SELECT HEATNO_PREMELT6 HEATNO_PREMELT1, 0 as WEIGHT_PREMELT1 "
p_mmsm_17580/mmsm82c_inq.cpp	172	175	" SELECT HEATNO_PREMELT1 HEATNO_PREMELT1, WEIGHT_PREMELT1"
p_mmsm_17580/mmsm82c_inq.cpp	176	179	" SELECT HEATNO_PREMELT2 HEATNO_PREMELT1, WEIGHT_PREMELT2 as WEIGHT_PREMELT1"
p_mmsm_17580/mmsm82c_inq.cpp	180	183	" SELECT HEATNO_PREMELT3 HEATNO_PREMELT1, WEIGHT_PREMELT3 as WEIGHT_PREMELT1"
p_mmsm_17580/mmsm82c_inq.cpp	184	187	" SELECT HEATNO_PREMELT4 HEATNO_PREMELT1, 0 as WEIGHT_PREMELT1"
p_mmsm_17580/mmsm82c_inq.cpp	188	191	" SELECT HEATNO_PREMELT5 HEATNO_PREMELT1, 0 as WEIGHT_PREMELT1"
p_mmsm_17580/mmsm82c_inq.cpp	192	197	" SELECT HEATNO_PREMELT6 HEATNO_PREMELT1, 0 as WEIGHT_PREMELT1"
p_mmsm_17580/mmsm82c_inq.cpp	221	225	sqlstr = " select START_TIME,END_TIME,ST_NO"
p_mmsm_17580/mmsm82c_inq.cpp	226	229	" select START_TIME,END_TIME,ST_NO"
p_mmsm_17580/mmsm82c_inq.cpp	230	233	" select START_TIME,END_TIME,ST_NO"
p_mmsm_17580/mmsm82c_inq.cpp	234	237	" select START_TIME,END_TIME,ST_NO"
p_mmsm_17580/mmsm82c_inq.cpp	238	241	" select START_TIME,END_TIME,ST_NO"
p_mmsm_17580/mmsm82c_inq.cpp	242	245	" select START_TIME,END_TIME,ST_NO"
p_mmsm_17580/mmsm82c_inq.cpp	272	273	sqlstr = "  WITH table1 AS (select heat_no, heatno_premelt1 as l2_proc_no from tmmsm27 where 1=1   AND HEATNO_PREMELT1 <> ' ' AND  heatno_premelt1 like  @dev_co
p_mmsm_17580/mmsm82c_inq.cpp	274	275	" select heat_no, heatno_premelt2   as l2_proc_no from tmmsm27 where 1 = 1   AND HEATNO_PREMELT2 <> ' ' AND   heatno_premelt2 like  @dev_code || '%' and start_t
p_mmsm_17580/mmsm82c_inq.cpp	276	277	" select heat_no, heatno_premelt3  as l2_proc_no from tmmsm27 where 1 = 1   AND HEATNO_PREMELT3 <> ' ' AND   heatno_premelt3 like  @dev_code || '%' and start_ti
p_mmsm_17580/mmsm82c_inq.cpp	278	279	" select heat_no, heatno_premelt4  as l2_proc_no from tmmsm27 where 1 = 1   AND HEATNO_PREMELT4 <> ' ' AND   heatno_premelt4 like  @dev_code || '%' and start_ti
p_mmsm_17580/mmsm82c_inq.cpp	280	281	" select heat_no, heatno_premelt5  as l2_proc_no from tmmsm27 where 1 = 1   AND HEATNO_PREMELT5 <> ' ' AND   heatno_premelt5 like  @dev_code || '%' and start_ti
p_mmsm_17580/mmsm82c_inq.cpp	282	283	" select heat_no, heatno_premelt6  as l2_proc_no from tmmsm27 where 1 = 1   AND HEATNO_PREMELT6 <> ' ' AND   heatno_premelt6 like  @dev_code || '%' and start_ti
p_mmsm_17580/mmsm82c_inq.cpp	284	285	" select heat_no, heatno_premelt1  as l2_proc_no from tmmsm21 where 1 = 1   AND HEATNO_PREMELT1 <> ' ' AND   heatno_premelt1 like  @dev_code || '%' and start_ti
p_mmsm_17580/mmsm82c_inq.cpp	286	287	" select heat_no, heatno_premelt2  as l2_proc_no from tmmsm21 where 1 = 1   AND HEATNO_PREMELT2 <> ' ' AND   heatno_premelt2 like  @dev_code || '%' and start_ti
p_mmsm_17580/mmsm82c_inq.cpp	288	289	" select heat_no, heatno_premelt3  as l2_proc_no from tmmsm21 where 1 = 1   AND HEATNO_PREMELT3 <> ' ' AND   heatno_premelt3 like @dev_code || '%' and start_tim
p_mmsm_17580/mmsm82c_inq.cpp	290	291	" select heat_no, heatno_premelt4  as l2_proc_no from tmmsm21 where 1 = 1   AND HEATNO_PREMELT4 <> ' ' AND   heatno_premelt4 like @dev_code || '%' and start_tim
p_mmsm_17580/mmsm82c_inq.cpp	292	293	" select heat_no, heatno_premelt5  as l2_proc_no from tmmsm21 where 1 = 1   AND HEATNO_PREMELT5 <> ' ' AND   heatno_premelt5 like @dev_code || '%' and start_tim
p_mmsm_17580/mmsm82c_inq.cpp	294	295	" select heat_no, heatno_premelt6  as l2_proc_no from tmmsm21 where 1 = 1   AND HEATNO_PREMELT6 <> ' ' AND   heatno_premelt6 like @dev_code || '%' and start_tim
p_mmsm_17580/mmsm82c_inq.cpp	296	296	" select heat_no, l2_proc_no, st_no, START_TIME, END_TIME from(	"
p_mmsm_17580/mmsm82c_inq.cpp	297	298	" select t1.heat_no, t1.l2_proc_no, nvl(t2.ST_NO, ' ') st_no, nvl(START_TIME, ' ') START_TIME, nvl(END_TIME, ' ') END_TIME from table1 t1 left join tmmsm19 t2 o
p_mmsm_17580/mmsm82c_inq.cpp	299	301	" select ' ' heat_no, l2_proc_no, st_no, START_TIME, END_TIME"
p_mmsm_17580/mmsm82c_inq.cpp	302	303	" select  heatno_premelt1  from tmmsm27 where 1=1   AND HEATNO_PREMELT1 <> ' ' AND  heatno_premelt1 like  @dev_code||'%' and start_time <=  @end_time  and start
p_mmsm_17580/mmsm82c_inq.cpp	304	305	" select  heatno_premelt2  from tmmsm27 where 1 = 1   AND HEATNO_PREMELT2 <> ' ' AND   heatno_premelt2 like  @dev_code || '%' and start_time <= @end_time  and s
p_mmsm_17580/mmsm82c_inq.cpp	306	307	" select  heatno_premelt3  from tmmsm27 where 1 = 1   AND HEATNO_PREMELT3 <> ' ' AND   heatno_premelt3 like  @dev_code || '%' and start_time <= @end_time  and s
p_mmsm_17580/mmsm82c_inq.cpp	308	309	" select  heatno_premelt4  from tmmsm27 where 1 = 1   AND HEATNO_PREMELT4 <> ' ' AND   heatno_premelt4 like  @dev_code || '%' and start_time <= @end_time  and s
p_mmsm_17580/mmsm82c_inq.cpp	310	311	" select  heatno_premelt5  from tmmsm27 where 1 = 1   AND HEATNO_PREMELT5 <> ' ' AND   heatno_premelt5 like  @dev_code || '%' and start_time <= @end_time  and s
p_mmsm_17580/mmsm82c_inq.cpp	312	313	" select  heatno_premelt6  from tmmsm27 where 1 = 1   AND HEATNO_PREMELT6 <> ' ' AND   heatno_premelt6 like  @dev_code || '%' and start_time <= @end_time  and s
p_mmsm_17580/mmsm82c_inq.cpp	314	315	" select  heatno_premelt1  from tmmsm21 where 1 = 1   AND HEATNO_PREMELT1 <> ' ' AND   heatno_premelt1 like  @dev_code || '%' and start_time <= @end_time  and s
p_mmsm_17580/mmsm82c_inq.cpp	316	317	" select  heatno_premelt2  from tmmsm21 where 1 = 1   AND HEATNO_PREMELT2 <> ' ' AND   heatno_premelt2 like  @dev_code || '%' and start_time <= @end_time  and s
p_mmsm_17580/mmsm82c_inq.cpp	318	319	" select  heatno_premelt3  from tmmsm21 where 1 = 1   AND HEATNO_PREMELT3 <> ' ' AND   heatno_premelt3 like @dev_code || '%' and start_time <= @end_time  and st
p_mmsm_17580/mmsm82c_inq.cpp	320	321	" select  heatno_premelt4  from tmmsm21 where 1 = 1   AND HEATNO_PREMELT4 <> ' ' AND   heatno_premelt4 like @dev_code || '%' and start_time <= @end_time  and st
p_mmsm_17580/mmsm82c_inq.cpp	322	323	" select  heatno_premelt5  from tmmsm21 where 1 = 1   AND HEATNO_PREMELT5 <> ' ' AND   heatno_premelt5 like @dev_code || '%' and start_time <= @end_time  and st
p_mmsm_17580/mmsm82c_inq.cpp	324	328	" select  heatno_premelt6  from tmmsm21 where 1 = 1   AND HEATNO_PREMELT6 <> ' ' AND   heatno_premelt6 like @dev_code || '%' and start_time <= @end_time  and st
p_mmsm_17580/mmsm82c_inq.cpp	340	341	sqlstr = "  WITH table1 AS (select heat_no, heatno_premelt1 as l2_proc_no from tmmsm27 where 1=1   AND HEATNO_PREMELT1 <> ' ' AND  heatno_premelt1 like  @dev_co
p_mmsm_17580/mmsm82c_inq.cpp	342	343	" select heat_no, heatno_premelt2   as l2_proc_no from tmmsm27 where 1 = 1   AND HEATNO_PREMELT2 <> ' ' AND   heatno_premelt2 like  @dev_code || '%' and start_t
p_mmsm_17580/mmsm82c_inq.cpp	344	345	" select heat_no, heatno_premelt3  as l2_proc_no from tmmsm27 where 1 = 1   AND HEATNO_PREMELT3 <> ' ' AND   heatno_premelt3 like  @dev_code || '%' and start_ti
p_mmsm_17580/mmsm82c_inq.cpp	346	347	" select heat_no, heatno_premelt4  as l2_proc_no from tmmsm27 where 1 = 1   AND HEATNO_PREMELT4 <> ' ' AND   heatno_premelt4 like  @dev_code || '%' and start_ti
p_mmsm_17580/mmsm82c_inq.cpp	348	349	" select heat_no, heatno_premelt5  as l2_proc_no from tmmsm27 where 1 = 1   AND HEATNO_PREMELT5 <> ' ' AND   heatno_premelt5 like  @dev_code || '%' and start_ti
p_mmsm_17580/mmsm82c_inq.cpp	350	351	" select heat_no, heatno_premelt6  as l2_proc_no from tmmsm27 where 1 = 1   AND HEATNO_PREMELT6 <> ' ' AND   heatno_premelt6 like  @dev_code || '%' and start_ti
p_mmsm_17580/mmsm82c_inq.cpp	352	353	" select heat_no, heatno_premelt1  as l2_proc_no from tmmsm21 where 1 = 1   AND HEATNO_PREMELT1 <> ' ' AND   heatno_premelt1 like  @dev_code || '%' and start_ti
p_mmsm_17580/mmsm82c_inq.cpp	354	355	" select heat_no, heatno_premelt2  as l2_proc_no from tmmsm21 where 1 = 1   AND HEATNO_PREMELT2 <> ' ' AND   heatno_premelt2 like  @dev_code || '%' and start_ti
p_mmsm_17580/mmsm82c_inq.cpp	356	357	" select heat_no, heatno_premelt3  as l2_proc_no from tmmsm21 where 1 = 1   AND HEATNO_PREMELT3 <> ' ' AND   heatno_premelt3 like @dev_code || '%' and start_tim
p_mmsm_17580/mmsm82c_inq.cpp	358	359	" select heat_no, heatno_premelt4  as l2_proc_no from tmmsm21 where 1 = 1   AND HEATNO_PREMELT4 <> ' ' AND   heatno_premelt4 like @dev_code || '%' and start_tim
p_mmsm_17580/mmsm82c_inq.cpp	360	361	" select heat_no, heatno_premelt5  as l2_proc_no from tmmsm21 where 1 = 1   AND HEATNO_PREMELT5 <> ' ' AND   heatno_premelt5 like @dev_code || '%' and start_tim
p_mmsm_17580/mmsm82c_inq.cpp	362	363	" select heat_no, heatno_premelt6  as l2_proc_no from tmmsm21 where 1 = 1   AND HEATNO_PREMELT6 <> ' ' AND   heatno_premelt6 like @dev_code || '%' and start_tim
p_mmsm_17580/mmsm82c_inq.cpp	364	364	" select heat_no, l2_proc_no, st_no, START_TIME, END_TIME from(	"
p_mmsm_17580/mmsm82c_inq.cpp	365	366	" select t1.heat_no, t1.l2_proc_no, nvl(t2.ST_NO, ' ') st_no, nvl(START_TIME, ' ') START_TIME, nvl(END_TIME, ' ') END_TIME from table1 t1 left join tmmsm20 t2 o
p_mmsm_17580/mmsm82c_inq.cpp	367	369	" select ' ' heat_no, l2_proc_no, st_no, START_TIME, END_TIME"
p_mmsm_17580/mmsm82c_inq.cpp	370	371	" select  heatno_premelt1  from tmmsm27 where 1=1   AND HEATNO_PREMELT1 <> ' ' AND  heatno_premelt1 like  @dev_code||'%' and start_time <=  @end_time  and start
p_mmsm_17580/mmsm82c_inq.cpp	372	373	" select  heatno_premelt2  from tmmsm27 where 1 = 1   AND HEATNO_PREMELT2 <> ' ' AND   heatno_premelt2 like  @dev_code || '%' and start_time <= @end_time  and s
p_mmsm_17580/mmsm82c_inq.cpp	374	375	" select  heatno_premelt3  from tmmsm27 where 1 = 1   AND HEATNO_PREMELT3 <> ' ' AND   heatno_premelt3 like  @dev_code || '%' and start_time <= @end_time  and s
p_mmsm_17580/mmsm82c_inq.cpp	376	377	" select  heatno_premelt4  from tmmsm27 where 1 = 1   AND HEATNO_PREMELT4 <> ' ' AND   heatno_premelt4 like  @dev_code || '%' and start_time <= @end_time  and s
p_mmsm_17580/mmsm82c_inq.cpp	378	379	" select  heatno_premelt5  from tmmsm27 where 1 = 1   AND HEATNO_PREMELT5 <> ' ' AND   heatno_premelt5 like  @dev_code || '%' and start_time <= @end_time  and s
p_mmsm_17580/mmsm82c_inq.cpp	380	381	" select  heatno_premelt6  from tmmsm27 where 1 = 1   AND HEATNO_PREMELT6 <> ' ' AND   heatno_premelt6 like  @dev_code || '%' and start_time <= @end_time  and s
p_mmsm_17580/mmsm82c_inq.cpp	382	383	" select  heatno_premelt1  from tmmsm21 where 1 = 1   AND HEATNO_PREMELT1 <> ' ' AND   heatno_premelt1 like  @dev_code || '%' and start_time <= @end_time  and s
p_mmsm_17580/mmsm82c_inq.cpp	384	385	" select  heatno_premelt2  from tmmsm21 where 1 = 1   AND HEATNO_PREMELT2 <> ' ' AND   heatno_premelt2 like  @dev_code || '%' and start_time <= @end_time  and s
p_mmsm_17580/mmsm82c_inq.cpp	386	387	" select  heatno_premelt3  from tmmsm21 where 1 = 1   AND HEATNO_PREMELT3 <> ' ' AND   heatno_premelt3 like @dev_code || '%' and start_time <= @end_time  and st
p_mmsm_17580/mmsm82c_inq.cpp	388	389	" select  heatno_premelt4  from tmmsm21 where 1 = 1   AND HEATNO_PREMELT4 <> ' ' AND   heatno_premelt4 like @dev_code || '%' and start_time <= @end_time  and st
p_mmsm_17580/mmsm82c_inq.cpp	390	391	" select  heatno_premelt5  from tmmsm21 where 1 = 1   AND HEATNO_PREMELT5 <> ' ' AND   heatno_premelt5 like @dev_code || '%' and start_time <= @end_time  and st
p_mmsm_17580/mmsm82c_inq.cpp	392	395	" select  heatno_premelt6  from tmmsm21 where 1 = 1   AND HEATNO_PREMELT6 <> ' ' AND   heatno_premelt6 like @dev_code || '%' and start_time <= @end_time  and st
p_mmsm_17580/mmsm82c_inq.cpp	407	416	sqlstr = " select heat_no, l2_proc_no, st_no, START_TIME, END_TIME"
p_mmsm_17580/mmsm82c_inq.cpp	426	435	sqlstr = " select heat_no, l2_proc_no, st_no, START_TIME, END_TIME"
p_mmsm_17580/mmsm82c_inq.cpp	445	453	sqlstr = " select heat_no, l2_proc_no, st_no, START_TIME, END_TIME"
p_mmsm_17580/mmsm82c_inq.cpp	454	463	" select heat_no, l2_proc_no, st_no, START_TIME, END_TIME"
p_mmsm_17580/mmsm82c_inq.cpp	475	476	sqlstr = "  WITH table1 AS (select heat_no, heatno_premelt1 as l2_proc_no from tmmsm27 where 1=1   AND HEATNO_PREMELT1 <> ' ' AND  (heatno_premelt1 like 'E%' or
p_mmsm_17580/mmsm82c_inq.cpp	477	478	" select heat_no, heatno_premelt2   as l2_proc_no from tmmsm27 where 1 = 1   AND HEATNO_PREMELT2 <> ' ' AND   (heatno_premelt2 like 'E%' or  heatno_premelt2 lik
p_mmsm_17580/mmsm82c_inq.cpp	479	480	" select heat_no, heatno_premelt3  as l2_proc_no from tmmsm27 where 1 = 1   AND HEATNO_PREMELT3 <> ' ' AND   (heatno_premelt3 like 'E%' or  heatno_premelt3 like
p_mmsm_17580/mmsm82c_inq.cpp	481	482	" select heat_no, heatno_premelt4  as l2_proc_no from tmmsm27 where 1 = 1   AND HEATNO_PREMELT4 <> ' ' AND   (heatno_premelt4 like 'E%' or  heatno_premelt4 like
p_mmsm_17580/mmsm82c_inq.cpp	483	484	" select heat_no, heatno_premelt5  as l2_proc_no from tmmsm27 where 1 = 1   AND HEATNO_PREMELT5 <> ' ' AND   (heatno_premelt5 like 'E%' or  heatno_premelt5 like
p_mmsm_17580/mmsm82c_inq.cpp	485	486	" select heat_no, heatno_premelt6  as l2_proc_no from tmmsm27 where 1 = 1   AND HEATNO_PREMELT6 <> ' ' AND   (heatno_premelt6 like 'E%' or  heatno_premelt6 like
p_mmsm_17580/mmsm82c_inq.cpp	487	488	" select heat_no, heatno_premelt1  as l2_proc_no from tmmsm21 where 1 = 1   AND HEATNO_PREMELT1 <> ' ' AND   (heatno_premelt1 like 'E%' or  heatno_premelt1 like
p_mmsm_17580/mmsm82c_inq.cpp	489	490	" select heat_no, heatno_premelt2  as l2_proc_no from tmmsm21 where 1 = 1   AND HEATNO_PREMELT2 <> ' ' AND  (heatno_premelt2 like 'E%' or  heatno_premelt2 like 
p_mmsm_17580/mmsm82c_inq.cpp	491	492	" select heat_no, heatno_premelt3  as l2_proc_no from tmmsm21 where 1 = 1   AND HEATNO_PREMELT3 <> ' ' AND   (heatno_premelt3 like 'E%' or  heatno_premelt3 like
p_mmsm_17580/mmsm82c_inq.cpp	493	494	" select heat_no, heatno_premelt4  as l2_proc_no from tmmsm21 where 1 = 1   AND HEATNO_PREMELT4 <> ' ' AND   (heatno_premelt4 like 'E%' or  heatno_premelt4 like
p_mmsm_17580/mmsm82c_inq.cpp	495	496	" select heat_no, heatno_premelt5  as l2_proc_no from tmmsm21 where 1 = 1   AND HEATNO_PREMELT5 <> ' ' AND   (heatno_premelt5 like 'E%' or  heatno_premelt5 like
p_mmsm_17580/mmsm82c_inq.cpp	497	498	" select heat_no, heatno_premelt6  as l2_proc_no from tmmsm21 where 1 = 1   AND HEATNO_PREMELT6 <> ' ' AND   (heatno_premelt6 like 'E%' or  heatno_premelt6 like
p_mmsm_17580/mmsm82c_inq.cpp	499	499	" select heat_no, l2_proc_no, st_no, START_TIME, END_TIME from(	"
p_mmsm_17580/mmsm82c_inq.cpp	500	503	" select t1.heat_no, t1.l2_proc_no, nvl(t2.ST_NO, ' ') st_no, nvl(START_TIME, ' ') START_TIME, nvl(END_TIME, ' ') END_TIME "
p_mmsm_17580/mmsm82c_inq.cpp	504	506	" select ' ' heat_no, l2_proc_no, st_no, START_TIME, END_TIME"
p_mmsm_17580/mmsm82c_inq.cpp	507	508	" select  heatno_premelt1  from tmmsm27 where 1=1   AND HEATNO_PREMELT1 <> ' ' AND  heatno_premelt1 like  'F%' and start_time <=  @end_time  and start_time >= t
p_mmsm_17580/mmsm82c_inq.cpp	509	510	" select  heatno_premelt2  from tmmsm27 where 1 = 1   AND HEATNO_PREMELT2 <> ' ' AND   heatno_premelt2 like  'F%' and start_time <= @end_time  and start_time >=
p_mmsm_17580/mmsm82c_inq.cpp	511	512	" select  heatno_premelt3  from tmmsm27 where 1 = 1   AND HEATNO_PREMELT3 <> ' ' AND   heatno_premelt3 like  'F%' and start_time <= @end_time  and start_time >=
p_mmsm_17580/mmsm82c_inq.cpp	513	514	" select  heatno_premelt4  from tmmsm27 where 1 = 1   AND HEATNO_PREMELT4 <> ' ' AND   heatno_premelt4 like  'F%' and start_time <= @end_time  and start_time >=
p_mmsm_17580/mmsm82c_inq.cpp	515	516	" select  heatno_premelt5  from tmmsm27 where 1 = 1   AND HEATNO_PREMELT5 <> ' ' AND   heatno_premelt5 like  'F%' and start_time <= @end_time  and start_time >=
p_mmsm_17580/mmsm82c_inq.cpp	517	518	" select  heatno_premelt6  from tmmsm27 where 1 = 1   AND HEATNO_PREMELT6 <> ' ' AND   heatno_premelt6 like  'F%' and start_time <= @end_time  and start_time >=
p_mmsm_17580/mmsm82c_inq.cpp	519	520	" select  heatno_premelt1  from tmmsm21 where 1 = 1   AND HEATNO_PREMELT1 <> ' ' AND   heatno_premelt1 like  'F%' and start_time <= @end_time  and start_time >=
p_mmsm_17580/mmsm82c_inq.cpp	521	522	" select  heatno_premelt2  from tmmsm21 where 1 = 1   AND HEATNO_PREMELT2 <> ' ' AND   heatno_premelt2 like  'F%' and start_time <= @end_time  and start_time >=
p_mmsm_17580/mmsm82c_inq.cpp	523	524	" select  heatno_premelt3  from tmmsm21 where 1 = 1   AND HEATNO_PREMELT3 <> ' ' AND   heatno_premelt3 like  'F%' and start_time <= @end_time  and start_time >=
p_mmsm_17580/mmsm82c_inq.cpp	525	526	" select  heatno_premelt4  from tmmsm21 where 1 = 1   AND HEATNO_PREMELT4 <> ' ' AND   heatno_premelt4 like  'F%' and start_time <= @end_time  and start_time >=
p_mmsm_17580/mmsm82c_inq.cpp	527	528	" select  heatno_premelt5  from tmmsm21 where 1 = 1   AND HEATNO_PREMELT5 <> ' ' AND   heatno_premelt5 like  'F%' and start_time <= @end_time  and start_time >=
p_mmsm_17580/mmsm82c_inq.cpp	529	532	" select  heatno_premelt6  from tmmsm21 where 1 = 1   AND HEATNO_PREMELT6 <> ' ' AND   heatno_premelt6 like  'F%' and start_time <= @end_time  and start_time >=
p_mmsm_17580/mmsm82c_inq.cpp	533	536	" select t1.heat_no, t1.l2_proc_no, nvl(t2.ST_NO, ' ') st_no, nvl(START_TIME, ' ') START_TIME, nvl(END_TIME, ' ') END_TIME from table1 t1 "
p_mmsm_17580/mmsm82c_inq.cpp	537	539	" select ' ' heat_no, l2_proc_no, st_no, START_TIME, END_TIME"
p_mmsm_17580/mmsm82c_inq.cpp	540	541	" select  heatno_premelt1  from tmmsm27 where 1=1   AND HEATNO_PREMELT1 <> ' ' AND  heatno_premelt1 like  'E%' and start_time <=  @end_time  and start_time >= t
p_mmsm_17580/mmsm82c_inq.cpp	542	543	" select  heatno_premelt2  from tmmsm27 where 1 = 1   AND HEATNO_PREMELT2 <> ' ' AND   heatno_premelt2 like  'E%' and start_time <= @end_time  and start_time >=
p_mmsm_17580/mmsm82c_inq.cpp	544	545	" select  heatno_premelt3  from tmmsm27 where 1 = 1   AND HEATNO_PREMELT3 <> ' ' AND   heatno_premelt3 like  'E%' and start_time <= @end_time  and start_time >=
p_mmsm_17580/mmsm82c_inq.cpp	546	547	" select  heatno_premelt4  from tmmsm27 where 1 = 1   AND HEATNO_PREMELT4 <> ' ' AND   heatno_premelt4 like  'E%' and start_time <= @end_time  and start_time >=
p_mmsm_17580/mmsm82c_inq.cpp	548	549	" select  heatno_premelt5  from tmmsm27 where 1 = 1   AND HEATNO_PREMELT5 <> ' ' AND   heatno_premelt5 like  'E%' and start_time <= @end_time  and start_time >=
p_mmsm_17580/mmsm82c_inq.cpp	550	551	" select  heatno_premelt6  from tmmsm27 where 1 = 1   AND HEATNO_PREMELT6 <> ' ' AND   heatno_premelt6 like  'E%' and start_time <= @end_time  and start_time >=
p_mmsm_17580/mmsm82c_inq.cpp	552	553	" select  heatno_premelt1  from tmmsm21 where 1 = 1   AND HEATNO_PREMELT1 <> ' ' AND   heatno_premelt1 like  'E%' and start_time <= @end_time  and start_time >=
p_mmsm_17580/mmsm82c_inq.cpp	554	555	" select  heatno_premelt2  from tmmsm21 where 1 = 1   AND HEATNO_PREMELT2 <> ' ' AND   heatno_premelt2 like  'E%' and start_time <= @end_time  and start_time >=
p_mmsm_17580/mmsm82c_inq.cpp	556	557	" select  heatno_premelt3  from tmmsm21 where 1 = 1   AND HEATNO_PREMELT3 <> ' ' AND   heatno_premelt3 like  'E%' and start_time <= @end_time  and start_time >=
p_mmsm_17580/mmsm82c_inq.cpp	558	559	" select  heatno_premelt4  from tmmsm21 where 1 = 1   AND HEATNO_PREMELT4 <> ' ' AND   heatno_premelt4 like  'E%' and start_time <= @end_time  and start_time >=
p_mmsm_17580/mmsm82c_inq.cpp	560	561	" select  heatno_premelt5  from tmmsm21 where 1 = 1   AND HEATNO_PREMELT5 <> ' ' AND   heatno_premelt5 like  'E%' and start_time <= @end_time  and start_time >=
p_mmsm_17580/mmsm82c_inq.cpp	562	566	" select  heatno_premelt6  from tmmsm21 where 1 = 1   AND HEATNO_PREMELT6 <> ' ' AND   heatno_premelt6 like  'E%' and start_time <= @end_time  and start_time >=
p_mmsm_17580/mmsm82c_inq.cpp	579	579	sqlstr = " select L2_PROC_NO,max(START_TIME) START_TIME,max(END_TIME) END_TIME,max(devo_time) devo_time from (  "
p_mmsm_17580/mmsm82c_inq.cpp	580	581	" select L2_PROC_NO, START_TIME, END_TIME, ' ' devo_time from tmmsm21 where st_no != 'DeP'  and st_no not like '1%' AND START_TIME<=@end_time AND START_TIME>=@b
p_mmsm_17580/mmsm82c_inq.cpp	582	583	" select l2_proc_no, START_TIME, END_TIME, ' '  devo_time from tmmsm27 where 1 = 1  AND START_TIME<=@end_time AND START_TIME>=@begin_time "
p_mmsm_17580/mmsm82c_inq.cpp	584	587	" select  l2_proc_no, ' ' START_TIME, ' ' END_TIME, max(devo_time) devo_time from tmmsm2a t1 where   EXISTS(select 1 from tmmsm21 t2 where t2.ST_NO != 'DeP'  an
p_mmsm_17580/mmsm82c_inq.cpp	588	590	" SELECT HEAT_NO FROM TPSSM35  GROUP BY  HEAT_NO HAVING  SUM(RATE) >= 1) "
p_mmsm_17580/mmsm82c_inq.cpp	615	615	" SELECT MIN(L2_PROC_NO) STR_HEAT_NO,MAX(L2_PROC_NO) FIN_HEAT_NO,SUBSTR(L2_PROC_NO,1,2) DEV_CODE  FROM TMMSMGY06 WHERE HEAT_NO IN ("
p_mmsm_17580/mmsm82c_inq.cpp	616	619	" SELECT HEAT_NO FROM TMMSMGY05 WHERE 1=1 AND START_TIME>=@begin_time AND END_TIME<=@end_time)"
p_mmsm_17580/mmsm82c_inq.cpp	634	634	" SELECT * FROM ("
p_mmsm_17580/mmsm82c_inq.cpp	635	635	" SELECT PRE_HEAT_NO,NEXT_HEAT_NO,CAST(SUBSTR(PRE_HEAT_NO,3) AS INT) AS PRE1,CAST(SUBSTR(NEXT_HEAT_NO,3) AS INT) AS PRE2 FROM ("
p_mmsm_17580/mmsm82c_inq.cpp	636	636	" SELECT L2_PROC_NO AS PRE_HEAT_NO,LEAD(L2_PROC_NO,1,' ') OVER (ORDER BY L2_PROC_NO) NEXT_HEAT_NO FROM ( "
p_mmsm_17580/mmsm82c_inq.cpp	637	640	" SELECT DISTINCT L2_PROC_NO FROM TMMSMGY06 WHERE L2_PROC_NO <=@max_heat_no and L2_PROC_NO >=@min_heat_no"
p_mmsm_17580/mmsm82c_inq.cpp	660	661	" SELECT START_TIME,END_TIME,ST_NO FROM TMMSM19 WHERE L2_PROC_NO=@L2_PROC_NO "
p_mmsm_17580/mmsm82c_inq.cpp	662	663	" SELECT START_TIME,END_TIME,ST_NO FROM TMMSM20 WHERE L2_PROC_NO=@L2_PROC_NO "
p_mmsm_17580/mmsm82c_inq.cpp	677	680	sqlstr = " select heat_no,l2_proc_no"
p_mmsm_17580/mmsm82c_inq.cpp	691	694	sqlstr = " select heat_no"
p_mmsm_17580/mmsm82c_inq.cpp	720	724	sqlstr = " select t1.HEAT_NO,t1.START_TIME,t1.END_TIME,t2.ST_NO,t2.START_TIME,t1.L2_PROC_NO from tmmsmgy06 t1"
p_mmsm_17580/mmsm82c_inq.cpp	751	755	sqlstr = " select heat_no,slab_cut_time,recv_mat_time from VMMSMCPCL_BB1 "
p_mmsm_17580/mmsm82c_inq.cpp	779	780	sqlstr = "select heat_no,sm_plan_nol2 from tmmsm21 where   st_no != 'DeP'  and st_no not like '1%'   and start_time<=@end_time and start_time>=@begin_time "
p_mmsm_17580/mmsm82c_inq.cpp	781	782	" select heat_no,sm_plan_nol2 from tmmsm27 where   start_time<=@end_time and start_time>=@begin_time  "
p_mmsm_17580/mmsm82c_inq.cpp	817	822	sqlstr = "select heat_no,sm_plan_nol2 from tmmsmgy05 "
p_mmsm_17580/mmsm82c_inq.cpp	858	861	sqlstr = "select heat_no,sm_plan_nol2 from tmmsmgy05 "
p_mmsm_17580/mmsm82c_save.cpp	59	62	sqlstr = " select  dev_code,START_TIME, END_TIME, case when END_TIME !=' ' and start_time !=' ' then ROUND((to_date(END_TIME, 'yyyy-mm-dd hh24-mi-ss')- to_date(
p_mmsm_17580/mmsm82c_save.cpp	63	66	" select  dev_code,START_TIME, END_TIME, case when END_TIME !=' ' and start_time !=' ' then ROUND((to_date(END_TIME, 'yyyy-mm-dd hh24-mi-ss')- to_date(START_TIM
p_mmsm_17580/mmsm82c_save.cpp	67	70	" select  dev_code,START_TIME, END_TIME, case when END_TIME !=' ' and start_time !=' ' then ROUND((to_date(END_TIME, 'yyyy-mm-dd hh24-mi-ss')- to_date(START_TIM
p_mmsm_17580/mmsm82c_save.cpp	102	108	sqlstr = " update tmmsmgy06 t1 set DURATION_TIME = (select STD_TIME from tmmsmw2 t3 where 1=1 and t3.DEV_CODE = t1.dev_code)"
p_mmsm_17580/mmsm82c_save.cpp	150	153	sqlstr = " select * from tmmsm2a_yl"
p_mmsm_17580/mmsm82c_save.cpp	180	181	sqlstr = "  SELECT LPAD(TO_CHAR(MMLC_2AYL.NEXTVAL),5 ,'0') FROM DUAL ";
p_mmsm_17580/mmsm82c_save.cpp	192	193	sqlstr = " select mat_name from tmmsm50 where mat_code = @mat_code";
p_mmsm_17580/mmsm82c_save.cpp	223	226	sqlstr = " select * from tmmsm2a_yl"
p_mmsm_17580/mmsm82c_save.cpp	247	249	sqlstr = " select distinct  heat_no from tmmsmgy06"
p_mmsm_17580/mmsm82c_save.cpp	276	279	sqlstr = " select ret_heat_no "
p_mmsm_17580/mmsm82c_save.cpp	310	315	sqlstr = " select HEATNO_PREMELT1,HEATNO_PREMELT2,HEATNO_PREMELT3,HEATNO_PREMELT4,HEATNO_PREMELT5,HEATNO_PREMELT6,MOLTIRON_WT"
p_mmsm_17580/mmsm82c_save.cpp	447	452	sqlstr = " select heat_no from tmmsmgy06"
p_mmsm_17580/mmsm82c_save.cpp	491	494	sqlstr = " select ret_heat_no "
p_mmsm_17580/mmsm82c_save.cpp	517	519	sqlstr = " update tpssm12zt set PROC_NO = ' '"
p_mmsm_17580/mmsm82c_save.cpp	524	526	sqlstr = " update tpssm12zt set PROC_NO = ' '"
p_mmsm_17580/mmsm82c_save.cpp	531	533	sqlstr = " update tpssm12zt set PROC_NO = ' '"
p_mmsm_17580/mmsm82c_save.cpp	538	540	sqlstr = " update tpssm12zt set PROC_NO = ' '"
p_mmsm_17580/mmsm82c_save.cpp	549	551	sqlstr = " update tpssm12zt set PROC_NO = ' '"
p_mmsm_17580/mmsm82c_save.cpp	556	558	sqlstr = " update tpssm12zt set PROC_NO = ' '"
p_mmsm_17580/mmsm82c_save.cpp	563	565	sqlstr = " update tpssm12zt set PROC_NO = ' '"
p_mmsm_17580/mmsm82c_save.cpp	570	572	sqlstr = " update tpssm12zt set PROC_NO = ' '"
p_mmsm_17580/mmsm82c_save.cpp	581	583	sqlstr = " update tpssm12zt set PROC_NO = ' '"
p_mmsm_17580/mmsm82c_save.cpp	588	590	sqlstr = " update tpssm12zt set PROC_NO = ' '"
p_mmsm_17580/mmsm82c_save.cpp	595	597	sqlstr = " update tpssm12zt set PROC_NO = ' '"
p_mmsm_17580/mmsm82c_save.cpp	602	604	sqlstr = " update tpssm12zt set PROC_NO = ' '"
p_mmsm_17580/mmsm82c_save.cpp	612	614	sqlstr = " update tpssm12zt set PROC_NO = ' '"
p_mmsm_17580/mmsm82c_save.cpp	619	621	sqlstr = " update tpssm12zt set PROC_NO = ' '"
p_mmsm_17580/mmsm82c_save.cpp	626	628	sqlstr = " update tpssm12zt set PROC_NO = ' '"
p_mmsm_17580/mmsm82c_save.cpp	633	635	sqlstr = " update tpssm12zt set PROC_NO = ' '"
p_mmsm_17580/mmsm82c_save.cpp	644	646	sqlstr = " update tpssm12zt set PROC_NO = ' '"
p_mmsm_17580/mmsm82c_save.cpp	651	653	sqlstr = " update tpssm12zt set PROC_NO = ' '"
p_mmsm_17580/mmsm82c_save.cpp	658	660	sqlstr = " update tpssm12zt set PROC_NO = ' '"
p_mmsm_17580/mmsm82c_save.cpp	665	667	sqlstr = " update tpssm12zt set PROC_NO = ' '"
p_mmsm_17580/mmsm82c_save.cpp	675	677	sqlstr = " update tpssm12zt set PROC_NO = ' '"
p_mmsm_17580/mmsm82c_save.cpp	682	684	sqlstr = " update tpssm12zt set PROC_NO = ' '"
p_mmsm_17580/mmsm82c_save.cpp	689	691	sqlstr = " update tpssm12zt set PROC_NO = ' '"
p_mmsm_17580/mmsm82c_save.cpp	696	698	sqlstr = " update tpssm12zt set PROC_NO = ' '"
p_mmsm_17580/mmsm82c_yry.cpp	37	38	sqlstr = " SELECT distinct  sm_plan_nol2,heat_no,START_TIME,END_TIME,ST_NO, HEATNO_PREMELT1, WEIGHT_PREMELT1, HEATNO_PREMELT2, WEIGHT_PREMELT2, HEATNO_PREMELT3,
p_mmsm_17580/mmsm82c_yry.cpp	39	42	" SELECT sm_plan_nol2,heat_no,START_TIME,END_TIME,ST_NO, HEATNO_PREMELT1, WEIGHT_PREMELT1, HEATNO_PREMELT2, WEIGHT_PREMELT2, HEATNO_PREMELT3, WEIGHT_PREMELT3, H
p_mmsm_17580/mmsm82c_yry.cpp	43	46	" SELECT sm_plan_nol2,heat_no,START_TIME,END_TIME,ST_NO, HEATNO_PREMELT1, WEIGHT_PREMELT1, HEATNO_PREMELT2, WEIGHT_PREMELT2, HEATNO_PREMELT3, WEIGHT_PREMELT3, H
p_mmsm_17580/mmsm82c_yry.cpp	47	50	" SELECT sm_plan_nol2,heat_no,START_TIME,END_TIME,ST_NO, HEATNO_PREMELT1, WEIGHT_PREMELT1, HEATNO_PREMELT2, WEIGHT_PREMELT2, HEATNO_PREMELT3, WEIGHT_PREMELT3, H
p_mmsm_17580/mmsm82c_yry.cpp	51	54	" SELECT  sm_plan_nol2,heat_no,START_TIME,END_TIME,ST_NO, HEATNO_PREMELT1, WEIGHT_PREMELT1, HEATNO_PREMELT2, WEIGHT_PREMELT2, HEATNO_PREMELT3, WEIGHT_PREMELT3, 
p_mmsm_17580/mmsm82c_yry.cpp	55	58	" SELECT  sm_plan_nol2,heat_no,START_TIME,END_TIME,ST_NO, HEATNO_PREMELT1, WEIGHT_PREMELT1, HEATNO_PREMELT2, WEIGHT_PREMELT2, HEATNO_PREMELT3, WEIGHT_PREMELT3, 
p_mmsm_17580/mmsm82c_yry.cpp	59	62	" SELECT  sm_plan_nol2,heat_no,START_TIME,END_TIME,ST_NO, HEATNO_PREMELT1, WEIGHT_PREMELT1, HEATNO_PREMELT2, WEIGHT_PREMELT2, HEATNO_PREMELT3, WEIGHT_PREMELT3, 
p_mmsm_17580/mmsm82c_yry.cpp	63	66	" SELECT sm_plan_nol2,heat_no,START_TIME,END_TIME,ST_NO, HEATNO_PREMELT1, WEIGHT_PREMELT1, HEATNO_PREMELT2, WEIGHT_PREMELT2, HEATNO_PREMELT3, WEIGHT_PREMELT3, '
p_mmsm_17580/mmsm82c_yry.cpp	67	70	" SELECT sm_plan_nol2,heat_no,START_TIME,END_TIME,ST_NO, HEATNO_PREMELT1, WEIGHT_PREMELT1, HEATNO_PREMELT2, WEIGHT_PREMELT2, HEATNO_PREMELT3, WEIGHT_PREMELT3, '
p_mmsm_17580/mmsm82c_yry.cpp	71	76	" SELECT sm_plan_nol2,heat_no,START_TIME,END_TIME,ST_NO, HEATNO_PREMELT1, WEIGHT_PREMELT1, HEATNO_PREMELT2, WEIGHT_PREMELT2, HEATNO_PREMELT3, WEIGHT_PREMELT3, '
p_mmsm_17580/mmsm82d_ft.cpp	53	58	sqlstr = " delete from tmmsm56ft"
p_mmsm_17580/mmsm82d_ft.cpp	66	71	sqlstr = " select *  from  tmmsm56a"
p_mmsm_17580/mmsm82d_ft.cpp	130	136	sqlstr = " select sum(DEVO_WT) use_wt from tmmsm2a_send"
p_mmsm_17580/mmsm82d_ft.cpp	156	156	sqlstr = " insert into tmmsm56ft(rec_creator,rec_create_time,stat_date,sm_plan_nol2,heat_no,st_no,dev_code,mat_code,lot_no,OUT_STOCK_TIME,recv_mat_time,OUT_STOC
p_mmsm_17580/mmsm82d_ft.cpp	157	158	" select @rec_creator,@rec_create_time,@stat_date,sm_plan_nol2,heat_no,st_no,@dev_code,mat_code,decode(@lot_no,' ',lot_no,@lot_no),@out_stock_time,@out_stock_ti
p_mmsm_17580/mmsm82d_ft.cpp	159	161	" select sm_plan_nol2, heat_no, st_no, lot_no, @mat_code as mat_code,round(@all_use_wt*DEVO_WT/all_wt,0) use_wt,DEVO_WT"
p_mmsm_17580/mmsm82d_ft.cpp	162	164	"  select sm_plan_nol2, heat_no, st_no, lot_no,devo_wt,sum(devo_wt) over() all_wt "
p_mmsm_17580/mmsm82d_ft.cpp	165	180	"  select sm_plan_nol2, heat_no, st_no, lot_no,devo_wt,sum(devo_wt) over(order by devo_wt desc) all_wt_x,sum(devo_wt) over() all_wt "
p_mmsm_17580/mmsm82d_ft.cpp	210	216	sqlstr = " select sum(DEVO_WT) use_wt from tmmsm2a_send"
p_mmsm_17580/mmsm82d_ft.cpp	236	236	sqlstr = " insert into tmmsm56ft(rec_creator,rec_create_time,stat_date,sm_plan_nol2,heat_no,st_no,dev_code,mat_code,lot_no,OUT_STOCK_TIME,recv_mat_time,WEIGH_NO
p_mmsm_17580/mmsm82d_ft.cpp	237	238	" select @rec_creator,@rec_create_time,@stat_date,sm_plan_nol2,heat_no,st_no,@dev_code,mat_code,decode(@lot_no,' ',lot_no,@lot_no),@out_stock_time,@out_stock_ti
p_mmsm_17580/mmsm82d_ft.cpp	239	240	" select sm_plan_nol2, heat_no, st_no,  lot_no, @mat_code as mat_code,  WEIGH_NO, QUALITY_BATCH_NO,round((@all_use_wt*devo_wt/all_wt),0) use_wt,devo_wt"
p_mmsm_17580/mmsm82d_ft.cpp	241	242	" select sm_plan_nol2, heat_no, st_no,  lot_no, weigh_no, quality_batch_no,devo_wt,sum(devo_wt) over() all_wt"
p_mmsm_17580/mmsm82d_ft.cpp	243	258	" select sm_plan_nol2, heat_no, st_no,  lot_no, weigh_no, quality_batch_no,devo_wt,sum(devo_wt) over(order by devo_wt desc) all_wt_x,sum(devo_wt) over() all_wt"
p_mmsm_17580/mmsm82d_ft.cpp	291	298	sqlstr = " select sum(OUT_STOCK_WT) OUT_STOCK_WT"
p_mmsm_17580/mmsm82d_ft.cpp	320	327	sqlstr = " select OUT_STOCK_NO,DEVO_WT "
p_mmsm_17580/mmsm82d_ft.cpp	336	343	sqlstr = " update tmmsm56ft set OUT_STOCK_WT = OUT_STOCK_WT + @out_stock_wt"
p_mmsm_17580/mmsm82d_ft.cpp	432	436	sqlstr = " select sum(MAT_ACT_WT) use_wt from tmmsm56b"
p_mmsm_17580/mmsm82d_ft.cpp	448	448	sqlstr = " insert into tmmsm56ft(rec_creator,rec_create_time,stat_date,sm_plan_nol2,heat_no,st_no,dev_code,mat_code,lot_no,OUT_STOCK_TIME,recv_mat_time,OUT_STOC
p_mmsm_17580/mmsm82d_ft.cpp	449	450	" select @rec_creator,@rec_create_time,@stat_date,sm_plan_nol2,heat_no,st_no,dev_code,mat_code,lot_no,@out_stock_time,@out_stock_time,use_wt,mat_act_wt,'F','F'|
p_mmsm_17580/mmsm82d_ft.cpp	451	452	" select sm_plan_nol2, heat_no, st_no, nvl(@dev_code,substr(heat_no,1,2)) as dev_code, @mat_code as mat_code,@lot_no as lot_no, mat_act_wt,round(@all_use_wt*mat
p_mmsm_17580/mmsm82d_ft.cpp	453	454	"  select sm_plan_nol2, heat_no, st_no,mat_act_wt,sum(mat_act_wt) over() all_wt"
p_mmsm_17580/mmsm82d_ft.cpp	455	465	"      select sm_plan_nol2, heat_no, st_no,mat_act_wt,sum(mat_act_wt) over(order by mat_act_wt desc) all_wt_x,sum(mat_act_wt) over() all_wt"
p_mmsm_17580/mmsm82d_ft.cpp	492	499	sqlstr = " select sum(OUT_STOCK_WT) OUT_STOCK_WT"
p_mmsm_17580/mmsm82d_ft.cpp	520	527	sqlstr = " select OUT_STOCK_NO,DEVO_WT "
p_mmsm_17580/mmsm82d_ft.cpp	535	542	sqlstr = " update tmmsm56ft set OUT_STOCK_WT = OUT_STOCK_WT + @out_stock_wt"
p_mmsm_17580/mmsm82d_ft.cpp	575	577	sqlstr = " insert into tmmsm56ft(rec_creator,rec_create_time,stat_date,sm_plan_nol2,heat_no,st_no,dev_code,mat_code,lot_no,OUT_STOCK_TIME,recv_mat_time,OUT_STOC
p_mmsm_17580/mmsm82d_ft.cpp	601	605	sqlstr = " select * from tmmsm56a2 "
p_mmsm_17580/mmsm82d_ft.cpp	776	782	sqlstr = " select sum(DEVO_WT) use_wt from tmmsm2a_send"
p_mmsm_17580/mmsm82d_ft.cpp	802	802	sqlstr = " insert into tmmsm56ft(rec_creator,rec_create_time,stat_date,sm_plan_nol2,heat_no,st_no,dev_code,mat_code,lot_no,OUT_STOCK_TIME,recv_mat_time,OUT_STOC
p_mmsm_17580/mmsm82d_ft.cpp	803	804	" select @rec_creator,@rec_create_time,@stat_date,sm_plan_nol2,heat_no,st_no,dev_code,mat_code,decode(@lot_no,' ',lot_no,@lot_no),@out_stock_time,@out_stock_tim
p_mmsm_17580/mmsm82d_ft.cpp	805	807	" select sm_plan_nol2, heat_no, st_no, dev_code,lot_no, @mat_code as mat_code,round(@all_use_wt*DEVO_WT/all_wt,0) use_wt,DEVO_WT"
p_mmsm_17580/mmsm82d_ft.cpp	808	810	"  select sm_plan_nol2, heat_no, st_no, dev_code,lot_no,devo_wt,sum(devo_wt) over() all_wt "
p_mmsm_17580/mmsm82d_ft.cpp	811	826	"  select sm_plan_nol2, heat_no, st_no, dev_code,lot_no,devo_wt,sum(devo_wt) over(order by devo_wt desc) all_wt_x,sum(devo_wt) over() all_wt "
p_mmsm_17580/mmsm82d_ft.cpp	855	861	sqlstr = " select sum(DEVO_WT) use_wt from tmmsm2a_send"
p_mmsm_17580/mmsm82d_ft.cpp	881	881	sqlstr = " insert into tmmsm56ft(rec_creator,rec_create_time,stat_date,sm_plan_nol2,heat_no,st_no,dev_code,mat_code,lot_no,OUT_STOCK_TIME,recv_mat_time,WEIGH_NO
p_mmsm_17580/mmsm82d_ft.cpp	882	883	" select @rec_creator,@rec_create_time,@stat_date,sm_plan_nol2,heat_no,st_no,dev_code,mat_code,decode(@lot_no,' ',lot_no,@lot_no),@out_stock_time,@out_stock_tim
p_mmsm_17580/mmsm82d_ft.cpp	884	885	" select sm_plan_nol2, heat_no, st_no, dev_code, lot_no, @mat_code as mat_code,  WEIGH_NO, QUALITY_BATCH_NO,round((@all_use_wt*devo_wt/all_wt),0) use_wt,devo_wt
p_mmsm_17580/mmsm82d_ft.cpp	886	887	" select sm_plan_nol2, heat_no, st_no, dev_code, lot_no, weigh_no, quality_batch_no,devo_wt,sum(devo_wt) over() all_wt"
p_mmsm_17580/mmsm82d_ft.cpp	888	903	" select sm_plan_nol2, heat_no, st_no, dev_code, lot_no, weigh_no, quality_batch_no,devo_wt,sum(devo_wt) over(order by devo_wt desc) all_wt_x,sum(devo_wt) over(
p_mmsm_17580/mmsm82d_ft.cpp	935	942	sqlstr = " select sum(OUT_STOCK_WT) OUT_STOCK_WT"
p_mmsm_17580/mmsm82d_ft.cpp	964	971	sqlstr = " select OUT_STOCK_NO,DEVO_WT "
p_mmsm_17580/mmsm82d_ft.cpp	980	987	sqlstr = " update tmmsm56ft set OUT_STOCK_WT = OUT_STOCK_WT + @out_stock_wt"
p_mmsm_17580/mmsm82d_ft.cpp	1078	1084	sqlstr = " select sum(DEVO_WT) use_wt from tmmsm2a_send"
p_mmsm_17580/mmsm82d_ft.cpp	1129	1129	sqlstr = " insert into tmmsm56ft(rec_creator,rec_create_time,stat_date,heat_no,st_no,dev_code,mat_code,lot_no,OUT_STOCK_TIME,recv_mat_time,OUT_STOCK_WT,DEVO_WT,
p_mmsm_17580/mmsm82d_ft.cpp	1130	1131	" select @rec_creator,@rec_create_time,@stat_date,heat_no,st_no,dev_code,mat_code,decode(@lot_no,' ',lot_no,@lot_no),@out_stock_time,@out_stock_time,use_wt,DEVO
p_mmsm_17580/mmsm82d_ft.cpp	1132	1134	" select  heat_no, st_no, dev_code,lot_no, @mat_code as mat_code,round(@all_use_wt*DEVO_WT/all_wt,0) use_wt,DEVO_WT"
p_mmsm_17580/mmsm82d_ft.cpp	1135	1137	"  select  heat_no, st_no, dev_code,lot_no,devo_wt,sum(devo_wt) over() all_wt "
p_mmsm_17580/mmsm82d_ft.cpp	1138	1153	"  select  heat_no, st_no, dev_code,lot_no,devo_wt,sum(devo_wt) over(order by devo_wt desc) all_wt_x,sum(devo_wt) over() all_wt "
p_mmsm_17580/mmsm82d_ft.cpp	1182	1188	sqlstr = " select sum(DEVO_WT) use_wt from tmmsm2a_send"
p_mmsm_17580/mmsm82d_ft.cpp	1232	1232	sqlstr = " insert into tmmsm56ft(rec_creator,rec_create_time,stat_date,heat_no,st_no,dev_code,mat_code,lot_no,OUT_STOCK_TIME,recv_mat_time,WEIGH_NO,QUALITY_BATC
p_mmsm_17580/mmsm82d_ft.cpp	1233	1234	" select @rec_creator,@rec_create_time,@stat_date,heat_no,st_no,dev_code,mat_code,decode(@lot_no,' ',lot_no,@lot_no),@out_stock_time,@out_stock_time,WEIGH_NO,QU
p_mmsm_17580/mmsm82d_ft.cpp	1235	1236	" select  heat_no, st_no, dev_code, lot_no, @mat_code as mat_code,  WEIGH_NO, QUALITY_BATCH_NO,round((@all_use_wt*devo_wt/all_wt),0) use_wt,devo_wt"
p_mmsm_17580/mmsm82d_ft.cpp	1237	1238	" select  heat_no, st_no, dev_code, lot_no, weigh_no, quality_batch_no,devo_wt,sum(devo_wt) over() all_wt"
p_mmsm_17580/mmsm82d_ft.cpp	1239	1253	" select heat_no, st_no, dev_code, lot_no, weigh_no, quality_batch_no,devo_wt,sum(devo_wt) over(order by devo_wt desc) all_wt_x,sum(devo_wt) over() all_wt"
p_mmsm_17580/mmsm82d_ft.cpp	1285	1292	sqlstr = " select sum(OUT_STOCK_WT) OUT_STOCK_WT"
p_mmsm_17580/mmsm82d_ft.cpp	1314	1321	sqlstr = " select OUT_STOCK_NO,DEVO_WT "
p_mmsm_17580/mmsm82d_ft.cpp	1330	1337	sqlstr = " update tmmsm56ft set OUT_STOCK_WT = OUT_STOCK_WT + @out_stock_wt"
p_mmsm_17580/mmsm82d_ft.cpp	1399	1404	sqlstr = " select sum(DEVO_WT) use_wt from tmmsm2a_send "
p_mmsm_17580/mmsm82d_ft.cpp	1423	1423	sqlstr = " insert into tmmsm56ft(rec_creator,rec_create_time,stat_date,heat_no,st_no,dev_code,mat_code,lot_no,OUT_STOCK_TIME,recv_mat_time,OUT_STOCK_WT,DEVO_WT,
p_mmsm_17580/mmsm82d_ft.cpp	1424	1425	" select @rec_creator,@rec_create_time,@stat_date,heat_no,st_no,dev_code,mat_code,decode(@lot_no,' ',lot_no,@lot_no),@out_stock_time,@out_stock_time,use_wt,DEVO
p_mmsm_17580/mmsm82d_ft.cpp	1426	1428	" select  heat_no, st_no, dev_code,lot_no, @mat_code as mat_code,round(@all_use_wt*DEVO_WT/all_wt,0) use_wt,DEVO_WT"
p_mmsm_17580/mmsm82d_ft.cpp	1429	1431	"  select  heat_no, st_no, dev_code,lot_no,devo_wt,sum(devo_wt) over() all_wt "
p_mmsm_17580/mmsm82d_ft.cpp	1432	1447	"  select  heat_no, st_no, dev_code,lot_no,devo_wt,sum(devo_wt) over(order by devo_wt desc) all_wt_x,sum(devo_wt) over() all_wt "
p_mmsm_17580/mmsm82d_ft.cpp	1481	1488	sqlstr = " select sum(OUT_STOCK_WT) OUT_STOCK_WT"
p_mmsm_17580/mmsm82d_ft.cpp	1510	1517	sqlstr = " select OUT_STOCK_NO,DEVO_WT "
p_mmsm_17580/mmsm82d_ft.cpp	1526	1533	sqlstr = " update tmmsm56ft set OUT_STOCK_WT = OUT_STOCK_WT + @out_stock_wt"
p_mmsm_17580/mmsm82d_ft.cpp	1619	1625	sqlstr = " select sum(DEVO_WT) use_wt from tmmsm2a_send"
p_mmsm_17580/mmsm82d_ft.cpp	1670	1670	sqlstr = " insert into tmmsm56ft(rec_creator,rec_create_time,stat_date,heat_no,st_no,dev_code,mat_code,lot_no,OUT_STOCK_TIME,recv_mat_time,OUT_STOCK_WT,DEVO_WT,
p_mmsm_17580/mmsm82d_ft.cpp	1671	1672	" select @rec_creator,@rec_create_time,@stat_date,heat_no,st_no,dev_code,mat_code,decode(@lot_no,' ',lot_no,@lot_no),@out_stock_time,@out_stock_time,use_wt,DEVO
p_mmsm_17580/mmsm82d_ft.cpp	1673	1675	" select  heat_no, st_no, dev_code,lot_no, @mat_code as mat_code,round(@all_use_wt*DEVO_WT/all_wt,0) use_wt,DEVO_WT"
p_mmsm_17580/mmsm82d_ft.cpp	1676	1678	"  select  heat_no, st_no, dev_code,lot_no,devo_wt,sum(devo_wt) over() all_wt "
p_mmsm_17580/mmsm82d_ft.cpp	1679	1694	"  select  heat_no, st_no, dev_code,lot_no,devo_wt,sum(devo_wt) over(order by devo_wt desc) all_wt_x,sum(devo_wt) over() all_wt "
p_mmsm_17580/mmsm82d_ft.cpp	1723	1729	sqlstr = " select sum(DEVO_WT) use_wt from tmmsm2a_send"
p_mmsm_17580/mmsm82d_ft.cpp	1773	1773	sqlstr = " insert into tmmsm56ft(rec_creator,rec_create_time,stat_date,heat_no,st_no,dev_code,mat_code,lot_no,OUT_STOCK_TIME,recv_mat_time,WEIGH_NO,QUALITY_BATC
p_mmsm_17580/mmsm82d_ft.cpp	1774	1775	" select @rec_creator,@rec_create_time,@stat_date,heat_no,st_no,dev_code,mat_code,decode(@lot_no,' ',lot_no,@lot_no),@out_stock_time,@out_stock_time,WEIGH_NO,QU
p_mmsm_17580/mmsm82d_ft.cpp	1776	1777	" select  heat_no, st_no, dev_code, lot_no, @mat_code as mat_code,  WEIGH_NO, QUALITY_BATCH_NO,round((@all_use_wt*devo_wt/all_wt),0) use_wt,devo_wt"
p_mmsm_17580/mmsm82d_ft.cpp	1778	1779	" select  heat_no, st_no, dev_code, lot_no, weigh_no, quality_batch_no,devo_wt,sum(devo_wt) over() all_wt"
p_mmsm_17580/mmsm82d_ft.cpp	1780	1794	" select heat_no, st_no, dev_code, lot_no, weigh_no, quality_batch_no,devo_wt,sum(devo_wt) over(order by devo_wt desc) all_wt_x,sum(devo_wt) over() all_wt"
p_mmsm_17580/mmsm82d_ft.cpp	1826	1833	sqlstr = " select sum(OUT_STOCK_WT) OUT_STOCK_WT"
p_mmsm_17580/mmsm82d_ft.cpp	1855	1862	sqlstr = " select OUT_STOCK_NO,DEVO_WT "
p_mmsm_17580/mmsm82d_ft.cpp	1871	1878	sqlstr = " update tmmsm56ft set OUT_STOCK_WT = OUT_STOCK_WT + @out_stock_wt"
p_mmsm_17580/mmsm82d_ft.cpp	1920	1925	sqlstr = "update tmmsm56ft t1 set mat_name = (select mat_name from tmmsm50 t2 where t1.mat_code = t2.mat_code)"
p_mmsm_17580/mmsm82d_inq.cpp	42	49	sqlstr = " select t1.*"
p_mmsm_17580/mmsm82d_inq.cpp	59	65	sqlstr = " select MAT_CODE,mat_name,OUT_STOCK_WT,DEVO_WT,DEV_CODE,HEAT_NO,L2_PROC_NO,ST_NO,LOT_NO,decode(DEVO_WT,0,0,ROUND(OUT_STOCK_WT*100/DEVO_WT,3)) AS RATE"
p_mmsm_17580/mmsm82d_inq.cpp	78	83	sqlstr = " select t1.*"
p_mmsm_17580/mmsm82d_inq.cpp	93	99	sqlstr = " select MAT_CODE,mat_name,OUT_STOCK_WT,DEVO_WT,DEV_CODE,HEAT_NO,L2_PROC_NO,ST_NO,LOT_NO,decode(DEVO_WT,0,0,ROUND(OUT_STOCK_WT*100/DEVO_WT,3)) AS RATE"
p_mmsm_17580/mmsm82d_save.cpp	32	36	sqlstr = " delete from  tmmsm56a "
p_mmsm_17580/mmsm82d_save.cpp	42	45	sqlstr = " select max(SEQ_ID) from tmmsm56a"
p_mmsm_17580/mmsm82d_save.cpp	65	70	sqlstr = " select sum(devo_wt) from tmmsm2a_send"
p_mmsm_17580/mmsm82d_save.cpp	83	85	sqlstr = " select count(1) from tmmsm50 where  QUALITY_FLAS='1'"
p_mmsm_17580/mmsm82d_save.cpp	115	119	sqlstr = " select count(1) from tmmsm56a2"
p_mmsm_17580/mmsm82d_save.cpp	133	135	sqlstr = " select count(1) from tmmsm50 where  QUALITY_FLAS='1'"
p_mmsm_17580/mmsm82d_save.cpp	148	150	sqlstr = " select count(1) from tmmsm50 where  QUALITY_FLAS='1'"
p_mmsm_17580/mmsm82d_save.cpp	172	174	sqlstr = " select count(1) from tmmsmw4"
p_mmsm_17580/mmsm82d_save.cpp	185	187	sqlstr = " select count(1) from tmmsmw4"
p_mmsm_17580/mmsm82d_snd.cpp	177	182	sqlstr = " delete from tmmsm2a_send"
p_mmsm_17580/mmsm82d_snd.cpp	188	193	sqlstr = " select max(SEQ_NO_2A) "
p_mmsm_17580/mmsm82d_snd.cpp	208	208	sqlstr = " insert into tmmsm2a_send(rec_creator,rec_create_time,stat_date,sm_plan_nol2,heat_no,st_no,dev_code,mat_code,lot_no,DEVO_TIME,prod_date,devo_wt,SEQ_NO
p_mmsm_17580/mmsm82d_snd.cpp	209	210	" select @rec_creator,@rec_create_time,t1.stat_date,t1.sm_plan_nol2,t1.heat_no,t1.st_no,t1.dev_code,t1.mat_code,t1.lot_no,@rec_create_time,t1.prod_date,t1.devo_
p_mmsm_17580/mmsm82d_snd.cpp	211	212	" select stat_date,sm_plan_nol2,heat_no,st_no,dev_code,mat_code,prod_date,lot_no,sum(devo_wt) devo_wt "
p_mmsm_17580/mmsm82d_snd.cpp	213	229	" select stat_date,sm_plan_nol2,heat_no,st_no,dev_code,mat_code,WEIGH_NO,QUALITY_BATCH_NO,lot_no,substr(recv_mat_time,1,8) as prod_date,OUT_STOCK_WT as devo_wt"
p_mmsm_17580/mmsm82d_snd.cpp	241	248	sqlstr = " select * from TMMSM2A_SEND t1"
p_mmsm_17580/mmsm82d_snd.cpp	271	278	sqlstr = " select * from TMMSM2A_SEND t1"
p_mmsm_17580/mmsm82d_snd.cpp	299	304	sqlstr = " update tmmsm2a_send set SEND_FLAG = '1',SEND_TIME=@datetime"
p_mmsm_17580/mmsm82d_snd.cpp	312	316	sqlstr = " update tmmsm56a set SEND_FLAG = '1',SEND_TIME=@datetime"
p_mmsm_17580/mmsm82d_snd.cpp	324	328	sqlstr = " update tmmsm56ft set SEND_FLAG = '1',SEND_TIME=@datetime"
p_mmsm_17580/mmsm82e_inq.cpp	106	107	sqlstr_count = " select count(1) from tmmsmgy05 t where 1=1";
p_mmsm_17580/mmsm82e_inq.cpp	121	122	sqlstr = " SELECT SM_PLAN_NOL2,HEAT_NO,ST_NO,DEV_CODE,START_TIME,END_TIME,MOLTIRON_WT,HEATNO_PREMELT1,HEATNO_PREMELT2,HEATNO_PREMELT3,HEATNO_PREMELT4,HEATNO_PRE
p_mmsm_17580/mmsm82e_inq.cpp	123	133	" select SM_PLAN_NOL2,HEAT_NO,ST_NO,DEV_CODE,START_TIME,END_TIME,MOLTIRON_WT,HEATNO_PREMELT1,HEATNO_PREMELT2,HEATNO_PREMELT3,HEATNO_PREMELT4,HEATNO_PREMELT5,HEA
p_mmsm_17580/mmsm82h_inq.cpp	54	57	sqlstr = " select HEAT_NO,RET_HEAT_NO,RET_TIME,RATE"
p_mmsm_17580/mmsm82h_inq.cpp	58	64	" select heat_no,' ',max(RET_TIME),1-sum(RATE) "
p_mmsm_17580/mmsm82h_inq2.cpp	43	47	sqlstr = " select * from tmmsmgy07"
p_mmsm_17580/mmsm82h_inq2.cpp	56	63	sqlstr = " select *	 "
p_mmsm_17580/mmsm82h_inq2.cpp	72	77	sqlstr = " select * from tmmsm2a_send"
p_mmsm_17580/mmsm82h_snd.cpp	94	99	sqlstr = " select SEND_FLAG,RTN_FLAG"
p_mmsm_17580/mmsm82h_snd.cpp	124	129	sqlstr = " select * from tmmsmgy06_sed"
p_mmsm_17580/mmsm82h_snd.cpp	150	156	sqlstr = " update tmmsmgy06_sed set RTN_FLAG = '1',RETURN_TIME=@datetime"
p_mmsm_17580/mmsm82h_snd.cpp	167	176	sqlstr = " select * from TMMSM2A_SEND t1"
p_mmsm_17580/mmsm82h_snd.cpp	200	209	sqlstr = " select * from TMMSM2A_SEND t1"
p_mmsm_17580/mmsm82h_snd.cpp	232	239	sqlstr = " update tmmsm2a_send set TC_SEND_FLAG='0',RTN_FLAG = '1',RETURN_TIME=@datetime"
p_mmsm_17580/mmsm82h_snd.cpp	248	252	sqlstr = " update tmmsmgy07 set SEND_FLAG = '0',RTN_FLAG = '1',RETURN_TIME=@datetime"
p_mmsm_17580/mmsm82h_snd.cpp	267	274	sqlstr = " select  SM_PLAN_NOL2,HEAT_NO,L2_PROC_NO,PROD_DATE,DEV_CODE,START_TIME,END_TIME,DURATION_TIME,STAT_DATE,PROD_SHIFT_GROUP,PROD_SHIFT_NO,st_no,HEAT_NO_O
p_mmsm_17580/mmsm82h_snd.cpp	275	281	" select  SM_PLAN_NOL2,HEAT_NO_OLD as HEAT_NO,L2_PROC_NO,PROD_DATE,DEV_CODE,START_TIME,END_TIME,0 - DURATION_TIME AS DURATION_TIME,STAT_DATE,PROD_SHIFT_GROUP,PR
p_mmsm_17580/mmsm82h_snd.cpp	303	308	sqlstr = " update tmmsmgy06_sed set TC_SEND_FLAG = '1',DATI_MSG_SENT=@datetime"
p_mmsm_17580/mmsm82h_snd.cpp	318	324	sqlstr = " delete from tmmsm2a_send"
p_mmsm_17580/mmsm82h_snd.cpp	331	336	sqlstr = " select max(SEQ_NO_2A) "
p_mmsm_17580/mmsm82h_snd.cpp	351	351	sqlstr = " insert into tmmsm2a_send(rec_creator,rec_create_time,stat_date,L2_PROC_NO,heat_no,HEAT_NO_OLD,st_no,dev_code,mat_code,LOT_NO,DEVO_TIME,prod_date,devo
p_mmsm_17580/mmsm82h_snd.cpp	352	353	" select @rec_creator,@rec_create_time,t1.stat_date,t1.L2_PROC_NO,t1.heat_no,t1.HEAT_NO_OLD,t1.st_no,t1.dev_code,t1.mat_code,t1.LOT_NO,@rec_create_time,substr(t
p_mmsm_17580/mmsm82h_snd.cpp	354	362	" select   RECV_MAT_TIME,substr(RECV_MAT_TIME,1,6) STAT_DATE,HEAT_NO,L2_PROC_NO,HEAT_NO_OLD,LOT_NO,DEV_CODE,ST_NO,MAT_CODE,SUM(DEVO_WT) DEVO_WT"
p_mmsm_17580/mmsm82h_snd.cpp	363	372	" select   RECV_MAT_TIME,substr(RECV_MAT_TIME,1,6) STAT_DATE,HEAT_NO_OLD as HEAT_NO,L2_PROC_NO,HEAT_NO_OLD,LOT_NO,DEV_CODE,ST_NO,MAT_CODE,SUM(0-DEVO_WT) DEVO_WT
p_mmsm_17580/mmsm82h_snd.cpp	384	393	sqlstr = " select * from TMMSM2A_SEND t1"
p_mmsm_17580/mmsm82h_snd.cpp	417	426	sqlstr = " select * from TMMSM2A_SEND t1"
p_mmsm_17580/mmsm82h_snd.cpp	448	454	sqlstr = " update tmmsm2a_send set SEND_FLAG = '1',SEND_TIME=@datetime"
p_mmsm_17580/mmsm82h_snd.cpp	464	468	sqlstr = " update tmmsmgy07 set SEND_FLAG = '1',SEND_TIME=@datetime"
p_mmsm_17580/mmsm82i_inq.cpp	52	54	sqlstr = " select heat_no, '未发送炉号信息' as remark from tmmsmgy05"
p_mmsm_17580/mmsm82i_inq.cpp	55	60	" select heat_no, RECV_MAT_TIME from tmmsm01  where RECV_MAT_TIME != ' '  "
p_mmsm_17580/mmsm82i_inq.cpp	70	72	sqlstr = " select heat_no, '未收货完成' as remark "
p_mmsm_17580/mmsm82i_inq.cpp	73	79	" select heat_no, RECV_MAT_TIME from tmmsm01  where RECV_MAT_TIME != ' '  "
p_mmsm_17580/mmsm82k_inq.cpp	39	42	sqlstr = "select heat_no, ST_NO,sum(MAT_ACT_WT) MAT_ACT_WT,sum(SH_WT) SH_WT,sum(HJ_WT) HJ_WT,sum(FL_WT) FL_WT,SUM(HJ_WT_FT) HJ_WT_FT,SUM(HJ_WT_TL) HJ_WT_TL"
p_mmsm_17580/mmsm82k_inq.cpp	43	46	"  select st_no,heat_no, sum(MAT_ACT_WT) MAT_ACT_WT,0 SH_WT,0 HJ_WT,0 FL_WT,0 HJ_WT_FT,0 HJ_WT_TL from VMMSMCPCL_BB1 t1 "
p_mmsm_17580/mmsm82k_inq.cpp	47	50	" select st_no,heat_no, 0 MAT_ACT_WT,sum(MAT_ACT_WT) SH_WT,0 HJ_WT,0 FL_WT,0 HJ_WT_FT,0 HJ_WT_TL from tmmsm56b t1 "
p_mmsm_17580/mmsm82k_inq.cpp	51	58	" select st_no,heat_no, 0 MAT_ACT_WT,0 SH_WT"
p_mmsm_17580/mmsm82k_inq.cpp	89	92	sqlstr = "select  ST_NO,sum(MAT_ACT_WT) MAT_ACT_WT,sum(SH_WT) SH_WT,sum(HJ_WT) HJ_WT,sum(FL_WT) FL_WT,SUM(HJ_WT_FT) HJ_WT_FT,SUM(HJ_WT_TL) HJ_WT_TL"
p_mmsm_17580/mmsm82k_inq.cpp	93	96	"  select st_no, sum(MAT_ACT_WT) MAT_ACT_WT,0 SH_WT,0 HJ_WT,0 FL_WT,0 HJ_WT_FT,0 HJ_WT_TL from VMMSMCPCL_BB1 t1 "
p_mmsm_17580/mmsm82k_inq.cpp	97	100	" select st_no, 0 MAT_ACT_WT,sum(MAT_ACT_WT) SH_WT,0 HJ_WT,0 FL_WT,0 HJ_WT_FT,0 HJ_WT_TL from tmmsm56b t1 "
p_mmsm_17580/mmsm82k_inq.cpp	101	108	" select st_no, 0 MAT_ACT_WT,0 SH_WT"
p_mmsm_17580/mmsm82m_inq.cpp	54	61	"select heat_no,  mat_code,mat_name,dev_code,lot_no,sum(devo_wt) devo_wt"
p_mmsm_17580/mmsm82m_inq.cpp	77	85	"select heat_no,WEIGH_NO,mat_code,mat_name"
p_mmsm_17580/mmsm82m_inq.cpp	95	98	"select *"
p_mmsm_17580/mmsm82m_inq.cpp	146	149	sqlstr = " select stat_date,sm_plan_nol2,heat_no,pono,st_no,dev_code,mat_code,LOT_NO,prod_date,sum(devo_wt) devo_wt "
p_mmsm_17580/mmsm82m_inq.cpp	150	156	" select stat_date,sm_plan_nol2,heat_no,L2_PROC_NO,pono,st_no,dev_code,mat_code,LOT_NO,substr(recv_mat_time,1,8) as prod_date,OUT_STOCK_WT as devo_wt"
p_mmsm_17580/mmsm82m_inq.cpp	157	163	" select stat_date,sm_plan_nol2,heat_no,L2_PROC_NO,pono,st_no,dev_code,mat_code,' ' as LOT_NO,substr(recv_mat_time,1,8) as prod_date,OUT_STOCK_WT as devo_wt"
p_mmsm_17580/mmsm82m_inq.cpp	164	177	" select stat_date,sm_plan_nol2,heat_no,L2_PROC_NO,pono,st_no,dev_code,mat_code,LOT_NO,prod_date,0-devo_wt as devo_wt"
p_mmsm_17580/mmsm83e_inq.cpp	60	64	sqlstr = " select *"
p_mmsm_17580/mmsm83z_batch.cpp	65	84	sqlstr = " SELECT B.C_ORDERID,\
p_mmsm_17580/mmsm_t80r91.cpp	52	52	sqlstr = " select distinct heat_no from tmmsmgy05 where (CAST_DIV_NO,TD_NO_1,CAST_DIV_NO_1) in ("
p_mmsm_17580/mmsm_t80r91.cpp	53	62	" select CAST_DIV_NO,TD_NO_1,CAST_DIV_NO_1 from tmmsmgy05"
p_mmsm_17580/mmsmbof_inq.cpp	42	83	sqlstr = "  SELECT A.DEV_CODE as A_DEV_CODE, "
p_mmsm_17580/mmsmgqjl_inq.cpp	78	85	sqlstr = " SELECT T.PROD_TIME,T.PROD_SHIFT_GROUP,T.RECUT_GROUP,T.PROD_SHIFT_NO,T.HEAT_NO,T.MAT_NO,T.BATCH,T.ST_NO,R.SG_GRADE_1,  "
p_mmsm_17580/mmsmgqjl_inq.cpp	86	88	"	SELECT MAX(MAT_LEN_1) MAT_LEN_1, MAX(MAT_LEN_2) MAT_LEN_2, MAX(MAT_LEN_3) MAT_LEN_3, MAX(MAT_LEN_4) MAT_LEN_4, MAX(MAT_LEN_5) MAT_LEN_5, MAX(MAT_LEN_6) MAT_LE
p_mmsm_17580/mmsmgqjl_inq.cpp	89	104	"	SELECT CASE WHEN PX_OR = '1' THEN MAT_LEN ELSE 0 END MAT_LEN_1, CASE WHEN PX_OR = '2' THEN MAT_LEN ELSE 0 END MAT_LEN_2,					   "
p_mmsm_17580/mmsmhsljl_inq.cpp	70	73	sqlstr_count = " SELECT COUNT(1) "
p_mmsm_17580/mmsmhsljl_inq.cpp	74	77	sqlstr = " select t.*,r.grade_name,r.grade_type"
p_mmsm_17580/mmsmq1_inq.cpp	35	39	sqlstr = " select BOF0_S as PRE_HEAT_NO,BOF0_E as HEAT_NO"
p_mmsm_17580/mmsmq1_inq.cpp	40	44	" select BOF1_S as PRE_HEAT_NO,BOF1_E as HEAT_NO"
p_mmsm_17580/mmsmq1_inq.cpp	45	49	" select BOF2_S as PRE_HEAT_NO,BOF2_E as HEAT_NO"
p_mmsm_17580/mmsmq1_inq.cpp	50	54	" select BOF9_S as PRE_HEAT_NO,BOF9_E as HEAT_NO"
p_mmsm_17580/mmsmq1_inq.cpp	55	59	" select AOD0_S as PRE_HEAT_NO,AOD0_E  as HEAT_NO"
p_mmsm_17580/mmsmq1_inq.cpp	60	64	" select AOD1_S as PRE_HEAT_NO,AOD1_E as HEAT_NO"
p_mmsm_17580/mmsmq1_inq.cpp	65	69	" select AOD2_S as PRE_HEAT_NO,AOD2_E as HEAT_NO"
p_mmsm_17580/mmsmq1_inq.cpp	70	74	" select AOD6_S as PRE_HEAT_NO,AOD6_E as HEAT_NO"
p_mmsm_17580/mmsmq1_save.cpp	24	26	sqlstr = " delete from  tmmsmq1 "
p_mmsm_17580/mmsmtgjyjl_inq.cpp	75	78	sqlstr =  " select t.*,r.grade_name,r.grade_type"
p_mmsm_17580/mmsmtk_inq.cpp	49	79	sqlstr = "  select HEAT_NO,ST_NO,START_TIME,END_TIME,LADLE_NO, HEAT_TEMP "
p_mmsm_17580/mmsmtk_inq.cpp	80	87	" SELECT HEAT_NO, ST_NO, START_TIME, END_TIME, LADLE_NO, OUT_STEEL_TEMP as HEAT_TEMP"
p_mmsm_17580/mmsmtk_inq.cpp	106	112	" SELECT heat_no, dev_code, '59400' as MAT_CODE, BLOW_NUMBER as PROC_COUNT, BLOW_DURATION as PROC_TIME, OXYGEN_FINAL wt "
p_mmsm_17580/mmsmtk_inq.cpp	113	118	" SELECT heat_no, dev_code, '59401' as MAT_CODE, 0 as PROC_COUNT, 0 as PROC_TIME, TOTAL_N2_CONS wt"
p_mmsm_17580/mmsmtk_inq.cpp	120	126	" SELECT heat_no, dev_code, '59402' as MAT_CODE, 0 as PROC_COUNT, 0 as PROC_TIME, AR_SUM_COMSUME wt "
p_mmsm_17580/mmsmtk_inq.cpp	127	133	" SELECT heat_no, dev_code, '59103' as MAT_CODE, heat_count as PROC_COUNT, bil_melt_time as PROC_TIME, power_consume as wt"
p_mmsm_17580/mmsmtk_inq.cpp	134	140	" SELECT heat_no, dev_code, '59400' as MAT_CODE, 0 as PROC_COUNT, blow_duration as PROC_TIME, oxygen_final as wt"
p_mmsm_17580/mmsmtk_inq.cpp	141	147	" select heat_no, dev_code, '59402' as MAT_CODE, 0 as PROC_COUNT, 0 as PROC_TIME, AR_SUM_COMSUME wt"
p_mmsm_17580/mmsmtk_inq.cpp	148	154	" select heat_no, dev_code, '59103' as MAT_CODE, HEAT_COUNT as PROC_COUNT, BIL_MELT_time as PROC_TIME, power_consume wt	"
p_mmsm_17580/mmsmtk_inq.cpp	155	161	" select heat_no, dev_code, '59402' as MAT_CODE, 0 as PROC_COUNT, 0 as PROC_TIME, AR_SUM_COMSUME wt"
p_mmsm_17580/mmsmtk_inq.cpp	162	168	" select heat_no, dev_code, '59401' as MAT_CODE, 0 as PROC_COUNT, 0 as PROC_TIME, N_SUM_COMSUME wt "
p_mmsm_17580/mmsmtk_inq.cpp	169	175	" select heat_no, dev_code, '58001' as MAT_CODE, 0 as PROC_COUNT, 0 as PROC_TIME, 0 - STEAM_TOT wt"
p_mmsm_17580/mmsmtk_inq.cpp	176	182	" select heat_no, dev_code, '59402' as MAT_CODE, 0 as PROC_COUNT, 0 as PROC_TIME, AR_SUM_COMSUME wt	"
p_mmsm_17580/mmsmtk_inq.cpp	183	189	" select heat_no, dev_code, '59400' as MAT_CODE, 0 as PROC_COUNT, 0 as PROC_TIME, oxygen_final wt"
p_mmsm_17580/mmsmtk_inq.cpp	190	196	" select heat_no, dev_code, '58001' as MAT_CODE, 0 as PROC_COUNT, 0 as PROC_TIME, 0 - STEAM_TOT wt"
p_mmsm_17580/mmsmtk_inq.cpp	197	203	" select heat_no, dev_code, '59402' as MAT_CODE, 0 as PROC_COUNT, 0 as PROC_TIME, total_ar_cons wt"
p_mmsm_17580/mmsmtk_inq.cpp	204	210	" select heat_no, dev_code, '59401' as MAT_CODE, 0 as PROC_COUNT, 0 as PROC_TIME, total_n2_cons wt "
p_mmsm_17580/mmsmtk_inq.cpp	211	217	" select heat_no, dev_code, '59400' as MAT_CODE, 0 as PROC_COUNT, 0 as PROC_TIME, oxygen_final wt "
p_mmsm_17580/mmsmtk_inq.cpp	218	224	" select heat_no, dev_code, '59402' as MAT_CODE, 0 as PROC_COUNT, AR_BLOW_TIME as PROC_TIME, ar_sum_comsume wt"
p_mmsm_17580/mmsmtk_inq.cpp	225	230	" select heat_no, dev_code, mat_code, 0 as PROC_COUNT, 0 as PROC_TIME, sum(devo_wt) wt"
p_mmsm_17580/mmsmwxmjyjl_inq.cpp	77	81	sqlstr = " SELECT T.*,T.WATER_EXPLOSION_MIDDLE_DEPRESSION AS MIDDLE_DEPRESSION  FROM VMMSM36 T  WHERE 1=1 ";
p_mmsm_17580/mmsmxmjl_inq.cpp	95	103	sqlstr = " SELECT E.*,R.GRADE_TYPE,"
p_mmsm_17580/mmsmxmtjjl_inq.cpp	80	84	sqlstr = "SELECT * "
p_mmsm_17580/mmsmzpdfjl_inq.cpp	78	86	sqlstr = " select t.*,T.WATER_EXPLOSION_MIDDLE_DEPRESSION AS MIDDLE_DEPRESSION ,T1.slab_cut_time,T2.CAST_DIV_NO_1,r.grade_name,r.grade_type "
p_mmsm_17590/mmsm2a_snd.cpp	186	187	sqlstr = " select mat_code from tmmsm50 where  MAT_CODE LIKE 'F%' AND substr(MAT_CODE, 1, 3) NOT in ('F06') and  mat_code not IN (SELECT CODE FROM TEP0002 WHERE
p_mmsm_17590/mmsm2a_snd.cpp	231	232	sqlstr = "  SELECT LPAD(TO_CHAR(MMLC_L2LS.NEXTVAL),9 ) FROM DUAL ";
p_mmsm_17590/mmsm2a_snd.cpp	247	248	sql = "  SELECT LPAD(TO_CHAR(MMLC_SJ.NEXTVAL),3 ,'0') FROM DUAL ";
p_mmsm_17590/mmsm2a_snd.cpp	268	272	sqlstr = "SELECT BACK_C2,BACK_C3,BACK_C1 "
p_mmsm_17590/mmsm2a_snd.cpp	303	304	sqlstr = " SELECT * FROM TMMSM85 WHERE bunker_no = @bunker_no ";
p_mmsm_17590/mmsm2a_snd.cpp	313	314	sqlstr = "  SELECT LPAD(TO_CHAR(MMLC_LS.NEXTVAL),18 ) FROM DUAL ";
p_mmsm_17590/mmsm2a_sndn.cpp	187	191	sqlstr = "SELECT BACK_C2,BACK_C3,BACK_C1 "
p_mmsm_17590/mmsm2a_sndn.cpp	217	218	sqlstr = " select mat_code from tmmsm50 where  MAT_CODE LIKE 'F%' AND substr(MAT_CODE, 1, 3) NOT in ('F06') and  mat_code not IN (SELECT CODE FROM TEP0002 WHERE
p_mmsm_17590/mmsm2a_sndn.cpp	229	230	sqlstr = "  SELECT LPAD(TO_CHAR(MMLC_L2LS.NEXTVAL),9 ) FROM DUAL ";
p_mmsm_17590/mmsm2a_sndn.cpp	241	242	sql = "  SELECT LPAD(TO_CHAR(MMLC_SJ.NEXTVAL),3 ,'0') FROM DUAL ";
p_mmsm_17590/mmsm2a_sndn.cpp	261	262	sqlstr = " SELECT * FROM TMMSM85 WHERE bunker_no = @bunker_no ";
p_mmsm_17590/mmsm2a_sndn.cpp	273	274	sqlstr = "  SELECT LPAD(TO_CHAR(MMLC_LS.NEXTVAL),18 ) FROM DUAL ";
p_mmsm_17590/mmsm2a_sndn.cpp	346	351	sqlstr = "update tmmsm85 set BUNKER_NO = 'BMBL'"
p_mmsm_17590/mmsm2a_sndn.cpp	358	363	sqlstr = "update tmmsm60 set BACK_C1 = '0'" //未使用
p_mmsm_17590/mmsm2a_sndn.cpp	370	372	sqlstr = " update tmmsm60 set stock_wt = (select nvl(sum(stock_wt),0) from tmmsm85 where BUNKER_NO = 'BMBL')"
p_mmsm_17590/mmsm2axh_inq.cpp	93	96	sqlstr_count = " SELECT COUNT(1) "
p_mmsm_17590/mmsm2axh_inq.cpp	97	100	sqlstr = " SELECT * "
p_mmsm_17590/mmsm31a_inq.cpp	75	78	sqlstr_count = " SELECT COUNT(1) "
p_mmsm_17590/mmsm31a_inq.cpp	79	82	sqlstr = " SELECT * "
p_mmsm_17590/mmsm31b_inq.cpp	76	79	sqlstr_count = " SELECT COUNT(1) "
p_mmsm_17590/mmsm31b_inq.cpp	80	83	sqlstr = " SELECT * "
p_mmsm_17590/mmsm31b_inq.cpp	127	134	sqlstr = " SELECT A.*,B. INTERMIX_TYPE, B.INTERMIX_WAY, B.INTERMIX_NOEXE_RESULT,B. INTERMIX_CC_WT "
p_mmsm_17590/mmsm31c_inq.cpp	76	79	" SELECT COUNT(1) "
p_mmsm_17590/mmsm31c_inq.cpp	81	88	" SELECT t1.*,tb.* ,t2.HEAT_NO AS NEXT_HEAT_NO  ,t3.HEAT_NO AS PREV_HEAT_NO"
p_mmsm_17590/mmsm408n_inq.cpp	66	68	sqlstr = " SELECT decode(t.MAT_CODE, '" + tmmsm60["MAT_CODE"].ToString().Replace("	", "").Trim() + "', 0, 1)  AS  FLAG,BUNKER_NO ,MAT_CODE,MAT_NAME,(SELECT MAT_
p_mmsm_17590/mmsm408n_inq.cpp	70	72	sqlstr = " SELECT decode(t.MAT_CODE, '" + tmmsm60["MAT_CODE"].ToString().Replace("	", "").Trim() + "', 0, 1)  AS  FLAG,BUNKER_NO ,MAT_CODE,MAT_NAME,(SELECT MAT_
p_mmsm_17590/mmsm408n_inq.cpp	74	76	sqlstr = " SELECT decode(t.MAT_CODE, '" + tmmsm60["MAT_CODE"].ToString().Replace("	", "").Trim() + "', 0, 1)  AS  FLAG,BUNKER_NO ,MAT_CODE,MAT_NAME,(SELECT MAT_
p_mmsm_17590/mmsm408n_inq.cpp	78	80	sqlstr = " SELECT decode(t.MAT_CODE, '" + tmmsm60["MAT_CODE"].ToString().Replace("	", "").Trim() + "', 0, 1)  AS  FLAG,BUNKER_NO ,MAT_CODE,MAT_NAME,(SELECT MAT_
p_mmsm_17590/mmsm408n_inq.cpp	82	84	sqlstr = " SELECT decode(t.MAT_CODE, '" + tmmsm60["MAT_CODE"].ToString().Replace("	", "").Trim() + "', 0, 1)  AS  FLAG,BUNKER_NO ,MAT_CODE,MAT_NAME,(SELECT MAT_
p_mmsm_17590/mmsm408n_inq.cpp	86	93	sqlstr = " SELECT decode(t.MAT_CODE, '" + tmmsm60["MAT_CODE"].ToString().Replace("	", "").Trim() + "', 0, 1)  AS  FLAG,BUNKER_NO ,MAT_CODE,MAT_NAME,(SELECT MAT_
p_mmsm_17590/mmsm42_inq.cpp	88	91	sqlstr_count = " SELECT COUNT(1) "
p_mmsm_17590/mmsm42_inq.cpp	92	95	sqlstr = " SELECT * "
p_mmsm_17590/mmsm50_inq.cpp	68	71	sqlstr_count = " SELECT COUNT(1) "
p_mmsm_17590/mmsm50_inq.cpp	72	75	sqlstr = " SELECT * "
p_mmsm_17590/mmsm50_pro.cpp	113	114	sqlstr = "INSERT INTO " + table_name;
p_mmsm_17590/mmsm50_pro.cpp	182	183	sqlstr = "DELETE FROM " + table_name;
p_mmsm_17590/mmsm50_pro1.cpp	84	85	CString  c_sql_condition = " SELECT  t.* FROM tmmsm50 t  where t.factory_div = @factory_div";
p_mmsm_17590/mmsm50_pro1.cpp	91	97	CString  c_sql_condition2 = "  SELECT  t.* FROM tmmsm50 t  where t.factory_div = @factory_div";
p_mmsm_17590/mmsm50_pro1.cpp	98	102	CString  c_sql_condition3 = " SELECT  t.* FROM tmmsm50 t  where t.factory_div = @factory_div";
p_mmsm_17590/mmsm50_pro1.cpp	103	115	CString  c_sql_condition4 = " SELECT  t.* FROM tmmsm50 t  where t.factory_div = @factory_div";
p_mmsm_17590/mmsm50_pro1.cpp	143	144	sqlstr = "SELECT * "
p_mmsm_17590/mmsm50_pro1.cpp	169	171	sqlstr = "SELECT * "
p_mmsm_17590/mmsm50_pro1.cpp	202	205	c_sql_condition = "update tmmsm50 "
p_mmsm_17590/mmsm50_pro1.cpp	217	219	c_sql_condition = "delete tmmsm50a "
p_mmsm_17590/mmsm50_pro1.cpp	248	251	sqlstr = "SELECT CODE_DESC_1_CONTENT "
p_mmsm_17590/mmsm50_pro1.cpp	270	277	c_sql_condition2 = "insert into tmmsm50a "
p_mmsm_17590/mmsm50a_inq.cpp	71	74	sqlstr_count = " SELECT COUNT(1) "
p_mmsm_17590/mmsm50a_inq.cpp	75	78	sqlstr	 = " SELECT * "
p_mmsm_17590/mmsm51_inq.cpp	78	80	sqlstr_count = " SELECT COUNT(1) "
p_mmsm_17590/mmsm51_inq.cpp	82	84	sqlstr = " SELECT * "
p_mmsm_17590/mmsm51_inq2.cpp	59	60	sqlstr = " SELECT FACTORY_DIV, STOCK_PLACE_NO, SUM(STOCK_WT) STOCK_WT FROM TMMSM51 "
p_mmsm_17590/mmsm520_del.cpp	68	70	sqlstr = " SELECT FORM_EDIT_FLAG  "
p_mmsm_17590/mmsm520_del.cpp	95	97	sqlstr = " SELECT REC_CREATE_TIME, REC_CREATOR  "
p_mmsm_17590/mmsm520s2n_inq.cpp	68	71	sqlstr_count = " SELECT COUNT(1) "
p_mmsm_17590/mmsm520s2n_inq.cpp	72	74	sqlstr = " select * from tmmsm68"
p_mmsm_17590/mmsm520s2n_inq.cpp	100	101	sqlstr_count = " SELECT COUNT(1) FROM "
p_mmsm_17590/mmsm520s2n_inq.cpp	102	104	" SELECT RECEIVE_DATA_TIME,MAT_CODE,SHIP_NAME,WEIGH_NO,QUALITY_BATCH_NO,VEHICLE_NO,MAT_NAME,BUNKER_NO,UNLOAD_POINT_CODE,RECEIVING_STATUS FROM TMMSM81 WHERE SUBS
p_mmsm_17590/mmsm520s2n_inq.cpp	105	106	sqlstr =" SELECT * FROM "
p_mmsm_17590/mmsm520s2n_inq.cpp	107	108	" SELECT RECEIVE_DATA_TIME,MAT_CODE,SHIP_NAME,WEIGH_NO,QUALITY_BATCH_NO,VEHICLE_NO,MAT_NAME,BUNKER_NO,UNLOAD_POINT_CODE,RECEIVING_STATUS FROM TMMSM81 WHERE SUBS
p_mmsm_17590/mmsm52_inq.cpp	82	85	sqlstr_count = " SELECT COUNT(1) "
p_mmsm_17590/mmsm52_inq.cpp	86	89	sqlstr = " SELECT * "
p_mmsm_17590/mmsm533bv_inq.cpp	89	91	sqlstr = " SELECT  " + v_sql_column + ""
p_mmsm_17590/mmsm533bv_inq.cpp	142	144	sqlstr = " SELECT * "
p_mmsm_17590/mmsm533cv2_inq.cpp	72	74	sqlstr = " SELECT * "
p_mmsm_17590/mmsm533cv_inq.cpp	78	80	sqlstr = " SELECT  * "
p_mmsm_17590/mmsm533cv_inq.cpp	121	123	sqlstr = " SELECT * "
p_mmsm_17590/mmsm533cv_inq.cpp	161	163	sqlstr = " SELECT * "
p_mmsm_17590/mmsm53_inq.cpp	127	132	sqlstr_count = " SELECT COUNT(1) FROM "
p_mmsm_17590/mmsm53_inq.cpp	134	139	sqlstr = " SELECT * FROM "
p_mmsm_17590/mmsm53_inq.cpp	146	151	sqlstr_count = " SELECT COUNT(1) FROM "
p_mmsm_17590/mmsm53_inq.cpp	153	158	sqlstr = " SELECT * FROM "
p_mmsm_17590/mmsm53_inq.cpp	170	174	sqlstr_count = " SELECT COUNT(1) FROM "
p_mmsm_17590/mmsm53_inq.cpp	176	180	sqlstr = " SELECT * FROM "
p_mmsm_17590/mmsm54_inq.cpp	83	86	sqlstr_count = " SELECT COUNT(1) "
p_mmsm_17590/mmsm54_inq.cpp	87	89	sqlstr = " SELECT * "
p_mmsm_17590/mmsm54plv_inq.cpp	87	89	sqlstr = "SELECT t.CAST_LOT_NO,MAX(t.CC_MACH_NO) CC_MACH_NO,MAX(t.st_no) st_no,MAX(T.CAST_LOT_SUM)CAST_LOT_SUM,  "
p_mmsm_17590/mmsm54plv_inq.cpp	119	120	sqlstr = "SELECT sum(t.PLAN_TAP_WT) PLAN_TAP_WT,t.PLAN_DATE ,count(1) CAST_LOT_SUM "
p_mmsm_17590/mmsm54plv_inq2.cpp	88	96	sqlstr = "SELECT a.CAST_LOT_NO,a.CC_MACH_NO,a.st_no,a.PLAN_TAP_WT,a.PLAN_DATE,a.sg_sign,b.mat_code,b.mat_name,decode(b.Unit, 'KG', round((b.use_Unit * a.PLAN_TA
p_mmsm_17590/mmsm54plv_inq2.cpp	122	124	sqlstr = "select MAT_CODE,MAT_NAME,0 AS USE_UNIT,PRIMARY_MAT_UNIT UNIT FROM TMMSM60";
p_mmsm_17590/mmsm55_inq.cpp	88	91	sqlstr_count = " SELECT COUNT(1) "
p_mmsm_17590/mmsm55_inq.cpp	92	95	sqlstr = " SELECT * "
p_mmsm_17590/mmsm55a_inq.cpp	88	91	sqlstr_count = " SELECT COUNT(1) "
p_mmsm_17590/mmsm55a_inq.cpp	92	113	sqlstr = " SELECT  "
p_mmsm_17590/mmsm55b_inq.cpp	84	87	sqlstr_count = " SELECT COUNT(1) "
p_mmsm_17590/mmsm55b_inq.cpp	88	91	sqlstr = " SELECT * "
p_mmsm_17590/mmsm56_inq.cpp	80	82	sqlstr_count = " SELECT COUNT(1) "
p_mmsm_17590/mmsm56_inq.cpp	84	86	sqlstr	 = " SELECT * "
p_mmsm_17590/mmsm57_inq.cpp	81	84	sqlstr_count = " SELECT COUNT(1) "
p_mmsm_17590/mmsm57_inq.cpp	85	88	sqlstr = " SELECT * "
p_mmsm_17590/mmsm58_inq.cpp	70	73	sqlstr_count = " SELECT COUNT(1) "
p_mmsm_17590/mmsm58_inq.cpp	74	77	sqlstr = " SELECT * "
p_mmsm_17590/mmsm58_pro.cpp	73	75	sqlstr = " SELECT REC_CREATE_TIME, REC_CREATOR  "
p_mmsm_17590/mmsm59_ed54.cpp	70	71	CString  c_sql_condition = " SELECT  t.* FROM tmmsm50 t  where t.factory_div = @factory_div";
p_mmsm_17590/mmsm59_ed54.cpp	76	82	CString  c_sql_condition2 = "  SELECT  t.* FROM tmmsm50 t  where t.factory_div = @factory_div";
p_mmsm_17590/mmsm59_ed54.cpp	83	87	CString  c_sql_condition3 = " SELECT  t.* FROM tmmsm50 t  where t.factory_div = @factory_div";
p_mmsm_17590/mmsm59_ed54.cpp	88	100	CString  c_sql_condition4 = " SELECT  t.* FROM tmmsm50 t  where t.factory_div = @factory_div";
p_mmsm_17590/mmsm59_ed54.cpp	121	125	c_sql_condition = "select  t.class_code,t.seq_no  "
p_mmsm_17590/mmsm59_ed54.cpp	148	151	c_sql_condition = "DELETE TED54 "
p_mmsm_17590/mmsm59_ed54.cpp	160	163	c_sql_condition = "DELETE TED54_RES "
p_mmsm_17590/mmsm59_ed54.cpp	188	191	c_sql_condition = " select t.mat_code,t.mat_name,t.station_id,t.station_name "
p_mmsm_17590/mmsm59_ed54.cpp	220	223	c_sql_condition2 = " select count(1) from ted54 t "
p_mmsm_17590/mmsm59_ed54.cpp	249	258	c_sql_condition2 = "insert into ted54 "
p_mmsm_17590/mmsm59_ed54.cpp	286	293	c_sql_condition2 = "insert into ted54_res "
p_mmsm_17590/mmsm59_inq.cpp	113	116	sqlstr = " select t.item_ename "
p_mmsm_17590/mmsm59_inq.cpp	138	142	sqlstr_temp = "SELECT HEAT_NO,MAT_CODE||'_'||STATION_ID MAT_CODE,DEVO_WT FROM TMMSM2A WHERE HEAT_NO <> ' '";
p_mmsm_17590/mmsm59_inq.cpp	153	153	sqlstr = "SELECT * FROM (" + sqlstr_temp + ") PIVOT(sum(devo_wt) FOR MAT_CODE IN " + v_item_enames + ") ORDER BY HEAT_NO";
p_mmsm_17590/mmsm59_inq.cpp	156	159	sqlstr_count = "SELECT COUNT(1) FROM (" + sqlstr_temp + ") PIVOT(sum(devo_wt) FOR MAT_CODE IN " + v_item_enames + ")";
p_mmsm_17590/mmsm60518_inq.cpp	73	75	sqlstr_count = " SELECT COUNT(1) "
p_mmsm_17590/mmsm60518_inq.cpp	76	77	sqlstr = " SELECT * FROM TMMSM60 WHERE BACK_C4 like '%MMSM518S2N%'  AND BUNKER_TYPE='CARBON' ORDER BY BACK_N_1 ";
p_mmsm_17590/mmsm60518_inq.cpp	92	94	sqlstr_count = " SELECT COUNT(1) "
p_mmsm_17590/mmsm60518_inq.cpp	95	96	sqlstr = " SELECT * FROM TMMSM60 WHERE BACK_C4 like '%MMSM518S2N%'  AND BUNKER_TYPE='STAINLESS' ORDER BY BACK_N_1 ";
p_mmsm_17590/mmsm60518_inq.cpp	111	113	sqlstr_count = " SELECT COUNT(1) "
p_mmsm_17590/mmsm60518_inq.cpp	114	115	sqlstr = " SELECT * FROM TMMSM60 WHERE BACK_C4 like '%MMSM518S2N%'  AND BUNKER_TYPE='VS' ORDER BY BACK_N_1 ";
p_mmsm_17590/mmsm60518_inq.cpp	130	132	sqlstr_count = " SELECT COUNT(1) "
p_mmsm_17590/mmsm60518_inq.cpp	133	134	sqlstr = " SELECT * FROM TMMSM60 WHERE BACK_C4 like '%MMSM518S2N%'  AND BUNKER_TYPE='COOL' ORDER BY BACK_N_1 ";
p_mmsm_17590/mmsm60_inq.cpp	73	76	sqlstr_count = " SELECT COUNT(1) "
p_mmsm_17590/mmsm60_inq.cpp	77	80	sqlstr = " SELECT * "
p_mmsm_17590/mmsm60_pro.cpp	91	92	sqlstr = "INSERT INTO " + table_name;
p_mmsm_17590/mmsm60_pro.cpp	142	143	sqlstr = "DELETE FROM " + table_name;
p_mmsm_17590/mmsm60lc_inq.cpp	73	76	sqlstr = " SELECT * "
p_mmsm_17590/mmsm65_inq.cpp	82	84	sqlstr = " SELECT a.*  "
p_mmsm_17590/mmsm65_pro.cpp	85	86	sqlstr = "  SELECT NVL(max(SEQ_NO),0) FROM  TMMSM65     WHERE 1=1   AND MAT_CODE= @MAT_CODE  ";
p_mmsm_17590/mmsm67_inq.cpp	81	83	sqlstr = " SELECT a.*  "
p_mmsm_17590/mmsm67car_inq.cpp	87	89	sqlstr = " SELECT a.*,b.TRUCK_NO,b.TRUCK_BOARD_NO,b.MAT_WT  "
p_mmsm_17590/mmsm67carpop_inq.cpp	67	69	sqlstr = " SELECT a.*  "
p_mmsm_17590/mmsm67loadcar.cpp	76	78	sqlstr = " SELECT a.*  "
p_mmsm_17590/mmsm67loadcar_inq.cpp	65	67	sqlstr = " SELECT a.*  "
p_mmsm_17590/mmsm67loadcar_pro.cpp	64	67	cmd_inq.SetCommandText("select count(*)  from twmsm61 t where t.truck_no = '" + twmsm61["TRUCK_NO"].ToString() + "' and t.mat_wt =  0  and t.back11 = ' ' and un
p_mmsm_17590/mmsm68_inq.cpp	39	42	sqlstr = "SELECT * FROM  TMMSM68 WHERE 1=1 ";
p_mmsm_17590/mmsm81_inq.cpp	83	86	sqlstr_count = " SELECT COUNT(1) "
p_mmsm_17590/mmsm81_inq.cpp	89	90	sqlstr = " SELECT  T1.REC_CREATE_TIME AA_TIME,T1.SEND_FLAG, T.* FROM (SELECT LOT_NO,MAT_CODE,MAT_NAME,WEIGH_NO,QUALITY_BATCH_NO,FORM_EDIT_FLAG,BUNKER_NO,MAT_RCV
p_mmsm_17590/mmsm81_inq.cpp	91	92	" SELECT LOT_NO,MAT_CODE, MAT_NAME, WEIGH_NO, QUALITY_BATCH_NO, FORM_EDIT_FLAG, BUNKER_NO, MAT_RCV_TIME, NET_WT, STATUS, SHIP_NAME, RECEIVE_DATA_TIME, VEHICLE_N
p_mmsm_17590/mmsm81_inq.cpp	97	98	sqlstr = " SELECT  T.*   FROM TMMSM81 T WHERE 1=1 ";
p_mmsm_17590/mmsm81_rcv_inq.cpp	74	77	sqlstr_count = " SELECT COUNT(1) "
p_mmsm_17590/mmsm81_rcv_inq.cpp	78	81	sqlstr = " SELECT * "
p_mmsm_17590/mmsm81_upd.cpp	109	110	CString mat_type = Db::QueryCString("select mat_type from tmmsm50 where mat_code='" + mat_code + "'");
p_mmsm_17590/mmsm81_upd.cpp	124	125	sqlstr = "  SELECT  DISTINCT MAT_CODE  FROM tmmsm81al where QUALITY_BATCH_NO = @QUALITY_BATCH_NO ";
p_mmsm_17590/mmsm81_upd.cpp	139	140	sqlstr = " SELECT SUM(ELM_VALUE) ELM_VALUE FROM TMMSM81AL WHERE 1=1  and QUALITY_BATCH_NO =@QUALITY_BATCH_NO";
p_mmsm_17590/mmsm81_upd.cpp	219	220	sqlstr = "  SELECT  ELM_NAME,ELM_VALUE  FROM tmmsm81al where QUALITY_BATCH_NO = @QUALITY_BATCH_NO  AND MAT_CODE = @MAT_CODE AND ELM_NAME ='Cr' ";
p_mmsm_17590/mmsm81_upd.cpp	237	238	sqlstr = "  SELECT  ELM_NAME,ELM_VALUE  FROM tmmsm81al where QUALITY_BATCH_NO = @QUALITY_BATCH_NO  AND MAT_CODE = @MAT_CODE AND ELM_NAME ='Ni' ";
p_mmsm_17590/mmsm81ad_inq.cpp	73	76	sqlstr_count = " SELECT COUNT(1) "
p_mmsm_17590/mmsm81ad_inq.cpp	77	80	sqlstr = " SELECT * "
p_mmsm_17590/mmsm81ah_inq.cpp	65	68	sqlstr_count = " SELECT COUNT(1) "
p_mmsm_17590/mmsm81ah_inq.cpp	69	72	sqlstr = " SELECT * "
p_mmsm_17590/mmsm81al_inq.cpp	58	61	sqlstr_count = " SELECT COUNT(1) "
p_mmsm_17590/mmsm81al_inq.cpp	62	65	sqlstr = " SELECT * "
p_mmsm_17590/mmsm81al_inq.cpp	86	87	" SELECT * FROM tmmsm81al WHERE"
p_mmsm_17590/mmsm81al_inq.cpp	90	91	" SELECT  COUNT(1) FROM tmmsm81al WHERE"
p_mmsm_17590/mmsm81al_inq.cpp	122	125	sqlstr_count = " SELECT COUNT(1) "
p_mmsm_17590/mmsm81al_inq.cpp	126	129	sqlstr = " SELECT * "
p_mmsm_17590/mmsm81al_inq.cpp	164	165	" SELECT * FROM tmmsm81al WHERE"
p_mmsm_17590/mmsm81alqc_inq.cpp	63	66	sqlstr_count = " SELECT COUNT(1) "
p_mmsm_17590/mmsm81alqc_inq.cpp	67	70	sqlstr = " SELECT * "
p_mmsm_17590/mmsm81alqc_save.cpp	60	61	sqlstr = "delete from tmmsm81ah"
p_mmsm_17590/mmsm81alqc_save.cpp	67	67	sqlstr = "insert into tmmsm81ah(REC_CREATOR,REC_CREATE_TIME,QUALITY_BATCH_NO,MAT_CODE)"
p_mmsm_17590/mmsm81alqc_save.cpp	68	71	" select 'QC',@nowTime,QUALITY_BATCH_NO,MAT_CODE"
p_mmsm_17590/mmsm81alqc_save.cpp	79	82	" UPDATE TMMSM81AL tm"
p_mmsm_17590/mmsm81f3_ins.cpp	214	215	sqlstr = "SELECT CODE FROM TWMSMZD02 WHERE REC_CREATE_TIME =(SELECT MAX(REC_CREATE_TIME) REC_CREATE_TIME FROM TWMSMZD02 t WHERE CODE_CLASS = 'LCSHDZ')";
p_mmsm_17590/mmsm81f3_ins.cpp	326	327	sqlstr = "  SELECT NVL(max(SEQ_NO),0) FROM  TMMSM85     WHERE 1=1   AND BUNKER_NO			= @tmmsm81.BUNKER_NO";
p_mmsm_17590/mmsm81f3_nb_ins.cpp	251	252	sqlstr = "  SELECT NVL(max(SEQ_NO),0) FROM  TMMSM85     WHERE 1=1   AND BUNKER_NO			= @tmmsmnb01.BUNKER_NO";
p_mmsm_17590/mmsm81f3_s_ins.cpp	175	176	sqlstr = "  SELECT NVL(max(SEQ_NO),0) FROM  TMMSM85     WHERE 1=1   AND BUNKER_NO			= @tmmsm81_s.BUNKER_NO";
p_mmsm_17590/mmsm81f3_zxhfg_inq.cpp	61	62	sqlstr = " SELECT A.MAT_CODE,A.MAT_NAME,'KG' MEASURE_UNIT,NVL(B.STOCK_WT,0) STOCK_WT FROM (SELECT * FROM TMMSM50  WHERE MAT_CODE IN ( SELECT CODE FROM TEP0002 t
p_mmsm_17590/mmsm81f3_zxhfg_ins.cpp	145	146	sqlstr = "  SELECT NVL(max(SEQ_NO),0) FROM  TMMSM85     WHERE 1=1   AND BUNKER_NO			= @tmmsm81.BUNKER_NO";
p_mmsm_17590/mmsm81fg_inq.cpp	63	65	sqlstr = " SELECT decode(t.MAT_CODE, '" + tmmsm60["MAT_CODE"].ToString().Replace("	", "").Trim() + "', 0, 1)  AS  FLAG,BUNKER_NO ,MAT_CODE,MAT_NAME,(SELECT MAT_
p_mmsm_17590/mmsm81fg_inq.cpp	67	69	sqlstr = " SELECT decode(t.MAT_CODE, '" + tmmsm60["MAT_CODE"].ToString().Replace("	", "").Trim() + "', 0, 1)  AS  FLAG,BUNKER_NO ,MAT_CODE,MAT_NAME,(SELECT MAT_
p_mmsm_17590/mmsm81fg_inq.cpp	71	73	sqlstr = " SELECT decode(t.MAT_CODE, '" + tmmsm60["MAT_CODE"].ToString().Replace("	", "").Trim() + "', 0, 1)  AS  FLAG,BUNKER_NO ,MAT_CODE,MAT_NAME,(SELECT MAT_
p_mmsm_17590/mmsm81fg_inq.cpp	75	77	sqlstr = " SELECT decode(t.MAT_CODE, '" + tmmsm60["MAT_CODE"].ToString().Replace("	", "").Trim() + "', 0, 1)  AS  FLAG,BUNKER_NO ,MAT_CODE,MAT_NAME,(SELECT MAT_
p_mmsm_17590/mmsm81fg_inq.cpp	79	81	sqlstr = " SELECT decode(t.MAT_CODE, '" + tmmsm60["MAT_CODE"].ToString().Replace("	", "").Trim() + "', 0, 1)  AS  FLAG,BUNKER_NO ,MAT_CODE,MAT_NAME,(SELECT MAT_
p_mmsm_17590/mmsm81fg_inq.cpp	84	86	sqlstr = " SELECT ROUND(CASE WHEN STOCK_WT = 0 OR UPPER_LIMIT_VALUE = 0 THEN 0 else STOCK_WT/UPPER_LIMIT_VALUE END,12)*100 BL_WT ,CASE WHEN STOCK_WT < STOCK_WT_
p_mmsm_17590/mmsm81fg_inq.cpp	89	95	sqlstr = " SELECT ROUND(CASE WHEN STOCK_WT = 0 OR UPPER_LIMIT_VALUE = 0 THEN 0 else STOCK_WT/UPPER_LIMIT_VALUE END,12)*100 BL_WT ,CASE WHEN STOCK_WT < STOCK_WT_
p_mmsm_17590/mmsm81s_del.cpp	191	193	sqlstr = " update tmmsm60 set stock_wt = (select nvl(sum(stock_wt),0) from tmmsm85 where BUNKER_NO = @bunker_no)"
p_mmsm_17590/mmsm81s_del.cpp	260	262	sqlstr = " update tmmsm60 set stock_wt = (select nvl(sum(stock_wt),0) from tmmsm85 where BUNKER_NO = @bunker_no)"
p_mmsm_17590/mmsm81s_del.cpp	319	320	sqlstr = "  SELECT LPAD(TO_CHAR(MMLC_ZXH.NEXTVAL),4,0) FROM DUAL ";
p_mmsm_17590/mmsm81s_del.cpp	419	421	sqlstr = " update tmmsm60 set stock_wt = (select nvl(sum(stock_wt),0) from tmmsm85 where BUNKER_NO = @bunker_no)"
p_mmsm_17590/mmsm81s_del.cpp	490	492	sqlstr = " update tmmsm60 set stock_wt = (select nvl(sum(stock_wt),0) from tmmsm85 where BUNKER_NO = @bunker_no)"
p_mmsm_17590/mmsm81s_del.cpp	549	550	sqlstr = "  SELECT LPAD(TO_CHAR(MMLC_ZXH.NEXTVAL),4,0) FROM DUAL ";
p_mmsm_17590/mmsm81s_del_q.cpp	147	148	sqlstr = "  SELECT LPAD(TO_CHAR(MMLC_ZXH.NEXTVAL),4,0) FROM DUAL ";
p_mmsm_17590/mmsm81s_del_q.cpp	158	159	sqlstr = "  SELECT LPAD(TO_CHAR(MMLC_ZXH1.NEXTVAL),4,0) FROM DUAL ";
p_mmsm_17590/mmsm81s_inq.cpp	81	83	sqlstr_count = " SELECT COUNT(1) "
p_mmsm_17590/mmsm81s_inq.cpp	84	86	sqlstr = " SELECT * "
p_mmsm_17590/mmsm81s_inq.cpp	90	93	sqlstr_count = " SELECT COUNT(1) "
p_mmsm_17590/mmsm81s_inq.cpp	94	97	sqlstr = " SELECT * "
p_mmsm_17590/mmsm81s_ins.cpp	54	55	sqlstr = " SELECT LPAD(MMSM517_LC.nextval, 4, '0') FROM dual   ";
p_mmsm_17590/mmsm81s_zxh_inq.cpp	73	76	sqlstr_count = " SELECT COUNT(1) FROM "
p_mmsm_17590/mmsm81s_zxh_inq.cpp	77	79	" SELECT RECEIVE_DATA_TIME,WEIGH_NO,MAT_CODE,MAT_NAME,SHIP_NAME,VEHICLE_NO,GROSS_WT,TARE_WT,BUCKLE_WT,BUNKER_NO,NET_WT,STOCK_WT,' ' AS COMPANY_NAME"
p_mmsm_17590/mmsm81s_zxh_inq.cpp	80	83	" SELECT RECEIVE_DATA_TIME,WEIGH_NO,MAT_CODE,MAT_NAME,SHIP_NAME,VEHICLE_NO,GROSS_WT,TARE_WT,BUCKLE_WT,BUNKER_NO,STOCK_WT,0 AS STOCK_WT,EVENT_NAME AS COMPANY_NAM
p_mmsm_17590/mmsm81s_zxh_inq.cpp	84	87	sqlstr = " SELECT *  FROM"
p_mmsm_17590/mmsm81s_zxh_inq.cpp	88	90	" SELECT RECEIVE_DATA_TIME,WEIGH_NO,MAT_CODE,MAT_NAME,SHIP_NAME,VEHICLE_NO,GROSS_WT,TARE_WT,BUCKLE_WT,BUNKER_NO,NET_WT,STOCK_WT,' ' AS COMPANY_NAME"
p_mmsm_17590/mmsm81s_zxh_inq.cpp	91	94	" SELECT RECEIVE_DATA_TIME,WEIGH_NO,MAT_CODE,MAT_NAME,SHIP_NAME,VEHICLE_NO,GROSS_WT,TARE_WT,BUCKLE_WT,BUNKER_NO,STOCK_WT,0 AS STOCK_WT,EVENT_NAME AS COMPANY_NAM
p_mmsm_17590/mmsm81sf3_ins.cpp	89	90	sqlstr = " SELECT LPAD(MMSM517_LC.nextval, 4, '0') FROM dual   ";
p_mmsm_17590/mmsm81sf3_ins.cpp	132	133	sqlstr = "  SELECT NVL(max(SEQ_NO),0) FROM  TMMSM85     WHERE 1=1   AND BUNKER_NO			= @tmmsm81.BUNKER_NO";
p_mmsm_17590/mmsm831_upd.cpp	133	135	sqlstr = "  SELECT NVL(max(SEQ_NO),0) FROM  TMMSM85     WHERE 1=1  ";
p_mmsm_17590/mmsm831_upd.cpp	146	147	sql = " SELECT NVL(min(SEQ_NO),0)SEQ_NO ,SUM(STOCK_WT) STOCK_WT FROM  TMMSM85     WHERE 1=1   AND BUNKER_NO = @BUNKER_NO and QUALITY_BATCH_NO <> ' ' AND STOCK_W
p_mmsm_17590/mmsm831_upd.cpp	166	168	sqlstr = " SELECT BUNKER_NO FROM TMMSM60 t WHERE CHECK_OUT_FLAG ='1' and BUNKER_NO = @BUNKER_NO   ";
p_mmsm_17590/mmsm831_upd.cpp	249	250	sql = "  SELECT * FROM  TMMSM85     WHERE 1=1 AND STOCK_WT <>0  and QUALITY_BATCH_NO <> ' '  AND BUNKER_NO = @BUNKER_NO and SEQ_NO in ( " + d_seq_no + " )   and
p_mmsm_17590/mmsm831_upd.cpp	359	361	sqlstr = " update tmmsm60 set stock_wt = (select nvl(sum(stock_wt),0) from tmmsm85 where BUNKER_NO = @bunker_no)"
p_mmsm_17590/mmsm831_upd.cpp	368	370	sqlstr = " update tmmsm60 set stock_wt = (select nvl(sum(stock_wt),0) from tmmsm85 where BUNKER_NO = @bunker_no)"
p_mmsm_17590/mmsm831_upd.cpp	408	409	sql = "  SELECT * FROM  TMMSM85     WHERE 1=1   AND BUNKER_NO			= @BUNKER_NO and QUALITY_BATCH_NO <> ' ' AND STOCK_WT <> 0  ORDER BY SEQ_NO ASC ";
p_mmsm_17590/mmsm831_upd.cpp	518	520	sqlstr = " update tmmsm60 set stock_wt = (select nvl(sum(stock_wt),0) from tmmsm85 where BUNKER_NO = @bunker_no)"
p_mmsm_17590/mmsm831_upd.cpp	527	529	sqlstr = " update tmmsm60 set stock_wt = (select nvl(sum(stock_wt),0) from tmmsm85 where BUNKER_NO = @bunker_no)"
p_mmsm_17590/mmsm831_upd.cpp	692	693	sqlstr = "SELECT  BUNKER_NO FROM TMMSMWU where BUNKER_NO_ORIGINAL = @BUNKER_NO  and MAT_CODE=@MAT_CODE";
p_mmsm_17590/mmsm831_upd.cpp	700	708	sqlstr = "update tmmsm85 set bunker_no = @v_bunker_no"
p_mmsm_17590/mmsm831_upd.cpp	721	723	sqlstr = " update tmmsm60 set stock_wt = (select nvl(sum(stock_wt),0) from tmmsm85 where BUNKER_NO = @bunker_no)"
p_mmsm_17590/mmsm831_upd.cpp	730	732	sqlstr = " update tmmsm60 set stock_wt = (select nvl(sum(stock_wt),0) from tmmsm85 where BUNKER_NO = @bunker_no)"
p_mmsm_17590/mmsm831_upd1.cpp	85	86	sqlstr = "  SELECT CODE FROM TWMSMZD02 WHERE REC_CREATE_TIME =(SELECT MAX(REC_CREATE_TIME) REC_CREATE_TIME FROM TWMSMZD02 t WHERE CODE_CLASS ='MMLC03') ";
p_mmsm_17590/mmsm831_upd1.cpp	151	153	sqlstr = "  SELECT NVL(max(SEQ_NO),0) FROM  TMMSM85     WHERE 1=1   ";
p_mmsm_17590/mmsm831_upd1.cpp	166	167	sql = " SELECT NVL(min(SEQ_NO),0) SEQ_NO ,SUM(STOCK_WT) STOCK_WT FROM  TMMSM85     WHERE 1=1   AND BUNKER_NO = @BUNKER_NO  and QUALITY_BATCH_NO <> ' ' AND STOCK
p_mmsm_17590/mmsm831_upd1.cpp	187	188	sql = "  SELECT LPAD(TO_CHAR(MMLC_DD.NEXTVAL),3 ,'0') FROM DUAL ";
p_mmsm_17590/mmsm831_upd1.cpp	202	203	sql = "  SELECT * FROM  TMMSM85     WHERE 1=1   AND BUNKER_NO	= @BUNKER_NO and QUALITY_BATCH_NO <> ' ' ORDER BY SEQ_NO ASC ";
p_mmsm_17590/mmsm831_upd1.cpp	320	322	sqlstr = " update tmmsm60 set stock_wt = (select nvl(sum(stock_wt),0) from tmmsm85 where BUNKER_NO = @bunker_no)"
p_mmsm_17590/mmsm831_upd1.cpp	329	331	sqlstr = " update tmmsm60 set stock_wt = (select nvl(sum(stock_wt),0) from tmmsm85 where BUNKER_NO = @bunker_no)"
p_mmsm_17590/mmsm831_upd_zd.cpp	92	93	sqlstr = "  SELECT CODE FROM TWMSMZD02 WHERE REC_CREATE_TIME =(SELECT MAX(REC_CREATE_TIME) REC_CREATE_TIME FROM TWMSMZD02 t WHERE CODE_CLASS ='MMLC03') ";
p_mmsm_17590/mmsm831_upd_zd.cpp	158	160	sqlstr = "  SELECT NVL(max(SEQ_NO),0) FROM  TMMSM85     WHERE 1=1   ";
p_mmsm_17590/mmsm831_upd_zd.cpp	173	174	sql = " SELECT NVL(min(SEQ_NO),0) SEQ_NO ,SUM(STOCK_WT) STOCK_WT FROM  TMMSM85     WHERE 1=1   AND BUNKER_NO = @BUNKER_NO  and QUALITY_BATCH_NO <> ' ' AND STOCK
p_mmsm_17590/mmsm831_upd_zd.cpp	194	195	sql = "  SELECT LPAD(TO_CHAR(MMLC_DD.NEXTVAL),3 ,'0') FROM DUAL ";
p_mmsm_17590/mmsm831_upd_zd.cpp	209	210	sql = "  SELECT * FROM  TMMSM85     WHERE 1=1   AND BUNKER_NO	= @BUNKER_NO and QUALITY_BATCH_NO <> ' ' ORDER BY SEQ_NO ASC ";
p_mmsm_17590/mmsm831_upd_zd.cpp	329	331	sqlstr = " update tmmsm60 set stock_wt = (select nvl(sum(stock_wt),0) from tmmsm85 where BUNKER_NO = @bunker_no)"
p_mmsm_17590/mmsm831_upd_zd.cpp	338	340	sqlstr = " update tmmsm60 set stock_wt = (select nvl(sum(stock_wt),0) from tmmsm85 where BUNKER_NO = @bunker_no)"
p_mmsm_17590/mmsm84v_inq.cpp	56	60	sqlstr = " SELECT A.MAT_CODE ,MAX(B.MAT_NAME) MAT_NAME,SUM(STOCK_WT) STOCK_WT"
p_mmsm_17590/mmsm84v_inq.cpp	83	85	sqlstr = " select mat_code,mat_name,WEIGH_NO, BUNKER_NO, STOCK_WT"
p_mmsm_17590/mmsm84v_inq.cpp	86	93	" select mat_code,mat_name,WEIGH_NO, BUNKER_NO,sum(STOCK_WT) STOCK_WT"
p_mmsm_17590/mmsm84v_inq.cpp	105	111	sqlstr = " select * "
p_mmsm_17590/mmsm84v_inq.cpp	125	133	sqlstr = " select * "
p_mmsm_17590/mmsm84v_inq.cpp	150	154	sqlstr = " select mat_code,mat_name,WEIGH_NO, BUNKER_NO,time_instock,sum(STOCK_WT) STOCK_WT "
p_mmsm_17590/mmsm85_bunker_inq.cpp	68	71	sqlstr_count = " SELECT COUNT(1) "
p_mmsm_17590/mmsm85_bunker_inq.cpp	72	74	sqlstr = "  SELECT   BUNKER_NO ,BUNKER_NAME ,BUNKER_TYPE , MAT_CODE , MAT_NAME, MAT_TYPE, STOCK_WT,RATE  FROM  TMMSM60    "
p_mmsm_17590/mmsm85_bunker_inq1.cpp	78	81	sqlstr_count = " SELECT COUNT(1) "
p_mmsm_17590/mmsm85_bunker_inq1.cpp	82	84	sqlstr = "  SELECT   (BUNKER_NO||'-'||BUNKER_NAME) BUNKER_NO , BUNKER_NAME ,BUNKER_TYPE , MAT_CODE , MAT_NAME, MAT_TYPE, STOCK_WT,RATE  FROM  TMMSM60    "
p_mmsm_17590/mmsm85_bunker_inqg.cpp	83	86	sqlstr_count = " SELECT COUNT(1) "
p_mmsm_17590/mmsm85_bunker_inqg.cpp	87	89	sqlstr = "  SELECT   (BUNKER_NO||'-'||BUNKER_NAME) BUNKER_NO , BUNKER_NAME ,BUNKER_TYPE , MAT_CODE , MAT_NAME, MAT_TYPE, STOCK_WT,RATE  FROM  TMMSM60    "
p_mmsm_17590/mmsm85_bunker_sh1_inq.cpp	68	71	sqlstr_count = " SELECT COUNT(1) "
p_mmsm_17590/mmsm85_bunker_sh1_inq.cpp	72	74	sqlstr = "  SELECT   BUNKER_NO ,BUNKER_NAME ,BUNKER_TYPE , MAT_CODE , MAT_NAME, MAT_TYPE, STOCK_WT,RATE  FROM  TMMSM60    "
p_mmsm_17590/mmsm85_bunker_sh2_inq.cpp	68	71	sqlstr_count = " SELECT COUNT(1) "
p_mmsm_17590/mmsm85_bunker_sh2_inq.cpp	72	74	sqlstr = "  SELECT   BUNKER_NO ,BUNKER_NAME ,BUNKER_TYPE , MAT_CODE , MAT_NAME, MAT_TYPE, STOCK_WT,RATE  FROM  TMMSM60    "
p_mmsm_17590/mmsm85_bunker_sh3_inq.cpp	68	71	sqlstr_count = " SELECT COUNT(1) "
p_mmsm_17590/mmsm85_bunker_sh3_inq.cpp	72	74	sqlstr = "  SELECT   BUNKER_NO ,BUNKER_NAME ,BUNKER_TYPE , MAT_CODE , MAT_NAME, MAT_TYPE, STOCK_WT,RATE  FROM  TMMSM60    "
p_mmsm_17590/mmsm85_bunker_sh4_inq.cpp	68	71	sqlstr_count = " SELECT COUNT(1) "
p_mmsm_17590/mmsm85_bunker_sh4_inq.cpp	72	74	sqlstr = "  SELECT   BUNKER_NO ,BUNKER_NAME ,BUNKER_TYPE , MAT_CODE , MAT_NAME, MAT_TYPE, STOCK_WT,RATE  FROM  TMMSM60    "
p_mmsm_17590/mmsm85_bunker_sh_inq.cpp	68	71	sqlstr_count = " SELECT COUNT(1) "
p_mmsm_17590/mmsm85_bunker_sh_inq.cpp	72	74	sqlstr = "  SELECT   BUNKER_NO ,BUNKER_NAME ,BUNKER_TYPE , MAT_CODE , MAT_NAME, MAT_TYPE, STOCK_WT,RATE  FROM  TMMSM60    "
p_mmsm_17590/mmsm85_inq.cpp	80	83	sqlstr_count = " SELECT COUNT(1) "
p_mmsm_17590/mmsm85_inq.cpp	84	87	sqlstr = " SELECT * "
p_mmsm_17590/mmsm85_inq1.cpp	83	86	sqlstr_count = " SELECT COUNT(1) "
p_mmsm_17590/mmsm85_inq1.cpp	87	90	sqlstr = " SELECT * "
p_mmsm_17590/mmsm85_inqg.cpp	84	87	sqlstr_count = " SELECT COUNT(1) "
p_mmsm_17590/mmsm85_inqg.cpp	88	91	sqlstr = " SELECT * "
p_mmsm_17590/mmsm85_save.cpp	84	86	sqlstr = " update TMMSM85 t1 set MAT_CODE_LOT_NO = (select MAT_CODE_L2||'@'||LOT_NO from tmmsm50 t2 where t1.mat_code =t2.mat_code)"
p_mmsm_17590/mmsm85_save.cpp	92	93	sqlstr = "update tmmsm60 t1 set stock_wt = 0"
p_mmsm_17590/mmsm85_save.cpp	98	100	sqlstr = "update tmmsm60 t1 set stock_wt = (select sum(stock_wt) from tmmsm85 t2 where t1.bunker_no=t2.bunker_no)"
p_mmsm_17590/mmsm85_save.cpp	106	108	sqlstr = "update tmmsm60 t1 set RATE = round(STOCK_WT/UPPER_LIMIT_VALUE,3)"
p_mmsm_17590/mmsm85_save.cpp	113	114	sqlstr = "update tmmsm60 t1 set BACK_C1 = '0'"
p_mmsm_17590/mmsm85_save.cpp	119	122	sqlstr = "update tmmsm60 t1 set BACK_C1 = '1'"
p_mmsm_17590/mmsm85_save.cpp	150	153	sqlstr = "  update tmmsm50 t1 set MAT_TYPE = (select code from tep0002 t2 where t1.BACK_C1=t2.CODE_DESC_1_CONTENT and code_class = 'MS542N')"
p_mmsm_17590/mmsm85_save.cpp	172	173	sqlstr = "update tmmsm50 set SYSTEM_ID_MAT='C' ";
p_mmsm_17590/mmsm85_save.cpp	208	209	sqlstr = "  select MMLC_ZXH1.nextval from dual"
p_mmsm_17590/mmsm85fg_bunker_inq.cpp	68	71	sqlstr_count = " SELECT COUNT(1) "
p_mmsm_17590/mmsm85fg_bunker_inq.cpp	72	74	sqlstr = "  SELECT   BUNKER_NO ,BUNKER_NAME ,BUNKER_TYPE , MAT_CODE , MAT_NAME, MAT_TYPE, STOCK_WT,RATE ,BASE_NAME,BACK_C5,STOCK_WT_WARN,CO_BUNKER,GM_VALUE,UPPE
p_mmsm_17590/mmsm85fg_inq.cpp	69	72	sqlstr_count = " SELECT COUNT(1) "
p_mmsm_17590/mmsm85fg_inq.cpp	73	76	sqlstr = " SELECT * "
p_mmsm_17590/mmsm85fq_bunker_inq.cpp	80	82	sqlstr = "  SELECT   BUNKER_NO ,BUNKER_NAME ,BUNKER_TYPE , MAT_CODE , MAT_NAME, MAT_TYPE, STOCK_WT,RATE  FROM  TMMSM60    "
p_mmsm_17590/mmsm85fq_bunker_inq.cpp	103	105	sqlstr = "  SELECT   BUNKER_NO ,BUNKER_NAME ,BUNKER_TYPE , MAT_CODE , MAT_NAME, MAT_TYPE, STOCK_WT,RATE  FROM  TMMSM60    "
p_mmsm_17590/mmsm85fq_bunker_inq.cpp	127	129	sqlstr = "  SELECT   BUNKER_NO ,BUNKER_NAME ,BUNKER_TYPE , MAT_CODE , MAT_NAME, MAT_TYPE, STOCK_WT,RATE  FROM  TMMSM60    "
p_mmsm_17590/mmsm85fq_bunker_inq.cpp	150	152	sqlstr = "  SELECT   BUNKER_NO ,BUNKER_NAME ,BUNKER_TYPE , MAT_CODE , MAT_NAME, MAT_TYPE, STOCK_WT,RATE  FROM  TMMSM60    "
p_mmsm_17590/mmsm85fq_bunker_inq.cpp	173	175	sqlstr = "  SELECT   BUNKER_NO ,BUNKER_NAME ,BUNKER_TYPE , MAT_CODE , MAT_NAME, MAT_TYPE, STOCK_WT,RATE  FROM  TMMSM60    "
p_mmsm_17590/mmsm85fq_bunker_inq.cpp	196	198	sqlstr = "  SELECT   BUNKER_NO ,BUNKER_NAME ,BUNKER_TYPE , MAT_CODE , MAT_NAME, MAT_TYPE, STOCK_WT,RATE  FROM  TMMSM60    "
p_mmsm_17590/mmsm85fq_bunker_inq.cpp	219	221	sqlstr = "  SELECT   BUNKER_NO ,BUNKER_NAME ,BUNKER_TYPE , MAT_CODE , MAT_NAME, MAT_TYPE, STOCK_WT,RATE  FROM  TMMSM60    "
p_mmsm_17590/mmsm85fq_bunker_inq.cpp	242	244	sqlstr = "  SELECT   BUNKER_NO ,BUNKER_NAME ,BUNKER_TYPE , MAT_CODE , MAT_NAME, MAT_TYPE, STOCK_WT,RATE  FROM  TMMSM60    "
p_mmsm_17590/mmsm85fq_bunker_inq.cpp	265	267	sqlstr = "  SELECT   BUNKER_NO ,BUNKER_NAME ,BUNKER_TYPE , MAT_CODE , MAT_NAME, MAT_TYPE, STOCK_WT,RATE  FROM  TMMSM60    "
p_mmsm_17590/mmsm85fq_bunker_inq.cpp	288	290	sqlstr = "  SELECT   BUNKER_NO ,BUNKER_NAME ,BUNKER_TYPE , MAT_CODE , MAT_NAME, MAT_TYPE, STOCK_WT,RATE  FROM  TMMSM60    "
p_mmsm_17590/mmsm85fq_bunker_inq.cpp	311	313	sqlstr = "  SELECT   BUNKER_NO ,BUNKER_NAME ,BUNKER_TYPE , MAT_CODE , MAT_NAME, MAT_TYPE, STOCK_WT,RATE  FROM  TMMSM60    "
p_mmsm_17590/mmsm85fq_bunker_inq.cpp	334	336	sqlstr = "  SELECT   BUNKER_NO ,BUNKER_NAME ,BUNKER_TYPE , MAT_CODE , MAT_NAME, MAT_TYPE, STOCK_WT,RATE  FROM  TMMSM60    "
p_mmsm_17590/mmsm85fq_bunker_inq.cpp	357	359	sqlstr = "  SELECT   BUNKER_NO ,BUNKER_NAME ,BUNKER_TYPE , MAT_CODE , MAT_NAME, MAT_TYPE, STOCK_WT,RATE  FROM  TMMSM60    "
p_mmsm_17590/mmsm85sh_inq.cpp	69	72	sqlstr_count = " SELECT COUNT(1) "
p_mmsm_17590/mmsm85sh_inq.cpp	73	76	sqlstr = " SELECT * "
p_mmsm_17590/mmsm861v_inq.cpp	59	60	sqlstr_count = " SELECT COUNT(*) "
p_mmsm_17590/mmsm861v_inq.cpp	61	62	sqlstr = " select *  "
p_mmsm_17590/mmsm861v_inq.cpp	111	111	sqlstr_count1 = " select * from TMMSM60 where 1=1 AND BUNKER_TYPE IN ('AUTO','TRAIN','TRAINN','VIRT','NICKEL','FECR','SCRAPALLOY','COOL','CARBON','STAINLESS','V
p_mmsm_17590/mmsm861v_inq.cpp	112	113	sqlstr1 = " select * from TMMSM60 where 1=1 AND BUNKER_TYPE IN ('AUTO','TRAIN','TRAINN','VIRT','NICKEL','FECR','SCRAPALLOY','COOL','CARBON','STAINLESS','VS')";
p_mmsm_17590/mmsm861v_inq.cpp	119	119	sqlstr_count1 = " select * from TMMSM60 where 1=1 and MAT_CODE = '" + mat_code + "' AND BUNKER_TYPE IN ('AUTO','TRAIN','TRAINN','VIRT','NICKEL','FECR','SCRAPALL
p_mmsm_17590/mmsm861v_inq.cpp	120	121	sqlstr1 = " select * from TMMSM60 where 1=1 and MAT_CODE = '" + mat_code + "' AND BUNKER_TYPE IN ('AUTO','TRAIN','TRAINN','VIRT','NICKEL','FECR','SCRAPALLOY','C
p_mmsm_17590/mmsm861v_inq1.cpp	47	50	sqlstr_count = " SELECT COUNT(*) "
p_mmsm_17590/mmsm861v_inq1.cpp	53	54	sqlstr = " select WEIGH_NO, MAT_CODE, MAT_NAME, TIME_INSTOCK, STOCK_WT,SEQ_NO,BUNKER_NO,QUALITY_BATCH_NO  "
p_mmsm_17590/mmsm861v_inq1.cpp	58	59	sqlstr = " select WEIGH_NO, MAT_CODE, MAT_NAME, TIME_INSTOCK, STOCK_WT,SEQ_NO,BUNKER_NO,QUALITY_BATCH_NO  "
p_mmsm_17590/mmsm861v_inq2.cpp	48	51	sqlstr_count = " SELECT COUNT(*) "
p_mmsm_17590/mmsm861v_inq2.cpp	52	53	sqlstr = " select WEIGH_NO, MAT_CODE, MAT_NAME, TIME_INSTOCK, STOCK_WT,SEQ_NO,BUNKER_NO  "
p_mmsm_17590/mmsm861v_pro.cpp	47	48	sqlstr = " select WEIGH_NO, MAT_CODE, MAT_NAME, TIME_INSTOCK, STOCK_WT  "
p_mmsm_17590/mmsm861v_upd.cpp	70	71	sqlstr = "  SELECT NVL(max(SEQ_NO),0) FROM  TMMSM85     WHERE 1=1   AND BUNKER_NO = @BUNKER_NO ";
p_mmsm_17590/mmsm861v_upd.cpp	81	82	sql = "  SELECT * FROM  TMMSM85     WHERE 1=1   AND BUNKER_NO			= @BUNKER_NO  ORDER BY SEQ_NO ASC ";
p_mmsm_17590/mmsm862v_inq.cpp	60	61	sqlstr_count = " SELECT COUNT(*) "
p_mmsm_17590/mmsm862v_inq.cpp	62	63	sqlstr = " select *  "
p_mmsm_17590/mmsm862v_inq.cpp	109	109	sqlstr_count1 = " select * from TMMSM60 where 1=1 AND BUNKER_TYPE IN ('AUTO','TRAIN','TRAINN','VIRT','NICKEL','FECR','SCRAPALLOY','COOL','CARBON','STAINLESS','V
p_mmsm_17590/mmsm862v_inq.cpp	110	111	sqlstr1 = " select * from TMMSM60 where 1=1 AND BUNKER_TYPE IN ('AUTO','TRAIN','TRAINN','VIRT','NICKEL','FECR','SCRAPALLOY','COOL','CARBON','STAINLESS','VS')";
p_mmsm_17590/mmsm862v_inq.cpp	117	117	sqlstr_count1 = " select * from TMMSM60 where 1=1 and MAT_CODE = '" + mat_code + "' AND BUNKER_TYPE IN ('AUTO','TRAIN','TRAINN','VIRT','NICKEL','FECR','SCRAPALL
p_mmsm_17590/mmsm862v_inq.cpp	118	119	sqlstr1 = " select * from TMMSM60 where 1=1 and MAT_CODE = '" + mat_code + "' AND BUNKER_TYPE IN ('AUTO','TRAIN','TRAINN','VIRT','NICKEL','FECR','SCRAPALLOY','C
p_mmsm_17590/mmsm862v_upd.cpp	155	157	sqlstr = "UPDATE TMMSM60 SET STOCK_WT = (select nvl(sum(STOCK_WT),0) FROM tmmsm85 WHERE BUNKER_NO = @BUNKER_NO) "
p_mmsm_17590/mmsm862v_upd.cpp	163	166	sqlstr = "UPDATE TMMSM60 SET BACK_C1='0', BACK_C2='0', BACK_C3='0',  UPLOAD_301='0' "
p_mmsm_17590/mmsm862v_upd.cpp	183	184	sqlstr = " select count(1) from tmmsm85  WHERE BUNKER_NO = @BUNKER_NO ";
p_mmsm_17590/mmsm863v_upd.cpp	161	162	sqlstr = "  SELECT NVL(max(SEQ_NO),0) FROM  TMMSM85     WHERE 1=1   AND BUNKER_NO = @BUNKER_NO ";
p_mmsm_17590/mmsm863v_upd.cpp	175	176	sql = "  SELECT * FROM  TMMSM85     WHERE 1=1   AND BUNKER_NO= @BUNKER_NO  ORDER BY SEQ_NO ASC ";
p_mmsm_17590/mmsm863v_upd.cpp	258	260	sqlstr = "UPDATE TMMSM60 SET STOCK_WT = (select nvl(sum(STOCK_WT),0) FROM tmmsm85 WHERE BUNKER_NO = @BUNKER_NO) "
p_mmsm_17590/mmsm863v_upd.cpp	266	269	sqlstr = "UPDATE TMMSM60 SET BACK_C1='0', BACK_C2='0', BACK_C3='0',  UPLOAD_301='0' "
p_mmsm_17590/mmsm863v_upd.cpp	286	287	sqlstr = " select count(1) from tmmsm85  WHERE BUNKER_NO = @BUNKER_NO ";
p_mmsm_17590/mmsm865s2n_upd.cpp	84	85	sqlstr = "  SELECT NVL(max(SEQ_NO),0) FROM  TMMSM85     WHERE 1=1   AND BUNKER_NO = @BUNKER_NO ";
p_mmsm_17590/mmsm865s2n_upd.cpp	111	112	sql = "  SELECT * FROM  TMMSM85     WHERE 1=1   AND BUNKER_NO			= @BUNKER_NO  ORDER BY SEQ_NO ASC ";
p_mmsm_17590/mmsm865v_inq.cpp	58	59	sqlstr = " select *  "
p_mmsm_17590/mmsm865v_inq.cpp	107	108	sqlstr1 = " select * from TMMSM60 where 1=1 AND ( FLAG1 in ('U') OR BUNKER_NO LIKE 'N%') and MAT_CODE = '" + mat_code + "' ";
p_mmsm_17590/mmsm865v_inq1.cpp	45	48	sqlstr_count = " SELECT COUNT(*) "
p_mmsm_17590/mmsm865v_inq1.cpp	49	50	sqlstr = " select WEIGH_NO, MAT_CODE, MAT_NAME, TIME_INSTOCK, STOCK_WT,SEQ_NO,BUNKER_NO  "
p_mmsm_17590/mmsm865v_upd.cpp	98	99	sqlstr = "  SELECT NVL(max(SEQ_NO),0) FROM  TMMSM85     WHERE 1=1   AND BUNKER_NO = @BUNKER_NO ";
p_mmsm_17590/mmsm865v_upd.cpp	159	160	sql = "  SELECT * FROM  TMMSM85     WHERE 1=1 AND STOCK_WT <>0    AND BUNKER_NO = @BUNKER_NO and SEQ_NO in ( " + d_seq_no + " )   and MAT_CODE in ( " + mat_code
p_mmsm_17590/mmsm865v_upd.cpp	258	260	sqlstr = " update tmmsm60 set stock_wt = (select nvl(sum(stock_wt),0) from tmmsm85 where BUNKER_NO = @bunker_no)"
p_mmsm_17590/mmsm865v_upd.cpp	267	269	sqlstr = " update tmmsm60 set stock_wt = (select nvl(sum(stock_wt),0) from tmmsm85 where BUNKER_NO = @bunker_no)"
p_mmsm_17590/mmsm867v_inq.cpp	46	47	sqlstr_count = " SELECT COUNT(*) "
p_mmsm_17590/mmsm867v_inq.cpp	48	49	sqlstr = " select *  "
p_mmsm_17590/mmsm867v_inq.cpp	73	73	sqlstr_count1 = " select * from TMMSM60 where BUNKER_TYPE='1' ";
p_mmsm_17590/mmsm867v_inq.cpp	74	75	sqlstr1 = " select * from TMMSM60 where BUNKER_TYPE='1' ";
p_mmsm_17590/mmsm867v_inq1.cpp	45	48	sqlstr_count = " SELECT COUNT(*) "
p_mmsm_17590/mmsm867v_inq1.cpp	49	50	sqlstr = " select WEIGH_NO, MAT_CODE, MAT_NAME, TIME_INSTOCK, STOCK_WT,SEQ_NO,BUNKER_NO  "
p_mmsm_17590/mmsm868s2n_inq.cpp	80	83	sqlstr = " SELECT * "
p_mmsm_17590/mmsm868s2n_inq.cpp	97	98	sqlstr = "  SELECT * FROM  TMMSM85  WHERE 1=1   AND BUNKER_NO = @BUNKER_NO   ORDER BY SEQ_NO ASC ";
p_mmsm_17590/mmsm868v_upd.cpp	108	109	sqlstr = "  SELECT NVL(max(SEQ_NO),0) FROM  TMMSM85     WHERE 1=1   AND BUNKER_NO = @BUNKER_NO ";
p_mmsm_17590/mmsm868v_upd.cpp	135	136	sql = "  SELECT * FROM  TMMSM85     WHERE 1=1   AND BUNKER_NO	= @BUNKER_NO and  WEIGH_NO = @WEIGH_NO and  MAT_CODE = @MAT_CODE and  SEQ_NO = @SEQ_NO";
p_mmsm_17590/mmsm86s2n_upd.cpp	105	107	sqlstr = "UPDATE TMMSM60 SET STOCK_WT = (select nvl(sum(STOCK_WT),0) FROM tmmsm85 WHERE BUNKER_NO = @BUNKER_NO) "
p_mmsm_17590/mmsm86s2n_upd.cpp	113	116	sqlstr = "UPDATE TMMSM60 SET BACK_C1='0', BACK_C2='0', BACK_C3='0',  UPLOAD_301='0' "
p_mmsm_17590/mmsm89_inq.cpp	63	66	sqlstr_count = " SELECT COUNT(1) "
p_mmsm_17590/mmsm89_inq.cpp	67	70	sqlstr = " SELECT * "
p_mmsm_17590/mmsm89_rcv_inq.cpp	74	77	sqlstr_count = " SELECT COUNT(1) "
p_mmsm_17590/mmsm89_rcv_inq.cpp	78	81	sqlstr = " SELECT * "
p_mmsm_17590/mmsm89_rcv_inq1.cpp	74	77	sqlstr_count = " SELECT COUNT(1) "
p_mmsm_17590/mmsm89_rcv_inq1.cpp	78	82	sqlstr = " SELECT A.MAT_CODE ,MAX(A.MAT_NAME) MAT_NAME,SUM(A.STOCK_WT) STOCK_WT "
p_mmsm_17590/mmsm89_rcv_inq2.cpp	93	97	sqlstr_count = " SELECT COUNT(1) "
p_mmsm_17590/mmsm89_rcv_inq2.cpp	98	102	sqlstr = " SELECT A.BUNKER_NO_1,A.FLAG1 AS BUNKER_TYPE,A.BUNKER_NAME,A.MAT_CODE ,MAX(A.MAT_NAME) MAT_NAME,SUM(A.STOCK_WT) STOCK_WT "
p_mmsm_17590/mmsm89_rcv_inq3.cpp	74	77	sqlstr_count = " SELECT COUNT(1) "
p_mmsm_17590/mmsm89_rcv_inq3.cpp	78	83	sqlstr = " SELECT A.BUNKER_NO,A.BUNKER_TYPE,A.MAT_CODE ,A.WEIGH_NO,A.QUALITY_BATCH_NO,A.TIME_INSTOCK, "
p_mmsm_17590/mmsm89_save.cpp	64	65	sqlstr = "INSERT INTO " + table_name;
p_mmsm_17590/mmsm_jlbd_task.cpp	50	51	cmd_inq.SetCommandText("select * from tmmsm81_rcv t where t.call_flag = '0' order by REC_CREATE_TIME ");
p_mmsm_17590/mmsmcf81_inq.cpp	78	83	sqlstr_count = "   SELECT COUNT(*) FROM (SELECT MAT_CODE,MAT_NAME,WEIGH_NO,QUALITY_BATCH_NO,FORM_EDIT_FLAG,BUNKER_NO,SEND_FLAG,MAT_RCV_TIME,NET_WT,STATUS,SHIP_N
p_mmsm_17590/mmsmcf81_inq.cpp	84	86	sqlstr = " SELECT  T1.REC_CREATE_TIME AA_TIME,T1.SEND_FLAG, T.*    FROM (SELECT MAT_CODE,MAT_NAME,WEIGH_NO,QUALITY_BATCH_NO,FORM_EDIT_FLAG,BUNKER_NO,SEND_FLAG,M
p_mmsm_17590/mmsmjy_inq.cpp	88	91	sqlstr_count = " SELECT COUNT(1) "
p_mmsm_17590/mmsmjy_inq.cpp	92	95	sqlstr = " SELECT * "
p_mmsm_17590/mmsmlc99_cf.cpp	55	60	sqlstr = " SELECT * "
p_mmsm_17590/mmsmlc99_inq.cpp	94	117	sqlstr_count = " select count(1) from (SELECT WEIGH_NO,MAX(EVENT_TIME) EVENT_TIME, "
p_mmsm_17590/mmsmlc99_inq.cpp	119	142	sqlstr = "  SELECT WEIGH_NO,MAX(EVENT_TIME) EVENT_TIME, "
p_mmsm_17590/mmsmlc99_inq.cpp	146	149	sqlstr_count = " SELECT COUNT(1) "
p_mmsm_17590/mmsmlc99_inq.cpp	150	153	sqlstr = " SELECT * "
p_mmsm_17590/mmsmlc99_jl.cpp	52	58	sqlstr = " SELECT * "
p_mmsm_17590/mmsmlc99_kc.cpp	43	43	sqlstr = " select * from ("
p_mmsm_17590/mmsmlc99_kc.cpp	44	46	" select FACTORY_DIV, MAT_CODE, MAT_NAME, MAT_TYPE, STOCK_PLACE_NO, STOCK_WT, RECEIVE_DATA_TIME, WEIGH_NO, SHIP_NAME, VEHICLE_NO, MEASURE_UNIT, RECEIVING_STATUS
p_mmsm_17590/mmsmlc99_kc.cpp	47	50	" select FACTORY_DIV, MAT_CODE, MAT_NAME, MAT_TYPE, STOCK_PLACE_NO, STOCK_WT, RECEIVE_DATA_TIME, WEIGH_NO, SHIP_NAME, VEHICLE_NO, MEASURE_UNIT, RECEIVING_STATUS
p_mmsm_17590/mmsmlc99_kc.cpp	67	72	sqlstr = " select sum(STOCK_WT)"
p_mmsm_17590/mmsmlc99_kc.cpp	86	89	sqlstr = " select *"
p_mmsm_17590/mmsmnx1_inq.cpp	64	67	sqlstr_count = " SELECT COUNT(1) "
p_mmsm_17590/mmsmnx1_inq.cpp	69	72	sqlstr = " SELECT * "
p_mmsm_17590/mmsmnx1_inq.cpp	76	78	sqlstr_count = " SELECT COUNT(1) "
p_mmsm_17590/mmsmnx1_inq.cpp	80	82	sqlstr = " SELECT * "
p_mmsm_17590/mmsmnx1_pro.cpp	51	52	sqlstr0 = " select nvl(max(t.rec_id),0) as ini_id from tmmsmnx01 t";
p_mmsm_17590/mmsmnx1_pro.cpp	128	134	sqlstr = "INSERT INTO TMMSMNX01";
p_mmsm_17590/mmsmnx1_pro.cpp	136	137	sqlstr0 = " select nvl(max(t.rec_id),0) as ini_id from tmmsmnx01 t";
p_mmsm_17590/mmsmnx1_pro.cpp	215	216	sqlstr = "DELETE FROM TMMSMNX01";
p_mmsm_17590/mmsmnx2_inq.cpp	64	67	sqlstr_count = " SELECT COUNT(1) "
p_mmsm_17590/mmsmnx2_inq.cpp	69	72	sqlstr = " SELECT * "
p_mmsm_17590/mmsmnx2_inq.cpp	76	78	sqlstr_count = " SELECT COUNT(1) "
p_mmsm_17590/mmsmnx2_inq.cpp	80	82	sqlstr = " SELECT * "
p_mmsm_17590/mmsmnx2_pro.cpp	51	52	sqlstr0 = " select nvl(max(t.rec_id),0) as ini_id from tmmsmnx02 t";
p_mmsm_17590/mmsmnx2_pro.cpp	111	120	sqlstr = "INSERT INTO TMMSMNX02";
p_mmsm_17590/mmsmnx2_pro.cpp	122	123	sqlstr0 = " select nvl(max(t.rec_id),0) as ini_id from tmmsmnx02 t";
p_mmsm_17590/mmsmnx2_pro.cpp	195	196	sqlstr = "DELETE FROM TMMSMNX02";
p_mmsm_17590/mmsmnx3_inq.cpp	64	67	sqlstr_count = " SELECT COUNT(1) "
p_mmsm_17590/mmsmnx3_inq.cpp	69	72	sqlstr = " SELECT * "
p_mmsm_17590/mmsmnx3_inq.cpp	76	78	sqlstr_count = " SELECT COUNT(1) "
p_mmsm_17590/mmsmnx3_inq.cpp	80	82	sqlstr = " SELECT * "
p_mmsm_17590/mmsmnx3_pro.cpp	51	52	sqlstr0 = " select nvl(max(t.rec_id),0) as ini_id from tmmsmnx03 t";
p_mmsm_17590/mmsmnx3_pro.cpp	111	120	sqlstr = "INSERT INTO TMMSMNX03";
p_mmsm_17590/mmsmnx3_pro.cpp	122	123	sqlstr0 = " select nvl(max(t.rec_id),0) as ini_id from tmmsmnx03 t";
p_mmsm_17590/mmsmnx3_pro.cpp	195	196	sqlstr = "DELETE FROM TMMSMNX03";
p_mmsm_17590/mmsmnx4_inq.cpp	64	67	sqlstr_count = " SELECT COUNT(1) "
p_mmsm_17590/mmsmnx4_inq.cpp	69	72	sqlstr = " SELECT * "
p_mmsm_17590/mmsmnx4_inq.cpp	76	78	sqlstr_count = " SELECT COUNT(1) "
p_mmsm_17590/mmsmnx4_inq.cpp	80	82	sqlstr = " SELECT * "
p_mmsm_17590/mmsmnx4_pro.cpp	51	52	sqlstr0 = " select nvl(max(t.rec_id),0) as ini_id from tmmsmnx04 t";
p_mmsm_17590/mmsmnx4_pro.cpp	112	121	sqlstr = "INSERT INTO TMMSMNX04";
p_mmsm_17590/mmsmnx4_pro.cpp	123	124	sqlstr0 = " select nvl(max(t.rec_id),0) as ini_id from tmmsmnx04 t";
p_mmsm_17590/mmsmnx4_pro.cpp	198	199	sqlstr = "DELETE FROM TMMSMNX04";
p_mmsm_17590/mmsmnx_inq.cpp	64	67	sqlstr_count = " SELECT COUNT(1) "
p_mmsm_17590/mmsmnx_inq.cpp	69	72	sqlstr = " SELECT * "
p_mmsm_17590/mmsmnx_inq.cpp	76	78	sqlstr_count = " SELECT COUNT(1) "
p_mmsm_17590/mmsmnx_inq.cpp	80	82	sqlstr = " SELECT * "
p_mmsm_17590/mmsmnx_pro.cpp	100	101	sqlstr = "INSERT INTO TMMSMNX";
p_mmsm_17590/mmsmnx_pro.cpp	173	174	sqlstr = "DELETE FROM TMMSMNX" ;
p_mmsm_17590/mmsms1_inq.cpp	65	68	sqlstr_count = " SELECT COUNT(1) "
p_mmsm_17590/mmsms1_inq.cpp	69	72	sqlstr = " SELECT * "
p_mmsm_17610/mmsm0021a1_inq.cpp	131	133	sqlstr_count = " SELECT COUNT(1) "
p_mmsm_17610/mmsm0021a1_inq.cpp	134	136	sqlstr = " SELECT * "
p_mmsm_17610/mmsm0021a1_inq.cpp	140	142	sqlstr_count = " SELECT COUNT(1) "
p_mmsm_17610/mmsm0021a1_inq.cpp	143	145	sqlstr = " SELECT * "
p_mmsm_17610/mmsm0021f2_inq.cpp	203	205	sqlstr =  " SELECT " + sqlstr_item_display +
p_mmsm_17610/mmsm0021f2_inq.cpp	209	211	sqlstr =  " SELECT " + sqlstr_item_display +
p_mmsm_17610/mmsm0021f2_inq.cpp	267	269	sqlstr_count = "SELECT COUNT (1) FROM (" + sqlstr + ")";
p_mmsm_17610/mmsm01a1a1_inq.cpp	86	91	sqlstr	= "SELECT * "
p_mmsm_17610/mmsm01a1a1_inq.cpp	121	128	sqlstr	= "SELECT ORDER_WT, "
p_mmsm_17610/mmsm01a1a1_inq.cpp	155	159	sqlstr	= "SELECT * "
p_mmsm_17610/mmsm01a1a1_inq.cpp	190	193	sqlstr = "SELECT * "
p_mmsm_17610/mmsm01a1f2_inq.cpp	101	103	" SELECT COUNT(1)"
p_mmsm_17610/mmsm01a1f2_inq.cpp	118	123	" SELECT A.*,DECODE(substr(TQ01.ORDER_NO,0,1),'A',TQ01.TRNP_MODE_CODE,' ') TRNP_MODE_CODE_1,CASE WHEN t2.MAT_NO IS NULL THEN '0' ELSE '1' END need_mend,nvl(t2.M
p_mmsm_17610/mmsm01a1f3_ins.cpp	277	277	sqlstr = "SELECT PONO FROM TPSSM11 WHERE HEAT_NO = '" + tmmsm01["HEAT_NO"].ToString() + "' UNION ALL "
p_mmsm_17610/mmsm01a1f3_ins.cpp	278	279	" SELECT PONO FROM TPSSM41 WHERE HEAT_NO = '" + tmmsm01["HEAT_NO"].ToString() + "'";
p_mmsm_17610/mmsm01a1f3_ins.cpp	287	288	CString date_month_max = Db::QueryCString("select max(SLAB_CUT_TIME) from vmmsm01 where HEAT_NO='"+ tmmsm01["HEAT_NO"].ToString() +"'");
p_mmsm_17610/mmsm01a1f3_ins.cpp	376	377	sqlstr = " SELECT CODE_DESC_1_CONTENT FROM TWMSMZD02 WHERE  CODE_CLASS ='MMBMZL' and code='" + tmmsm01["SURF_QUALITY"].ToString() + "' ";
p_mmsm_17610/mmsm01a1f3_ins.cpp	520	521	sqlstr = "SELECT  SG_GRADE_1,C_DIV  FROM TQMTS0X  WHERE ST_NO = '" + tmmsm01["ST_NO"].ToString().Trim() + "'";
p_mmsm_17610/mmsm01a1f3_ins.cpp	591	592	cmd_inq.SetCommandText("SELECT CK_RESULT from tmmsm3f where SLAB_NO = '" + tmmsm01["SLAB_NO"].ToString().Trim() + "'  ORDER BY  ID DESC");
p_mmsm_17610/mmsm01a1f4_upd.cpp	243	245	CString rcv_date_month = Db::QueryCString("select RECV_MAT_TIME from Tmmsm01 where MAT_NO='" + tmmsm01["MAT_NO"].ToString() + "'");
p_mmsm_17610/mmsm01a1f4_upd.cpp	317	320	CString c_quxiang = Db::QueryCString(" select CODE_DESC_1_CONTENT from TWMSMZD02 where CODE_CLASS = 'WM02' and CODE =(select GUIDE_DEST from tmmsm01 where MAT_N
p_mmsm_17610/mmsm01a1f4_upd.cpp	324	325	sqlstr = " SELECT CODE_DESC_1_CONTENT FROM TWMSMZD02 WHERE  CODE_CLASS ='MMBMZL' and code='" + para_tmmsm01["SURF_QUALITY"].ToString() + "' ";
p_mmsm_17610/mmsm01a1f4_upd.cpp	403	404	sqlstr = " SELECT PONO FROM TPSSM11 WHERE HEAT_NO = '" + para_tmmsm01["HEAT_NO"].ToString().Trim() + "' AND PONO_STATUS >= '83' AND STEEL_RETURN_CODE =' '";
p_mmsm_17610/mmsm01a1f4_upd.cpp	413	414	sqlstr = " SELECT PONO FROM TPSSM41 WHERE HEAT_NO = '" + para_tmmsm01["HEAT_NO"].ToString().Trim() + "'  AND STEEL_RETURN_CODE =' '";
p_mmsm_17610/mmsm01a1f4_upd.cpp	512	513	sqlstr = "SELECT  SG_GRADE_1,C_DIV  FROM TQMTS0X  WHERE ST_NO = '" + para_tmmsm01["ST_NO"].ToString().Trim() + "'";
p_mmsm_17610/mmsm01a1f4_upd.cpp	549	551	sqlstr = "SELECT SM_PLAN_NOL2  FROM TPSSM11 WHERE HEAT_NO = '" + para_tmmsm01["HEAT_NO"].ToString() + "' ";
p_mmsm_17610/mmsm01a1f4_upd.cpp	559	561	sqlstr = "SELECT SM_PLAN_NOL2  FROM TPSSM41 WHERE HEAT_NO = '" + para_tmmsm01["HEAT_NO"].ToString() + "' ";
p_mmsm_17610/mmsm01a1f4_upd.cpp	774	775	sqlstr = "SELECT  SG_SIGN  FROM TPSSM03  WHERE SLAB_NO = '" + para_tmmsm01["PONO_SLAB"].ToString().Trim() + "'";
p_mmsm_17610/mmsm01a1f4_upd.cpp	784	785	sqlstr = "SELECT  SG_SIGN  FROM TPSSM03  WHERE PONO = '" + para_tmmsm01["PONO"].ToString().Trim() + "'";
p_mmsm_17610/mmsm01a1f4_upd.cpp	796	797	sqlstr = " SELECT PONO FROM TPSSM11 WHERE PONO = '" + para_tmmsm01["PONO"].ToString().Trim() + "'";
p_mmsm_17610/mmsm01a1f4_upd.cpp	835	836	sqlstr = "SELECT  SG_GRADE_1,C_DIV  FROM TQMTS0X  WHERE ST_NO = '" + para_tmmsm01["ST_NO"].ToString().Trim() + "'";
p_mmsm_17610/mmsm01a1f4_upd.cpp	1000	1013	CString old_if_hr = Db::QueryCString(" select CODE_DESC_3_CONTENT from TWMSMZD02 where CODE_CLASS = 'WM02' and CODE =(select GUIDE_DEST from tmmsm01 where MAT_N
p_mmsm_17610/mmsm01a1f6_pro_new.cpp	81	82	sqlstr = "SELECT * FROM HMMSM96 WHERE MAT_NO = '" + tmmsm01["MAT_NO"].ToString().Trim() + "' AND EVENT_ID = 'MM04' order by RESUME_SEQ_NO desc ";
p_mmsm_17610/mmsm01pf2_inq.cpp	141	145	sqlstr = " SELECT *  FROM " + v_table_type + " WHERE 1=1 ";
p_mmsm_17610/mmsm01pf2_inq.cpp	161	165	sqlstr = " SELECT *  FROM  TMMSM01  WHERE 1=1 ";
p_mmsm_17610/mmsm01pf2_inq.cpp	201	204	sqlstr_count = "SELECT COUNT(*) FROM ( " + sqlstr + " )";
p_mmsm_17610/mmsm01pf2_inq1.cpp	141	152	c_sql_condition = " select t.item_ename from ted54 t where t.func_id = @func_id   and item_ename <>'MAT_NO' AND item_ename<>'ORIGIN_MAT_NO' order by t.class_cod
p_mmsm_17610/mmsm01pf2_inq1.cpp	184	184	sqlstr = " SELECT " + v_item_group + " FROM " + v_table_type + " WHERE PONO = @pono " + " GROUP BY  " + v_item_group;
p_mmsm_17610/mmsm01pf2_inq1.cpp	190	197	sqlstr_count = "SELECT COUNT(*) FROM ( " + sqlstr + " )";
p_mmsm_17610/mmsm01pf2_inq1.cpp	214	216	sqlstr = "SELECT sum(mat_num),sum(mat_act_wt) "
p_mmsm_17610/mmsm01pf2_inq1.cpp	238	240	sqlstr = "SELECT sum(mat_num),sum(mat_act_wt) "
p_mmsm_17610/mmsm06a1a1_inq.cpp	73	76	sqlstr = "SELECT * "
p_mmsm_17610/mmsm06a1a1_inq.cpp	95	98	sqlstr = "SELECT * "
p_mmsm_17610/mmsm06a1f2_inq.cpp	117	119	sqlstr_count = " SELECT COUNT(1) "
p_mmsm_17610/mmsm06a1f2_inq.cpp	120	122	sqlstr	= " SELECT * "
p_mmsm_17610/mmsm06a1f2_inq.cpp	126	128	sqlstr_count = " SELECT COUNT(1) "
p_mmsm_17610/mmsm06a1f2_inq.cpp	129	131	sqlstr	= " SELECT * "
p_mmsm_17610/mmsm38cf_inq.cpp	72	76	sqlstr = "SELECT * "
p_mmsm_17610/mmsm38cf_inq.cpp	108	111	sqlstr = "SELECT * "
p_mmsm_17610/mmsm38f2_inq.cpp	94	98	sqlstr01 = " SELECT * "
p_mmsm_17610/mmsm38f2_inq.cpp	99	99	sqlstr38 = " SELECT * FROM TMMSM38 WHERE 1 = 1 ";
p_mmsm_17610/mmsm38f2_inq.cpp	100	104	sqlcount = " SELECT COUNT(MAT_NO) "
p_mmsm_17610/mmsm38f3_merge.cpp	99	103	sqlstr = "SELECT TO_CHAR((NVL(SUBSTR(MAX(HEAT_NO), LENGTH(MAX(HEAT_NO)) - 4, 5), 0)+1), '00000') "
p_mmsm_17610/mmsm38f3_merge.cpp	104	107	"        SELECT HEAT_NO "
p_mmsm_17610/mmsm38f4_unmerge.cpp	76	84	sqlstr = "SELECT * "
p_mmsm_17610/mmsm96a1f2_inq.cpp	111	113	sqlstr = " SELECT * "
p_mmsm_17610/mmsm96a1f2_inq.cpp	116	117	sqlstr	+= " SELECT	* ";
p_mmsm_17610/mmsm96a1f2_inq.cpp	160	163	sqlstr =  "SELECT COUNT(1) ";
p_mmsm_17610/mmsm96a1f2_inq.cpp	236	239	sqlstr =  "SELECT * ";
p_mmsm_17610/mmsm96a1f2_inq.cpp	304	305	sqlstr =  "SELECT COUNT(1) "
p_mmsm_17610/mmsm96a1f2_inq.cpp	361	362	sqlstr = "SELECT COUNT(1) "
p_mmsm_17610/mmsm96a1f2_inq.cpp	431	432	sqlstr = "SELECT * "
p_mmsm_17610/mmsm96a1f2_inq.cpp	454	455	sqlstr	+= " SELECT	* ";
p_mmsm_17610/mmsm96a1f2_inq.cpp	476	477	sqlstr = "select * from (" + sqlstr + ") ORDER BY RESUME_SEQ_NO DESC";
p_mmsm_17610/mmsmbg_import.cpp	115	116	sqlstr = " SELECT CODE,CODE_DESC_1_CONTENT FROM TWMSMZD02 WHERE  CODE_CLASS ='MMBMZL' ";
p_mmsm_17610/mmsmbg_import.cpp	120	121	sqlstr = " select CODE,CODE_DESC_1_CONTENT from TWMSMZD02 where CODE_CLASS='WM02' ";
p_mmsm_17610/mmsmbg_import_ele.cpp	129	137	sqlstr = "UPDATE tqmtqq0 A "
p_mmsm_17610/mmsmbg_ing.cpp	77	80	sqlstr = " SELECT * FROM TMMSM01QC ";
p_mmsm_17610/mmsmbg_vali.cpp	348	349	sqlstr = "SELECT * FROM TSI0021 "
p_mmsm_17610/mmsmbg_vali.cpp	377	378	sqlstr = "SELECT * FROM TWM04 "
p_mmsm_17620/cm_e2t8a1_rcv.cpp	258	260	cmd_inq_code.SetCommandText(" SELECT HEAT_NO, PONO, SM_PLAN_NO FROM "
p_mmsm_17620/cm_e2t8a1_rcv.cpp	261	262	" SELECT HEAT_NO, PONO, SM_PLAN_NO, SM_PLAN_NOL2 FROM TPSSM11)WHERE SM_PLAN_NOL2 = '" + sm_plan_no2 + "'");
p_mmsm_17620/cm_e2t8a1_rcv.cpp	275	275	cmd_inq.SetCommandText(" SELECT T1.PROC_NO,T2.STATION_ID,T2.STATION_NO FROM (  "
p_mmsm_17620/cm_e2t8a1_rcv.cpp	276	277	" SELECT PROC_NO, DEV_CODE, DECODE(PRE_SOLUTION_FLAG, '1', '0', '1') C_DIV FROM TPSSM12 WHERE SM_PLAN_NOL2 = '" + sm_plan_no2 + "' AND DEV_CODE LIKE '" + tmmsm2
p_mmsm_17620/cm_e2t8a1_rcv.cpp	368	369	cmd_inq_1.SetCommandText(" SELECT MAT_CODE,MAT_NAME FROM tmmsm50 WHERE LOT_NO =@BATCH_NUMBER AND MAT_CODE_L2 =@MATERIAL_CODE ");
p_mmsm_17620/cm_e2t8a1_rcv.cpp	380	381	cmd_inq_60.SetCommandText(" SELECT BUNKER_NO FROM tmmsm60 WHERE STK_NO=@STK_NO ");
p_mmsm_17620/cm_e2t8a1_rcv.cpp	393	393	cmd_inq.SetCommandText("select  nvl(MAX(PROC_COUNT),0)+1 from tmmsm2a where  L2_PROC_NO ='" + tmmsm2a["L2_PROC_NO"].ToString().Trim() + "'  ");
p_mmsm_17620/cm_e2t8a1_rcv.cpp	396	400	cmd_inq.SetCommandText("select  nvl(MAX(PROC_COUNT),0)+1 from tmmsm2a where  SM_PLAN_NOL2 ='" + tmmsm2a["SM_PLAN_NOL2"].ToString().Trim() + "' ");
p_mmsm_17620/cm_e2t8a1_rcv.cpp	401	401	cmd_inq.SetCommandText("select  nvl(MAX(PROC_COUNT),0)+1 from tmmsm2a where  L2_PROC_NO ='" + tmmsm2a["L2_PROC_NO"].ToString().Trim() + "'  ");
p_mmsm_17620/cm_e2t8a1_rcv.cpp	404	407	cmd_inq.SetCommandText("select  nvl(MAX(PROC_COUNT),0)+1 from tmmsm2a where  SM_PLAN_NOL2 ='" + tmmsm2a["SM_PLAN_NOL2"].ToString().Trim() + "' ");
p_mmsm_17620/cm_e2t8a1_rcv.cpp	539	540	cmd_inq_gy06.SetCommandText(" SELECT distinct HEAT_NO FROM tmmsmgy06 WHERE L2_PROC_NO = @HEAT_NO ");
p_mmsm_17620/cm_e2t8t1_rcv.cpp	103	105	cmd_inq_code.SetCommandText(" SELECT  PONO, SM_PLAN_NO FROM "
p_mmsm_17620/cm_e2t8t1_rcv.cpp	106	107	" SELECT HEAT_NO, PONO, SM_PLAN_NO, SM_PLAN_NOL2 FROM TPSSM11)WHERE SM_PLAN_NOL2 = '" + sm_plan_no + "'");
p_mmsm_17620/cm_e2t8t1_rcv.cpp	116	116	sqlstr = " select PROC_NO from( "
p_mmsm_17620/cm_e2t8t1_rcv.cpp	117	118	" SELECT PROC_NO, DEV_CODE, HEAT_NO FROM TPSSM12 "
p_mmsm_17620/cm_e2t8t1_rcv.cpp	119	120	" SELECT PROC_NO, DEV_CODE, HEAT_NO FROM TPSSM42 "
p_mmsm_17620/cm_e2t8t1_rcv.cpp	134	137	cmd_inq_count.SetCommandText("select  nvl(MAX(PROC_COUNT),0)+1 from tmmsm2b where  L2_PROC_NO ='" + tmmsm2b["L2_PROC_NO"].ToString().Trim() + "'  ");
p_mmsm_17620/cm_e2t8t1_rcv.cpp	138	138	cmd_inq_count.SetCommandText("select  nvl(MAX(PROC_COUNT),0)+1 from tmmsm2b where  SM_PLAN_NOL2 ='" + tmmsm2b["SM_PLAN_NOL2"].ToString().Trim() + "' ");
p_mmsm_17620/cm_e2t8t1_rcv.cpp	141	146	cmd_inq_count.SetCommandText("select  nvl(MAX(PROC_COUNT),0)+1 from tmmsm2b where  HEAT_NO ='" + tmmsm2b["HEAT_NO"].ToString().Trim() + "' ");
p_mmsm_17620/cm_e2t8t1_rcv.cpp	148	151	cmd_inq_count.SetCommandText("select  nvl(MAX(PROC_COUNT),0)+1 from tmmsm2b where  L2_PROC_NO ='" + tmmsm2b["L2_PROC_NO"].ToString().Trim() + "'  ");
p_mmsm_17620/cm_e2t8t1_rcv.cpp	152	155	cmd_inq_count.SetCommandText("select  nvl(MAX(PROC_COUNT),0)+1 from tmmsm2b where  SM_PLAN_NOL2 ='" + tmmsm2b["SM_PLAN_NOL2"].ToString().Trim() + "' ");
p_mmsm_17620/cm_e2t8t2_rcv.cpp	80	81	cmd_inq_code.SetCommandText(" select STATION_ID,STATION_NO  from TPSSMD1 where DEV_CODE=@DEV_CODE ");
p_mmsm_17620/cm_e2t8t2_rcv.cpp	99	100	cmd_inq_count.SetCommandText("select  nvl(MAX(PROC_COUNT),0)+1 from tmmsm2b where  HEAT_NO ='" + tmmsm2b["HEAT_NO"].ToString() + "' ");
p_mmsm_17620/cm_e2t8t2_rcv.cpp	104	105	cmd_inq.SetCommandText(" SELECT PROC_NO FROM TPSSM12 WHERE HEAT_NO=@HEAT_NO and DEV_CODE=@DEV_CODE "
p_mmsm_17620/cm_e2t8t2_rcv.cpp	106	107	" SELECT PROC_NO FROM TPSSM42 WHERE HEAT_NO =@HEAT_NO and DEV_CODE =@DEV_CODE ");
p_mmsm_17620/mmsm33xcjlfm_inq.cpp	54	57	sqlstr = " select code as MAT_WT,CODE_DESC_1_CONTENT as c_div  from TWMSMZD02 where CODE_CLASS ='MMXCJLFM' ";
p_mmsm_17620/mmsmxcjl_zdsc.cpp	64	65	sqlstr = "SELECT CODE FROM TWMSMZD02 WHERE CODE_CLASS ='MMXCJLFM' ORDER BY CODE_DESC_2_CONTENT";
p_mmsm_17630/cm_edt803_rcv.cpp	116	117	sqlstr = "SELECT T.IRON_LADLE_NO FROM TMMSM12 T WHERE T.TPD_NO = @TPD_NO";
p_mmsm_17630/cm_edt803_rcv.cpp	130	131	sqlstr = "UPDATE TMMSM12A SET IRON_NO = @IRON_NO, IRON_LADLE_NO = @IRON_LADLE_NO, TRE_TPC_NO = @TRE_TPC_NO "
p_mmsm_17630/cm_edt803_rcv.cpp	143	144	sqlstr = "SELECT T.ST_SAMPLE_NO FROM TQMTS24 T WHERE T.HEAT_NO = @HEAT_NO";
p_mmsm_17630/cm_edt803_rcv.cpp	153	201	sqlstr = "SELECT 'I' DEAL_FLAG,"
p_mmsm_17630/cm_edt805_rcv.cpp	66	67	sql_str = "SELECT *  FROM  TMMSM12 WHERE TPD_NO = @tpd_no  order by START_TIME desc ";
p_mmsm_17630/cm_edt807_rcv.cpp	85	133	sqlstr = "SELECT 'I' DEAL_FLAG,"
p_mmsm_17630/mmsm1af2_inq.cpp	80	80	CString c_sql_condition = " SELECT *        FROM tmmsm1a  t";
p_mmsm_17630/mmsm1af2_inq.cpp	81	82	CString c_sql_condition2 = " SELECT COUNT(1) FROM tmmsm1a  t";
p_mmsm_17630/mmsm1af2_inq.cpp	93	95	sqlstr_count = " SELECT COUNT(1) "
p_mmsm_17630/mmsm1af2_inq.cpp	96	98	sqlstr = " SELECT * "
p_mmsm_17630/mmsm2gf2_inq.cpp	80	80	CString c_sql_condition = " SELECT *        FROM tmmsm2g  t";
p_mmsm_17630/mmsm2gf2_inq.cpp	81	82	CString c_sql_condition2 = " SELECT COUNT(1) FROM tmmsm2g  t";
p_mmsm_17630/mmsm2gf2_inq.cpp	93	95	sqlstr_count = " SELECT COUNT(1) "
p_mmsm_17630/mmsm2gf2_inq.cpp	96	98	sqlstr = " SELECT * "
p_mmsm_17630/mmsm2hf2_inq.cpp	80	80	CString c_sql_condition = " SELECT *        FROM tmmsm2h  t";
p_mmsm_17630/mmsm2hf2_inq.cpp	81	82	CString c_sql_condition2 = " SELECT COUNT(1) FROM tmmsm2h  t";
p_mmsm_17630/mmsm2hf2_inq.cpp	93	95	sqlstr_count = " SELECT COUNT(1) "
p_mmsm_17630/mmsm2hf2_inq.cpp	96	98	sqlstr = " SELECT * "
p_mmsm_17630/mmsm70f2_inq.cpp	87	87	CString c_sql_condition = " SELECT *        FROM TPSSM05  t";
p_mmsm_17630/mmsm70f2_inq.cpp	88	89	CString c_sql_condition2 = " SELECT COUNT(1) FROM TPSSM05  t";
p_mmsm_17630/mmsm70f2_inq.cpp	100	103	sqlstr_count = " SELECT COUNT(1) "
p_mmsm_17630/mmsm70f2_inq.cpp	122	125	sqlstr = " SELECT * "
p_mmsm_17630/mmsm70f2_sj_inq.cpp	86	86	CString c_sql_condition = " SELECT *        FROM TMMSM70  t";
p_mmsm_17630/mmsm70f2_sj_inq.cpp	87	88	CString c_sql_condition2 = " SELECT COUNT(1) FROM TMMSM70  t";
p_mmsm_17630/mmsm70f2_sj_inq.cpp	99	101	sqlstr_count = " SELECT COUNT(1) "
p_mmsm_17630/mmsm70f2_sj_inq.cpp	102	104	sqlstr = " SELECT * "
p_mmsm_17630/mmsm71f2_inq.cpp	86	86	CString c_sql_condition = " SELECT *        FROM TMMSM71  t";
p_mmsm_17630/mmsm71f2_inq.cpp	87	88	CString c_sql_condition2 = " SELECT COUNT(1) FROM TMMSM71  t";
p_mmsm_17630/mmsm71f2_inq.cpp	99	101	sqlstr_count = " SELECT COUNT(1) "
p_mmsm_17630/mmsm71f2_inq.cpp	102	104	sqlstr = " SELECT * "
p_mmsm_17630/mmsmdzplan_inq.cpp	85	85	CString c_sql_condition = " SELECT *        FROM TPSSM05  t";
p_mmsm_17630/mmsmdzplan_inq.cpp	86	87	CString c_sql_condition2 = " SELECT COUNT(1) FROM TPSSM05  t";
p_mmsm_17630/mmsmdzplan_inq.cpp	98	101	sqlstr_count = " SELECT COUNT(1) "
p_mmsm_17630/mmsmdzplan_inq.cpp	102	105	sqlstr = " SELECT * "
p_mmsm_17640/cm_0rt801_rcv.cpp	147	148	sqlstr = "SELECT * FROM VMMSM01 WHERE MAT_NO = '" + tmmsm35["IN_MAT_NO"].ToString().Trim() + "' ";
p_mmsm_17640/cm_0rt801_rcv.cpp	180	181	sqlstr = "SELECT * FROM TMMSM33SHLL WHERE MAT_NO = '" + tmmsm01["MAT_NO"].ToString() + "' ORDER by RESUME_SEQ_NO desc ";
p_mmsm_17640/cm_0rt801_rcv.cpp	337	338	sqlstr = "SELECT * FROM TMMSM33DBSX WHERE MAT_NO = '" + tmmsm01["MAT_NO"].ToString() + "' AND EVENT_ID = 'MM13' order by SEQ_NO asc";
p_mmsm_17640/cm_0rt801_rcv.cpp	646	649	CString v_guide_dest = Db::QueryCString(" select CODE_DESC_3_CONTENT from TWMSMZD02 where CODE_CLASS = 'WM02' and CODE ='" + tmmsm01["GUIDE_DEST"].ToString() + 
p_mmsm_17640/cm_0rt801_rcv.cpp	736	739	CString v_guide_dest = Db::QueryCString(" select CODE_DESC_3_CONTENT from TWMSMZD02 where CODE_CLASS = 'WM02' and CODE ='" + tmmsm01["GUIDE_DEST"].ToString() + 
p_mmsm_17640/cm_0rt801_rcv.cpp	805	806	CString sql = "SELECT *  FROM ( SELECT t.* FROM TMMSM34_1 t WHERE t.MAT_NO = '" + matNo + "' ORDER BY t.PROD_SEQ_NO DESC ) temp  WHERE ROWNUM = 1";
p_mmsm_17640/cm_0rt801_rcv.cpp	899	900	CString pre_whole = Db::QueryCString("select SUBSTR(WHOLE_BACKLOG, INSTR(WHOLE_BACKLOG, '9A') -2, 2) from tqmom03 WHERE ORDER_NO = '" + tmmsm01["ORDER_NO"].ToSt
p_mmsm_17640/cm_0rt801_rcv.cpp	903	906	CString if_lg= Db::QueryCString("select consign_user_code from tqmom01 WHERE ORDER_NO = '" + tmmsm01["ORDER_NO"].ToString() + "'");
p_mmsm_17640/cm_0rt801_rcv.cpp	989	996	CString v_guide_dest = Db::QueryCString(" select CODE_DESC_3_CONTENT from TWMSMZD02 where CODE_CLASS = 'WM02' and CODE ='" + tmmsm01["GUIDE_DEST"].ToString() + 
p_mmsm_17640/cm_0rt801_rcv.cpp	1047	1048	sqlstr = " select PROD_SEQ_NO ,MAT_NO  from tmmsm34_1 t where  t.MAT_NO = '" + tmmsm34_1["MAT_NO"].ToString() + "' and t.MEND_FLAG = '" + tmmsm34_1["MEND_FLAG"]
p_mmsm_17640/cm_0rt801_rcv.cpp	1124	1131	CString v_guide_dest = Db::QueryCString(" select CODE_DESC_3_CONTENT from TWMSMZD02 where CODE_CLASS = 'WM02' and CODE ='" + tmmsm01["GUIDE_DEST"].ToString() + 
p_mmsm_17640/cm_0rt801_rcv.cpp	1316	1323	CString v_guide_dest = Db::QueryCString(" select CODE_DESC_3_CONTENT from TWMSMZD02 where CODE_CLASS = 'WM02' and CODE ='" + tmmsm01["GUIDE_DEST"].ToString() + 
p_mmsm_17640/cm_0rt801_rcv.cpp	1348	1349	sqlstr = "SELECT * FROM TMMSM35 WHERE MAT_NO = '" + tmmsm35["MAT_NO"].ToString() + "' order by PROD_SEQ_NO asc";
p_mmsm_17640/cm_0rt801_rcv.cpp	1399	1405	CString v_guide_dest = Db::QueryCString(" select CODE_DESC_3_CONTENT from TWMSMZD02 where CODE_CLASS = 'WM02' and CODE ='" + tmmsm01["GUIDE_DEST"].ToString() + 
p_mmsm_17640/cm_0rt801_rcv.cpp	1542	1543	sqlstr = " SELECT * FROM TPSSM03 WHERE LSLAB_NO = '" + tmmsm01_slab["LSLAB_NO"].ToString().Trim() + "' AND  SLAB_PROD_FLAG = '1'"
p_mmsm_17640/cm_0rt801_rcv.cpp	1633	1637	CString v_guide_dest = Db::QueryCString(" select CODE_DESC_3_CONTENT from TWMSMZD02 where CODE_CLASS = 'WM02' and CODE ='" + tmmsm01["GUIDE_DEST"].ToString() + 
p_mmsm_17640/cm_0rt801_rcv.cpp	1811	1818	CString v_guide_dest = Db::QueryCString(" select CODE_DESC_3_CONTENT from TWMSMZD02 where CODE_CLASS = 'WM02' and CODE ='" + tmmsm01["GUIDE_DEST"].ToString() + 
p_mmsm_17640/cm_0rt801_rcv.cpp	1840	1841	sqlstr = "SELECT * FROM TMMSM35 WHERE MAT_NO = '" + tmmsm01["MAT_NO"].ToString() + "' order by PROD_SEQ_NO asc";
p_mmsm_17640/cm_0rt801_rcv.cpp	1862	1869	CString v_guide_dest = Db::QueryCString(" select CODE_DESC_3_CONTENT from TWMSMZD02 where CODE_CLASS = 'WM02' and CODE ='" + tmmsm01_zp["GUIDE_DEST"].ToString()
p_mmsm_17640/cm_0rt801_rcv.cpp	1903	1904	sqlstr = "SELECT * FROM VMMSM01 WHERE MAT_NO = '" + tmmsm35["IN_MAT_NO"].ToString().Trim() + "' ";
p_mmsm_17640/cm_0rt801_rcv.cpp	1946	1959	CString v_guide_dest = Db::QueryCString(" select CODE_DESC_3_CONTENT from TWMSMZD02 where CODE_CLASS = 'WM02' and CODE ='" + tmmsm01["GUIDE_DEST"].ToString() + 
p_mmsm_17640/cm_0rt801_rcv.cpp	2006	2008	sqlstr_1 = " SELECT T.MAT_NO,T.CASTING_PRE_JUDGMENT,TQ01.ORDER_THICK \
p_mmsm_17640/cm_0rt801_rcv.cpp	2097	2098	CString sql = "SELECT *  FROM ( SELECT t.* FROM TMMSM39_1 t WHERE t.MAT_NO = '" + tmmsm39_1["MAT_NO"].ToString() + "' AND FINISH_FLAG ='"+ tmmsm39_1["FINISH_FLA
p_mmsm_17640/cm_0rt801_rcv.cpp	2118	2119	CString sql = "SELECT *  FROM ( SELECT t.* FROM TMMSM34_1 t WHERE t.MAT_NO = '" + tmmsm34_1["MAT_NO"].ToString() + "' ORDER BY t.PROD_SEQ_NO DESC ) temp  WHERE 
p_mmsm_17640/cm_0rt8d1_rcv.cpp	142	144	sqlstr = " SELECT CODE_DESC_1_CONTENT FROM TWMSMZD02 T WHERE 1=1 AND T.CODE_CLASS='MMSMJKFZR' AND T.CODE = @v_shift_group ";
p_mmsm_17640/cm_0rt8d1_rcv.cpp	171	173	sqlstr = " SELECT CODE_DESC_1_CONTENT FROM TWMSMZD02 T WHERE 1=1 AND T.CODE_CLASS='MMSMJKFZR' AND T.CODE = @v_shift_group ";
p_mmsm_17640/cm_0rt8m0_rcv.cpp	240	245	CString s_dev = Db::QueryCString("select DEV_CODE from hmmsm01 where HEAT_NO='" + bcls_rec->Tables[0].Rows[0]["HEAT_NO"].ToString() + "' AND ROWNUM=1");
p_mmsm_17640/cm_200002_rcv.cpp	235	239	sqlstr = " SELECT PONO_SLAB "
p_mmsm_17640/cm_200033_rcv.cpp	82	85	sqlstr = "SELECT * "
p_mmsm_17640/cm_200034_rcv.cpp	75	78	sqlstr = "SELECT * "
p_mmsm_17640/cm_e2t8e1_rcv.cpp	65	66	cmd_inq_code.SetCommandText(" select STATION_ID,STATION_NO  from TPSSMD1 where DEV_CODE=@DEV_CODE ");
p_mmsm_17640/cm_e2t8e2_rcv.cpp	65	66	cmd_inq_code.SetCommandText(" select STATION_ID,STATION_NO  from TPSSMD1 where DEV_CODE=@DEV_CODE ");
p_mmsm_17640/cm_e2t8e3_rcv.cpp	66	67	cmd_inq_code.SetCommandText(" select STATION_ID,STATION_NO  from TPSSMD1 where DEV_CODE=@DEV_CODE ");
p_mmsm_17640/cm_e2t8e4_rcv.cpp	65	66	cmd_inq_code.SetCommandText(" select STATION_ID,STATION_NO  from TPSSMD1 where DEV_CODE=@DEV_CODE ");
p_mmsm_17640/cm_e2t8f1_rcv.cpp	61	62	cmd_inq_code.SetCommandText(" select STATION_ID,STATION_NO  from TPSSMD1 where DEV_CODE=@DEV_CODE ");
p_mmsm_17640/cm_e2t8s1_rcv.cpp	93	94	cmd_inq_code.SetCommandText(" SELECT HEAT_NO,PONO,SM_PLAN_NO FROM TPSSM11 WHERE SM_PLAN_NOL2_TEST ='" + sm_plan_no2 + "'");
p_mmsm_17640/cm_e2t8s1_rcv.cpp	106	107	cmd_inq_code.SetCommandText(" select STATION_ID,STATION_NO  from TPSSMD1 where DEV_CODE=@DEV_CODE ");
p_mmsm_17640/cm_e2t8s2_rcv.cpp	81	82	cmd_inq_code.SetCommandText(" SELECT HEAT_NO,PONO,SM_PLAN_NO FROM TPSSM11 WHERE SM_PLAN_NOL2 ='" + sm_plan_no2 + "'");
p_mmsm_17640/cm_e2t8s2_rcv.cpp	90	91	cmd_inq.SetCommandText(" SELECT STATION_ID,STATION_NO FROM TPSSMD1 WHERE DEV_CODE='" + dev_code + "' ");
p_mmsm_17640/cm_e2t8s2_rcv.cpp	202	204	" SELECT ROUND(TO_NUMBER(TO_DATE('" + tmmsm19["TAP_END_TIME"].ToString() + "', 'YYYYMMDDhh24miss') - "
p_mmsm_17640/cm_e2t8s2_rcv.cpp	228	229	" SELECT  END_TIME_REAL FROM  TPSSM12 WHERE DEV_CODE = '" + dev_code + "' AND PROC_NO  = '" + proc_no + "' "
p_mmsm_17640/cm_e2t8s2_rcv.cpp	230	231	" SELECT  END_TIME_REAL FROM  TPSSM42 WHERE DEV_CODE = '" + dev_code + "' AND PROC_NO = '" + proc_no + "' ");
p_mmsm_17640/cm_e2t8s2_rcv.cpp	243	245	" SELECT ROUND(TO_NUMBER(TO_DATE('" + tmmsm19["TAP_END_TIME"].ToString() + "', 'YYYYMMDDhh24miss') - "
p_mmsm_17640/cm_e2t8s2_rcv.cpp	263	264	cmd_12z.SetCommandText(" select ARCHIVE_FLAG from TPSSM12Z WHERE PROC_NO='"+tmmsm19["L2_PROC_NO"].ToString()+"' ");
p_mmsm_17640/cm_e2t8s2_rcv.cpp	274	275	cmd_ps.SetCommandText(" SELECT CODE FROM TEP0002 WHERE CODE_CLASS='PSAL2N' AND CODE_DESC_5_CONTENT='" + tmmsm19["MELT_MODE"].ToString() + "' ");
p_mmsm_17640/cm_e2t8s3_rcv.cpp	119	121	cmd_inq_code.SetCommandText(" SELECT HEAT_NO, PONO, SM_PLAN_NO FROM "
p_mmsm_17640/cm_e2t8s3_rcv.cpp	122	123	" SELECT HEAT_NO, PONO, SM_PLAN_NO, SM_PLAN_NOL2 FROM TPSSM11)WHERE SM_PLAN_NOL2 = '" + sm_plan_no2 + "'");
p_mmsm_17640/cm_e2t8s3_rcv.cpp	132	132	cmd_inq.SetCommandText(" SELECT T1.PROC_NO,T2.STATION_ID,T2.STATION_NO FROM (  "
p_mmsm_17640/cm_e2t8s3_rcv.cpp	133	134	" SELECT PROC_NO, DEV_CODE, DECODE(PRE_SOLUTION_FLAG, '1', '0', '1') C_DIV FROM TPSSM12 WHERE HEAT_NO = '" + tmmsm27["HEAT_NO"].ToString() + "' AND DEV_CODE = '
p_mmsm_17640/cm_e2t8s3_rcv.cpp	305	306	cmd_tpssm12z.SetCommandText(" update TPSSM12Z set SM_PLAN_NO=' ',PONO=' ',ST_NO=' ',HEAT_NO=' ',SM_PLAN_NOL2=' ' where HEAT_NO='" + tmmsm27["HEAT_NO"].ToString(
p_mmsm_17640/cm_e2t8s3_rcv.cpp	323	324	cmd_2a.SetCommandText(" select PROD_SEQ_NO from TMMSM2A WHERE L2_PROC_NO='" + tmmsm19["L2_PROC_NO"].ToString() + "' AND  DEV_CODE LIKE 'D%' ");
p_mmsm_17640/cm_e2t8s3_rcv.cpp	410	411	cmd_2a.SetCommandText(" select PROD_SEQ_NO from TMMSM2A WHERE L2_PROC_NO='" + tmmsm19["L2_PROC_NO"].ToString() + "' AND  DEV_CODE LIKE 'Z%' ");
p_mmsm_17640/cm_e2t8s3_rcv.cpp	464	465	cmd_inq_27.SetCommandText(" select HEAT_NO from TMMSM27 WHERE HEATNO_PREMELT1='" + tmmsm27["HEATNO_PREMELT1"].ToString() + "' OR HEATNO_PREMELT2='" + tmmsm27["H
p_mmsm_17640/cm_e2t8s3_rcv.cpp	492	493	cmd_2a.SetCommandText(" select PROD_SEQ_NO from TMMSM2A WHERE L2_PROC_NO='" + tmmsm20["L2_PROC_NO"].ToString() + "' AND  DEV_CODE LIKE 'E%' ");
p_mmsm_17640/cm_e2t8s3_rcv.cpp	544	545	cmd_inq_27.SetCommandText(" select HEAT_NO from TMMSM27 WHERE HEATNO_PREMELT1='" + tmmsm27["HEATNO_PREMELT1"].ToString() + "' OR HEATNO_PREMELT2='" + tmmsm27["H
p_mmsm_17640/cm_e2t8s3_rcv.cpp	580	581	cmd_2a.SetCommandText(" select PROD_SEQ_NO from TMMSM2A WHERE L2_PROC_NO='" + tmmsm21["L2_PROC_NO"].ToString() + "' AND  DEV_CODE LIKE 'B%' ");
p_mmsm_17640/cm_e2t8s3_rcv.cpp	608	609	cmd_2a.SetCommandText(" select PROD_SEQ_NO from TMMSM2A WHERE L2_PROC_NO='" + tmmsm19["L2_PROC_NO"].ToString() + "' AND  DEV_CODE LIKE 'D%' ");
p_mmsm_17640/cm_e2t8s3_rcv.cpp	689	690	cmd_2a.SetCommandText(" select PROD_SEQ_NO from TMMSM2A WHERE L2_PROC_NO='" + tmmsm19["L2_PROC_NO"].ToString() + "' AND  DEV_CODE LIKE 'Z%' ");
p_mmsm_17640/cm_e2t8s3_rcv.cpp	760	761	cmd_2a.SetCommandText(" select PROD_SEQ_NO from TMMSM2A WHERE L2_PROC_NO='" + tmmsm20["L2_PROC_NO"].ToString() + "' AND  DEV_CODE LIKE 'E%' ");
p_mmsm_17640/cm_e2t8s3_rcv.cpp	843	844	cmd_2a.SetCommandText(" select PROD_SEQ_NO from TMMSM2A WHERE L2_PROC_NO='" + tmmsm14["L2_PROC_NO"].ToString() + "' AND  DEV_CODE LIKE 'D%' ");
p_mmsm_17640/cm_e2t8s3_rcv.cpp	924	925	cmd_2a.SetCommandText(" select PROD_SEQ_NO from TMMSM2A WHERE L2_PROC_NO='" + tmmsm19["L2_PROC_NO"].ToString() + "' AND  DEV_CODE LIKE 'Z%' ");
p_mmsm_17640/cm_e2t8s3_rcv.cpp	993	994	cmd_2a.SetCommandText(" select PROD_SEQ_NO from TMMSM2A WHERE L2_PROC_NO='" + tmmsm20["L2_PROC_NO"].ToString() + "' AND  DEV_CODE LIKE 'E%' ");
p_mmsm_17640/cm_e2t8s3_rcv.cpp	1076	1077	cmd_2a.SetCommandText(" select PROD_SEQ_NO from TMMSM2A WHERE L2_PROC_NO='" + tmmsm19["L2_PROC_NO"].ToString() + "' AND  DEV_CODE LIKE 'D%' ");
p_mmsm_17640/cm_e2t8s3_rcv.cpp	1157	1158	cmd_2a.SetCommandText(" select PROD_SEQ_NO from TMMSM2A WHERE L2_PROC_NO='" + tmmsm19["L2_PROC_NO"].ToString() + "' AND  DEV_CODE LIKE 'Z%' ");
p_mmsm_17640/cm_e2t8s3_rcv.cpp	1226	1227	cmd_2a.SetCommandText(" select PROD_SEQ_NO from TMMSM2A WHERE L2_PROC_NO='" + tmmsm20["L2_PROC_NO"].ToString() + "' AND  DEV_CODE LIKE 'E%' ");
p_mmsm_17640/cm_e2t8s3_rcv.cpp	1308	1309	cmd_2a.SetCommandText(" select PROD_SEQ_NO from TMMSM2A WHERE L2_PROC_NO='" + tmmsm19["L2_PROC_NO"].ToString() + "' AND  DEV_CODE LIKE 'D%' ");
p_mmsm_17640/cm_e2t8s3_rcv.cpp	1398	1399	cmd_2a.SetCommandText(" select PROD_SEQ_NO from TMMSM2A WHERE L2_PROC_NO='" + tmmsm19["L2_PROC_NO"].ToString() + "' AND  DEV_CODE LIKE 'Z%' ");
p_mmsm_17640/cm_e2t8s3_rcv.cpp	1469	1470	cmd_2a.SetCommandText(" select PROD_SEQ_NO from TMMSM2A WHERE L2_PROC_NO='" + tmmsm20["L2_PROC_NO"].ToString() + "' AND  DEV_CODE LIKE 'E%' ");
p_mmsm_17640/cm_e2t8s3_rcv.cpp	1613	1614	cmd_2a.SetCommandText(" select PROD_SEQ_NO from TMMSM2A WHERE L2_PROC_NO='" + tmmsm19["L2_PROC_NO"].ToString() + "' AND  DEV_CODE LIKE 'Z%' ");
p_mmsm_17640/cm_e2t8s3_rcv.cpp	1681	1682	cmd_2a.SetCommandText(" select PROD_SEQ_NO from TMMSM2A WHERE L2_PROC_NO='" + tmmsm20["L2_PROC_NO"].ToString() + "' AND  DEV_CODE LIKE 'E%' ");
p_mmsm_17640/cm_e2t8s3_rcv.cpp	1772	1774	" SELECT ROUND(TO_NUMBER(TO_DATE('" + tmmsm27["TAP_END_TIME"].ToString()+ "', 'YYYYMMDDhh24miss') - "
p_mmsm_17640/cm_e2t8s3_rcv.cpp	1793	1794	" SELECT  END_TIME_REAL FROM  TPSSM12 WHERE DEV_CODE = '" + dev_code + "' AND PROC_NO  = '" + proc_no + "' "
p_mmsm_17640/cm_e2t8s3_rcv.cpp	1795	1796	" SELECT  END_TIME_REAL FROM  TPSSM42 WHERE DEV_CODE = '" + dev_code + "' AND PROC_NO = '" + proc_no + "' ");
p_mmsm_17640/cm_e2t8s3_rcv.cpp	1806	1808	" SELECT ROUND(TO_NUMBER(TO_DATE('" + tmmsm27["TAP_END_TIME"].ToString() + "', 'YYYYMMDDhh24miss') - "
p_mmsm_17640/cm_e2t8s3_rcv.cpp	1870	1871	cmd_tpssm.SetCommandText(" select * from TPSSM12ZT where LADLE_NO='" + tmmsm27["LADLENO_PREMELT1"].ToString() + "' ");
p_mmsm_17640/cm_e2t8s4_rcv.cpp	73	75	cmd_inq_code.SetCommandText(" SELECT HEAT_NO, PONO, SM_PLAN_NO FROM "
p_mmsm_17640/cm_e2t8s4_rcv.cpp	76	77	" SELECT HEAT_NO, PONO, SM_PLAN_NO, SM_PLAN_NOL2 FROM TPSSM11)WHERE SM_PLAN_NOL2 = '" + sm_plan_no2 + "'");
p_mmsm_17640/cm_e2t8s4_rcv.cpp	86	87	cmd_inq.SetCommandText(" SELECT STATION_ID,STATION_NO FROM TPSSMD1 WHERE DEV_CODE='" + dev_code + "' ");
p_mmsm_17640/cm_e2t8s4_rcv.cpp	288	289	" SELECT  END_TIME_REAL FROM  TPSSM12 WHERE DEV_CODE = '" + dev_code + "' AND PROC_NO  = '" + proc_no + "' "
p_mmsm_17640/cm_e2t8s4_rcv.cpp	290	291	" SELECT  END_TIME_REAL FROM  TPSSM42 WHERE DEV_CODE = '" + dev_code + "' AND PROC_NO = '" + proc_no + "' ");
p_mmsm_17640/cm_e2t8s4_rcv.cpp	301	303	" SELECT ROUND(TO_NUMBER(TO_DATE('" + tmmsm20["TAP_END_TIME"].ToString() + "', 'YYYYMMDDhh24miss') - "
p_mmsm_17640/cm_e2t8s5_rcv.cpp	99	101	cmd_inq_code.SetCommandText(" SELECT HEAT_NO, PONO, SM_PLAN_NO FROM "
p_mmsm_17640/cm_e2t8s5_rcv.cpp	102	103	" SELECT HEAT_NO, PONO, SM_PLAN_NO, SM_PLAN_NOL2 FROM TPSSM11)WHERE SM_PLAN_NOL2 = '" + sm_plan_no + "'");
p_mmsm_17640/cm_e2t8s5_rcv.cpp	114	114	cmd_inq.SetCommandText(" SELECT T1.PROC_NO,T2.STATION_ID,T2.STATION_NO FROM (  "
p_mmsm_17640/cm_e2t8s5_rcv.cpp	115	116	" SELECT PROC_NO, DEV_CODE, DECODE(PRE_SOLUTION_FLAG, '1', '0', '1') C_DIV FROM TPSSM12 WHERE HEAT_NO = '" + tmmsm21["HEAT_NO"].ToString() + "' AND DEV_CODE = '
p_mmsm_17640/cm_e2t8s5_rcv.cpp	126	127	cmd_inq.SetCommandText(" SELECT STATION_ID,STATION_NO FROM TPSSMD1 WHERE DEV_CODE='" + dev_code + "' ");
p_mmsm_17640/cm_e2t8s5_rcv.cpp	233	234	cmd_kr.SetCommandText(" select HEAT_NO,DES_ID from TMMSMKR14 WHERE DES_ID='" + tmmsm21["DES_TREATMENT_NO"].ToString() + "'  ");
p_mmsm_17640/cm_e2t8s5_rcv.cpp	335	336	" SELECT  END_TIME_REAL FROM  TPSSM12 WHERE DEV_CODE = '" + dev_code + "' AND PROC_NO  = '" + proc_no + "' "
p_mmsm_17640/cm_e2t8s5_rcv.cpp	337	338	" SELECT  END_TIME_REAL FROM  TPSSM42 WHERE DEV_CODE = '" + dev_code + "' AND PROC_NO = '" + proc_no + "' ");
p_mmsm_17640/cm_e2t8s5_rcv.cpp	348	350	" SELECT ROUND(TO_NUMBER(TO_DATE('" + tmmsm21["TAP_END_TIME"].ToString() + "', 'YYYYMMDDhh24miss') - "
p_mmsm_17640/cm_e2t8s6_rcv.cpp	127	129	cmd_inq_code.SetCommandText(" SELECT HEAT_NO, PONO, SM_PLAN_NO FROM "
p_mmsm_17640/cm_e2t8s6_rcv.cpp	130	131	" SELECT HEAT_NO, PONO, SM_PLAN_NO, SM_PLAN_NOL2 FROM TPSSM11)WHERE SM_PLAN_NOL2 = '" + sm_plan_no + "'");
p_mmsm_17640/cm_e2t8s6_rcv.cpp	140	140	cmd_inq.SetCommandText(" SELECT T1.PROC_NO,T2.STATION_ID,T2.STATION_NO FROM (  "
p_mmsm_17640/cm_e2t8s6_rcv.cpp	141	142	" SELECT PROC_NO, DEV_CODE, DECODE(PRE_SOLUTION_FLAG, '1', '0', '1') C_DIV FROM TPSSM12 WHERE HEAT_NO = '" + tmmsm24["HEAT_NO"].ToString() + "' AND DEV_CODE = '
p_mmsm_17640/cm_e2t8s6_rcv.cpp	152	153	cmd_inq.SetCommandText(" SELECT STATION_ID,STATION_NO FROM TPSSMD1 WHERE DEV_CODE='" + dev_code + "' ");
p_mmsm_17640/cm_e2t8s6_rcv.cpp	307	309	" SELECT ROUND(TO_NUMBER(TO_DATE('" + tmmsm24["END_TIME"].ToString() + "', 'YYYYMMDDhh24miss') - "
p_mmsm_17640/cm_e2t8s6_rcv.cpp	327	328	" SELECT  END_TIME_REAL FROM  TPSSM12 WHERE DEV_CODE = '" + dev_code + "' AND PROC_NO  = '" + proc_no + "' "
p_mmsm_17640/cm_e2t8s6_rcv.cpp	329	330	" SELECT  END_TIME_REAL FROM  TPSSM42 WHERE DEV_CODE = '" + dev_code + "' AND PROC_NO = '" + proc_no + "' ");
p_mmsm_17640/cm_e2t8s6_rcv.cpp	340	342	" SELECT ROUND(TO_NUMBER(TO_DATE('" + tmmsm24["END_TIME"].ToString() + "', 'YYYYMMDDhh24miss') - "
p_mmsm_17640/cm_e2t8s7_rcv.cpp	126	128	cmd_inq_code.SetCommandText(" SELECT  PONO, SM_PLAN_NO FROM "
p_mmsm_17640/cm_e2t8s7_rcv.cpp	129	130	" SELECT HEAT_NO, PONO, SM_PLAN_NO, SM_PLAN_NOL2 FROM TPSSM11)WHERE SM_PLAN_NOL2 = '" + sm_plan_no + "'");
p_mmsm_17640/cm_e2t8s7_rcv.cpp	138	138	cmd_inq.SetCommandText(" SELECT T1.PROC_NO,T2.STATION_ID,T2.STATION_NO FROM (  "
p_mmsm_17640/cm_e2t8s7_rcv.cpp	139	140	" SELECT PROC_NO, DEV_CODE, DECODE(PRE_SOLUTION_FLAG, '1', '0', '1') C_DIV FROM TPSSM12 WHERE HEAT_NO = '" + tmmsm23["HEAT_NO"].ToString() + "' AND DEV_CODE = '
p_mmsm_17640/cm_e2t8s7_rcv.cpp	247	249	" SELECT ROUND(TO_NUMBER(TO_DATE('" + tmmsm23["END_TIME"].ToString() + "', 'YYYYMMDDhh24miss') - "
p_mmsm_17640/cm_e2t8s7_rcv.cpp	267	268	" SELECT  END_TIME_REAL FROM  TPSSM12 WHERE DEV_CODE = '" + dev_code + "' AND PROC_NO  = '" + proc_no + "' "
p_mmsm_17640/cm_e2t8s7_rcv.cpp	269	270	" SELECT  END_TIME_REAL FROM  TPSSM42 WHERE DEV_CODE = '" + dev_code + "' AND PROC_NO = '" + proc_no + "' ");
p_mmsm_17640/cm_e2t8s7_rcv.cpp	280	282	" SELECT ROUND(TO_NUMBER(TO_DATE('" + tmmsm23["END_TIME"].ToString() + "', 'YYYYMMDDhh24miss') - "
p_mmsm_17640/cm_e2t8s8_rcv.cpp	82	84	cmd_inq_code.SetCommandText(" SELECT  PONO, SM_PLAN_NO FROM "
p_mmsm_17640/cm_e2t8s8_rcv.cpp	85	86	" SELECT HEAT_NO, PONO, SM_PLAN_NO, SM_PLAN_NOL2 FROM TPSSM11)WHERE SM_PLAN_NOL2 = '" + sm_plan_no + "'");
p_mmsm_17640/cm_e2t8s8_rcv.cpp	95	95	cmd_inq.SetCommandText(" SELECT T1.PROC_NO,T2.STATION_ID,T2.STATION_NO FROM (  "
p_mmsm_17640/cm_e2t8s8_rcv.cpp	96	97	" SELECT PROC_NO, DEV_CODE, DECODE(PRE_SOLUTION_FLAG, '1', '0', '1') C_DIV FROM TPSSM12 WHERE HEAT_NO = '" + tmmsm26["HEAT_NO"].ToString() + "' AND DEV_CODE = '
p_mmsm_17640/cm_e2t8s8_rcv.cpp	149	151	" SELECT ROUND(TO_NUMBER(TO_DATE('" + tmmsm26["END_TIME"].ToString() + "', 'YYYYMMDDhh24miss') - "
p_mmsm_17640/cm_e2t8s9_rcv.cpp	76	78	cmd_inq_code.SetCommandText(" SELECT  PONO, SM_PLAN_NO FROM "
p_mmsm_17640/cm_e2t8s9_rcv.cpp	79	80	" SELECT HEAT_NO, PONO, SM_PLAN_NO, SM_PLAN_NOL2 FROM TPSSM11)WHERE SM_PLAN_NOL2 = '" + sm_plan_no + "'");
p_mmsm_17640/cm_e2t8s9_rcv.cpp	88	88	cmd_inq.SetCommandText(" SELECT T1.PROC_NO,T2.STATION_ID,T2.STATION_NO FROM (  "
p_mmsm_17640/cm_e2t8s9_rcv.cpp	89	90	" SELECT PROC_NO, DEV_CODE, DECODE(PRE_SOLUTION_FLAG, '1', '0', '1') C_DIV FROM TPSSM12 WHERE HEAT_NO = '" + tmmsm25["HEAT_NO"].ToString() + "' AND DEV_CODE = '
p_mmsm_17640/cm_e2t8sa_rcv.cpp	77	79	cmd_inq_code.SetCommandText(" SELECT  PONO, SM_PLAN_NO FROM "
p_mmsm_17640/cm_e2t8sa_rcv.cpp	80	81	" SELECT HEAT_NO, PONO, SM_PLAN_NO, SM_PLAN_NOL2 FROM TPSSM11)WHERE SM_PLAN_NOL2 = '" + sm_plan_no + "'");
p_mmsm_17640/cm_e2t8sa_rcv.cpp	89	89	cmd_inq.SetCommandText(" SELECT T1.PROC_NO,T2.STATION_ID,T2.STATION_NO FROM (  "
p_mmsm_17640/cm_e2t8sa_rcv.cpp	90	91	" SELECT PROC_NO, DEV_CODE, DECODE(PRE_SOLUTION_FLAG, '1', '0', '1') C_DIV FROM TPSSM12 WHERE HEAT_NO = '" + tmmsm31["HEAT_NO"].ToString() + "' AND DEV_CODE = '
p_mmsm_17640/cm_e2t8w2_rcv.cpp	121	122	sqlstr = " select * from TWMA0 where MAT_NO = '" + tmmsm01["MAT_NO"].ToString() + "' and STOCK_OPER_ORDER like '1%' ";
p_mmsm_17640/cm_e2t8w2_rcv.cpp	168	169	sqlstr1 = " SELECT STOCK_NO FROM TWM01 WHERE STOCK_NO_ANOTHER='" + bcls_rec->Tables[0].Rows[0]["MAT_DESTION"].ToString() + "' ";
p_mmsm_17640/cm_e2t8w2_rcv.cpp	201	202	twma4["STOCK_L2"] = Db::QueryCString(" SELECT STOCK_NO_ANOTHER FROM TWM01 WHERE STOCK_NO='" + v_stock_no + "' ");
p_mmsm_17640/cm_e2t8w2_rcv.cpp	230	231	sqlstr = " select MAT_NO from (select * from tmmsm35 where SLAB_NO='"+ hmmsm01["SLAB_NO"].ToString() +"' order by REC_CREATE_TIME desc) where rownum=1 ";
p_mmsm_17640/cm_ekt801_rcv.cpp	75	76	cmd_inq.SetCommandText(" SELECT TO_CHAR(TO_DATE('" + tmmsmkr14["LADLE_ARRIVE"].ToString() + "', 'YYYY-MM-DD HH24:MI:SS'), 'yyyyMMddHH24miss') from dual ");
p_mmsm_17640/cm_ekt801_rcv.cpp	86	87	cmd_inq.SetCommandText(" SELECT TO_CHAR(TO_DATE('" + tmmsmkr14["LADLE_LEAVE"].ToString() + "', 'YYYY-MM-DD HH24:MI:SS'), 'yyyyMMddHH24miss') from dual ");
p_mmsm_17640/cm_ekt801_rcv.cpp	96	97	cmd_inq.SetCommandText(" SELECT TO_CHAR(TO_DATE('" + tmmsmkr14["DES_START"].ToString() + "', 'YYYY-MM-DD HH24:MI:SS'), 'yyyyMMddHH24miss') from dual ");
p_mmsm_17640/cm_ekt801_rcv.cpp	106	107	cmd_inq.SetCommandText(" SELECT TO_CHAR(TO_DATE('" + tmmsmkr14["DES_END"].ToString() + "', 'YYYY-MM-DD HH24:MI:SS'), 'yyyyMMddHH24miss') from dual ");
p_mmsm_17640/cm_ekt801_rcv.cpp	116	117	cmd_inq.SetCommandText(" SELECT TO_CHAR(TO_DATE('" + tmmsmkr14["RESIDUE_FIRST_S"].ToString() + "', 'YYYY-MM-DD HH24:MI:SS'), 'yyyyMMddHH24miss') from dual ");
p_mmsm_17640/cm_ekt801_rcv.cpp	126	127	cmd_inq.SetCommandText(" SELECT TO_CHAR(TO_DATE('" + tmmsmkr14["RESIDUE_FIRST_E"].ToString() + "', 'YYYY-MM-DD HH24:MI:SS'), 'yyyyMMddHH24miss') from dual ");
p_mmsm_17640/cm_ekt801_rcv.cpp	136	137	cmd_inq.SetCommandText(" SELECT TO_CHAR(TO_DATE('" + tmmsmkr14["RESIDUE_LAST_S"].ToString() + "', 'YYYY-MM-DD HH24:MI:SS'), 'yyyyMMddHH24miss') from dual ");
p_mmsm_17640/cm_ekt801_rcv.cpp	146	147	cmd_inq.SetCommandText(" SELECT TO_CHAR(TO_DATE('" + tmmsmkr14["RESIDUE_LAST_E"].ToString() + "', 'YYYY-MM-DD HH24:MI:SS'), 'yyyyMMddHH24miss') from dual ");
p_mmsm_17640/cm_ekt82a_rcv.cpp	260	261	cmd_inq_test.SetCommandText(" SELECT SM_PLAN_NOL2_TEST FROM TPSSM11 WHERE SM_PLAN_NOL2 ='" + sm_plan_no2 + "'");
p_mmsm_17640/cm_ekt82a_rcv.cpp	267	268	cmd_inq_code.SetCommandText(" SELECT HEAT_NO,PONO,SM_PLAN_NO FROM TPSSM11 WHERE SM_PLAN_NOL2 ='" + sm_plan_no2 + "'");
p_mmsm_17640/cm_ekt82a_rcv.cpp	277	278	cmd_inq_code.SetCommandText(" SELECT HEAT_NO,PONO,SM_PLAN_NO FROM TPSSM11 WHERE SM_PLAN_NOL2_TEST ='" + sm_plan_no2 + "'");
p_mmsm_17640/cm_ekt82a_rcv.cpp	288	289	cmd_inq_code.SetCommandText(" SELECT HEAT_NO,PONO,SM_PLAN_NO FROM TPSSM11 WHERE SM_PLAN_NOL2_TEST ='" + sm_plan_no2 + "'");
p_mmsm_17640/cm_ekt82a_rcv.cpp	301	301	cmd_inq.SetCommandText(" SELECT T1.PROC_NO,T2.STATION_ID,T2.STATION_NO FROM (  "
p_mmsm_17640/cm_ekt82a_rcv.cpp	302	303	" SELECT PROC_NO, DEV_CODE, DECODE(PRE_SOLUTION_FLAG, '1', '0', '1') C_DIV FROM TPSSM12 WHERE HEAT_NO = '" + tmmsm2a["HEAT_NO"].ToString() + "' AND DEV_CODE LIK
p_mmsm_17640/cm_ekt82a_rcv.cpp	394	395	cmd_inq_1.SetCommandText(" SELECT MAT_CODE,MAT_NAME FROM tmmsm50 WHERE LOT_NO =@BATCH_NUMBER AND MAT_CODE_L2 =@MATERIAL_CODE ");
p_mmsm_17640/cm_ekt82a_rcv.cpp	406	407	cmd_inq_60.SetCommandText(" SELECT BUNKER_NO FROM tmmsm60 WHERE STK_NO=@STK_NO ");
p_mmsm_17640/cm_ekt82a_rcv.cpp	418	418	cmd_inq.SetCommandText("select  nvl(MAX(PROC_COUNT),0)+1 from tmmsm2a where  HEAT_NO ='" + tmmsm2a["HEAT_NO"].ToString().Trim() + "' ");
p_mmsm_17640/cm_ekt82a_rcv.cpp	421	423	cmd_inq.SetCommandText("select  nvl(MAX(PROC_COUNT),0)+1 from tmmsm2a where  HEAT_NO ='" + tmmsm2a["HEAT_NO"].ToString().Trim() + "'  AND PROC_NO = '" + tmmsm2a
p_mmsm_17640/cm_elt801_rcv.cpp	73	74	cmd_inq.SetCommandText(" SELECT TO_CHAR(TO_DATE('" + tmmsmkr14["LADLE_ARRIVE"].ToString() + "', 'YYYY-MM-DD HH24:MI:SS'), 'yyyyMMddHH24miss') from dual ");
p_mmsm_17640/cm_elt801_rcv.cpp	84	85	cmd_inq.SetCommandText(" SELECT TO_CHAR(TO_DATE('" + tmmsmkr14["LADLE_LEAVE"].ToString() + "', 'YYYY-MM-DD HH24:MI:SS'), 'yyyyMMddHH24miss') from dual ");
p_mmsm_17640/cm_elt801_rcv.cpp	94	95	cmd_inq.SetCommandText(" SELECT TO_CHAR(TO_DATE('" + tmmsmkr14["DES_START"].ToString() + "', 'YYYY-MM-DD HH24:MI:SS'), 'yyyyMMddHH24miss') from dual ");
p_mmsm_17640/cm_elt801_rcv.cpp	104	105	cmd_inq.SetCommandText(" SELECT TO_CHAR(TO_DATE('" + tmmsmkr14["DES_END"].ToString() + "', 'YYYY-MM-DD HH24:MI:SS'), 'yyyyMMddHH24miss') from dual ");
p_mmsm_17640/cm_elt801_rcv.cpp	114	115	cmd_inq.SetCommandText(" SELECT TO_CHAR(TO_DATE('" + tmmsmkr14["RESIDUE_FIRST_S"].ToString() + "', 'YYYY-MM-DD HH24:MI:SS'), 'yyyyMMddHH24miss') from dual ");
p_mmsm_17640/cm_elt801_rcv.cpp	124	125	cmd_inq.SetCommandText(" SELECT TO_CHAR(TO_DATE('" + tmmsmkr14["RESIDUE_FIRST_E"].ToString() + "', 'YYYY-MM-DD HH24:MI:SS'), 'yyyyMMddHH24miss') from dual ");
p_mmsm_17640/cm_elt801_rcv.cpp	134	135	cmd_inq.SetCommandText(" SELECT TO_CHAR(TO_DATE('" + tmmsmkr14["RESIDUE_LAST_S"].ToString() + "', 'YYYY-MM-DD HH24:MI:SS'), 'yyyyMMddHH24miss') from dual ");
p_mmsm_17640/cm_elt801_rcv.cpp	144	145	cmd_inq.SetCommandText(" SELECT TO_CHAR(TO_DATE('" + tmmsmkr14["RESIDUE_LAST_E"].ToString() + "', 'YYYY-MM-DD HH24:MI:SS'), 'yyyyMMddHH24miss') from dual ");
p_mmsm_17640/cm_elt804_rcv.cpp	260	261	cmd_inq_test.SetCommandText(" SELECT SM_PLAN_NOL2_TEST FROM TPSSM11 WHERE SM_PLAN_NOL2 ='" + sm_plan_no2 + "'");
p_mmsm_17640/cm_elt804_rcv.cpp	267	268	cmd_inq_code.SetCommandText(" SELECT HEAT_NO,PONO,SM_PLAN_NO FROM TPSSM11 WHERE SM_PLAN_NOL2 ='" + sm_plan_no2 + "'");
p_mmsm_17640/cm_elt804_rcv.cpp	277	278	cmd_inq_code.SetCommandText(" SELECT HEAT_NO,PONO,SM_PLAN_NO FROM TPSSM11 WHERE SM_PLAN_NOL2_TEST ='" + sm_plan_no2 + "'");
p_mmsm_17640/cm_elt804_rcv.cpp	288	289	cmd_inq_code.SetCommandText(" SELECT HEAT_NO,PONO,SM_PLAN_NO FROM TPSSM11 WHERE SM_PLAN_NOL2_TEST ='" + sm_plan_no2 + "'");
p_mmsm_17640/cm_elt804_rcv.cpp	301	301	cmd_inq.SetCommandText(" SELECT T1.PROC_NO,T2.STATION_ID,T2.STATION_NO FROM (  "
p_mmsm_17640/cm_elt804_rcv.cpp	302	303	" SELECT PROC_NO, DEV_CODE, DECODE(PRE_SOLUTION_FLAG, '1', '0', '1') C_DIV FROM TPSSM12 WHERE HEAT_NO = '" + tmmsm2a["HEAT_NO"].ToString() + "' AND DEV_CODE LIK
p_mmsm_17640/cm_elt804_rcv.cpp	394	395	cmd_inq_1.SetCommandText(" SELECT MAT_CODE,MAT_NAME FROM tmmsm50 WHERE LOT_NO =@BATCH_NUMBER AND MAT_CODE_L2 =@MATERIAL_CODE ");
p_mmsm_17640/cm_elt804_rcv.cpp	406	407	cmd_inq_60.SetCommandText(" SELECT BUNKER_NO FROM tmmsm60 WHERE STK_NO=@STK_NO ");
p_mmsm_17640/cm_elt804_rcv.cpp	418	418	cmd_inq.SetCommandText("select  nvl(MAX(PROC_COUNT),0)+1 from tmmsm2a where  HEAT_NO ='" + tmmsm2a["HEAT_NO"].ToString().Trim() + "' ");
p_mmsm_17640/cm_elt804_rcv.cpp	421	423	cmd_inq.SetCommandText("select  nvl(MAX(PROC_COUNT),0)+1 from tmmsm2a where  HEAT_NO ='" + tmmsm2a["HEAT_NO"].ToString().Trim() + "'  AND PROC_NO = '" + tmmsm2a
p_mmsm_17640/test_0rt801.cpp	46	47	sqlstr = " select MAT_NO,'S' RECEIVE_BACK_STATUS from tmmsm01 where RCV_MAT_FLAG='W' ";
p_mmsm_17650/cm_1a1013_rcv.cpp	85	88	" SELECT COUNT(1)"
p_mmsm_17650/cm_1a1013_rcv.cpp	89	90	" 	SELECT HM_ID FROM LO_TAP_PLAN_HIS"
p_mmsm_17650/cm_1a1013_rcv.cpp	108	112	" SELECT COUNT(1)"
p_mmsm_17650/cm_1a1013_rcv.cpp	130	133	" SELECT PONO"
p_mmsm_17650/cm_1a1013_rcv.cpp	144	147	" SELECT  STEEL_GRADE,PO_ET,HM_ID"
p_mmsm_17650/cm_1a1015_rcv.cpp	135	137	" SELECT HTNO,PONO,STEEL_GRADE,MOLTIRON_TANK_NO "
p_mmsm_17650/cm_1a1015_rcv.cpp	159	164	" SELECT MIN(EVENT_TIME) AS FULL_JAR_BEGIN   "
p_mmsm_17650/cm_1a1015_rcv.cpp	201	205	" SELECT COUNT(1) REC_COUNT "
p_mmsm_17650/cm_1a1015_rcv.cpp	243	247	" SELECT COUNT(1)"
p_mmsm_17650/cm_1a1015_rcv.cpp	265	268	" SELECT PONO"
p_mmsm_17650/cm_1a1015_rcv.cpp	279	282	" SELECT  STEEL_GRADE,PO_ET,HM_ID"
p_mmsm_17650/cm_1a1021_rcv.cpp	87	89	" SELECT  STEEL_GRADE, DS_ET, PONO, MOLTIRON_TANK_NO "
p_mmsm_17650/cm_1a1021_rcv.cpp	109	111	" SELECT  HM_WEIGHT,HM_TEMP"
p_mmsm_17650/cm_f0t8s1_rcv.cpp	68	69	cmd_inq.SetCommandText(" SELECT TO_CHAR(TO_DATE('" + clock + "', 'YYYY-MM-DD HH24:MI:SS'), 'yyyyMMdd') from dual ");
p_mmsm_17650/mmsm05gtb_inq.cpp	46	61	sqlstr = " select "
p_mmsm_17650/mmsm05gtb_inq.cpp	62	62	" SELECT HEAT_NO, ST_NO, SUM(MAT_ACT_WT)MAT_ACT_WT, SUM(RECEIVE_WEIGHT)RECEIVE_WEIGHT, MAX(DEV_CODE) DEV_CODE, max(SLAB_CUT_TIME) SLAB_CUT_TIME FROM( "
p_mmsm_17650/mmsm05gtb_inq.cpp	63	64	" SELECT HEAT_NO, MAT_ACT_WT, RECEIVE_WEIGHT, st_no, DEV_CODE, substr(SLAB_CUT_TIME, 0, 8) SLAB_CUT_TIME FROM TMMSM01 "
p_mmsm_17650/mmsm05gtb_inq.cpp	65	71	" SELECT HEAT_NO, case when mat_no in(SELECT MAT_NO FROM HMMSM96 WHERE EVENT_ID = 'QM05' GROUP BY MAT_NO) then 0 else MAT_ACT_WT end MAT_ACT_WT, "
p_mmsm_17650/mmsm08_inq.cpp	50	50	sqlstr = " SELECT DEVO_WT,L2_PROC_NO,case when HEAT_NO not like 'A%' then ' ' else HEAT_NO  end HEAT_NO,REC_CREATE_TIME,case when REC_ERASE_TIME=' ' then REC_ER
p_mmsm_17650/mmsm08_inq.cpp	51	66	" SELECT A.L2_PROC_NO, A.HEAT_NO, SUM(A.DEVO_WT) / 1000 DEVO_WT, MAX(A.REC_CREATE_TIME) REC_CREATE_TIME, nvl(D.REC_ERASE_TIME, '北区电炉') REC_ERASE_TIME, nvl(C.REC
p_mmsm_17650/mmsm31zh_inq.cpp	57	74	sqlstr = "  select a.SM_PLAN_NOL2,A.L2_PROC_NO, A.HEAT_NO, a.LADLE_ARRIVE_TIME,C.SEND_T823,D.CZHI "
p_mmsm_17650/mmsm62_ed54.cpp	66	67	CString  c_sql_condition = " SELECT  t.* FROM tpssmd1 t  where t.factory_div = @factory_div";
p_mmsm_17650/mmsm62_ed54.cpp	72	78	CString  c_sql_condition2 = "  SELECT  t.* FROM tpssmd1 t  where t.factory_div = @factory_div";
p_mmsm_17650/mmsm62_ed54.cpp	79	91	CString  c_sql_condition3 = " SELECT  t.* FROM tpssmd1 t  where t.factory_div = @factory_div";
p_mmsm_17650/mmsm62_ed54.cpp	111	115	c_sql_condition = "select  t.class_code,t.seq_no  "
p_mmsm_17650/mmsm62_ed54.cpp	153	156	c_sql_condition = " select t.dev_code,t.station_name "
p_mmsm_17650/mmsm62_ed54.cpp	176	179	c_sql_condition2 = " select count(1) from ted54 t "
p_mmsm_17650/mmsm62_ed54.cpp	205	214	c_sql_condition2 = "insert into ted54 "
p_mmsm_17650/mmsm62_ed54.cpp	237	244	c_sql_condition2 = "insert into ted54_res "
p_mmsm_17650/mmsm62_inq.cpp	67	70	sqlstr = CString("SELECT T.DEV_CODE "
p_mmsm_17650/mmsm62_inq.cpp	136	137	sqlstr = " SELECT * FROM TMMSM62 "
p_mmsm_17650/mmsm62_inq.cpp	191	193	sqlstr = " SELECT * FROM TMMSM10 "
p_mmsm_17650/mmsmaod_inq1.cpp	50	52	sqlstr = " select START_TIME,END_TIME,HEATNO_PREMELT1,WEIGHT_PREMELT1,HEATNO_PREMELT2,WEIGHT_PREMELT2,HEATNO_PREMELT3,  "
p_mmsm_17650/mmsmbof_inq.cpp	51	92	sqlstr = "  SELECT A.DEV_CODE as A_DEV_CODE, "
p_mmsm_17650/mmsmc_inq.cpp	50	90	sqlstr = " select aq.HEAT_NO, "
p_mmsm_17650/mmsmc_inq.cpp	91	170	" select dab.HEAT_NO, dab.ST_NO, dab.ACTRESULT, dab.START_TIME, dab.END_TIME "
p_mmsm_17650/mmsmc_inq.cpp	171	184	" SELECT HEAT_NO, "
p_mmsm_17650/mmsmcr01_inq.cpp	81	82	sqlstr = " SELECT BOF0_S,BOF0_E,BOF1_S,BOF1_E,BOF2_S,BOF2_E,BOF9_S,BOF9_E,AOD0_S,AOD0_E,AOD1_S,AOD1_E,AOD2_S,AOD2_E,AOD6_S,AOD6_E   FROM TMMSMZXHBB_LH  WHERE 1 
p_mmsm_17650/mmsmcr01_inq.cpp	127	141	sqlstr_count = " select count(1) "
p_mmsm_17650/mmsmcr01_inq.cpp	143	164	sqlstr = "SELECT ZXH.TIME_1 DATE_1,ZXH.USER_NAME DAMIN,ZXH.TAP_END_TIME,ZXH.HEAT_NO,ZXH.PROC_NO,ZXH.PROD_OUT_WT MAT_WT,ZXH.ORIGIN_SYS_CODE DEV_CODE, "
p_mmsm_17650/mmsmcr02_inq.cpp	52	53	sqlstr = " SELECT BOF0_S,BOF0_E,BOF1_S,BOF1_E,BOF2_S,BOF2_E,BOF9_S,BOF9_E,AOD0_S,AOD0_E,AOD1_S,AOD1_E,AOD2_S,AOD2_E,AOD6_S,AOD6_E   FROM TMMSMZXHBB_LH  WHERE 1 
p_mmsm_17650/mmsmcr02_inq.cpp	158	179	" select st_no,sum(mat_act_wt) HGCL,round(sum(NI_VALUE),3) TR_NI,round(sum(CR_VALUE),3) TR_CR,round(sum(MO_VALUE),3) TR_MO,sum(DEVO_WT) DEVO_WT"
p_mmsm_17650/mmsmcr02_inq.cpp	180	188	" SELECT heat_no,st_no,sum(mat_act_wt) mat_act_wt FROM VMMSMCPCL_BB1 WHERE 1 = 1 and "
p_mmsm_17650/mmsmcr02_inq.cpp	189	198	"   SELECT HEAT_NO, ST_NO,NVL(CASE WHEN ELM_006 = -1 THEN 0 ELSE ELM_006 END, 0) HY_CR, NVL(CASE WHEN ELM_007 = -1 THEN 0 ELSE ELM_007 END, 0) HY_NI, NVL(CASE W
p_mmsm_17650/mmsmcr02_inq.cpp	199	208	"	SELECT  HEAT_NO, ST_NO,NVL(CASE WHEN ELM_006 = -1 THEN 0 ELSE ELM_006 END,0) Cr, NVL(CASE WHEN ELM_007 = -1 THEN 0 ELSE ELM_007 END,0) Ni, NVL(CASE WHEN ELM_0
p_mmsm_17650/mmsmdrsj_add.cpp	72	73	sqlstr = "SELECT CASE WHEN max(now_row) IS NULL THEN 0 ELSE max(now_row) END FROM TQMTS0RDR where heat_no='" + v_heat_no + "'and order_no='" + v_order_no + "'";
p_mmsm_17650/mmsmdrsj_add.cpp	123	131	sqlstr = "insert into TWMSMCZTS(REC_CREATOR,REC_CREATE_TIME,C_DIV,GRADE_TYPE2,FACTORY_2,ST_NO,MEMO_DETAIL) values "
p_mmsm_17650/mmsmmes10_inq.cpp	50	53	sqlstr = " SELECT * FROM V_MMSMMES10  where 1=1 ";
p_mmsm_17650/mmsmrhm_inq.cpp	50	53	sqlstr = " SELECT * FROM TMMSM2A WHERE CHARGE_TYPE='M' and DEV_CODE like 'R%' ";
p_mmsm_17650/mmsmrl_inq.cpp	68	70	" SELECT COUNT(1) FROM TMMSMRL A"
p_mmsm_17650/mmsmrl_inq.cpp	73	75	" SELECT A.* FROM TMMSMRL A"
p_mmsm_17650/mmsmrl_pro.cpp	65	66	sqlstr = "INSERT INTO " + table_name;
p_mmsm_17650/mmsmrl_pro.cpp	78	79	sqlstr = "UPDATE " + table_name + " SET ";
p_mmsm_17650/mmsmrl_pro.cpp	93	94	sqlstr = "DELETE FROM " + table_name;
p_mmsm_17650/mmsmt82306d_inq.cpp	62	62	sqlstr = " select DEV_CODE, HEAT_NO, SM_PLAN_NOL2, MAT_CODE, MAT_NAME, sum(DEVO_WT) DEVO_WT,LADLE_ARRIVE_TIME,SEND_T823 from( "
p_mmsm_17650/mmsmt82306d_inq.cpp	63	66	"  select A.DEV_CODE, A.HEAT_NO, A.SM_PLAN_NOL2, A.MAT_CODE, A.MAT_NAME, A.DEVO_WT,B.LADLE_ARRIVE_TIME,C.SEND_T823 "
p_mmsm_17650/mmsmt82306xf_inq.cpp	54	55	" select  DEV_CODE,HEAT_NO,SM_PLAN_NOL2,MAT_CODE,MAT_NAME,ST_NO,sum(OUT_STOCK_WT) DEVO_WT from TMMSM56 "
p_mmsm_17650/mmsmt823_inq.cpp	52	52	sqlstr = "  select DEV_CODE, HEAT_NO, SM_PLAN_NOL2, MAT_CODE, MAT_NAME, sum(DEVO_WT) DEVO_WT from("
p_mmsm_17650/mmsmt823_inq.cpp	53	54	" select DEV_CODE, HEAT_NO, SM_PLAN_NOL2, MAT_CODE, MAT_NAME, DEVO_WT  from TMMSM56"
p_mmsm_17650/mmsmt823_inq.cpp	89	92	sqlstr = " select * from HMMSM2A where 1=1 ";
p_mmsm_17650/mmsmt8f0s1_inq.cpp	61	62	sqlstr = ("  select ROW_NUMBER() OVER (ORDER BY METE_CODE_2) AS no,METE_CODE_2,TO_CHAR(sysdate-1, 'yyyy-MM-dd') as CLOCK,TO_CHAR(sysdate-1, 'yyyyMMdd') as CLOCK
p_mmsm_17650/mmsmt8f0s1_upd.cpp	67	68	sql_insert = (" select count(*)  from TMMSMT801 where DATE_TIME='" + date_time + "' ");
p_mmsm_17650/mmsmt8f0s1_upd.cpp	75	76	sqlstr = (" select ROW_NUMBER() OVER (ORDER BY METE_CODE_2)+'" + no.ToString() + "',METE_CODE_2,TO_CHAR(to_date('" + date_time + "', 'yyyy-MM-dd'), 'yyyy-MM-dd'
p_mmsm_17650/mmsmt8m0s1_inq.cpp	60	61	sqlstr = " select A.FACTORY_1,B.METE_CODE_2,B.METE_NAME,B.DATE_TIME,B.MIRL,B.MIRT from TMMSMT8S1 B LEFT JOIN TMMSMT8METE A ON A.METE_CODE_2=B.METE_CODE_2 "
p_mmsm_17650/mmsmt8m0s1_inq.cpp	103	106	sqlstr = " select distinct B.DATE_TIME from TMMSMT8S1 B LEFT JOIN TMMSMT8METE A   ON A.METE_CODE_2=B.METE_CODE_2 WHERE 1=1  ";
p_mmsm_17650/mmsmts_inq.cpp	53	58	sqlstr = " select B.HEAT_NO, B.ST_NO, B.DEV_CODE, B.PROD_SHIFT_GROUP,B.START_TIME,B.IRON_TEMP,B.GROSS_LADLE_WT, "
p_mmsm_17650/mmsmupd_inq.cpp	62	62	sqlstr_count = " SELECT COUNT(1)  FROM " + v_table_type + " WHERE 1=1 ";
p_mmsm_17650/mmsmupd_inq.cpp	63	64	sqlstr = " SELECT *  FROM " + v_table_type + " WHERE 1=1 ";
p_mmsm_17650/mmsmva_inq.cpp	65	65	sqlstr_count = " SELECT COUNT(1) FROM TWMSMZHZLLL WHERE 1=1 ";
p_mmsm_17650/mmsmva_inq.cpp	66	68	sqlstr = " SELECT * FROM TWMSMZHZLLL  WHERE 1=1 ";
p_mmsm_17650/mmsmzxh_inq.cpp	79	83	sqlstr = " SELECT *"
p_mmsm_17650/mmsmzxh_sava_pra.cpp	94	99	sqlstr = " SELECT * "
p_mmsm_17650/mmsmzxh_sava_pra.cpp	112	116	sqlstr = " delete from tmmsmzxhbb t1  "
p_mmsm_17650/mmsmzxh_sava_pra.cpp	148	148	sqlstr = " insert into tmmsmzxhbb (REC_CREATOR,REC_CREATE_TIME,time_stamps,USER_ID,HEAT_NO,PROC_NO,DEV_CODE,MAT_CODE,MAT_NAME,LOT_NO,WEIGH_NO,QUALITY_BATCH_NO,S
p_mmsm_17650/mmsmzxh_sava_pra.cpp	149	156	" select @rec_creator,@rec_create_time,@time_stamps,@user_id,heat_no,SM_PLAN_NOL2,DEV_CODE,MAT_CODE,MAT_NAME,LOT_NO,WEIGH_NO,QUALITY_BATCH_NO,ST_NO,sum(OUT_STOC
p_mmsm_17650/mmsmzxh_sava_pra.cpp	167	172	sqlstr = " update tmmsmzxhbb t1 set (ST_NO_DESC,ST_NO_BIG_CLASS) = ( select SG_GRADE_1,ST_NO_BIG_CLASS from  TQMTS0X  t2 where t1.st_no = t2.st_no) "
p_mmsm_17650/mmsmzxh_sava_pra.cpp	181	186	sqlstr = " update tmmsmzxhbb t1 set TYPE_CODE1 = ( select decode(TYPE_DL, '10', '辅料', '20', '合金', '30', '废钢', '70', '生铁', '80', '铁水', '90', '自循环废钢',' ') from  Z
p_mmsm_17650/mmsmzxh_sava_pra.cpp	196	202	sqlstr = " update tmmsmzxhbb t1 set (TAP_END_TIME,PROD_OUT_WT,SHIFT_GROUP,SHIFT_NO,ORIGIN_SYS_CODE) = (select LADLE_ARRIVE_TIME,LADLE_ARRIVE_WT-LADLE_LEAVE_WT,P
p_mmsm_17650/mmsmzxh_sava_pra.cpp	211	216	sqlstr = " update tmmsmzxhbb t1 set ROUTELIST = (SELECT  LISTAGG(DISTINCT DEV_CODE,'/') WITHIN GROUP (ORDER BY START_TIME) FROM TMMSMGY06  t2 where t2.HANDLE_DI
p_mmsm_17650/mmsmzxh_sava_pra.cpp	225	230	sqlstr = " update tmmsmzxhbb t1 set PROD_OUT_WT = (select STEEL_NET_WEIGHT from VW_CCM_STEEL_WT t2 where t1.heat_no=t2.HEAT_NAME and rownum=1) ,ORIGIN_SYS_CODE=
p_mmsm_17650/mmsmzxh_sava_pra.cpp	239	246	sqlstr = " update tmmsmzxhbb t1 set PROD_OUT_WT = (select ACTRESULT from tmmsm27 t2 where t1.heat_no=t2.l2_proc_no) ,ORIGIN_SYS_CODE='AOD'"
p_mmsm_17650/mmsmzxh_sava_pra.cpp	254	260	sqlstr = " select distinct heat_no"
p_mmsm_17650/mmsmzxh_sava_pra.cpp	270	276	sqlstr = "select dev_code,l2_proc_no"
p_mmsm_17650/mmsmzxh_sava_pra.cpp	285	286	sqlstr = " SELECT MOLTIRON_WT FROM TMMSM24 WHERE l2_proc_no = @heat_no";
p_mmsm_17650/mmsmzxh_sava_pra.cpp	298	299	sqlstr = " SELECT STEEL_WT FROM TMMSM26 WHERE l2_proc_no = @heat_no";
p_mmsm_17650/mmsmzxh_sava_pra.cpp	312	313	sqlstr = " SELECT ACTRESULT FROM TMMSM25 WHERE l2_proc_no = @heat_no";
p_mmsm_17650/mmsmzxh_sava_pra.cpp	326	327	sqlstr = " SELECT ACTRESULT FROM TMMSM23 WHERE l2_proc_no = @heat_no";
p_mmsm_17650/mmsmzxh_sava_pra.cpp	339	340	sqlstr = " SELECT ACTRESULT FROM TMMSM21 WHERE l2_proc_no = @heat_no";
p_mmsm_17650/mmsmzxh_sava_pra.cpp	361	364	sqlstr = " update tmmsmzxhbb t1 set PROD_OUT_WT =@prod_out_wt ,ORIGIN_SYS_CODE=@origin_sys_code"
p_mmsm_17650/mmsmzxh_sava_pra.cpp	384	390	sqlstr = " update tmmsmzxhbb t1 set (QUALITY_BATCH_NO, CR_VALUE, NI_VALUE, MO_VALUE) =(SELECT LOT_NO, CR_VALUE, NI_VALUE, MO_VALUE FROM (SELECT LOT_NO,nvl(CR_VA
p_mmsm_17650/mmsmzxh_sava_pra.cpp	398	404	sqlstr = " update tmmsmzxhbb t1 set (QUALITY_BATCH_NO,CR_VALUE,NI_VALUE,MO_VALUE) = (select 'ZJ_MAT_ELEMENT',CR,NI,MO from ZJ_MAT_ELEMENT t2 where t1.MAT_CODE=t
p_mmsm_17650/mmsmzxh_sava_pra.cpp	422	429	sqlstr = " update tmmsmzxhbb t1 set QUALITY_BATCH_NO= (SELECT  max(QUALITY_BATCH_NO) FROM TMMSM81AH t2 WHERE  t2.REMARK_1 = 'F' AND t2.MAT_CODE=t1.MAT_CODE and 
p_mmsm_17650/mmsmzxh_sava_pra.cpp	437	445	sqlstr = " update tmmsmzxhbb t1 set QUALITY_BATCH_NO = (SELECT MAX(QUALITY_BATCH_NO) FROM tmmsm81ah"
p_mmsm_17650/mmsmzxh_sava_pra.cpp	455	455	sqlstr = " update tmmsmzxhbb t1 set (QUALITY_BATCH_NO,CR_VALUE,NI_VALUE,MO_VALUE)= (SELECT QUALITY_BATCH_NO ,max(nvl(Cr,0)),max(nvl(Ni,0)), max(nvl(Mo,0))  FROM
p_mmsm_17650/mmsmzxh_sava_pra.cpp	456	463	" SELECT  * FROM ( SELECT QUALITY_BATCH_NO ,ELM_VALUE,ELM_NAME FROM  TMMSM81AL )"
p_mmsm_17650/mmsmzxh_sava_pra.cpp	473	478	sqlstr = " update tmmsmzxhbb t1 set (CR_VALUE) = (select CR from ZJ_MAT_ELEMENT t2 where t1.MAT_CODE=t2.MAT_ID) ,TYPE_DESC='固定类型3'"
p_mmsm_17650/mmsmzxh_sava_pra.cpp	485	490	sqlstr = " update tmmsmzxhbb t1 set (NI_VALUE) = (select NI from ZJ_MAT_ELEMENT t2 where t1.MAT_CODE=t2.MAT_ID) ,TYPE_DESC='固定类型4'"
p_mmsm_17650/mmsmzxh_sava_pra.cpp	498	503	sqlstr = " update tmmsmzxhbb t1 set (MO_VALUE) = (select MO from ZJ_MAT_ELEMENT t2 where t1.MAT_CODE=t2.MAT_ID) ,TYPE_DESC='固定类型5'"
p_mmsm_17650/mmsmzxh_sava_pra.cpp	511	516	sqlstr = " update tmmsmzxhbb t1 set (CR_VALUE,NI_VALUE) = (select CR*t1.CR_VALUE,NI*t1.NI_VALUE from ZJ_MAT_ELEMENT t2 where t1.MAT_CODE=t2.MAT_ID) ,TYPE_DESC='
p_mmsm_17650/mmsmzxhf4_inq.cpp	43	43	sqlstr = " insert into hmmsmzxhbb"
p_mmsm_17650/mmsmzxhf4_inq.cpp	44	47	" select * from tmmsmzxhbb"
p_mmsm_17660/mmsm33dbsx_inq.cpp	73	74	sqlstr = " SELECT T.*,DECODE(T.EVENT_ID,'MM13','未收货','材料封锁') BACK_YUANYIN FROM TMMSM33DBSX T "
p_mmsm_17660/mmsm33dbsx_inq.cpp	101	110	sqlstr = "WITH MM1 AS (SELECT *\
p_mmsm_17660/mmsm835d1_inq.cpp	57	70	" SELECT EVENT_TIME,SERIAL_NUMBER,'6240'  FACTORY_CODE,'6241' DST_STOCK_CODE,'6062' SRC_STOCK_CODE,WEIGH_NO,"
p_mmsm_17660/mmsm835d1_inq.cpp	72	73	sqlstr_count = " SELECT COUNT(1) FROM (" + sqlstr + ") WHERE 1=1 ";
p_mmsm_17660/mmsmbpqg_inq.cpp	85	91	sqlstr = "SELECT * FROM TMMSM33  WHERE 1 = 1 ";
p_mmsm_17660/mmsmccmpp_inq.cpp	83	84	sqlstr = " SELECT P.*, CASE WHEN (PM_JUDGMENT = CCM_JUDGMENT) THEN '1' ELSE '0' END AS IS_SAME "
p_mmsm_17660/mmsmccmpp_inq.cpp	85	91	" SELECT * FROM "
p_mmsm_17660/mmsmcpcc_inq.cpp	109	110	sqlstr = " SELECT * FROM v_mmsmcpcc WHERE 1 = 1 "
p_mmsm_17660/mmsmcpcl_inq.cpp	74	77	sqlstr = " select A.*,B.GRADE_TYPE3 from VMMSMCPCL_BB A LEFT JOIN tqmtscb09_dr B ON A.ST_NO=B.STEEL_GRADE where 1 = 1 ";
p_mmsm_17660/mmsmcpkchz_inq.cpp	109	125	sqlstr = " SELECT T.ST_NO_TYPE_1,T.ST_NO_TYPE_2, count(*) AS BLOCK_TOTAL, SUM(MAT_ACT_WT) AS WEIGHT_TOTAL, "
p_mmsm_17660/mmsmcpkchz_inq.cpp	126	129	" select t.*,"
p_mmsm_17660/mmsmcpkchz_inq.cpp	131	139	" select  t.*,"
p_mmsm_17660/mmsmcpkchz_inq.cpp	140	173	" select t.*，case when t.ST_NO_TYPE_1 = '不锈钢' and t.MEND_SET is not null then '待切割'"
p_mmsm_17660/mmsmcpkchz_inq.cpp	174	184	"	SELECT ROW_NUMBER() over(PARTITION BY MAT_NO ORDER BY REC_CREATE_TIME DESC) TM34_MAX, PROD_SHIFT_GROUP,MEND_SHIFT, MEND_SET, MEND_AFTER_WEIGHT, START_TIME, ME
p_mmsm_17660/mmsmcpkcmx_inq.cpp	109	112	sqlstr = "select t.*,"
p_mmsm_17660/mmsmcpkcmx_inq.cpp	114	122	" select  t.*,"
p_mmsm_17660/mmsmcpkcmx_inq.cpp	123	156	" select t.*，case when t.ST_NO_TYPE_1 = '不锈钢' and t.MEND_SET is not null then '待切割'"
p_mmsm_17660/mmsmcpkcmx_inq.cpp	157	166	"	SELECT ROW_NUMBER() over(PARTITION BY MAT_NO ORDER BY REC_CREATE_TIME DESC) TM34_MAX, PROD_SHIFT_GROUP,MEND_SHIFT, MEND_SET, MEND_AFTER_WEIGHT, START_TIME, ME
p_mmsm_17660/mmsmcpsskc_inq.cpp	61	64	sqlstr = "select * from CL_V_PM_SLAB_STOCK t where 1=1";
p_mmsm_17660/mmsmcpwzchz_inq.cpp	109	110	sqlstr = " select T.ST_NO_TYPE_1,T.ST_NO_TYPE_2, count(*) AS BLOCK_WZC, SUM(MAT_ACT_WT) AS WEIGHT_WZC "
p_mmsm_17660/mmsmcpwzchz_inq.cpp	111	114	" select t.*,"
p_mmsm_17660/mmsmcpwzchz_inq.cpp	116	124	" select  t.*,"
p_mmsm_17660/mmsmcpwzchz_inq.cpp	125	158	" select t.*，case when t.ST_NO_TYPE_1 = '不锈钢' and t.MEND_SET is not null then '待切割'"
p_mmsm_17660/mmsmcpwzchz_inq.cpp	159	169	"	SELECT ROW_NUMBER() over(PARTITION BY MAT_NO ORDER BY REC_CREATE_TIME DESC) TM34_MAX, PROD_SHIFT_GROUP,MEND_SHIFT, MEND_SET, MEND_AFTER_WEIGHT, START_TIME, ME
p_mmsm_17660/mmsmcpwzcmx_inq.cpp	109	112	sqlstr = "select t.*,"
p_mmsm_17660/mmsmcpwzcmx_inq.cpp	114	122	" select  t.*,"
p_mmsm_17660/mmsmcpwzcmx_inq.cpp	123	156	" select t.*，case when t.ST_NO_TYPE_1 = '不锈钢' and t.MEND_SET is not null then '待切割'"
p_mmsm_17660/mmsmcpwzcmx_inq.cpp	157	166	"	SELECT ROW_NUMBER() over(PARTITION BY MAT_NO ORDER BY REC_CREATE_TIME DESC) TM34_MAX, PROD_SHIFT_GROUP,MEND_SHIFT, MEND_SET, MEND_AFTER_WEIGHT, START_TIME, ME
p_mmsm_17660/mmsmcyzjl_inq.cpp	110	121	sqlstr = " select a.PROD_TIME,a.PROD_SHIFT_GROUP,a.HEAT_NO,a.MAT_NO,a.ST_NO,a.MAT_LEN,a.MAT_WIDTH,a.MAT_THICK,a.MAT_WT, "
p_mmsm_17660/mmsmczmx_inq.cpp	87	93	sqlstr = " select RE.PRINT_NO AS SLAB_NO,RE.dev_code,re.OPER_TYPE,t.mat_no,"
p_mmsm_17660/mmsmczmx_inq.cpp	123	126	sqlstr_re = "select RE.PRINT_NO AS SLAB_NO,RE.dev_code,re.OPER_TYPE,t.mat_no,"
p_mmsm_17660/mmsmczmx_inq.cpp	127	132	" SELECT RE.PRINT_NO, RE.DEV_CODE, re.slab_wt, re.REC_CREATE_TIME, re.OPER_TYPE,"
p_mmsm_17660/mmsmdbdc_inq.cpp	280	328	sqlstr =  " SELECT T.SLAB_CUT_TIME,T.PROD_SHIFT_GROUP,T.HEAT_NO,T.BATCH,' ' WL_CODE,' ' WL_DESCRIPTION,T.ST_NO,T.MAT_ACT_LEN,T.MAT_ACT_WIDTH,T.MAT_ACT_THICK,T.R
p_mmsm_17660/mmsmdbdc_inq.cpp	329	354	"	SELECT ROW_NUMBER() over(PARTITION BY MAT_NO ORDER BY REC_CREATE_TIME DESC) TM34_MAX, PROD_SHIFT_GROUP,MEND_SHIFT, MEND_SET, MEND_AFTER_WEIGHT, START_TIME, ME
p_mmsm_17660/mmsmdbjl_inq.cpp	109	136	sqlstr = " SELECT T.SLAB_CUT_TIME,T.PROD_SHIFT_GROUP,T.HEAT_NO,T.BATCH,' ' WL_CODE,' ' WL_DESCRIPTION,T.ST_NO,T.MAT_ACT_LEN,T.MAT_ACT_WIDTH,T.MAT_ACT_THICK,T.RE
p_mmsm_17660/mmsmdbjl_inq.cpp	137	142	"	SELECT ROW_NUMBER() over(PARTITION BY MAT_NO ORDER BY REC_CREATE_TIME DESC) TM34_MAX, PROD_SHIFT_GROUP,MEND_SHIFT, MEND_SET, MEND_AFTER_WEIGHT, START_TIME, ME
p_mmsm_17660/mmsmfptj_inq.cpp	108	120	sqlstr = " SELECT A.*,B.DATE_TIME\
p_mmsm_17660/mmsmfptj_inq.cpp	145	147	sqlstr = "SELECT * FROM tmmsmfptj WHERE rec_create_time = (SELECT MAX(rec_create_time) FROM tmmsmfptj) ORDER BY STEEL_TYPE_CNAME";
p_mmsm_17660/mmsmhsljl_inq.cpp	89	98	sqlstr = "SELECT E.*,R.GRADE_TYPE,R.grade_name,W.DEV_CODE,"
p_mmsm_17660/mmsmjccjl_analyse.cpp	59	60	sqlstr = " SELECT * FROM VMMSMJCCJL "
p_mmsm_17660/mmsmjccjl_analyse.cpp	75	78	sqlstr = "select T.CCM_LD_2,T1.CCM_LD_1,T1.CCM_LD_2 AS CCM_LD_3 "
p_mmsm_17660/mmsmjccjl_clear.cpp	76	77	sqlstr = " DELETE FROM TMMSMJCCJLADD1 WHERE 1=1 ";
p_mmsm_17660/mmsmjccjl_clear.cpp	81	82	sqlstr = " DELETE FROM TMMSMJCCJLADD2 WHERE 1=1 ";
p_mmsm_17660/mmsmjccjl_inq.cpp	52	53	sqlstr = " SELECT * FROM " + tableName + " WHERE 1=1 ";
p_mmsm_17660/mmsmjcsbc_inq.cpp	68	72	sqlstr = " SELECT *  FROM VMMSM37  WHERE 1=1 ";
p_mmsm_17660/mmsmjkmx_inq.cpp	103	104	sqlstr = " SELECT * FROM V_MMSMJKMX WHERE 1 = 1 "
p_mmsm_17660/mmsmlcbgx_inq.cpp	100	103	sqlstr = "select * from tqmtscb01_mx t where 1=1";
p_mmsm_17660/mmsmlcbmx_inq.cpp	119	128	sqlstr = "select t.AOD_BOF_E_DTIME,t.HEATNR,t.ASSIST_HEATNO,t.TS_SHIFTNO,t.GRADE_ID,t.GRADE_TYPE1,t.F_ROUTE1,t.QUALIFIED_WT,t.AREA_CODE,t.STATION_NAME,t3.MAT_TY
p_mmsm_17660/mmsmlcbmx_inq.cpp	132	141	sqlstr = "select t.AOD_BOF_E_DTIME,t.HEATNR,t.ASSIST_HEATNO,t.TS_SHIFTNO,t.GRADE_ID,t.GRADE_TYPE1,t.F_ROUTE1,t.QUALIFIED_WT,t.AREA_CODE,t.STATION_NAME,t3.MAT_TY
p_mmsm_17660/mmsmlcbmx_inq.cpp	150	159	sqlstr = "select t.AOD_BOF_E_DTIME,t.HEATNR,t.ASSIST_HEATNO,t.TS_SHIFTNO,t.GRADE_ID,t.GRADE_TYPE1,t.F_ROUTE1,t.QUALIFIED_WT,t.AREA_CODE,t.STATION_NAME,t3.MAT_TY
p_mmsm_17660/mmsmlcbmx_inq.cpp	163	172	sqlstr = "select t.AOD_BOF_E_DTIME,t.HEATNR,t.ASSIST_HEATNO,t.TS_SHIFTNO,t.GRADE_ID,t.GRADE_TYPE1,t.F_ROUTE1,t.QUALIFIED_WT,t.AREA_CODE,t.STATION_NAME,t3.MAT_TY
p_mmsm_17660/mmsmlcbqx_inq.cpp	148	168	sqlstr = " select t1.GRADE_TYPE1, t1.F_ROUTE1,MAT_ACT_WT,STEEL_WT,STEEL_WT-MAT_ACT_WT AS DIF_WT"
p_mmsm_17660/mmsmlcbqx_inq.cpp	173	193	sqlstr = " select t1.GRADE_TYPE1, t1.F_ROUTE1,MAT_ACT_WT,STEEL_WT,STEEL_WT-MAT_ACT_WT AS DIF_WT"
p_mmsm_17660/mmsmlcbsum_inq.cpp	127	171	sqlstr = "SELECT "
p_mmsm_17660/mmsmlcbsum_inq.cpp	175	219	sqlstr = "SELECT "
p_mmsm_17660/mmsmlcbsum_inq.cpp	228	272	sqlstr = "SELECT "
p_mmsm_17660/mmsmlcbsum_inq.cpp	276	320	sqlstr = "SELECT "
p_mmsm_17660/mmsmlcbsum_inq.cpp	330	374	sqlstr = "SELECT "
p_mmsm_17660/mmsmlcbsum_inq.cpp	378	422	sqlstr = "SELECT "
p_mmsm_17660/mmsmlcbsum_inq.cpp	431	475	sqlstr = "SELECT "
p_mmsm_17660/mmsmlcbsum_inq.cpp	479	523	sqlstr = "SELECT "
p_mmsm_17660/mmsmphcl_inq.cpp	68	72	sqlstr = " SELECT *  FROM VMMSM37  WHERE 1=1 ";
p_mmsm_17660/mmsmqxdc_inq.cpp	159	185	sqlstr =  " SELECT T.SLAB_CUT_TIME,T.PROD_SHIFT_GROUP,T.HEAT_NO,T.BATCH,' ' WL_CODE,' ' WL_DESCRIPTION,T.ST_NO,T.MAT_ACT_LEN,T.MAT_ACT_WIDTH,T.MAT_ACT_THICK,T.R
p_mmsm_17660/mmsmqxdc_inq.cpp	186	198	" SELECT ROW_NUMBER() over(PARTITION BY MAT_NO ORDER BY REC_CREATE_TIME DESC) TM34_MAX, PROD_SHIFT_GROUP,MEND_SHIFT, MEND_SET, MEND_AFTER_WEIGHT, START_TIME, ME
p_mmsm_17660/mmsmqxsdl_inq.cpp	66	164	sqlstr = "SELECT"
p_mmsm_17660/mmsmqxsdl_inq.cpp	165	201	" SELECT"
p_mmsm_17660/mmsmqxsdl_inq.cpp	202	217	" select"
p_mmsm_17660/mmsmqxsdl_inq.cpp	218	231	" select"
p_mmsm_17660/mmsmqxsdl_inq.cpp	232	242	" select"
p_mmsm_17660/mmsmqxsdl_inq.cpp	243	248	" select heat_no, ELM_006, ELM_007, ELM_008"
p_mmsm_17660/mmsmqxsdl_inq.cpp	249	251	" select heat_no from tmmsm21 t2"
p_mmsm_17660/mmsmqxsdl_inq.cpp	252	254	" select heat_no from tmmsm27 t2"
p_mmsm_17660/mmsmqxsdl_inq.cpp	255	336	" select"
p_mmsm_17660/mmsmqxsdl_inq.cpp	337	341	" select heat_no, mat_code, dev_code, QUALITY_BATCH_NO, LOT_NO, DEVO_WT, rec_create_time"
p_mmsm_17660/mmsmqxsdl_inq.cpp	342	348	" select MAT_CODE_DR, MAT_TYPE_DESC, rec_create_time"
p_mmsm_17660/mmsmqxsdl_inq.cpp	349	351	" select heat_no from tmmsm21 t2"
p_mmsm_17660/mmsmqxsdl_inq.cpp	352	358	" select heat_no from tmmsm27 t2 where end_time <= @v_to and end_time >=@v_from"
p_mmsm_17660/mmsmqxsdl_inq.cpp	359	375	" select "
p_mmsm_17660/mmsmqxsdl_inq.cpp	376	386	" select"
p_mmsm_17660/mmsmqxsdl_inq.cpp	387	391	" select ST_NO, SG_GRADE_1"
p_mmsm_17660/mmsmqxsdl_inq.cpp	392	396	" select HEATNR, f_route1"
p_mmsm_17660/mmsmqxsdl_inq.cpp	397	401	" select heat_no, ACTRESULT"
p_mmsm_17660/mmsmqxsdl_inq.cpp	402	406	" select heat_no, ACTRESULT, REMARK"
p_mmsm_17660/mmsmqxsdl_inq.cpp	407	415	" select"
p_mmsm_17660/mmsmqxsdl_inq.cpp	416	420	" select heat_no, MOLTIRON_WT, REMARK"
p_mmsm_17660/mmsmqxsdl_inq.cpp	421	422	" select heat_no, deslag_wt1"
p_mmsm_17660/mmsmqxsdl_inq.cpp	423	433	" select"
p_mmsm_17660/mmsmqxsdl_inq.cpp	434	439	" select"
p_mmsm_17660/mmsmqxsdl_inq.cpp	440	455	" select"
p_mmsm_17660/mmsmqxsdl_inq.cpp	456	459	" select"
p_mmsm_17660/mmsmqxsdl_inq.cpp	460	474	" select"
p_mmsm_17660/mmsmqxsdl_inq.cpp	475	478	" select"
p_mmsm_17660/mmsmqxsdl_inq.cpp	479	491	" select"
p_mmsm_17660/mmsmsdlhnmx_inq.cpp	91	94	sqlstr = "select * from ZTC_V_DTCB_HEATNR_RATIO t where 1=1";
p_mmsm_17660/mmsmsdlmx_inq.cpp	64	67	sqlstr = "select * from TQMTSCB04_MX t where 1=1";
p_mmsm_17660/mmsmshdc_inq.cpp	286	366	sqlstr = "SELECT t1.REC_CREATE_TIME, t1.SLAB_CUT_TIME, t1.PROD_SHIFT_GROUP, t1.HEAT_NO, t1.BATCH, t1.WL_CODE, t1.WL_DESCRIPTION, t1.ST_NO, \
p_mmsm_17660/mmsmt823sj_snd.cpp	72	77	sqlstr = " SELECT T.HEAT_NO FROM TMMSMGY05 T "
p_mmsm_17660/mmsmt823sj_snd.cpp	89	90	" select HEAT_NO,PROC_NO,SM_PLAN_NOL2 from TMMSM21 where heat_no='" + heat_no + "'"
p_mmsm_17660/mmsmt823sj_snd.cpp	112	113	" select HEAT_NO,PROC_NO,L2_PROC_NO from TMMSM24 where heat_no='" + heat_no + "'"
p_mmsm_17660/mmsmt823sj_snd.cpp	137	138	" select HEAT_NO,PROC_NO,L2_PROC_NO from TMMSM23 where heat_no='" + heat_no + "'"
p_mmsm_17660/mmsmt823sj_snd.cpp	160	161	" select HEAT_NO,PROC_NO,L2_PROC_NO from TMMSM20 where heat_no='" + heat_no + "'"
p_mmsm_17660/mmsmt823sj_snd.cpp	183	184	" select HEAT_NO,L2_PROC_NO from TMMSM19 where heat_no='" + heat_no + "'"
p_mmsm_17660/mmsmt823sj_snd.cpp	205	206	" select HEAT_NO,PROC_NO,L2_PROC_NO from TMMSM27 where heat_no='" + heat_no + "'"
p_mmsm_17660/mmsmt823sj_snd.cpp	228	229	" select HEAT_NO,PROC_NO,L2_PROC_NO from TMMSM25 where heat_no='" + heat_no + "'"
p_mmsm_17660/mmsmt823sj_snd.cpp	252	253	" select HEAT_NO,L2_PROC_NO from TMMSM31 where heat_no='" + heat_no + "'"
p_mmsm_17660/mmsmt823sj_snd.cpp	275	276	" select HEAT_NO,MAT_NO from TMMSM34 where heat_no='" + heat_no + "'"
p_mmsm_17660/mmsmyldlxh_inq.cpp	68	71	sqlstr = "select * from cl_v_mat_move_charge t where 1=1";
p_mmsm_17660/mmsmyljlxh_inq.cpp	70	73	sqlstr = "select * from cl_v_mat_move_charge_ys t where 1=1";
p_mmsm_17660/mmsmysph_inq.cpp	122	122	sqlstr = "SELECT * FROM(   "
p_mmsm_17660/mmsmysph_inq.cpp	123	124	" SELECT HEAT_NO, BATCH, MAT_NO, ST_NO, SLAB_CUT_TIME, MAT_ACT_WT, MAT_DESTION, INITIAL_BATCH,PRINT_NO,BIDUI,SLAB_NO,MAT_ACT_LEN,MAT_ACT_WIDTH,MAT_ACT_THICK   "
p_mmsm_17660/mmsmysph_inq.cpp	125	131	" SELECT HEAT_NO, BATCH, MAT_NO, ST_NO, SLAB_CUT_TIME, MAT_ACT_WT, MAT_DESTION, "
p_mmsm_17660/mmsmysph_inq.cpp	132	137	" SELECT  PRINT_NO "
p_mmsm_17660/mmsmysph_inq.cpp	138	144	" SELECT HEAT_NO, BATCH, MAT_NO, ST_NO, SLAB_CUT_TIME, MAT_ACT_WT, MAT_DESTION,   "
p_mmsm_17660/mmsmysph_inq.cpp	145	150	" SELECT  PRINT_NO "
p_mmsm_17660/mmsmysph_inq.cpp	151	157	" SELECT HEAT_NO, BATCH, MAT_NO, ST_NO, SLAB_CUT_TIME, MAT_ACT_WT, MAT_DESTION, "
p_mmsm_17660/wmsmczts_pro.cpp	134	138	sqlstr = " DELETE FROM TQMTS0R05 WHERE 1=1 "
p_mmsm_17660/wmsmshlc_inq.cpp	46	60	sqlstr = " SELECT T.*,100-STOCK_RATE as STOCK_RATE_1 FROM \
p_mmsm_17660/wmsmshlcs_inq.cpp	43	84	sqlstr = " SELECT\
p_mmsm_17660/wmsmshxc_inq.cpp	51	52	sqlstr = "select * from TWMSMSHXC_CC t where T.REC_ID = '一级混灰' \
p_mmsm_17660/wmsmshxcs_inq.cpp	51	52	sqlstr = "select * from TWMSMSHXC_CC t where T.REC_ID = '二级混灰' \
p_mmsm_17670/mmsmcr00_inq.cpp	49	54	sqlstr = " select *"
p_mmsm_17670/mmsmcr00_inq.cpp	99	104	sqlstr = " select * "
p_mmsm_17670/mmsmcr00_inq.cpp	113	134	sqlstr = "select @time_stamps as date_1,@user_id as damin, tap_end_time	,origin_sys_code as dev_code,prod_out_wt as mat_wt"
p_mmsm_17670/mmsmcr00_inq.cpp	135	141	" select heat_no,st_no,sum(mat_act_wt) mat_act_wt "
p_mmsm_17670/mmsmcr00_inq.cpp	142	147	"	select  heat_no, max(nvl(case when elm_006 = -1 then 0 else elm_006 end,0)) cr, max(nvl(case when elm_007 = -1 then 0 else elm_007 end,0)) ni,max(nvl(case whe
p_mmsm_17670/mmsmcr00_inq.cpp	148	169	" select @time_stamps as date_1,@user_id as damin, tap_end_time	,origin_sys_code as dev_code,prod_out_wt as mat_wt"
p_mmsm_17670/mmsmcr00_inq.cpp	170	176	" select heat_no,st_no,sum(mat_act_wt) mat_act_wt "
p_mmsm_17670/mmsmcr00_inq.cpp	177	181	" select heat_no, max(nvl(case when elm_006 = -1 then 0 else elm_006 end, 0)) cr, max(nvl(case when elm_007 = -1 then 0 else elm_007 end, 0)) ni, max(nvl(case w
p_mmsm_17670/mmsmcr00_inq.cpp	196	223	" select @time_stamps AS JS_DATE,@user_id AS ADMIN,st_no,sum(mat_act_wt) HGCL,round(sum(NI_VALUE),3) TR_NI,round(sum(CR_VALUE),3) TR_CR,round(sum(MO_VALUE),3) T
p_mmsm_17670/mmsmcr00_inq.cpp	224	231	" SELECT heat_no,st_no,sum(mat_act_wt) mat_act_wt "
p_mmsm_17670/mmsmcr00_inq.cpp	232	239	"   SELECT HEAT_NO, max(NVL(CASE WHEN ELM_006 = -1 THEN 0 ELSE ELM_006 END, 0)) HY_CR, max(NVL(CASE WHEN ELM_007 = -1 THEN 0 ELSE ELM_007 END, 0)) HY_NI, max(NV
p_mmsm_17670/mmsmcr00_inq.cpp	240	247	"	SELECT  HEAT_NO, max(NVL(CASE WHEN ELM_006 = -1 THEN 0 ELSE ELM_006 END,0)) Cr, max(NVL(CASE WHEN ELM_007 = -1 THEN 0 ELSE ELM_007 END,0)) Ni,max(NVL(CASE WHE
p_mmsm_17670/mmsmcr00_inq.cpp	259	267	sqlstr = " SELECT  ROUND(SUM(NET_WT*NVL(CR,0))/1000,3) AS SUM_CR,ROUND(SUM(NET_WT*NVL(NI,0))/1000,3) AS SUM_NI,ROUND(SUM(NET_WT*NVL(MO,0))/1000,3) AS SUM_MO"
p_mmsm_17670/mmsmcr00_inq.cpp	268	274	" SELECT MAT_CODE, SUM(STOCK_WT) "
p_mmsm_17670/mmsmcr00_inq.cpp	275	280	" SELECT MATERIAL_CODE as MAT_CODE,sum(MAT_WT) NET_WT"
p_mmsm_17670/mmsmcr00_inq.cpp	293	302	sqlstr = "select @time_stamps AS time_stamps,@user_id AS user_id,round(sum(cr_value),3) DAVO_CR, round(sum(ni_value),3) DAVO_ni, round(sum(mo_value),3) DAVO_mo"
p_mmsm_17670/mmsmcr00_inq.cpp	304	312	" select  heat_no,st_no,sum(cr_value*devo_wt) cr_value,sum(ni_value*devo_wt) ni_value,sum(mo_value*devo_wt) mo_value"
p_mmsm_17670/mmsmcr00_inq.cpp	314	324	" select heat_no,st_no,sum(mat_act_wt) mat_act_wt from vmmsmcpcl_bb1 where 1=1   "
p_mmsm_17670/mmsmcr00_inq.cpp	325	334	" select @time_stamps,@user_id,round(sum(cr_value),3) DAVO_CR, round(sum(ni_value),3) DAVO_ni, round(sum(mo_value),3) DAVO_mo"
p_mmsm_17670/mmsmcr00_inq.cpp	336	344	" select  heat_no,st_no,sum(cr_value*devo_wt) cr_value,sum(Ni_value*devo_wt) Ni_value,sum(mo_value*devo_wt) mo_value"
p_mmsm_17670/mmsmcr00_inq.cpp	346	354	" select heat_no,st_no,sum(mat_act_wt) mat_act_wt from vmmsmcpcl_bb1 where 1=1   "
p_mmsm_17670/mmsmcr00_inq.cpp	369	381	sqlstr = " select A.HEAT_NO,A.ST_NO,A.START_TIME,@time_stamps AS DATE_1,@user_id AS DAMIN "
p_mmsm_17670/mmsmcr00_inq.cpp	394	403	sqlstr = " SELECT  ROUND(SUM(NET_WT*NVL(CR,0))/1000,3) AS SUM_CR,ROUND(SUM(NET_WT*NVL(NI,0))/1000,3) AS SUM_NI,ROUND(SUM(NET_WT*NVL(MO,0))/1000,3) AS SUM_MO"
p_mmsm_17670/mmsmcr00_inq.cpp	404	411	"      SELECT MAT_CODE, sum(NET_WT) NET_WT"
p_mmsm_17670/mmsmcr00_inq.cpp	412	416	" SELECT MAT_CODE,SUM(STOCK_WT) FROM TMMSM89 WHERE EVENT_NAME = '自循环废钢冲销' "
p_mmsm_17670/mmsmcr00_inq.cpp	417	422	" SELECT MATERIAL_CODE as MAT_CODE,sum(MAT_WT) NET_WT"
p_mmsm_17670/mmsmcr00_inq.cpp	437	448	sqlstr = " SELECT  @time_stamps AS DATE_1,@user_id AS DAMIN,@start_time as start_time,@end_time end_time ,@sum_cr sum_cr,@sum_ni sum_ni,@sum_mo sum_mo"
p_mmsm_17670/mmsmcr00_inq.cpp	449	456	"      SELECT MAT_CODE, BUNKER_NO, sum(NET_WT) NET_WT"
p_mmsm_17670/mmsmcr00_inq.cpp	457	461	" SELECT MAT_CODE,BUNKER_NO, SUM(STOCK_WT) FROM TMMSM89 WHERE EVENT_NAME = '自循环废钢冲销'  "
p_mmsm_17670/mmsmcr00_inq.cpp	462	469	" SELECT MATERIAL_CODE as MAT_CODE,LOAD_CODE_FACTORY as BUNKER_NO,sum(MAT_WT) NET_WT"
p_mmsm_17670/mmsmcr00_inq.cpp	487	497	sqlstr = " SELECT @time_stamps AS DATE_1,@user_id AS DAMIN ,A.MAT_CODE,B.MAT_NAME, SUM(DEVO_WT) AS DEVO_WT ,SUM(DEVO_WT*NI_VALUE) AS SUM_NI_IN, SUM(DEVO_WT*CR_V
p_mmsm_17670/mmsmcr00_inq.cpp	509	511	sqlstr = " SELECT @time_stamps AS DATE_1,@user_id AS DAMIN,@start_time as start_time,@end_time end_time "
p_mmsm_17670/mmsmcr00_inq.cpp	512	526	" select heat_no,sum(DEVO_WT) DEVO_WT"
p_mmsm_17670/mmsmcr00_inq.cpp	540	551	sqlstr = " SELECT ZXH.ST_NO ST_NO_DESC,SUM(ZXH.PROD_OUT_WT) MAT_WT,SUM(MAT_ACT_WT) MAT_ACT_WT,SUM(DEVO_WT) DEVO_WT, "
p_mmsm_17670/mmsmcr00_inq.cpp	553	560	" select heat_no,st_no,sum(mat_act_wt) mat_act_wt from vmmsmcpcl_bb1 where 1=1   "
p_mmsm_17670/mmsmcr00_inq.cpp	572	583	sqlstr = " SELECT @time_stamps as date_1,@user_id as damin,ZXH.HEAT_NO,ZXH.ST_NO ST_NO_DESC,TAP_END_TIME,ORIGIN_SYS_CODE AS SCL_LY,SUM(ZXH.PROD_OUT_WT) MAT_WT,S
p_mmsm_17670/mmsmcr00_inq.cpp	585	591	" select heat_no,st_no,sum(mat_act_wt) mat_act_wt from vmmsmcpcl_bb1 where 1=1   "
p_mmsm_17670/mmsmcr00_inq.cpp	604	615	sqlstr = "SELECT @time_stamps AS DATE_1,@user_id AS DAMIN ,HEAT_NO,ST_NO,MAX(TAP_END_TIME) TAP_END_TIME,MAX(ORIGIN_SYS_CODE) ORIGIN_SYS_CODE,MAX(PROD_OUT_WT) MA
p_mmsm_17670/mmsmcr00_inq.cpp	628	639	sqlstr = " SELECT @time_stamps AS DATE_1,@user_id AS DAMIN ,ZXH.HEAT_NO,ZXH.ST_NO,TAP_END_TIME,SCL_LY,ST_NO_DESC,ST_NO_LB,ST_NO_DL"
p_mmsm_17670/mmsmcr00_inq.cpp	641	645	" select heat_no,st_no,sum(mat_act_wt) mat_act_wt from vmmsmcpcl_bb1 where 1=1   "
p_mmsm_17670/mmsmcr00_inq.cpp	657	668	sqlstr = "SELECT @time_stamps AS DATE_1,@user_id AS DAMIN ,HEAT_NO,ST_NO,MAX(TAP_END_TIME) TAP_END_TIME,MAX(ORIGIN_SYS_CODE) ORIGIN_SYS_CODE,MAX(PROD_OUT_WT) MA
p_mmsm_17670/mmsmcr00_inq.cpp	679	688	sqlstr = " select @time_stamps as date_1,@user_id as damin,@start_time as start_time,@end_time end_time,FG_WT,HSFG_WT,mat_act_wt"
p_mmsm_17670/mmsmcr00_inq.cpp	689	694	" SELECT sum(MAT_WT) NET_WT"
p_mmsm_17670/mmsmcr00_inq.cpp	695	698	" select sum(HSFG_WT) HSFG_WT"
p_mmsm_17670/mmsmcr00_inq.cpp	699	701	" select sum(CUT_SCRAP_WT) HSFG_WT from tmmsmfp t3 where  1=1  " + sqlstr_temp +
p_mmsm_17670/mmsmcr00_inq.cpp	703	706	" select sum(mat_act_wt) mat_act_wt from vmmsmcpcl_bb1 where 1=1   "
p_mmsm_17670/mmsmcr00_inq.cpp	719	730	sqlstr = " SELECT  @time_stamps as date_1,@user_id as damin,ZXH.ST_NO ST_NO_DESC,SUM(ZXH.PROD_OUT_WT) MAT_WT,SUM(MAT_ACT_WT) MAT_ACT_WT,SUM(DEVO_WT) DEVO_WT, "
p_mmsm_17670/mmsmcr00_inq.cpp	732	738	" select heat_no,st_no,sum(mat_act_wt) mat_act_wt from vmmsmcpcl_bb1 where 1=1   "
p_mmsm_17670/mmsmcr00_inq.cpp	750	757	sqlstr = " SELECT @time_stamps as DATE_1,@user_id as DAMIN,ZXH.TAP_END_TIME,ZXH.HEAT_NO,ZXH.PROC_NO,ZXH.PROD_OUT_WT MAT_WT,ZXH.ORIGIN_SYS_CODE SCL_LY, "
p_mmsm_17670/mmsmcr00_inq.cpp	758	769	"  SELECT  ZXH.HEAT_NO, ZXH.ST_NO,ZXH.DEV_CODE, MAX(TIME_1) TIME_1, MAX(USER_NAME) USER_NAME, MAX(TAP_END_TIME) TAP_END_TIME, MAX(PROC_NO)PROC_NO, MAX(PROD_OUT_
p_mmsm_17670/mmsmcr00_inq.cpp	781	792	sqlstr = " SELECT @time_stamps as date_1,@user_id as damin,@start_time as start_time,@end_time end_time,MAT_ACT_WT,DEVO_WT,ZF "
p_mmsm_17670/mmsmcr00_inq.cpp	794	798	" select sum(mat_act_wt) mat_act_wt from vmmsmcpcl_bb1 where 1=1   "
p_mmsm_17670/mmsmcr00_inq.cpp	799	802	" select sum(ZF) ZF"
p_mmsm_17670/mmsmcr00_inq.cpp	803	805	" select sum(CUT_SCRAP_WT) ZF from tmmsmfp t3 where  1=1 and heat_no like 'A%' " + sqlstr_temp +
p_mmsm_17670/mmsmcr03_inq.cpp	56	57	sqlstr = " SELECT HEAT_NO1,HEAT_NO2,HEAT_NO3,HEAT_NO4,HEAT_NO5,HEAT_NO6,HEAT_NO7,HEAT_NO8,HEAT_NO9,HEAT_NO10,HEAT_NO11,HEAT_NO12,HEAT_NO13,HEAT_NO14,HEAT_NO15,H
p_mmsm_17670/mmsmcr03_inq.cpp	102	106	sqlstr = " SELECT MAX(REC_CREATE_TIME) AS DATE_1 ,MAX(PROD_DATE) AS PROD_DATE, MIN(REC_CREATOR) AS DAMIN, MAX(BUNKER_NO) AS BUNKER_NO,MAT_CODE,MAT_NAME,"
p_mmsm_17670/mmsmcr03_inq.cpp	107	110	" SELECT LOAD_END_TIME,SUBSTR(LOAD_END_TIME,1,8) PROD_DATE ,REC_CREATOR,MATERIAL_CODE,(SELECT MAT_NAME FROM TMMSM50 WHERE MAT_CODE=A.MATERIAL_CODE) MAT_NAME,"
p_mmsm_17670/mmsmcr03_inq.cpp	129	130	sqlstr_count = "WITH  T AS (" + sqlstr + ") SELECT SUM(SUM_CR),SUM(SUM_NI) FROM T ";
p_mmsm_17670/mmsmcr03_inq.cpp	140	143	sqlstr = "SELECT DATE_1,DAMIN,TAP_END_TIME,AT_CR,AT_NI,DAVO_NI,DAVO_CR,TO_NUMBER(" + SUM_CR.ToString() + ") AS  SUM_CR,TO_NUMBER(" + SUM_NI.ToString() + ") AS  
p_mmsm_17670/mmsmcr03_inq.cpp	144	180	"SELECT  MAX(DATE_1) DATE_1,MAX(DAMIN) DAMIN,MAX(TAP_END_TIME) TAP_END_TIME, "
p_mmsm_17670/mmsmcr04_inq.cpp	48	57	sqlstr = " SELECT A.HEAT_NO,A.ST_NO,MAX(A.REC_CREATE_TIME) START_TIME, MAX(A.SLAB_CUT_TIME) DATE_1,MAX(A.REC_CREATOR) DAMIN, "
p_mmsm_17670/mmsmcr05_inq.cpp	51	55	sqlstr = " SELECT MAX(REC_CREATE_TIME) AS DATE_1 ,MAX(PROD_DATE) AS PROD_DATE, MIN(REC_CREATOR) AS DAMIN, MAX(BUNKER_NO) AS BUNKER_NO,MAT_CODE,MAT_NAME,"
p_mmsm_17670/mmsmcr05_inq.cpp	56	59	" SELECT LOAD_END_TIME,SUBSTR(LOAD_END_TIME,1,8) PROD_DATE ,REC_CREATOR,MATERIAL_CODE,(SELECT MAT_NAME FROM TMMSM50 WHERE MAT_CODE=A.MATERIAL_CODE) MAT_NAME,"
p_mmsm_17670/mmsmcr05_inq.cpp	78	79	sqlstr_count = "WITH  T AS (" + sqlstr + ") SELECT SUM(SUM_CR),SUM(SUM_NI) FROM T ";
p_mmsm_17670/mmsmcr05_inq.cpp	90	95	sql = " SELECT MAX(REC_CREATE_TIME) AS DATE_1 ,MAX(PROD_DATE) AS PROD_DATE, MIN(REC_CREATOR) AS DAMIN, MAX(BUNKER_NO) AS BUNKER_NO,MAT_CODE,MAT_NAME,"
p_mmsm_17670/mmsmcr05_inq.cpp	96	99	" SELECT LOAD_END_TIME,SUBSTR(LOAD_END_TIME,1,8) PROD_DATE ,REC_CREATOR,MATERIAL_CODE,(SELECT MAT_NAME FROM TMMSM50 WHERE MAT_CODE=A.MATERIAL_CODE) MAT_NAME,"
p_mmsm_17670/mmsmcr06_inq.cpp	59	63	sqlstr = " SELECT A.MAT_CODE,C.MAT_NAME,SUM(A.STOCK_WT) DEVO_WT,'" + now_time+"' PROD_DATE,MAX(Z.REC_CREATE_TIME) REC_CREATE_TIME, B.BUNKER_NO, MAX(B.LASTACTDAT
p_mmsm_17670/mmsmcr07_inq.cpp	52	53	sqlstr = " SELECT HEAT_NO1,HEAT_NO2,HEAT_NO3,HEAT_NO4,HEAT_NO5,HEAT_NO6,HEAT_NO7,HEAT_NO8,HEAT_NO9,HEAT_NO10,HEAT_NO11,HEAT_NO12,HEAT_NO13,HEAT_NO14,HEAT_NO15,H
p_mmsm_17670/mmsmcr07_inq.cpp	94	98	sqlstr = " SELECT MAX(TIME_1) AS DATE_1,A.MAT_CODE,B.MAT_NAME, SUM(DEVO_WT) AS DEVO_WT ,SUM(DEVO_WT*NI_VALUE) AS SUM_NI_IN, SUM(DEVO_WT*CR_VALUE)  AS SUM_CR_IN,
p_mmsm_17670/mmsmcr08_inq.cpp	48	52	sqlstr = " SELECT A.HEAT_NO,MAX(A.REC_CREATOR) DAMIN,MAX(A.DEVO_TIME) DATE_1,SUM(A.DEVO_WT) DEVO_WT, "
p_mmsm_17670/mmsmcr09_inq.cpp	55	74	sqlstr = " select t.HEAT_NO,  MOLECULE,  DENOMINATOR "
p_mmsm_17670/mmsmcr10_inq.cpp	65	68	sqlstr_count = " SELECT COUNT(1) FROM "
p_mmsm_17670/mmsmcr10_inq.cpp	71	76	sqlstr = " SELECT ZXH.ST_NO_DESC,SUM(ZXH.PROD_OUT_WT) MAT_WT,SUM(A.MAT_ACT_WT) MAT_ACT_WT,SUM(DEVO_WT) DEVO_WT, "
p_mmsm_17670/mmsmcr11_inq.cpp	65	68	sqlstr_count = " SELECT COUNT(1) FROM "
p_mmsm_17670/mmsmcr11_inq.cpp	71	76	sqlstr = " SELECT MAX(ZXH.TIME_1) DATE_1,MAX(ZXH.USER_NAME) DAMIN,ZXH.HEAT_NO,MAX(ZXH.TAP_END_TIME) TAP_END_TIME,SUM(ZXH.PROD_OUT_WT) MAT_WT, "
p_mmsm_17670/mmsmcr12_inq.cpp	65	68	sqlstr_count = " SELECT COUNT(1) FROM "
p_mmsm_17670/mmsmcr12_inq.cpp	71	80	sqlstr = " SELECT MAX(TIME_1) DATE_1,MAX(USER_NAME) DAMIN, MAX(TAP_END_TIME) TAP_END_TIME,HEAT_NO,MAX(PROD_OUT_WT) MAT_WT, "
p_mmsm_17670/mmsmcr13_inq.cpp	65	68	sqlstr_count = " SELECT COUNT(1) FROM "
p_mmsm_17670/mmsmcr13_inq.cpp	71	77	sqlstr = " SELECT MAX(ZXH.TIME_1) DATE_1,MAX(ZXH.USER_NAME) DAMIN,ZXH.HEAT_NO,MAX(ZXH.TAP_END_TIME) TAP_END_TIME, "
p_mmsm_17670/mmsmcr14_inq.cpp	65	68	sqlstr_count = " SELECT COUNT(1) FROM "
p_mmsm_17670/mmsmcr14_inq.cpp	71	80	sqlstr = " SELECT MAX(TIME_1) DATE_1,MAX(USER_NAME) DAMIN, MAX(TAP_END_TIME) TAP_END_TIME,HEAT_NO,MAX(PROD_OUT_WT) MAT_WT,  "
p_mmsm_17670/mmsmcr15_inq.cpp	65	68	sqlstr_count = " SELECT COUNT(1) FROM "
p_mmsm_17670/mmsmcr15_inq.cpp	71	71	sqlstr = " WITH TA AS(  "
p_mmsm_17670/mmsmcr15_inq.cpp	72	74	" SELECT MAX(REC_CREATE_TIME) AS DATE_1 ,MAX(PROD_DATE) AS PROD_DATE, MIN(REC_CREATOR) AS DAMIN, MAX(BUNKER_NO) AS BUNKER_NO,MAT_CODE,MAT_NAME, "
p_mmsm_17670/mmsmcr15_inq.cpp	75	78	"  SELECT LOAD_END_TIME,SUBSTR(LOAD_END_TIME,1,8) PROD_DATE ,REC_CREATOR,MATERIAL_CODE,(SELECT MAT_NAME FROM TMMSM50 WHERE MAT_CODE=A.MATERIAL_CODE) MAT_NAME,  
p_mmsm_17670/mmsmcr15_inq.cpp	79	81	"  SELECT MAX(T.TIME_1),MAX(T.USER_NAME),MAX(TAP_END_TIME),SUM(TA.DEVO_WT),MAX(ST_NO_SMALL_CLASS),SUM(PROD_OUT_WT)  "
p_mmsm_17670/mmsmcr16_inq.cpp	65	68	sqlstr_count = " SELECT COUNT(1) FROM "
p_mmsm_17670/mmsmcr16_inq.cpp	71	76	sqlstr = " SELECT ZXH.ST_NO_DESC,MAX(ZXH.TIME_1) DATE_1,MAX(ZXH.USER_NAME) DAMIN,SUM(ZXH.PROD_OUT_WT) MAT_WT,SUM(A.MAT_ACT_WT) MAT_ACT_WT,SUM(DEVO_WT) DEVO_WT, 
p_mmsm_17670/mmsmcr17_inq.cpp	65	68	sqlstr_count = " SELECT COUNT(1) FROM "
p_mmsm_17670/mmsmcr17_inq.cpp	71	78	sqlstr = " SELECT ZXH.TIME_1 DATE_1,ZXH.USER_NAME DAMIN,ZXH.TAP_END_TIME,ZXH.HEAT_NO,ZXH.PROC_NO,ZXH.PROD_OUT_WT MAT_WT,ZXH.ORIGIN_SYS_CODE SCL_LY, "
p_mmsm_17670/mmsmcr17_inq.cpp	79	88	"  SELECT  ZXH.HEAT_NO, ZXH.ST_NO,ZXH.DEV_CODE, MAX(TIME_1) TIME_1, MAX(USER_NAME) USER_NAME, MAX(TAP_END_TIME) TAP_END_TIME, MAX(PROC_NO)PROC_NO, MAX(PROD_OUT_
p_mmsm_17670/mmsmcr18_inq.cpp	48	56	sqlstr = " SELECT MAX(ZXH.TIME_1) DATE_1,MAX(ZXH.USER_NAME) DAMIN,MAX(ZXH.TAP_END_TIME) TAP_END_TIME, "
p_mmsm_17670/mmsmfgkc_inq.cpp	94	99	sqlstr_count = " SELECT COUNT(1) FROM (SELECT  T2.BUNKER_NO, T2.BACK_N_1 ,T1.SEQ_NO , T2.BASE_NAME,T2.mat_name,T2.BACK_C5,T2.mat_code,T2.STOCK_WT,  "
p_mmsm_17670/mmsmfgkc_inq.cpp	100	102	sqlstr = " WITH T3	 AS (SELECT  *  FROM (SELECT   QUALITY_BATCH_NO, ELM_NAME,ELM_VALUE  FROM  ( SELECT QUALITY_BATCH_NO, ELM_NAME,ELM_VALUE  FROM TMMSM81AL A ))
p_mmsm_17670/mmsmfgkc_inq.cpp	103	110	"   SELECT  T2.BUNKER_NO, T2.BACK_N_1 ,T1.SEQ_NO , "
p_mmsm_17670/mmsmheatno1_inq.cpp	61	64	sqlstr = " SELECT WEEK_DAY,BOF0_S,BOF0_E,BOF1_S,BOF1_E,BOF2_S,BOF2_E,BOF9_S,BOF9_E,AOD0_S,AOD0_E,AOD1_S,AOD1_E,AOD2_S,AOD2_E,AOD6_S,AOD6_E,EAF1_S,EAF1_E,EAF2_S,
p_mmsm_17670/mmsmheatno1_inq.cpp	67	78	sqlstr = " SELECT WEEK_DAY,BOF0_S, BOF1_S,BOF2_S,BOF9_S,AOD0_S,AOD1_S,AOD2_S,AOD6_S"
p_mmsm_17670/mmsmheatno1_inq.cpp	84	86	sqlstr = " SELECT WEEK_DAY,BOF0_S,BOF0_E,BOF1_S,BOF1_E,BOF2_S,BOF2_E,BOF9_S,BOF9_E,AOD0_S,AOD0_E,AOD1_S,AOD1_E,AOD2_S,AOD2_E,AOD6_S,AOD6_E,EAF1_S,EAF1_E,EAF2_S,
p_mmsm_17670/mmsmheatno_inq.cpp	61	64	sqlstr = " SELECT WEEK_DAY,BOF0_S,BOF0_E,BOF1_S,BOF1_E,BOF2_S,BOF2_E,BOF9_S,BOF9_E,AOD0_S,AOD0_E,AOD1_S,AOD1_E,AOD2_S,AOD2_E,AOD6_S,AOD6_E FROM V_DA_HEAT_S_E1 W
p_mmsm_17670/mmsmheatno_inq.cpp	67	78	sqlstr = " SELECT WEEK_DAY,BOF0_S, BOF1_S,BOF2_S,BOF9_S,AOD0_S,AOD1_S,AOD2_S,AOD6_S"
p_mmsm_17670/mmsmheatno_inq.cpp	84	86	sqlstr = " SELECT WEEK_DAY,BOF0_S,BOF0_E,BOF1_S,BOF1_E,BOF2_S,BOF2_E,BOF9_S,BOF9_E,AOD0_S,AOD0_E,AOD1_S,AOD1_E,AOD2_S,AOD2_E,AOD6_S,AOD6_E FROM V_DA_HEAT_S_E_MO
p_mmsm_17670/mmsmjllstj_inq.cpp	97	100	sqlstr = " SELECT SUBSTR(MAX(DEVO_TIME),1,8) AS PROD_DATE,A.L2_PROC_NO ,MAX(A.HEAT_NO) HEAT_NO,MAX(A.LAYERNO) LAYERNO, MAX(DEVO_TIME) AS DEVO_TIME,SUM(DEVO_WT) 
p_mmsm_17670/mmsmjllstj_inq.cpp	101	101	" SELECT ACTRESULT, ST_NO, L2_PROC_NO,SM_PLAN_NOL2 FROM TMMSM21 WHERE  SUBSTR(L2_PROC_NO, 1, 1) = 'B' UNION"
p_mmsm_17670/mmsmjllstj_inq.cpp	102	113	" SELECT ACTRESULT, ST_NO, L2_PROC_NO,SM_PLAN_NOL2 FROM TMMSM27 WHERE  SUBSTR(L2_PROC_NO, 1, 1) = 'A' )) C"
p_mmsm_17670/mmsmjllstj_inq.cpp	137	138	sqlstr_code = "SELECT MAT_CODE FROM TMMSM50 WHERE VIEW_FLAG='1' ORDER BY MAT_CODE ";
p_mmsm_17670/mmsmjllstj_inq.cpp	147	147	sqlstr = "WITH TL_TEMP  AS (" + sqlstr + ") "
p_mmsm_17670/mmsmjllstj_inq.cpp	148	149	" SELECT * FROM (SELECT PROD_DATE,L2_PROC_NO,STK_NO,ST_NO,PROD_SHIFT_GROUP,MAT_CODE,DEVO_WT FROM TL_TEMP) PIVOT (SUM(DEVO_WT) FOR MAT_CODE IN ( "
p_mmsm_17670/mmsmjllstj_inq.cpp	158	159	sqlstr_count = "SELECT COUNT(1) FROM ( " + sqlstr + ")";
p_mmsm_17670/mmsmmat_inq.cpp	69	72	sqlstr_count = " SELECT COUNT(1) "
p_mmsm_17670/mmsmmat_inq.cpp	73	76	sqlstr = " SELECT * "
p_mmsm_17670/mmsmscrap_inq.cpp	69	72	sqlstr_count = " SELECT COUNT(1) "
p_mmsm_17670/mmsmscrap_inq.cpp	73	76	sqlstr = " SELECT * "
p_mmsm_17670/mmsmtlhz_inq.cpp	61	65	sqlstr = " select a.heat_no,a.mat_code,A.DEVO_WT ,a.DEVO_TIME,A.DEV_CODE,MAX(B.SM_PLAN_NOL2) SM_PLAN_NOL2,max(b.st_no) ST_NO ,"
p_mmsm_17670/mmsmtlhz_inq.cpp	103	107	sqlstr1 = " SELECT MAT_CODE,MAT_NAME, SUM(STOCK_WT)  DEVO_WT  FROM tmmsm89   WHERE  event_code	IN('CHARGE','EXTRA')   ";
p_mmsm_17670/mmsmtlhz_inq1.cpp	60	63	sqlstr = " SELECT A.MAT_CODE,MAX(CASE WHEN  A.MAT_CODE='TS0000' THEN '普通铁水' ELSE a.MAT_NAME END) MAT_NAME,SUM(A.DEVO_WT) DEVO_WT FROM TMMSMGY08 A  "
p_mmsm_17670/mmsmtljl_inq.cpp	95	98	sqlstr_count = " SELECT COUNT(1) "
p_mmsm_17670/mmsmtljl_inq.cpp	99	117	sqlstr =" SELECT T.*,GREATEST(NVL(C,0),NVL(SI,0), NVL(MN,0),NVL(P,0),NVL(S,0),NVL(CR,0),NVL(NI,0),NVL(TI,0),NVL(AI,0),NVL(MO,0),NVL(CU,0),NVL(V,0),NVL(CO,0),NVL
p_mmsm_17670/mmsmtlmx_inq.cpp	109	111	sqlstr_count = " SELECT COUNT(1) FROM "
p_mmsm_17670/mmsmtlmx_inq.cpp	112	117	" select heat_no,mat_code,dev_code,QUALITY_BATCH_NO,LOT_NO,sum(DEVO_WT*0.001) DEVO_WT "
p_mmsm_17670/mmsmtlmx_inq.cpp	173	215	sqlstr = " select t1.heat_no,TAP_TIME AS LADLE_ARRIVE_TIME,TD_REMAIN_WT,LADLE_OPEN_TIME,LADLE_CLOSE_TIME,TD_NO_1,MOLD_NO1,CAST_DIV_NO "
p_mmsm_17670/mmsmtlmx_inq.cpp	229	239	" select heat_no,mat_code,dev_code,QUALITY_BATCH_NO,LOT_NO,sum(DEVO_WT*0.001) DEVO_WT"
p_mmsm_17670/mmsmtlmx_inq.cpp	265	270	sqlstr = "SELECT  *  FROM (SELECT   MAT_CODE, ELM_NAME,ELM_VALUE  FROM  ( SELECT MAT_CODE, ELM_NAME,ELM_VALUE  FROM TMMSM81AL "
p_mmsm_17670/mmsmtlmx_inq.cpp	374	451	sqlstr = " select t1.heat_no,TAP_TIME AS LADLE_ARRIVE_TIME,TD_REMAIN_WT,LADLE_OPEN_TIME,LADLE_CLOSE_TIME,TD_NO_1,MOLD_NO1,CAST_DIV_NO,'CCM' AS FROM_DESC"
p_mmsm_17670/mmsmtlmx_inq.cpp	465	475	" select heat_no,mat_code,dev_code,QUALITY_BATCH_NO,LOT_NO,sum(DEVO_WT*0.001) DEVO_WT"
p_mmsm_17670/mmsmtlmx_pro.cpp	82	129	sqlstr = " select t1.heat_no AS 炉号,A.dev_code AS 工序,ST_NO AS 牌号,A.mat_code AS 物料代码 "
p_mmsm_17670/mmsmtlmx_pro.cpp	143	148	" select heat_no,mat_code,dev_code,QUALITY_BATCH_NO,LOT_NO,sum(DEVO_WT*0.001) DEVO_WT"
p_mmsm_17670/mmsmtlmx_pro.cpp	185	190	sqlstr = "SELECT  *  FROM (SELECT   MAT_CODE, ELM_NAME,ELM_VALUE  FROM  ( SELECT MAT_CODE, ELM_NAME,ELM_VALUE  FROM TMMSM81AL "
p_mmsm_17670/mmsmtlmx_pro.cpp	214	293	sqlstr = " select t1.heat_no AS 炉号,A.dev_code AS 工序,ST_NO AS 牌号,A.mat_code AS 物料代码 "
p_mmsm_17670/mmsmtlmx_pro.cpp	307	312	" select heat_no,mat_code,dev_code,QUALITY_BATCH_NO,LOT_NO,sum(DEVO_WT*0.001) DEVO_WT"
p_mmsm_17670/mmsmxhhd_inq.cpp	232	240	sqlstr = " SELECT STAT_DATE,LOT_NO,SM_PLAN_NOL2,HEAT_NO,PROD_DATE,DEVO_TIME,MAT_CODE,MAT_NAME,SYSTEM_ID_MAT,DEV_CODE,L2_PROC_NO,ST_NO,WEIGH_NO,QUALITY_BATCH_NO,
p_mmsm_17670/mmsmxhhd_inq.cpp	241	250	" SELECT t.STAT_DATE,t.LOT_NO,t.SM_PLAN_NOL2,t.HEAT_NO,substr(t.RECV_MAT_TIME,1,8) PROD_DATE,t.OUT_STOCK_TIME as DEVO_TIME,t.MAT_CODE,t2.MAT_NAME"
p_mmsm_17670/mmsmxhhd_inq.cpp	251	258	" SELECT STAT_DATE,LOT_NO,SM_PLAN_NOL2,HEAT_NO,PROD_DATE,DEVO_TIME,MAT_CODE,MAT_NAME,SYSTEM_ID_MAT,DEV_CODE,L2_PROC_NO,ST_NO,WEIGH_NO,QUALITY_BATCH_NO,SEND_FLAG
p_mmsm_17670/mmsmxhhd_inq.cpp	272	286	" SELECT MAT_CODE ,MAX(MAT_NAME) MAT_NAME,"
p_mmsm_17670/mmsmxhhd_inq.cpp	287	293	" select MAT_CODE, MAT_NAME, ' ' as HANDLE_DIV, SUM(OUT_STOCK_WT) DEVO_WT FROM  tmmsm56 t"
p_mmsm_17670/mmsmxhhd_inq.cpp	294	300	" SELECT MAT_CODE, MAT_NAME, HANDLE_DIV, SUM(DEVO_WT) DEVO_WT"
p_mmsm_17670/mmsmxhhd_inq.cpp	326	339	" SELECT t.MAT_CODE ,t2.MAT_NAME,case when QUALITY_FLAS='1' then t.LOT_NO else ' ' end LOT_NO,"
p_mmsm_17670/mmsmxhhd_inq.cpp	340	346	" select MAT_CODE, MAT_NAME, ' ' as HANDLE_DIV, LOT_NO, SUM(OUT_STOCK_WT) DEVO_WT FROM  tmmsm56 t"
p_mmsm_17670/mmsmxhhd_inq.cpp	347	353	" SELECT MAT_CODE,MAT_NAME,HANDLE_DIV,LOT_NO,SUM(DEVO_WT) DEVO_WT"
p_mmsm_17670/mmsmxhhd_inq.cpp	378	393	" SELECT MAT_CODE ,MAX(MAT_NAME) MAT_NAME,"
p_mmsm_17670/mmsmxhhd_inq.cpp	394	400	" select MAT_CODE, MAT_NAME, ' ' as HANDLE_DIV, SUM(OUT_STOCK_WT) DEVO_WT FROM  tmmsm56 t"
p_mmsm_17670/mmsmxhhd_inq.cpp	401	407	" SELECT MAT_CODE, MAT_NAME, HANDLE_DIV, SUM(DEVO_WT) DEVO_WT"
p_mmsm_17670/mmsmylbb_inq.cpp	103	103	sqlstr_count = " SELECT COUNT(1) FROM " + table_name + "  WHERE 1=1 ";
p_mmsm_17670/mmsmylbb_inq.cpp	104	108	sqlstr = " SELECT * FROM  " + table_name + "  WHERE 1=1 ";
p_mmsm_17670/mmsmylcf_inq.cpp	93	96	sqlstr_count = " SELECT COUNT(1) "
p_mmsm_17670/mmsmylcf_inq.cpp	97	116	sqlstr = " SELECT A.WEIGH_NO,A.LOT_NO,A.QUALITY_BATCH_NO,A.MAT_CODE,A.MAT_NAME,A.STOCK_WT,A.MAT_RCV_TIME,   "
p_mmsm_17670/mmsmylgxhz_box_inq.cpp	93	98	sqlstr = " SELECT MAT_CODE ,MAT_NAME,SUBSTR(MIN(DEVO_TIME),1,8) PROD_DATE,"
p_mmsm_17670/mmsmylgxhz_box_inq.cpp	113	114	sqlstr_count = "SELECT COUNT(1) FROM (  " + sqlstr + ")"
p_mmsm_17670/mmsmylgxhz_get.cpp	66	67	sqlstr = " SELECT * FROM TMMSMW9 WHERE PROD_DATE='" + prodtime+"'";
p_mmsm_17670/mmsmylgxhz_inq.cpp	141	141	sqlstr1 = " SELECT  MAT_CODE,MAT_NAME,STATION_ID,SUM(DEVO_WT)/1000 AS STOCK_WT FROM TMMSM2A_YL WHERE 1=1 ";
p_mmsm_17670/mmsmylgxhz_inq.cpp	142	146	sqlstr2 = " SELECT  MAT_CODE,SUM(DEVO_WT)/1000 AS STOCK_WT FROM TMMSM2A_YL WHERE 1=1 ";
p_mmsm_17670/mmsmyljl_inq.cpp	72	75	sqlstr_count = " SELECT COUNT(1) "
p_mmsm_17670/mmsmyljl_inq.cpp	80	83	sqlstr = " SELECT A.MAT_CODE,MAX(a.MAT_NAME) MAT_NAME,SUM(A.STOCK_WT)/1000 STOCK_WT FROM TMMSM89 A  "
p_mmsm_17670/mmsmyljlls_inq.cpp	94	94	sqlstr_count = " SELECT COUNT(1) FROM ( "
p_mmsm_17670/mmsmyljlls_inq.cpp	95	98	" SELECT SUBSTR(MAX(DEVO_TIME),1,8) AS PROD_DATE,A.L2_PROC_NO ,MAX(A.HEAT_NO) HEAT_NO,MAX(A.LAYERNO) LAYERNO, MAX(DEVO_TIME) AS DEVO_TIME,SUM(DEVO_WT) DEVO_WT,"
p_mmsm_17670/mmsmyljlls_inq.cpp	99	99	" SELECT ACTRESULT, ST_NO, L2_PROC_NO,SM_PLAN_NOL2 FROM TMMSM21 WHERE  SUBSTR(L2_PROC_NO, 1, 1) = 'B' UNION"
p_mmsm_17670/mmsmyljlls_inq.cpp	100	112	" SELECT ACTRESULT, ST_NO, L2_PROC_NO,SM_PLAN_NOL2 FROM TMMSM27 WHERE  SUBSTR(L2_PROC_NO, 1, 1) = 'A' )) C"
p_mmsm_17670/mmsmyljlls_inq.cpp	114	117	sqlstr =" SELECT SUBSTR(MAX(DEVO_TIME),1,8) AS PROD_DATE,A.L2_PROC_NO ,MAX(A.HEAT_NO) HEAT_NO,MAX(A.LAYERNO) LAYERNO, MAX(DEVO_TIME) AS DEVO_TIME,SUM(DEVO_WT) D
p_mmsm_17670/mmsmyljlls_inq.cpp	118	118	" SELECT ACTRESULT, ST_NO, L2_PROC_NO,SM_PLAN_NOL2 FROM TMMSM21 WHERE  SUBSTR(L2_PROC_NO, 1, 1) = 'B' UNION"
p_mmsm_17670/mmsmyljlls_inq.cpp	119	131	" SELECT ACTRESULT, ST_NO, L2_PROC_NO,SM_PLAN_NOL2 FROM TMMSM27 WHERE  SUBSTR(L2_PROC_NO, 1, 1) = 'A' )) C"
p_mmsm_17670/mmsmylkc_inq.cpp	61	64	sqlstr = "select * from CL_V_MAT_STOCK t where 1=1";
p_mmsm_17670/mmsmylsl_inq.cpp	91	94	sqlstr_count = " SELECT COUNT(1) "
p_mmsm_17670/mmsmylsl_inq.cpp	95	100	sqlstr =" SELECT A.*,B.*"
p_mmsm_17670/mmsmylws_inq.cpp	86	86	sqlstr = "SELECT * FROM TMMSMWS WHERE  DATE_C LIKE '%" + tmmsmws["DATE_C"].ToString() + "%'";
p_mmsm_17670/mmsmylws_inq.cpp	99	103	" SELECT B.MAT_CODE,B.MAT_NAME, B.DATE_C,B.STOCK_INI_WT,B.IN_STOCK_WT,B.STOCK_WGT,B.OUT_STOCK_WT,"
p_mmsm_17670/mmsmylws_inq.cpp	104	123	" SELECT MAT_CODE,MAT_NAME,STAT_DATE,STOCK_WT_QC,IN_STOCK_WT,OUT_STOCK_WT1,STOCK_WT FROM TMMSM57D where exists   (SELECT 1 FROM TMMSM50  where MAT_CODE = TMMSM5
p_mmsm_17670/mmsmylws_inq.cpp	136	137	sqlstr_count = "SELECT COUNT(1) FROM (" + sqlstr+")";
p_mmsm_17670/mmsmzxh01_inq.cpp	86	92	sqlstr = " select AOD_BOF_E_DTIME,CAST_SEQ,st_no, count(1) HEAT_NUM, sum(MAT_ACT_WT) MAT_ACT_WT "
p_mmsm_17670/mmsmzxh01_inq.cpp	93	100	" SELECT AOD_BOF_E_DTIME,t1.HEATNR as heat_no, t1.GRADE_ID as st_no,t1.CAST_SEQ,t1.CAST_DIV_NO_1, t1.MAT_ACT_WT "
p_mmsm_17670/mmsmzxh01_inq.cpp	101	114	" select HEATNR, SUM(WEIGHT*INCLUDE_NI) as DAVO_NI, SUM(WEIGHT*INCLUDE_CR) as DAVO_CR, SUM(WEIGHT*INCLUDE_MO) as DAVO_MO	 "
p_mmsm_17670/mmsmzxh02_inq.cpp	90	95	sqlstr = " select *	 "
p_mmsm_17670/mmsmzxh_inq1.cpp	160	160	sqlstr_count = "  SELECT COUNT(1) FROM TMMSMZXHBB SM56 WHERE 1=1 ";
p_mmsm_17670/mmsmzxh_inq1.cpp	162	164	sqlstr = " SELECT TIME_1 DATE_TIME, USER_NAME ADMIN ,TAP_END_TIME END_TIME,HEAT_NO,PROC_NO,PROD_OUT_WT SCL,ORIGIN_SYS_CODE LY,DEV_CODE,SHIFT_GROUP,ST_NO,ST_NO_D
p_mmsm_17670/mmsmzxhlh_ins.cpp	73	78	sqlstr = " select max(case when heat_no like 'A0%' then heat_no else 'A04000001' end)"
p_mmsm_17670/mmsmzxhlh_ins.cpp	106	112	sqlstr = " select max(case when heat_no like 'B0%' then heat_no else 'B04000001' end)"
p_mmsm_17670/mmsmzxhlh_ins.cpp	144	148	sqlstr = " delete from tmmsmzxhbb t1  "
p_mmsm_17670/mmsmzxhlh_ins.cpp	180	180	sqlstr = " insert into tmmsmzxhbb (REC_CREATOR,REC_CREATE_TIME,time_stamps,USER_ID,HEAT_NO,PROC_NO,DEV_CODE,MAT_CODE,MAT_NAME,LOT_NO,WEIGH_NO,QUALITY_BATCH_NO,S
p_mmsm_17670/mmsmzxhlh_ins.cpp	181	188	" select @rec_creator,@rec_create_time,@time_stamps,@user_id,heat_no,SM_PLAN_NOL2,DEV_CODE,MAT_CODE,MAT_NAME,LOT_NO,WEIGH_NO,QUALITY_BATCH_NO,ST_NO,sum(OUT_STOC
p_mmsm_17670/mmsmzxhlh_ins.cpp	199	204	sqlstr = " update tmmsmzxhbb t1 set (ST_NO_DESC,ST_NO_BIG_CLASS) = ( select SG_GRADE_1,ST_NO_BIG_CLASS from  TQMTS0X  t2 where t1.st_no = t2.st_no) "
p_mmsm_17670/mmsmzxhlh_ins.cpp	213	218	sqlstr = " update tmmsmzxhbb t1 set TYPE_CODE1 = ( select decode(TYPE_DL, '10', '辅料', '20', '合金', '30', '废钢', '70', '生铁', '80', '铁水', '90', '自循环废钢',' ') from  Z
p_mmsm_17670/mmsmzxhlh_ins.cpp	228	234	sqlstr = " update tmmsmzxhbb t1 set (TAP_END_TIME,PROD_OUT_WT,SHIFT_GROUP,SHIFT_NO,ORIGIN_SYS_CODE) = (select LADLE_ARRIVE_TIME,LADLE_ARRIVE_WT-LADLE_LEAVE_WT,P
p_mmsm_17670/mmsmzxhlh_ins.cpp	243	248	sqlstr = " update tmmsmzxhbb t1 set ROUTELIST = (SELECT  LISTAGG(DISTINCT DEV_CODE,'/') WITHIN GROUP (ORDER BY START_TIME) FROM TMMSMGY06  t2 where t2.HANDLE_DI
p_mmsm_17670/mmsmzxhlh_ins.cpp	257	262	sqlstr = " update tmmsmzxhbb t1 set PROD_OUT_WT = (select STEEL_NET_WEIGHT from VW_CCM_STEEL_WT t2 where t1.heat_no=t2.HEAT_NAME and rownum=1) ,ORIGIN_SYS_CODE=
p_mmsm_17670/mmsmzxhlh_ins.cpp	271	278	sqlstr = " update tmmsmzxhbb t1 set PROD_OUT_WT = (select ACTRESULT from tmmsm27 t2 where t1.heat_no=t2.l2_proc_no) ,ORIGIN_SYS_CODE='AOD'"
p_mmsm_17670/mmsmzxhlh_ins.cpp	286	292	sqlstr = " select distinct heat_no"
p_mmsm_17670/mmsmzxhlh_ins.cpp	302	308	sqlstr = "select dev_code,l2_proc_no"
p_mmsm_17670/mmsmzxhlh_ins.cpp	317	318	sqlstr = " SELECT MOLTIRON_WT FROM TMMSM24 WHERE l2_proc_no = @heat_no";
p_mmsm_17670/mmsmzxhlh_ins.cpp	330	331	sqlstr = " SELECT STEEL_WT FROM TMMSM26 WHERE l2_proc_no = @heat_no";
p_mmsm_17670/mmsmzxhlh_ins.cpp	344	345	sqlstr = " SELECT ACTRESULT FROM TMMSM25 WHERE l2_proc_no = @heat_no";
p_mmsm_17670/mmsmzxhlh_ins.cpp	358	359	sqlstr = " SELECT ACTRESULT FROM TMMSM23 WHERE l2_proc_no = @heat_no";
p_mmsm_17670/mmsmzxhlh_ins.cpp	371	372	sqlstr = " SELECT ACTRESULT FROM TMMSM21 WHERE l2_proc_no = @heat_no";
p_mmsm_17670/mmsmzxhlh_ins.cpp	393	396	sqlstr = " update tmmsmzxhbb t1 set PROD_OUT_WT =@prod_out_wt ,ORIGIN_SYS_CODE=@origin_sys_code"
p_mmsm_17670/mmsmzxhlh_ins.cpp	416	422	sqlstr = " update tmmsmzxhbb t1 set (QUALITY_BATCH_NO,CR_VALUE,NI_VALUE,MO_VALUE) = (select 'ZJ_MAT_ELEMENT',CR,NI,MO from ZJ_MAT_ELEMENT t2 where t1.MAT_CODE=t
p_mmsm_17670/mmsmzxhlh_ins.cpp	438	444	sqlstr = " update tmmsmzxhbb t1 set (QUALITY_BATCH_NO, CR_VALUE, NI_VALUE, MO_VALUE) =(SELECT LOT_NO, CR_VALUE, NI_VALUE, MO_VALUE FROM (SELECT LOT_NO,nvl(CR_VA
p_mmsm_17670/mmsmzxhlh_ins.cpp	453	460	sqlstr = " update tmmsmzxhbb t1 set QUALITY_BATCH_NO= (SELECT  max(QUALITY_BATCH_NO) FROM TMMSM81AH t2 WHERE  t2.REMARK_1 = 'F' AND t2.MAT_CODE=t1.MAT_CODE and 
p_mmsm_17670/mmsmzxhlh_ins.cpp	468	476	sqlstr = " update tmmsmzxhbb t1 set QUALITY_BATCH_NO = (SELECT MAX(QUALITY_BATCH_NO) FROM tmmsm81ah"
p_mmsm_17670/mmsmzxhlh_ins.cpp	486	486	sqlstr = " update tmmsmzxhbb t1 set (QUALITY_BATCH_NO,CR_VALUE,NI_VALUE,MO_VALUE)= (SELECT QUALITY_BATCH_NO ,max(nvl(Cr,0)),max(nvl(Ni,0)), max(nvl(Mo,0))  FROM
p_mmsm_17670/mmsmzxhlh_ins.cpp	487	494	" SELECT  * FROM ( SELECT QUALITY_BATCH_NO ,ELM_VALUE,ELM_NAME FROM  TMMSM81AL )"
p_mmsm_17670/mmsmzxhlh_ins.cpp	504	509	sqlstr = " update tmmsmzxhbb t1 set (CR_VALUE) = (select CR from ZJ_MAT_ELEMENT t2 where t1.MAT_CODE=t2.MAT_ID) ,TYPE_DESC='固定类型3'"
p_mmsm_17670/mmsmzxhlh_ins.cpp	516	521	sqlstr = " update tmmsmzxhbb t1 set (NI_VALUE) = (select NI from ZJ_MAT_ELEMENT t2 where t1.MAT_CODE=t2.MAT_ID) ,TYPE_DESC='固定类型4'"
p_mmsm_17670/mmsmzxhlh_ins.cpp	529	534	sqlstr = " update tmmsmzxhbb t1 set (MO_VALUE) = (select MO from ZJ_MAT_ELEMENT t2 where t1.MAT_CODE=t2.MAT_ID) ,TYPE_DESC='固定类型5'"
p_mmsm_17670/mmsmzxhlh_ins.cpp	542	547	sqlstr = " update tmmsmzxhbb t1 set (CR_VALUE,NI_VALUE) = (select CR*t1.CR_VALUE,NI*t1.NI_VALUE from ZJ_MAT_ELEMENT t2 where t1.MAT_CODE=t2.MAT_ID) ,TYPE_DESC='
p_mmsm_17680/cm_33t805_rcv.cpp	52	54	sqlstr = " select mat_name from tmmsm50 "
p_mmsm_17680/cm_33t805_rcv.cpp	79	80	sqlstr = " delete from TFBSM57C where DATE_TIME!='" + datetime_s + "' ";
p_mmsm_17680/cm_33t806_rcv.cpp	36	38	sqlstr = " select mat_name from tmmsm50 "
p_mmsm_17680/cm_33t806_rcv.cpp	55	56	sqlstr = " delete from TFBSM57E where id_sj!='"+id_sj+"' ";
p_mmsm_17680/cm_b02101_rcv.cpp	61	62	sqlstr = "SELECT T.TICODE FROM TMMSM11 T WHERE T.IRON_NO = @IRON_NO";
p_mmsm_17680/cm_b02102_rcv.cpp	163	164	sqlstr = "SELECT T.TAP_IRON_END_TIME FROM TMMSM11B T WHERE T.IRON_NO = @IRON_NO";
p_mmsm_17680/cm_b02102_rcv.cpp	186	187	sqlstr = "DELETE FROM TMMSM11 T WHERE T.TPC_ID = @TPC_ID";
p_mmsm_17680/cm_b02102_rcv.cpp	224	225	sqlstr = "SELECT T.TICODE FROM TMMSM11 T WHERE T.TPC_ID = @TPC_ID";
p_mmsm_17680/cm_b02103_rcv.cpp	151	156	sqlstr = " select * from tmmsm85"
p_mmsm_17680/cm_b02104_rcv.cpp	89	90	sqlstr = " SELECT CODE  FROM TEP0002 WHERE CODE_DESC_1_CONTENT=@elm_name and  CODE_CLASS='MMLC02' ";
p_mmsm_17680/cm_b02104_rcv.cpp	124	128	sqlstr = " select sum(elm_value) from tmmsm81al"
p_mmsm_17680/cm_b02104_rcv.cpp	143	148	sqlstr = " select ELM_CODE,ELM_NAME"
p_mmsm_17680/cm_b02104_rcv.cpp	167	172	sqlstr = " update tmmsm81al set elm_value = elm_value+@dif_wt"
p_mmsm_17680/cm_b02108_rcv.cpp	49	50	sqlstr = "  SELECT max(SEQ_NO)+1 FROM TMMSM81V ";
p_mmsm_17680/cm_c02101_rcv.cpp	176	179	sqlstr = " update tmmsm85 set lot_no = @lot_no"
p_mmsm_17680/cm_c02101_rcv.cpp	186	189	sqlstr = " update tmmsm89 set lot_no = @lot_no"
p_mmsm_17680/cm_c02101_rcv.cpp	196	199	sqlstr = " update tmmsm2a_yl set lot_no = @lot_no"
p_mmsm_17680/cm_c02101_rcv.cpp	206	209	sqlstr = " update tmmsmgy08 set lot_no = @lot_no"
p_mmsm_17680/cm_c02101_rcv.cpp	216	219	sqlstr = " update tmmsm56 set lot_no = @lot_no"
p_mmsm_17680/cm_c02101_rcv.cpp	269	274	sqlstr = " select * from tmmsm85"
p_mmsm_17680/cm_c02101_rcv.cpp	324	329	sqlstr = " select * from tmmsm85"
p_mmsm_17680/cm_c02102_rcv.cpp	100	101	sqlstr = " SELECT CODE  FROM TEP0002 WHERE CODE_DESC_1_CONTENT=@elm_name and  CODE_CLASS='MMLC02' ";
p_mmsm_17680/cm_c02102_rcv.cpp	158	162	sqlstr = " select sum(elm_value) from tmmsm81al"
p_mmsm_17680/cm_c02102_rcv.cpp	177	182	sqlstr = " select ELM_CODE,ELM_NAME"
p_mmsm_17680/cm_c02102_rcv.cpp	199	204	sqlstr = " update tmmsm81al set elm_value = elm_value+@dif_wt"
p_mmsm_17680/cm_c02104_rcv.cpp	56	57	sqlstr = "SELECT ELM_VALUE FROM TMMSM81AL WHERE QUALITY_BATCH_NO ='" + tmmsm81["QUALITY_BATCH_NO"].ToString() + "' ";
p_mmsm_17680/cm_eyt801_rcv.cpp	83	87	sqlstr = " select mat_code,mat_name,WEIGH_NO,SEQ_NO,QUALITY_BATCH_NO from tmmsm85 "
p_mmsm_17680/cm_eyt801_rcv.cpp	101	102	sqlstr = "  SELECT TRIM(LPAD(TO_CHAR(MMLC_T83.NEXTVAL),20 ))  FROM DUAL ";
p_mmsm_17680/cm_eyt801_rcv.cpp	114	118	sqlstr = " select mat_code,mat_name from tmmsm60 "
p_mmsm_17690/mmsm2acs_inq.cpp	79	80	sqlstr = "   SELECT HEAT_NO,MAT_CODE,PROD_DATE,DEV_CODE,SM_PLAN_NOL2,MAX(MAT_NAME) MAT_NAME,SUM(DEVO_WT) DEVO_WT FROM " +  c_table + "WHERE 1=1 AND REMARK_4 != 
p_mmsm_17690/mmsm2aft_inq.cpp	69	70	sqlstr = "   SELECT HEAT_NO,MAT_CODE,PROD_DATE,DEV_CODE,SM_PLAN_NOL2,MAX(MAT_NAME) MAT_NAME,SUM(DEVO_WT) DEVO_WT FROM TMMSM2A_YL WHERE 1=1 AND REMARK_4 != '1' "
p_mmsm_17690/mmsm2aft_inq1.cpp	69	72	sqlstr = "   SELECT MAT_CODE,MAT_NAME,PROD_DATE,DEVO_WT FROM TMMSM2A_YL WHERE 1=1  AND REMARK_4 = '1' ";
p_mmsm_17690/mmsm2aft_inq2.cpp	68	69	sqlstr = " select * from TMMSM2A_SEND  t where 1=1 and t.send_flag = '1' and t.rtn_flag != '1' AND T.HANDLE_DIV = 'F'";
p_mmsm_17690/mmsm2aft_insft.cpp	59	60	sqlstr = " SELECT NVL(MAX(PROC_COUNT),0) PROC_COUNT FROM TMMSM2A_YL WHERE MAT_CODE=@MAT_CODE AND "
p_mmsm_17690/mmsm2ayl_updsc.cpp	93	94	sqlstr = "  SELECT LPAD(TO_CHAR(MMLC_XH.NEXTVAL),7 ,'0') FROM DUAL ";
p_mmsm_17690/mmsm60db_inq.cpp	73	73	sqlstr = "SELECT * FROM ( "
p_mmsm_17690/mmsm60db_inq.cpp	74	77	" SELECT BUNKER_NO, MAT_CODE, MAX(BUNKER_NAME) BUNKER_NAME, MAX(MAT_NAME) MAT_NAME, MAX(BASE_NAME) BASE_NAME, "
p_mmsm_17690/mmsm60db_inq.cpp	78	79	" SELECT BUNKER_NO, BUNKER_NAME, MAT_NAME, MAT_CODE, BASE_NAME, BACK_C5, -STOCK_WT FROM TMMSM60_QC)  GROUP BY BUNKER_NO, MAT_CODE) WHERE STOCK_WT<>0 "
p_mmsm_17690/mmsm60lc3_upd.cpp	66	67	sqlstr = " SELECT * FROM TMMSM85 WHERE BUNKER_NO = @BUNKER_NO";
p_mmsm_17690/mmsm60lc4_upd.cpp	77	78	sqlstr = " SELECT * FROM TMMSM85 WHERE BUNKER_NO = @BUNKER_NO";
p_mmsm_17690/mmsm60lc4_upd.cpp	82	83	sqlstr = " select * from tmmsm60 where BUNKER_NO = @BUNKER_NO ";
p_mmsm_17690/mmsm60lcxl_inq.cpp	70	72	sqlstr = "  SELECT   BUNKER_NO ,BUNKER_NAME ,BUNKER_TYPE , MAT_CODE , MAT_NAME, MAT_TYPE, STOCK_WT,RATE  FROM  TMMSM60    "
p_mmsm_17690/mmsm60lcxl_inq.cpp	93	95	sqlstr = "  SELECT   BUNKER_NO ,BUNKER_NAME ,BUNKER_TYPE , MAT_CODE , MAT_NAME, MAT_TYPE, STOCK_WT,RATE  FROM  TMMSM60    "
p_mmsm_17690/mmsm60lcxl_inq.cpp	117	119	sqlstr = "  SELECT   BUNKER_NO ,BUNKER_NAME ,BUNKER_TYPE , MAT_CODE , MAT_NAME, MAT_TYPE, STOCK_WT,RATE  FROM  TMMSM60    "
p_mmsm_17690/mmsm60nbk_inq.cpp	68	69	sqlstr = "  SELECT * FROM TMMSM60 WHERE  BUNKER_TYPE  = 'M' ORDER BY BACK_N_1 "
p_mmsm_17690/mmsm69_inq.cpp	81	83	sqlstr = " SELECT a.*  "
p_mmsm_17690/mmsm69car_inq.cpp	87	89	sqlstr = " SELECT a.*,b.TRUCK_NO,b.TRUCK_BOARD_NO,b.MAT_WT  "
p_mmsm_17690/mmsm69car_pro.cpp	56	59	cmd_inq.SetCommandText("select count(*)  from twmsm61 t where t.truck_no = '" + twmsm61["TRUCK_NO"].ToString() + "' and t.mat_wt =  0  and t.back11 = ' ' and un
p_mmsm_17690/mmsm81_cf_inq.cpp	69	72	sqlstr_count = " SELECT COUNT(1) "
p_mmsm_17690/mmsm81_cf_inq.cpp	74	76	"  SELECT  NVL(T1.STATUS,NET_WT) STATUS, T.* FROM"
p_mmsm_17690/mmsm81_cf_inq.cpp	77	82	" SELECT MAT_CODE, MAT_NAME, WEIGH_NO, QUALITY_BATCH_NO, FORM_EDIT_FLAG, BUNKER_NO, MAT_RCV_TIME, NET_WT, STATUS, SHIP_NAME, RECEIVE_DATA_TIME, VEHICLE_NO,"
p_mmsm_17690/mmsm81_inq1.cpp	105	108	sqlstr_count = " SELECT COUNT(1) "
p_mmsm_17690/mmsm81_inq1.cpp	109	112	sqlstr = " SELECT * "
p_mmsm_17690/mmsm81_inq_seq.cpp	46	47	sqlstr = "  SELECT LPAD(TO_CHAR(MMLC_ZXH.NEXTVAL),4,0) FROM DUAL ";
p_mmsm_17690/mmsm81_quality_inq.cpp	66	67	sqlstr = "SELECT QUALITY_BATCH_NO,REC_CREATE_TIME,LOT_NO FROM TMMSM81AH T WHERE 1=1 ";
p_mmsm_17690/mmsm81al_inq1.cpp	56	57	sqlstr =" SELECT  * FROM ( SELECT QUALITY_BATCH_NO ,ELM_VALUE,ELM_NAME FROM  TMMSM81AL WHERE QUALITY_BATCH_NO=@QUALITY_BATCH_NO )"
p_mmsm_17690/mmsm81bd1_inq.cpp	66	68	sqlstr = " SELECT * "
p_mmsm_17690/mmsm81bd_inq.cpp	74	77	sqlstr_count = " SELECT COUNT(1) "
p_mmsm_17690/mmsm81bd_inq.cpp	78	81	sqlstr = " SELECT * "
p_mmsm_17690/mmsm81bd_pro.cpp	91	92	sqlstr = "INSERT INTO " + table_name;
p_mmsm_17690/mmsm81bd_pro.cpp	142	143	sqlstr = "DELETE FROM " + table_name;
p_mmsm_17690/mmsm81cf_inq.cpp	72	74	sqlstr = " SELECT * FROM TMMSM81AL WHERE QUALITY_BATCH_NO IN ( \
p_mmsm_17690/mmsm81cf_inq.cpp	87	89	sqlstr = " SELECT * FROM TMMSM81AL WHERE QUALITY_BATCH_NO IN ( \
p_mmsm_17690/mmsm81xz1_ins.cpp	81	82	CString mat_type = Db::QueryCString("select mat_type from tmmsm50 where mat_code='" + mat_code + "'");
p_mmsm_17690/mmsm81xz1_ins.cpp	135	136	sqlstr = "  SELECT NVL(max(SEQ_NO),0) FROM  TMMSM85     WHERE 1=1   AND BUNKER_NO	= @bunker_no";
p_mmsm_17690/mmsm81xz_ins.cpp	72	73	CString mat_type = Db::QueryCString("select mat_type from tmmsm50 where mat_code='" + mat_code + "'");
p_mmsm_17690/mmsm82bd1_inq.cpp	79	80	sqlstr = " SELECT BUNKER_NO,BUNKER_NO_ORIGINAL,MAT_CODE,MAT_NAME,STOCK_WT,WEIGH_NO,SEQ_NO,UPLOAD_301 FROM TMMSM85 WHERE 1=1 and BUNKER_NO = @BUNKER_NO "
p_mmsm_17690/mmsm82bd1_upd.cpp	157	161	sqlstr = "SELECT BACK_C2,BACK_C3,BACK_C1 "
p_mmsm_17690/mmsm82bd1_upd.cpp	192	193	sqlstr = " select * from tmmsm85 where  MAT_CODE LIKE 'F%' AND substr(MAT_CODE, 1, 3) NOT in ('F06') and mat_code not IN ( SELECT CODE FROM TEP0002 WHERE CODE_C
p_mmsm_17690/mmsm82bd1_upd.cpp	258	259	sqlstr = " SELECT * FROM TMMSM85 WHERE bunker_no = @bunker_no ";
p_mmsm_17690/mmsm82bd_upd.cpp	166	167	sqlstr = "  SELECT LPAD(TO_CHAR(MMLC_LS.NEXTVAL),18 ) FROM DUAL ";
p_mmsm_17690/mmsm82bd_upd.cpp	244	245	sqlstr = "  SELECT max(BUNKER_NO) FROM  TMMSM60     WHERE 1=1   AND MAT_CODE = @MAT_CODE ";
p_mmsm_17690/mmsm82bd_upd.cpp	259	260	sqlstr = "  SELECT NVL(max(SEQ_NO),0) FROM  TMMSM85  WHERE 1=1 AND BUNKER_NO = @BUNKER_NO  ";
p_mmsm_17690/mmsm82bd_upd.cpp	377	379	sqlstr = "UPDATE TMMSM60 SET STOCK_WT = (select nvl(sum(STOCK_WT),0) FROM tmmsm85 WHERE BUNKER_NO = @BUNKER_NO) "
p_mmsm_17690/mmsm82bd_upd.cpp	385	387	sqlstr = "UPDATE TMMSM60 SET STOCK_WT = (select nvl(sum(STOCK_WT),0) FROM tmmsm85 WHERE BUNKER_NO = @BUNKER_NO),BACK_C1 = '1' "
p_mmsm_17690/mmsm82bd_upd.cpp	403	406	sqlstr = "UPDATE TMMSM60 SET BACK_C1='0', BACK_C2='0', BACK_C3='0',  UPLOAD_301='0' "
p_mmsm_17690/mmsm82bd_upd.cpp	413	414	sqlstr = " select count(1) from tmmsm85  WHERE BUNKER_NO = @BUNKER_NO ";
p_mmsm_17690/mmsm82bd_upd2.cpp	163	164	sqlstr = "  SELECT LPAD(TO_CHAR(MMLC_LS.NEXTVAL),18 ) FROM DUAL ";
p_mmsm_17690/mmsm82bd_upd2.cpp	241	242	sqlstr = "  SELECT max(BUNKER_NO) FROM  TMMSM60     WHERE 1=1   AND MAT_CODE = @MAT_CODE ";
p_mmsm_17690/mmsm82bd_upd2.cpp	256	257	sqlstr = "  SELECT NVL(max(SEQ_NO),0) FROM  TMMSM85  WHERE 1=1 AND BUNKER_NO = @BUNKER_NO  ";
p_mmsm_17690/mmsm82bd_upd2.cpp	298	300	sqlstr = "UPDATE TMMSM60 SET STOCK_WT = (select nvl(sum(STOCK_WT),0) FROM tmmsm85 WHERE BUNKER_NO = @BUNKER_NO) "
p_mmsm_17690/mmsm82bd_upd2.cpp	306	308	sqlstr = "UPDATE TMMSM60 SET STOCK_WT = (select nvl(sum(STOCK_WT),0) FROM tmmsm85 WHERE BUNKER_NO = @BUNKER_NO),BACK_C1 = '1' "
p_mmsm_17690/mmsm82bd_upd2.cpp	324	327	sqlstr = "UPDATE TMMSM60 SET BACK_C1='0', BACK_C2='0', BACK_C3='0',  UPLOAD_301='0' "
p_mmsm_17690/mmsm82bd_upd2.cpp	334	335	sqlstr = " select count(1) from tmmsm85  WHERE BUNKER_NO = @BUNKER_NO ";
p_mmsm_17690/mmsm82d1_inq.cpp	62	62	sqlstr_count = " SELECT COUNT(1) FROM " + v_table_name + " WHERE 1=1 ";
p_mmsm_17690/mmsm82d1_inq.cpp	63	65	sqlstr = " SELECT * FROM " + v_table_name + "  WHERE 1=1 ";
p_mmsm_17690/mmsm82d1_pro.cpp	58	59	cmd_inq.SetCommandText("select  nvl(MAX(PROC_COUNT),0)+1 from " + v_table_name + " where  STAT_DATE = '" + tmmsmyl["STAT_DATE"].ToString().Trim() + "' ");
p_mmsm_17690/mmsm82d1_pro.cpp	67	69	sqlstr = " SELECT REC_CREATE_TIME, REC_CREATOR  "
p_mmsm_17690/mmsm82d2_inq.cpp	51	51	sqlstr_count = " SELECT COUNT(1) FROM  (SELECT T.STAT_DATE,T.L2_PROC_NO,T.ST_NO,T.HEAT_NO,R.RATIO_NUM,COUNT(*) OVER (PARTITION BY T.L2_PROC_NO) AS RECORD_CNT FR
p_mmsm_17690/mmsm82d2_inq.cpp	52	53	sqlstr = " SELECT STAT_DATE,L2_PROC_NO,ST_NO,HEAT_NO,RATIO_NUM FROM (SELECT T.STAT_DATE,T.L2_PROC_NO,T.ST_NO,T.HEAT_NO,R.RATIO_NUM,COUNT(*) OVER (PARTITION BY T
p_mmsm_17690/mmsm82d2_pro.cpp	104	105	sqlstr ="SELECT COALESCE(SUM(RATIO_NUM), 0) AS SUM_RATIO,COUNT(CASE WHEN RATIO_NUM > 0 THEN 1 END) AS COUNT_GT0,COUNT(1) AS TOTAL_COUNT FROM TMMSMGY09 WHERE L2_
p_mmsm_17690/mmsm831_inq_t83.cpp	72	75	sqlstr_count = " SELECT COUNT(1) "
p_mmsm_17690/mmsm831_inq_t83.cpp	76	79	sqlstr = " SELECT BUNKER_NO,BUNKER_NAME,BUNKER_NO_ORIGINAL,BUNKER_NAME_ORIGINAL,BIN_SRART_TIME,BIN_END_TIME,REAL_WEIGHT*1000 REAL_WEIGHT,BELT,PROD_SHIFT_GROUP,Q
p_mmsm_17690/mmsm831_inq_t83.cpp	144	145	sqlstr = " select mat_code from tmmsm60 where BUNKER_NO = @BUNKER_NO";
p_mmsm_17690/mmsm831_inq_t83.cpp	167	168	sqlstr = " select mat_code from tmmsm60 where BUNKER_NO = @BUNKER_NO";
p_mmsm_17690/mmsm831_upd2.cpp	133	134	sqlstr = "  SELECT * FROM TMMSM85 WHERE bunker_no = @bunker_no ";
p_mmsm_17690/mmsm831_upd2.cpp	143	144	sqlstr = "  SELECT NVL(max(SEQ_NO),0) FROM  TMMSM85     WHERE 1=1   ";
p_mmsm_17690/mmsm831_upd2.cpp	152	153	sql = " SELECT NVL(min(SEQ_NO),0) SEQ_NO ,SUM(STOCK_WT) STOCK_WT FROM  TMMSM85     WHERE 1=1   AND BUNKER_NO = @BUNKER_NO  and QUALITY_BATCH_NO <> ' ' AND STOCK
p_mmsm_17690/mmsm831_upd2.cpp	171	173	sqlstr = " SELECT BUNKER_NO FROM TMMSM60 t WHERE CHECK_OUT_FLAG ='1' and BUNKER_NO = @BUNKER_NO   ";
p_mmsm_17690/mmsm831_upd2.cpp	248	249	sql = "  SELECT * FROM  TMMSM85     WHERE 1=1 AND STOCK_WT <>0  and QUALITY_BATCH_NO <> ' '  AND BUNKER_NO = @BUNKER_NO and SEQ_NO in ( " + d_seq_no + " )   and
p_mmsm_17690/mmsm831_upd2.cpp	276	277	sqlstr = "  SELECT LPAD(TO_CHAR(MMLC_LS.NEXTVAL),18 ) FROM DUAL ";
p_mmsm_17690/mmsm831_upd2.cpp	344	345	sqlstr = "  SELECT LPAD(TO_CHAR(MMLC_LS.NEXTVAL),18 ) FROM DUAL ";
p_mmsm_17690/mmsm831_upd2.cpp	399	401	sqlstr = " update tmmsm60 set back_c1='1',stock_wt = (select nvl(sum(stock_wt),0) from tmmsm85 where BUNKER_NO = @bunker_no)"
p_mmsm_17690/mmsm831_upd2.cpp	408	410	sqlstr = " update tmmsm60 set stock_wt = (select nvl(sum(stock_wt),0) from tmmsm85 where BUNKER_NO = @bunker_no)"
p_mmsm_17690/mmsm831_upd2.cpp	434	435	sql = "  SELECT * FROM  TMMSM85     WHERE 1=1   AND BUNKER_NO			= @BUNKER_NO  and QUALITY_BATCH_NO <> ' ' AND STOCK_WT <> 0  ORDER BY SEQ_NO,TIME_INSTOCK ASC ";
p_mmsm_17690/mmsm831_upd2.cpp	462	463	sqlstr = "  SELECT LPAD(TO_CHAR(MMLC_LS.NEXTVAL),18 ) FROM DUAL ";
p_mmsm_17690/mmsm831_upd2.cpp	529	530	sqlstr = "  SELECT LPAD(TO_CHAR(MMLC_LS.NEXTVAL),18 ) FROM DUAL ";
p_mmsm_17690/mmsm831_upd2.cpp	585	587	sqlstr = " update tmmsm60 set back_c1='1',stock_wt = (select nvl(sum(stock_wt),0) from tmmsm85 where BUNKER_NO = @bunker_no)"
p_mmsm_17690/mmsm831_upd2.cpp	594	596	sqlstr = " update tmmsm60 set stock_wt = (select nvl(sum(stock_wt),0) from tmmsm85 where BUNKER_NO = @bunker_no)"
p_mmsm_17690/mmsm831_upd3.cpp	132	134	sqlstr = "  SELECT NVL(max(SEQ_NO),0) FROM  TMMSM85     WHERE 1=1  ";
p_mmsm_17690/mmsm831_upd3.cpp	145	146	sql = " SELECT NVL(min(SEQ_NO),0) SEQ_NO ,SUM(STOCK_WT) STOCK_WT FROM  TMMSM85     WHERE 1=1   AND BUNKER_NO = @BUNKER_NO  and QUALITY_BATCH_NO <> ' ' AND STOCK
p_mmsm_17690/mmsm831_upd3.cpp	203	204	sql = "  SELECT * FROM  TMMSM85     WHERE 1=1   AND BUNKER_NO = @BUNKER_NO AND WEIGH_NO = @WEIGH_NO AND MAT_CODE = @MAT_CODE AND SEQ_NO = @SEQ_NO and QUALITY_BA
p_mmsm_17690/mmsm831_upd3.cpp	328	330	sqlstr = " update tmmsm60 set back_c1='1', stock_wt = (select nvl(sum(stock_wt),0) from tmmsm85 where BUNKER_NO = @bunker_no)"
p_mmsm_17690/mmsm831_upd3.cpp	337	339	sqlstr = " update tmmsm60 set stock_wt = (select nvl(sum(stock_wt),0) from tmmsm85 where BUNKER_NO = @bunker_no)"
p_mmsm_17690/mmsm831_upd4.cpp	97	98	sqlstr = " SELECT BUNKER_NO FROM tmmsm85 WHERE 1=1 AND BUNKER_NO in ('2D01','2D02','3D01','3D02') ORDER BY TIME_INSTOCK,SEQ_NO ASC	 ";
p_mmsm_17690/mmsm831_upd4.cpp	139	141	sqlstr = "  SELECT NVL(max(SEQ_NO),0) FROM  TMMSM85     WHERE 1=1 ";
p_mmsm_17690/mmsm831_upd4.cpp	152	153	sql = " SELECT NVL(min(SEQ_NO),0) SEQ_NO ,SUM(STOCK_WT) STOCK_WT FROM  TMMSM85     WHERE 1=1   AND BUNKER_NO = @BUNKER_NO  and QUALITY_BATCH_NO <> ' ' AND STOCK
p_mmsm_17690/mmsm831_upd4.cpp	191	192	sql = "  SELECT * FROM  TMMSM85     WHERE 1=1   AND BUNKER_NO = @BUNKER_NO and QUALITY_BATCH_NO <> ' ' AND STOCK_WT <> 0 ORDER BY SEQ_NO ASC ";
p_mmsm_17690/mmsm831_upd4.cpp	306	308	sqlstr = " update tmmsm60 set stock_wt = (select nvl(sum(stock_wt),0) from tmmsm85 where BUNKER_NO = @bunker_no)"
p_mmsm_17690/mmsm831_upd4.cpp	315	317	sqlstr = " update tmmsm60 set stock_wt = (select nvl(sum(stock_wt),0) from tmmsm85 where BUNKER_NO = @bunker_no)"
p_mmsm_17690/mmsm831_updnbk.cpp	136	138	sqlstr = "  SELECT NVL(max(SEQ_NO),0) FROM  TMMSM85     WHERE 1=1  ";
p_mmsm_17690/mmsm831_updnbk.cpp	147	148	sql = " SELECT NVL(min(SEQ_NO),0) SEQ_NO ,SUM(STOCK_WT) STOCK_WT FROM TMMSM85 WHERE 1=1 AND MAT_CODE = @MAT_CODE AND BUNKER_NO = @BUNKER_NO  and QUALITY_BATCH_N
p_mmsm_17690/mmsm831_updnbk.cpp	172	175	sql = "  SELECT * FROM  TMMSM85     WHERE 1=1   AND BUNKER_NO = @BUNKER_NO  AND MAT_CODE = @MAT_CODE and QUALITY_BATCH_NO <> ' ' AND STOCK_WT <> 0  ";
p_mmsm_17690/mmsm831_updnbk.cpp	304	306	sqlstr = " update tmmsm60 set stock_wt = (select nvl(sum(stock_wt),0) from tmmsm85 where BUNKER_NO = @bunker_no)"
p_mmsm_17690/mmsm831_updnbk.cpp	313	315	sqlstr = " update tmmsm60 set stock_wt = (select nvl(sum(stock_wt),0) from tmmsm85 where BUNKER_NO = @bunker_no)"
p_mmsm_17690/mmsm831_updstl.cpp	168	170	sqlstr = "  SELECT NVL(max(SEQ_NO),0) FROM  TMMSM85     WHERE 1=1 ";
p_mmsm_17690/mmsm831_updstl.cpp	181	182	sql = " SELECT NVL(min(SEQ_NO),0) SEQ_NO ,SUM(STOCK_WT) STOCK_WT FROM  TMMSM85 WHERE 1=1 AND MAT_CODE = @MAT_CODE   AND BUNKER_NO = 'GEN'  and QUALITY_BATCH_NO 
p_mmsm_17690/mmsm831_updstl.cpp	244	247	sql = "  SELECT * FROM  TMMSM85     WHERE 1=1   AND BUNKER_NO	= 'GEN' and MAT_CODE = @MAT_CODE and WEIGH_NO = @WEIGH_NO and SEQ_NO=@SEQ_NO and QUALITY_BATCH_NO 
p_mmsm_17690/mmsm831_updstl.cpp	362	364	sqlstr = " update tmmsm60 set stock_wt = (select nvl(sum(stock_wt),0) from tmmsm85 where BUNKER_NO = @bunker_no)"
p_mmsm_17690/mmsm831_updstl.cpp	371	373	sqlstr = " update tmmsm60 set stock_wt = (select nvl(sum(stock_wt),0) from tmmsm85 where BUNKER_NO = @bunker_no)"
p_mmsm_17690/mmsm831_updsx.cpp	126	128	sqlstr = "  SELECT NVL(max(SEQ_NO),0) FROM  TMMSM85     WHERE 1=1  ";
p_mmsm_17690/mmsm831_updsx.cpp	139	141	sql = " SELECT NVL(min(SEQ_NO),0) SEQ_NO ,SUM(STOCK_WT) STOCK_WT FROM  TMMSM85     WHERE 1=1   AND BUNKER_NO = 'WIRE' and MAT_CODE = @MAT_CODE and QUALITY_BATCH
p_mmsm_17690/mmsm831_updsx.cpp	187	189	sql = "  SELECT * FROM  TMMSM85     WHERE 1=1   AND BUNKER_NO	= 'WIRE' and MAT_CODE = @MAT_CODE and WEIGH_NO = @WEIGH_NO and SEQ_NO=@SEQ_NO and QUALITY_BATCH_NO
p_mmsm_17690/mmsm831_updsx.cpp	310	312	sqlstr = " update tmmsm60 set stock_wt = (select nvl(sum(stock_wt),0) from tmmsm85 where BUNKER_NO = @bunker_no)"
p_mmsm_17690/mmsm831_updsx.cpp	319	321	sqlstr = " update tmmsm60 set stock_wt = (select nvl(sum(stock_wt),0) from tmmsm85 where BUNKER_NO = @bunker_no)"
p_mmsm_17690/mmsm835d_inq.cpp	57	70	" SELECT EVENT_TIME,SERIAL_NUMBER,'6240'  FACTORY_CODE,'6241' DST_STOCK_CODE,'6062' SRC_STOCK_CODE,WEIGH_NO,"
p_mmsm_17690/mmsm835d_inq.cpp	72	73	sqlstr_count = " SELECT COUNT(1) FROM (" + sqlstr + ") WHERE 1=1 ";
p_mmsm_17690/mmsm841_inq.cpp	60	61	sqlstr_count = " SELECT COUNT(*) "
p_mmsm_17690/mmsm841_inq.cpp	62	63	sqlstr = " select *  "
p_mmsm_17690/mmsm85_bunker_gw.cpp	80	82	sqlstr = "  SELECT   (BUNKER_NO||'-'||MAT_NAME) BUNKER_NO , BUNKER_NAME ,BUNKER_TYPE , MAT_CODE , MAT_NAME, MAT_TYPE, STOCK_WT,RATE  FROM  TMMSM60    "
p_mmsm_17690/mmsm85_bunker_gw.cpp	101	103	sqlstr = "  SELECT   (BUNKER_NO||'-'||MAT_NAME) BUNKER_NO , BUNKER_NAME ,BUNKER_TYPE , MAT_CODE , MAT_NAME, MAT_TYPE, STOCK_WT,RATE  FROM  TMMSM60    "
p_mmsm_17690/mmsm85_bunker_gw.cpp	123	125	sqlstr = "  SELECT   (BUNKER_NO||'-'||MAT_NAME) BUNKER_NO , BUNKER_NAME ,BUNKER_TYPE , MAT_CODE , MAT_NAME, MAT_TYPE, STOCK_WT,RATE  FROM  TMMSM60    "
p_mmsm_17690/mmsm85_bunker_gw.cpp	144	146	sqlstr = "  SELECT   (BUNKER_NO||'-'||MAT_NAME) BUNKER_NO , BUNKER_NAME ,BUNKER_TYPE , MAT_CODE , MAT_NAME, MAT_TYPE, STOCK_WT,RATE  FROM  TMMSM60    "
p_mmsm_17690/mmsm85_bunker_gw.cpp	165	167	sqlstr = "  SELECT   (BUNKER_NO||'-'||MAT_NAME) BUNKER_NO , BUNKER_NAME ,BUNKER_TYPE , MAT_CODE , MAT_NAME, MAT_TYPE, STOCK_WT,RATE  FROM  TMMSM60    "
p_mmsm_17690/mmsm85_bunker_inq_stl.cpp	64	65	sqlstr = "  SELECT   BUNKER_NO ,BUNKER_NAME ,BUNKER_TYPE , MAT_CODE , MAT_NAME, MAT_TYPE, STOCK_WT,RATE  FROM  TMMSM60    "
p_mmsm_17690/mmsm85_bunker_inq_stl.cpp	73	74	sqlstr = "  SELECT   BUNKER_NO ,BUNKER_NAME ,BUNKER_TYPE , MAT_CODE , MAT_NAME, MAT_TYPE, STOCK_WT,RATE  FROM  TMMSM60    "
p_mmsm_17690/mmsm85_bunker_inq_stl.cpp	82	83	sqlstr = "  SELECT   BUNKER_NO ,BUNKER_NAME ,BUNKER_TYPE , MAT_CODE , MAT_NAME, MAT_TYPE, STOCK_WT,RATE  FROM  TMMSM60    "
p_mmsm_17690/mmsm85_bunker_inq_stl.cpp	91	92	sqlstr = "  SELECT   BUNKER_NO ,BUNKER_NAME ,BUNKER_TYPE , MAT_CODE , MAT_NAME, MAT_TYPE, STOCK_WT,RATE  FROM  TMMSM60    "
p_mmsm_17690/mmsm85_bunker_inq_stl.cpp	100	101	sqlstr = "  SELECT   BUNKER_NO ,BUNKER_NAME ,BUNKER_TYPE , MAT_CODE , MAT_NAME, MAT_TYPE, STOCK_WT,RATE  FROM  TMMSM60    "
p_mmsm_17690/mmsm85_bunker_inq_stl.cpp	109	110	sqlstr = "  SELECT   BUNKER_NO ,BUNKER_NAME ,BUNKER_TYPE , MAT_CODE , MAT_NAME, MAT_TYPE, STOCK_WT,RATE  FROM  TMMSM60    "
p_mmsm_17690/mmsm85_bunker_inqnbk.cpp	96	99	sqlstr_count = " SELECT COUNT(1) "
p_mmsm_17690/mmsm85_bunker_inqnbk.cpp	100	102	sqlstr = "  SELECT DISTINCT  MAT_CODE ||'_'|| MAT_NAME MAT_CODE  FROM  TMMSM85    "
p_mmsm_17690/mmsm85_bunker_inqnbk.cpp	153	155	sqlstr = "  SELECT DISTINCT  QUALITY_BATCH_NO  FROM  TMMSM85    "
p_mmsm_17690/mmsm85_bunkernbk2_inq.cpp	72	73	sqlstr = "  SELECT   BUNKER_NO ,BUNKER_NAME ,BUNKER_TYPE , MAT_CODE , MAT_NAME, MAT_TYPE, STOCK_WT,RATE  FROM  TMMSM60    "
p_mmsm_17690/mmsm85_bunkernbk2_inq.cpp	81	82	sqlstr = "  SELECT   BUNKER_NO ,BUNKER_NAME ,BUNKER_TYPE , MAT_CODE , MAT_NAME, MAT_TYPE, STOCK_WT,RATE  FROM  TMMSM60    "
p_mmsm_17690/mmsm85_bunkernbk2_inq.cpp	90	91	sqlstr = "  SELECT   BUNKER_NO ,BUNKER_NAME ,BUNKER_TYPE , MAT_CODE , MAT_NAME, MAT_TYPE, STOCK_WT,RATE  FROM  TMMSM60    "
p_mmsm_17690/mmsm85_bunkernbk2_inq.cpp	99	100	sqlstr = "  SELECT   BUNKER_NO ,BUNKER_NAME ,BUNKER_TYPE , MAT_CODE , MAT_NAME, MAT_TYPE, STOCK_WT,RATE  FROM  TMMSM60    "
p_mmsm_17690/mmsm85_bunkernbk2_inq.cpp	108	109	sqlstr = "  SELECT   BUNKER_NO ,BUNKER_NAME ,BUNKER_TYPE , MAT_CODE , MAT_NAME, MAT_TYPE, STOCK_WT,RATE  FROM  TMMSM60    "
p_mmsm_17690/mmsm85_bunkernbk2_inq.cpp	117	118	sqlstr = "  SELECT   BUNKER_NO ,BUNKER_NAME ,BUNKER_TYPE , MAT_CODE , MAT_NAME, MAT_TYPE, STOCK_WT,RATE  FROM  TMMSM60    "
p_mmsm_17690/mmsm85_bunkernbk2_inq.cpp	126	127	sqlstr = "  SELECT   BUNKER_NO ,BUNKER_NAME ,BUNKER_TYPE , MAT_CODE , MAT_NAME, MAT_TYPE, STOCK_WT,RATE  FROM  TMMSM60    "
p_mmsm_17690/mmsm85_bunkernbk2_inq.cpp	135	136	sqlstr = "  SELECT   BUNKER_NO ,BUNKER_NAME ,BUNKER_TYPE , MAT_CODE , MAT_NAME, MAT_TYPE, STOCK_WT,RATE  FROM  TMMSM60    "
p_mmsm_17690/mmsm85_bunkernbk2_inq.cpp	144	145	sqlstr = "  SELECT   BUNKER_NO ,BUNKER_NAME ,BUNKER_TYPE , MAT_CODE , MAT_NAME, MAT_TYPE, STOCK_WT,RATE  FROM  TMMSM60    "
p_mmsm_17690/mmsm85_bunkernbk2_inq.cpp	153	154	sqlstr = "  SELECT   BUNKER_NO ,BUNKER_NAME ,BUNKER_TYPE , MAT_CODE , MAT_NAME, MAT_TYPE, STOCK_WT,RATE  FROM  TMMSM60    "
p_mmsm_17690/mmsm85_bunkernbk2_inq.cpp	162	163	sqlstr = "  SELECT   BUNKER_NO ,BUNKER_NAME ,BUNKER_TYPE , MAT_CODE , MAT_NAME, MAT_TYPE, STOCK_WT,RATE  FROM  TMMSM60    "
p_mmsm_17690/mmsm85_bunkernbk2_inq.cpp	171	172	sqlstr = "  SELECT   BUNKER_NO ,BUNKER_NAME ,BUNKER_TYPE , MAT_CODE , MAT_NAME, MAT_TYPE, STOCK_WT,RATE  FROM  TMMSM60    "
p_mmsm_17690/mmsm85_bunkernbk2_inq.cpp	180	181	sqlstr = "  SELECT   BUNKER_NO ,BUNKER_NAME ,BUNKER_TYPE , MAT_CODE , MAT_NAME, MAT_TYPE, STOCK_WT,RATE  FROM  TMMSM60    "
p_mmsm_17690/mmsm85_bunkernbk_inq.cpp	69	72	sqlstr_count = " SELECT COUNT(1) "
p_mmsm_17690/mmsm85_bunkernbk_inq.cpp	73	75	sqlstr = "   SELECT   BUNKER_NO ||'-'|| MAT_NAME BUNKER_NO,BUNKER_NAME ,BUNKER_TYPE , MAT_CODE , MAT_NAME, MAT_TYPE, STOCK_WT,RATE  FROM  TMMSM60    "
p_mmsm_17690/mmsm85_inq_nbk.cpp	69	72	sqlstr_count = " SELECT COUNT(1) "
p_mmsm_17690/mmsm85_inq_nbk.cpp	73	76	sqlstr = " SELECT * "
p_mmsm_17690/mmsm85_inq_stl.cpp	69	72	sqlstr_count = " SELECT COUNT(1) "
p_mmsm_17690/mmsm85_inq_stl.cpp	73	76	sqlstr = " SELECT * "
p_mmsm_17690/mmsm85_inqsx.cpp	69	72	sqlstr_count = " SELECT COUNT(1) "
p_mmsm_17690/mmsm85_inqsx.cpp	73	76	sqlstr = " SELECT * "
p_mmsm_17690/mmsm85nbk_inq.cpp	122	125	sqlstr = " SELECT * "
p_mmsm_17690/mmsm85nbk_inq.cpp	152	157	sqlstr = " SELECT VOUCHER_ID PURCHASEDOCID,BUNKER_NO "
p_mmsm_17690/mmsm85nbk_inq.cpp	180	181	sqlstr = " SELECT BUNKER_NO , MAT_CODE,STOCK_WT , QUALITY_BATCH_NO,SEQ_NO FROM TMMSM85 WHERE BUNKER_NO =@BUNKER_NO ";
p_mmsm_17690/mmsm85sc_inq.cpp	69	72	sqlstr_count = " SELECT COUNT(1) "
p_mmsm_17690/mmsm85sc_inq.cpp	73	76	sqlstr = " SELECT max(SERIAL_NUMBER) SERIAL_NUMBER,max(UPLOAD_301) UPLOAD_301,max(LASTACTDATE) UPLOAD_TIME "
p_mmsm_17690/mmsm870s2n_inq.cpp	79	81	sqlstr_count = " SELECT COUNT(1) FROM "
p_mmsm_17690/mmsm870s2n_inq.cpp	82	83	" SELECT ACTRESULT, ST_NO, L2_PROC_NO FROM TMMSM20 WHERE  SUBSTR(L2_PROC_NO, 1, 1) = 'E' "
p_mmsm_17690/mmsm870s2n_inq.cpp	84	85	" SELECT ACTRESULT, ST_NO, L2_PROC_NO FROM TMMSM21 WHERE  SUBSTR(L2_PROC_NO, 1, 1) = 'B' "
p_mmsm_17690/mmsm870s2n_inq.cpp	86	87	" SELECT ACTRESULT, ST_NO, L2_PROC_NO FROM TMMSM27 WHERE  SUBSTR(L2_PROC_NO, 1, 1) = 'A' "
p_mmsm_17690/mmsm870s2n_inq.cpp	90	92	sqlstr = "  SELECT A.L2_PROC_NO,MAX(DEVO_TIME) AS DEVO_TIME,MAX(C.SM_PLAN_NOL2) AS SM_PLAN_NO, MAX(SPLIT_INDICATION) AS SPLIT_INDICATION,A.STK_NO,MAX(C.ST_NO) S
p_mmsm_17690/mmsm870s2n_inq.cpp	93	94	" SELECT ACTRESULT, ST_NO, L2_PROC_NO,SM_PLAN_NOL2 FROM TMMSM20 WHERE  SUBSTR(L2_PROC_NO, 1, 1) = 'E' "
p_mmsm_17690/mmsm870s2n_inq.cpp	95	96	" SELECT ACTRESULT, ST_NO, L2_PROC_NO,SM_PLAN_NOL2 FROM TMMSM21 WHERE  SUBSTR(L2_PROC_NO, 1, 1) = 'B' "
p_mmsm_17690/mmsm870s2n_inq.cpp	97	98	" SELECT ACTRESULT, ST_NO, L2_PROC_NO,SM_PLAN_NOL2 FROM TMMSM27 WHERE  SUBSTR(L2_PROC_NO, 1, 1) = 'A' "
p_mmsm_17690/mmsm870s2n_inq1.cpp	82	83	sqlstr = "  SELECT * FROM  TMMSM2A_YL  WHERE 1=1   AND L2_PROC_NO = @L2_PROC_NO AND STK_NO = @BUNKER_NO  ORDER BY DEVO_TIME ASC ";
p_mmsm_17690/mmsmjq_inq.cpp	62	63	sqlstr = "SELECT CODE_DESC_1_CONTENT FROM TWMSMZD02 WHERE REC_CREATE_TIME = (SELECT MAX(REC_CREATE_TIME) FROM TWMSMZD02 t WHERE CODE_CLASS ='MMSMRQJQ' AND code=
p_mmsm_17690/mmsmjq_inq.cpp	91	92	sqlstr = "SELECT CODE_DESC_1_CONTENT FROM TWMSMZD02 WHERE REC_CREATE_TIME = (SELECT MAX(REC_CREATE_TIME) FROM TWMSMZD02 t WHERE CODE_CLASS ='MMSMRQJQ' AND code=
p_mmsm_17690/mmsmjq_inq.cpp	120	121	sqlstr = " SELECT * FROM TMMSMWQ where LOT_NO in (" + sqlstr_temp + ") AND RES_TYPE='" + v_res_type + "' AND C_STATE='1'  order by LOT_NO, REC_CREATE_TIME ";
p_mmsm_17690/mmsmjq_inq.cpp	128	153	sqlstr = " SELECT  max(PRODUCE_DATE) PRODUCE_DATE,                                                        \
p_mmsm_17690/mmsmnb01_inq.cpp	54	57	sqlstr_count = " SELECT COUNT(1) "
p_mmsm_17690/mmsmnb01_inq.cpp	58	61	sqlstr = " SELECT * FROM TMMSMNB01 WHERE 1=1 ";
p_mmsm_17690/mmsmnb01_inq1.cpp	61	64	sqlstr_count = " SELECT COUNT(1) "
p_mmsm_17690/mmsmnb01_inq1.cpp	65	68	sqlstr = " SELECT * FROM TMMSMNB01 WHERE 1=1 and STATUS1 = '1'and STATUS <> '1' ";
p_mmsm_17690/mmsmnb01_inq2.cpp	60	63	sqlstr_count = " SELECT COUNT(1) "
p_mmsm_17690/mmsmnb01_inq2.cpp	64	67	sqlstr = " SELECT * FROM TMMSMNB01 WHERE 1=1 and STATUS1 = '1'and STATUS = '1' ";
p_mmsm_17690/mmsmnb01_pro.cpp	85	86	sqlstr = "  SELECT NVL(max(SEQ_NO),0) FROM  TMMSMNB01     WHERE 1=1   AND MAT_CODE= @MAT_CODE  ";
p_mmsm_17690/mmsmnb01_snd.cpp	101	102	sql = "  SELECT * FROM  TMMSM85     WHERE 1=1   AND BUNKER_NO	= @BUNKER_NO and QUALITY_BATCH_NO <> ' ' ORDER BY SEQ_NO ASC ";
p_mmsm_17690/mmsmnb01_snd.cpp	207	209	sqlstr = " update tmmsm60 set stock_wt = (select nvl(sum(stock_wt),0) from tmmsm85 where BUNKER_NO = @bunker_no)"
p_mmsm_17690/mmsmnb01_snd.cpp	244	246	sqlstr = "  SELECT LPAD(TO_CHAR(DB_NO.NEXTVAL), 4, '0') FROM DUAl   ";
p_mmsm_17690/mmsmrqsh_inq.cpp	44	47	sqlstr = " select * from TMMSMWQ where 1=1 and C_STATE in ('2','3') ";
p_mmsm_17690/mmsmrqtl_pro.cpp	73	74	sqlstr = " SELECT count(*) as I_COUNT FROM TMMSMWQ  WHERE LOT_NO='" + lot_no + "' AND C_STATE='2' ";
p_mmsm_17690/mmsmrqtl_pro.cpp	86	87	sqlstr = " SELECT count(*) as I_COUNT FROM TMMSMWQ  WHERE LOT_NO='" + lot_no + "' AND RES_TYPE IN ('3','5') ";
p_mmsm_17690/mmsmrqtl_pro.cpp	100	101	sqlstr = " SELECT * FROM TMMSMWQ  WHERE LOT_NO='" + lot_no + "' AND RES_TYPE IN ('2','3','1','4','5') ";
p_mmsm_17690/mmsmrqtl_pro.cpp	151	152	sqlstr = " SELECT '6240'||TO_CHAR(SYSDATE, 'YYYYMMDDHH24MI') || LPAD(TO_CHAR(MMSM_RQXH.nextval), 4, '0') AS SEQ_FULL_NO FROM DUAL";
p_mmsm_17690/mmsmrqtl_pro.cpp	168	169	sqlstr = " select count(1) from TMMSMWQ where LOT_NO='" + tmmsmyl["LOT_NO"].ToString() + "' and C_STATE!='3' AND RES_TYPE!='1' ";
p_mmsm_17690/mmsmrqtl_pro.cpp	183	184	sqlstr = " select count(1) from TMMSMWQ where LOT_NO='" + tmmsmyl["LOT_NO"].ToString() + "' and C_STATE IN ('2','3') AND RES_TYPE='2' ";
p_mmsm_17690/mmsmrqtl_pro.cpp	198	199	cmd_sql.SetCommandText(" select to_number(nvl(ACTRESULT,'0')),EMPTY_LADLE_WEIGHT,PROD_DATE from tmmsm20 where PROC_NO='" + tmmsmyl["EAF_HEAT_NO"].ToString() + "
p_mmsm_17690/mmsmrqtl_pro.cpp	210	211	cmd_sql.SetCommandText(" select to_number(nvl(ACTRESULT,'0')),EMPTY_LADLE_WEIGHT,PROD_DATE from tmmsm19 where PROC_NO='" + tmmsmyl["EAF_HEAT_NO"].ToString() + "
p_mmsm_17690/mmsmrqtl_pro.cpp	226	227	cmd_inq.SetCommandText("select  nvl(MAX(PROC_COUNT),0)+1 from " + v_table_name + " where  PROD_DATE = '" + tmmsmyl["PROD_DATE"].ToString().Trim() + "' ");
p_mmsm_17690/mmsmrqtl_pro.cpp	241	243	sqlstr = " SELECT REC_CREATE_TIME, REC_CREATOR  "
p_mmsm_17690/mmsmrqtl_pro.cpp	281	282	sqlstr = " select count(1) from TMMSMWQ where LOT_NO='" + tmmsmyl["LOT_NO"].ToString() + "' and C_STATE IN ('2','3') AND RES_TYPE IN ('4','5') ";
p_mmsm_17690/mmsmrqtl_pro.cpp	304	305	cmd_inq.SetCommandText("select  nvl(MAX(PROC_COUNT),0)+1 from " + v_table_name + " where  PROD_DATE = '" + tmmsmyl["PROD_DATE"].ToString().Trim() + "' ");
p_mmsm_17690/mmsmrqtl_pro.cpp	320	321	cmd_inq.SetCommandText("select  nvl(MAX(PROC_COUNT),0)+1 from " + v_table_name + " where  PROD_DATE = '" + tmmsmyl["PROD_DATE"].ToString().Trim() + "' ");
p_mmsm_17690/mmsmrqtl_pro.cpp	338	339	cmd_inq.SetCommandText("select  nvl(MAX(PROC_COUNT),0)+1 from " + v_table_name + " where  PROD_DATE = '" + tmmsmyl["PROD_DATE"].ToString().Trim() + "' ");
p_mmsm_17690/mmsmrqtl_pro.cpp	384	385	sqlstr = " select * from tmmsmwq where 1=1 and C_STATE='2' and lot_no='" + tmmsmwq["LOT_NO"].ToString() + "'  ";
p_mmsm_17690/mmsmrqtl_pro.cpp	451	452	sqlstr_count = " select count(1) from tmmsmwq where 1=1 and C_STATE='3' and lot_no='" + tmmsmwq["LOT_NO"].ToString() + "' and RES_TYPE in ('4','5') ";
p_mmsm_17690/mmsmrqtl_pro.cpp	456	457	sqlstr_count = " select count(1) from tmmsmwq where 1=1 and C_STATE='3' and lot_no='" + tmmsmwq["LOT_NO"].ToString() + "' and RES_TYPE in ('1','2','3') ";
p_mmsm_17690/mmsmrqtl_pro.cpp	467	468	sqlstr = " select * from tmmsmwq where 1=1 and C_STATE='3' and lot_no='" + tmmsmwq["LOT_NO"].ToString() + "'  " + sql_temp;
p_mmsm_17690/mmsmrqtl_pro.cpp	504	505	sqlstr_count = " select count(1) from tmmsmwq where 1=1 and C_STATE='2' and lot_no='" + tmmsmwq["LOT_NO"].ToString() + "' and RES_TYPE in ('4','5') ";
p_mmsm_17690/mmsmrqtl_pro.cpp	509	510	sqlstr_count = " select count(1) from tmmsmwq where 1=1 and C_STATE='2' and lot_no='" + tmmsmwq["LOT_NO"].ToString() + "' and RES_TYPE in ('1','2','3') ";
p_mmsm_17690/mmsmrqtl_pro.cpp	521	522	sqlstr = " select * from tmmsmwq where 1=1 and C_STATE='2' and lot_no='" + tmmsmwq["LOT_NO"].ToString() + "' " + sql_temp;
p_mmsm_17690/mmsmtimeid_inq.cpp	54	57	sqlstr = "SELECT TIME_STAMPS||'-'||USER_ID AS CX_FLAG FROM TMMSMZXHBB_LH WHERE 1=1  ";
p_mmsm_17690/mmsmtlcf_f10.cpp	61	62	cmd_inq.SetCommandText("select  nvl(MAX(PROC_COUNT),0)+1 from " + v_table_name + " where  PROD_DATE = '" + tmmsmyl["PROD_DATE"].ToString().Trim() + "' ");
p_mmsm_17690/mmsmtlcf_f10.cpp	71	73	sqlstr = " SELECT REC_CREATE_TIME, REC_CREATOR  "
p_mmsm_17690/mmsmtlcf_f10.cpp	146	169	sqlstr = " WITH MM1 AS (select PROC_NO, SUM(CASE WHEN B.MAT_CODE IS NOT NULL THEN A.DEVO_WT ELSE 0 END) DEVO_WT\
p_mmsm_17690/mmsmtlcf_f10.cpp	174	175	cmd_inq.SetCommandText("select  nvl(MAX(PROC_COUNT),0)+1 from " + v_table_name + " where  PROD_DATE = '" + tmmsmyl["PROD_DATE"].ToString().Trim() + "' ");
p_mmsm_17690/mmsmtlcf_inq.cpp	45	63	sqlstr = " SELECT ST_SAMPLE_NO,\
p_mmsm_17690/mmsmtlcf_inq.cpp	70	74	sqlstr = "SELECT LOT_NO, QUALITY_BATCH_NO, SUM(DEVO_WT)/1000 MAT_AMOUNT1\
p_mmsm_17690/mmsmtlcf_inq.cpp	83	91	sqlstr = " select round(nvl(ACTRESULT * 100 / DEVO_WT,0), 1) METAL_YIELD_RATE\
p_mmsm_17690/mmsmtlcf_inq.cpp	95	103	sqlstr =  " select round(nvl(ACTRESULT * 100 / DEVO_WT,0), 1) METAL_YIELD_RATE\
p_mmsm_17690/mmsmtlcf_inq1.cpp	44	47	sqlstr = " SELECT * FROM TMMSMWQ_LL WHERE 1=1  ";
p_mmsm_17690/mmsmwa_inq.cpp	52	55	sqlstr_count = " SELECT COUNT(1) "
p_mmsm_17690/mmsmwa_inq.cpp	56	59	sqlstr = " SELECT * FROM tmmsmwa WHERE 1=1 ";
p_mmsm_17690/mmsmwa_pro.cpp	65	67	sqlstr = " SELECT REC_CREATE_TIME, REC_CREATOR  "
p_mmsm_17690/mmsmwap_inq.cpp	55	59	sqlstr = " SELECT HEAT_NO,STAT_DATE,ROUND(DECODE(SUM(DEVO_WT),0,0,SUM(DECODE(YIELD_SCRAP,0,0,DEVO_WT* PRICE/YIELD_SCRAP))/SUM(DEVO_WT)),3)  COST_HJ FROM"
p_mmsm_17690/mmsmwap_inq.cpp	78	79	sqlstr_count = "SELECT COUNT(1) FROM ( " + sqlstr+ ")";
p_mmsm_17690/mmsmwq_pro.cpp	59	60	cmd_inq.SetCommandText("select  nvl(MAX(PROC_COUNT),0)+1 from TMMSMWQ where  PROD_DATE = '" + tmmsmwq["PROD_DATE"].ToString().Trim() + "' ");
p_mmsm_17690/mmsmwq_pro.cpp	68	70	sqlstr = " SELECT REC_CREATE_TIME, REC_CREATOR  "
p_mmsm_17690/mmsmws_inq.cpp	72	77	sqlstr = " SELECT STAT_DATE AS DATE_C,MAT_CODE,MAX(MAT_NAME) AS MAT_NAME,'LG1' AS FACTORY_DIV,'6241' AS STORE_PLACE,'TON' AS  UNIT,SUM(DEVO_WT/1000)  DEVO_WT"
p_mmsm_17690/mmsmws_inq.cpp	92	94	" SELECT MAT_CODE,MAX(MAT_NAME) MAT_NAME ,SUM(STOCK_WT)  STOCK_INI_WT FROM TMMSM60"
p_mmsm_17690/mmsmws_inq.cpp	109	111	" SELECT MAT_CODE,MAX(MAT_NAME) MAT_NAME ,SUM(STOCK_WT)  STOCK_INI_WT FROM TMMSM60"
p_mmsm_17690/mmsmws_inq.cpp	124	129	sqlstr = " SELECT  @stat_date AS DATE_C,MAT_CODE,MAX(MAT_NAME) AS MAT_NAME,'LG1' AS FACTORY_DIV,'6241' AS STORE_PLACE,'TON' AS  UNIT,"
p_mmsm_17690/mmsmws_inq.cpp	130	137	"  SELECT MAT_CODE,MAT_NAME,STOCK_WT_QC, (IN_STOCK_WT2+IN_STOCK_WT3+IN_STOCK_WT5+IN_STOCK_WT6+IN_STOCK_WT9+IN_STOCK_WT10+IN_STOCK_WT12+IN_STOCK_WT14+IN_STOCK_WT
p_mmsm_17690/mmsmws_inq.cpp	138	143	"  SELECT MAT_CODE,MAT_NAME,STOCK_WT_QC,IN_STOCK_WT,OUT_STOCK_WT1 AS OUT_STOCK_WT,STOCK_WT "
p_mmsm_17690/mmsmws_inq.cpp	144	153	"  SELECT MAT_CODE,MAT_NAME,0 STOCK_WT_QC,0 IN_STOCK_WT,0 AS OUT_STOCK_WT,0 STOCK_WT "
p_mmsm_17690/mmsmws_pro.cpp	68	69	sqlstr = "INSERT INTO TMMSMWS";
p_mmsm_17690/mmsmws_pro.cpp	96	97	sqlstr = "INSERT INTO TMMSMWS";
p_mmsm_17690/mmsmws_pro.cpp	125	126	sqlstr = "INSERT INTO TMMSMWS";
p_mmsm_17690/mmsmws_pro.cpp	135	136	sqlstr = " SELECT TO_CHAR(ADD_MONTHS(TO_DATE(" + tmmsmws["DATE_C"].ToString() + ", 'YYYY-MM'), 1), 'YYYYMM') FROM DUAL ";
p_mmsm_17690/mmsmws_pro.cpp	158	159	sqlstr = "INSERT INTO TMMSMWS";
p_mmsm_17690/mmsmws_pro.cpp	188	189	sqlstr = "INSERT INTO TMMSMWS";
p_mmsm_17690/mmsmws_pro.cpp	218	219	sqlstr = "INSERT INTO TMMSMWS";
p_mmsm_17690/mmsmwx_inq.cpp	64	68	sqlstr = " SELECT *  FROM " + v_table_type + " WHERE 1=1 ";
p_mmsm_17690/mmsmwx_pro.cpp	70	71	cmd_inq.SetCommandText("select  nvl(MAX(SEQ_ID),0)+1 from tmmsmw1 ");
p_mmsm_17690/mmsmwx_pro.cpp	73	74	sqlstr = "INSERT INTO " + table_name;
p_mmsm_17690/mmsmwx_pro.cpp	107	108	sqlstr = "DELETE FROM " + table_name;
p_mmsm_17690/mmsmwx_pro.cpp	124	125	cmd_inq.SetCommandText("select  nvl(MAX(SEQ_ID),0)+1 from tmmsmw2 ");
p_mmsm_17690/mmsmwx_pro.cpp	127	128	sqlstr = "INSERT INTO " + table_name;
p_mmsm_17690/mmsmwx_pro.cpp	161	162	sqlstr = "DELETE FROM " + table_name;
p_mmsm_17690/mmsmwx_pro.cpp	177	178	cmd_inq.SetCommandText("select  nvl(MAX(SEQ_ID),0)+1 from tmmsmw3 ");
p_mmsm_17690/mmsmwx_pro.cpp	180	181	sqlstr = "INSERT INTO " + table_name;
p_mmsm_17690/mmsmwx_pro.cpp	214	215	sqlstr = "DELETE FROM " + table_name;
p_mmsm_17690/mmsmwx_pro.cpp	230	231	sqlstr = "INSERT INTO " + table_name;
p_mmsm_17690/mmsmwx_pro.cpp	263	264	sqlstr = "DELETE FROM " + table_name;
p_mmsm_17690/mmsmwx_pro.cpp	338	339	sqlstr = "INSERT INTO " + table_name;
p_mmsm_17690/mmsmwx_pro.cpp	369	370	sqlstr = "DELETE FROM " + table_name;
p_mmsm_17690/mmsmwx_pro.cpp	383	384	sqlstr = "INSERT INTO " + table_name;
p_mmsm_17690/mmsmwx_pro.cpp	414	415	sqlstr = "DELETE FROM " + table_name;
p_mmsm_17690/mmsmx0_inq.cpp	51	55	sqlstr = " select * from TMMSMX0 where 1=1";
p_mmsm_17690/mmsmx0_pro.cpp	64	65	sqlstr_inq = "SELECT nvl(MAX(SEQ_NO),0) FROM TMMSMX0";
p_mmsm_17690/mmsmx0_pro.cpp	110	111	sqlstr = "DELETE FROM TMMSMX0";
p_mmsm_17690/mmsmx1_inq.cpp	61	61	sqlstr_count = " SELECT COUNT(1) FROM " + v_table_name + " WHERE 1=1 ";
p_mmsm_17690/mmsmx1_inq.cpp	62	64	sqlstr = " SELECT * FROM " + v_table_name + "  WHERE 1=1 ";
p_mmsm_17690/mmsmx1_inq.cpp	93	94	sqlstr = " SELECT * FROM  TMMSMX1 WHERE  YEAR_MON=  (SELECT TO_CHAR(ADD_MONTHS(SYSDATE,-1),'yyyyMM')  FROM DUAL) ";;
p_mmsm_17690/mmsmx1_pro.cpp	58	59	cmd_inq.SetCommandText("select  nvl(MAX(SEQ_NO),0)+1 from " + v_table_name + " where  YEAR_MON = '" + tmmsmyl["YEAR_MON"].ToString().Trim() + "' ");
p_mmsm_17690/mmsmx1_pro.cpp	67	69	sqlstr = " SELECT REC_CREATE_TIME, REC_CREATOR  "
p_mmsm_17690/mmsmyl_inq.cpp	62	62	sqlstr_count = " SELECT COUNT(1) FROM " + v_table_name + " WHERE 1=1 ";
p_mmsm_17690/mmsmyl_inq.cpp	63	65	sqlstr = " SELECT * FROM " + v_table_name + "  WHERE 1=1 ";
p_mmsm_17690/mmsmyl_pro.cpp	59	60	cmd_inq.SetCommandText("select  nvl(MAX(PROC_COUNT),0)+1 from " + v_table_name+ " where  PROD_DATE = '" + tmmsmyl["PROD_DATE"].ToString().Trim() + "' ");
p_mmsm_17690/mmsmyl_pro.cpp	68	70	sqlstr = " SELECT REC_CREATE_TIME, REC_CREATOR  "
p_mmsm_17690/mmsmylcf_inq.cpp	72	75	sqlstr_count = " SELECT COUNT(1) "
p_mmsm_17690/mmsmylcf_inq.cpp	76	95	sqlstr = " SELECT A.WEIGH_NO,A.LOT_NO,A.QUALITY_BATCH_NO,A.MAT_CODE,A.MAT_NAME,A.STOCK_WT,A.MAT_RCV_TIME,   "
p_mmsm_17690/mmsmyljl_inq.cpp	72	75	sqlstr_count = " SELECT COUNT(1) "
p_mmsm_17690/mmsmyljl_inq.cpp	76	79	sqlstr = " select a.mat_code,a.MAT_NAME,sum(A.STOCK_WT) STOCK_WT FROM TMMSM89 A  "
p_mmsm_17690/mmsmylsl_inq.cpp	72	75	sqlstr_count = " SELECT COUNT(1) "
p_mmsm_17690/mmsmylsl_inq.cpp	76	101	sqlstr = " SELECT A.EVENT_TIME,A.SHIFT_GROUP,A.MAT_CODE,A.MAT_NAME,A.STOCK_WT,A.TARE_WT,A.RECEIVE_DATA_TIME,   "
p_mmsm_17690/mmsmzd_pro.cpp	90	92	sqlstr = " SELECT REC_CREATE_TIME, REC_CREATOR  "
p_mmsm_17690/mmsmzxhbblh_inq.cpp	53	56	sqlstr_count = " SELECT COUNT(1) "
p_mmsm_17690/mmsmzxhbblh_inq.cpp	57	60	sqlstr = " SELECT * FROM TMMSMZXHBB_LH WHERE 1=1 ";
p_mmsm_17690/mmsmzxhbblh_ins.cpp	66	68	sqlstr = " SELECT REC_CREATE_TIME, REC_CREATOR  "
