file	line	text
libMMSM/f_e2t8m1_proc.cpp	228	sqlstr_ss = " select ST_NO from tpssmss where HEAT_NO='" + bcls_rec_MMSM33.Tables["TMMSM33"].Rows[0]["HEAT_NO"].ToString() + "' and DEV_CODE like 'C%' AND STATUS_NAME LIKE 'CUT%' AND ROWNUM=1 ";
libMMSM/f_e2t8m1_proc.cpp	542	sqlstr = "SELECT DECODE(LSLAB_NO_LENGTH,0,SLAB_LEN,LSLAB_NO_LENGTH) LSLAB_NO_LENGTH,SLAB_WIDTH,SLAB_THICK,CAST_LOT_NO,FACTORY_NEXT,INGOT_CODE,SLAB_DEST,LSLAB_NO_LENGTH,LSLAB_NO  FROM TPSSM03 WHERE LSLAB_NO ='" + tmmsm33["VIRTUAL_SLAB_NO"].T
libMMSM/f_e2t8m1_proc.cpp	649	sqlstr = " select LSLAB_NO, DECODE(lslab_no_length, 0, SLAB_LEN, lslab_no_length) lslab_no_length,SLAB_WIDTH, SLAB_THICK  "
libMMSM/f_e2t8m1_proc.cpp	760	sqlstr = "select LSLAB_NO, DECODE(lslab_no_length, 0, SLAB_LEN, lslab_no_length) lslab_no_length,SLAB_WIDTH, SLAB_THICK  "
libMMSM/f_getSeqNextValue.cpp	13	int f_getSeqNextValue(CString SEQ_NAME, CString &SEQ_VALUE, CDbConnection * conn)
libMMSM/f_mmsm0001_proc.cpp	218	cmd_inq.SetCommandText(" SELECT TRIM(DECODE(ORDER_NO,' ',0,1)) ORDER_REMAIN_DIV,SLAB_MIN_LEN,SLAB_MAX_LEN,SLAB_LEN,SLAB_MIN_WT,SLAB_MAX_WT,SLAB_WT FROM TPSSM03 WHERE SLAB_NO = @com_pono");
libMMSM/f_mmsm0003_proc.cpp	90	cmd_inq.SetCommandText(" SELECT NVL(MAX(SUB_BACKLOG_SEQ),0) FROM TMMSM04 WHERE MAT_NO = @tmmsm03.mat_no AND BACKLOG_PASS_TIME > ' ' ");
libMMSM/f_mmsm0003_proc.cpp	99	cmd_inq.SetCommandText(" SELECT * FROM TMMSM04 WHERE MAT_NO = @tmmsm03.mat_no AND BACKLOG_PASS_TIME > ' ' AND AIM_MAT_NO = (SELECT NVL(MIN(AIM_MAT_NO),' ') FROM TMMSM04 WHERE MAT_NO = @tmmsm03.mat_no) ORDER BY SUB_BACKLOG_SEQ ");
libMMSM/f_mmsm0007_subBklgIns.cpp	109	cmd_inq.SetCommandText(" SELECT SUB_BACKLOG_CODE FROM TMMSM04 WHERE MAT_NO = @tmmsm04.mat_no AND SUB_BACKLOG_SEQ = @tmmsm01.next_sub_backlog_seq fetch first 1 rows ONLY ");
libMMSM/f_mmsm009a_snd.cpp	1955	" SUM(DECODE(ELM_NAME, 'Al', ELM_VALUE, 0)) Al, "
libMMSM/f_mmsm009a_snd.cpp	1956	" SUM(DECODE(ELM_NAME, 'C', ELM_VALUE, 0))  C, "
libMMSM/f_mmsm009a_snd.cpp	1957	" SUM(DECODE(ELM_NAME, 'Ca', ELM_VALUE, 0)) Ca, "
libMMSM/f_mmsm009a_snd.cpp	1958	" SUM(DECODE(ELM_NAME, 'Cr', ELM_VALUE, 0)) Cr, "
libMMSM/f_mmsm009a_snd.cpp	1959	" SUM(DECODE(ELM_NAME, 'Cu', ELM_VALUE, 0)) Cu, "
libMMSM/f_mmsm009a_snd.cpp	1960	" SUM(DECODE(ELM_NAME, 'Fe', ELM_VALUE, 0)) Fe, "
libMMSM/f_mmsm009a_snd.cpp	1961	" SUM(DECODE(ELM_NAME, 'Mn', ELM_VALUE, 0)) Mn, "
libMMSM/f_mmsm009a_snd.cpp	1962	" SUM(DECODE(ELM_NAME, 'Ni', ELM_VALUE, 0)) Ni, "
libMMSM/f_mmsm009a_snd.cpp	1963	" SUM(DECODE(ELM_NAME, 'P', ELM_VALUE, 0))  P, "
libMMSM/f_mmsm009a_snd.cpp	1964	" SUM(DECODE(ELM_NAME, 'Pb', ELM_VALUE, 0)) Pb, "
libMMSM/f_mmsm009a_snd.cpp	1965	" SUM(DECODE(ELM_NAME, 'S', ELM_VALUE, 0))  S, "
libMMSM/f_mmsm009a_snd.cpp	1966	" SUM(DECODE(ELM_NAME, 'Si', ELM_VALUE, 0)) Si, "
libMMSM/f_mmsm009a_snd.cpp	1967	" SUM(DECODE(ELM_NAME, 'Ti', ELM_VALUE, 0)) Ti, "
libMMSM/f_mmsm009a_snd.cpp	1968	" SUM(DECODE(ELM_NAME, 'V', ELM_VALUE, 0))  V "
libMMSM/f_mmsm009d_snd.cpp	50	cmd_sql.SetCommandText(" SELECT LPAD(TO_CHAR(TMMSM2A_ID.NEXTVAL), 9, '0') AS ID FROM DUAl ");
libMMSM/f_mmsm0603_proc.cpp	120	sqlstr = " SELECT NVL(MAX(DEFECT_NO),0) + 1 "
libMMSM/f_mmsm11_proc.cpp	15	int f_getSeqNextValue(CString SEQ_NAME, CString& SEQ_VALUE, CDbConnection * conn);
libMMSM/f_mmsm11_proc.cpp	64	if (f_getSeqNextValue("TI_CODE_SEQ", seqValue, conn) != 0){
libMMSM/f_mmsm12_proc.cpp	16	int f_getSeqNextValue(CString SEQ_NAME, CString & SEQ_VALUE, CDbConnection * conn);
libMMSM/f_mmsm12_proc.cpp	330	if (f_getSeqNextValue("TPD_NO_SEQ", TPD_NO, conn) != 0)
libMMSM/f_mmsm12a_proc.cpp	12	int f_getSeqNextValue(CString SEQ_NAME, CString& SEQ_VALUE, CDbConnection * conn);
libMMSM/f_mmsm12a_proc.cpp	202	if (f_getSeqNextValue("TPD_NO_SEQ", seqValue, conn) != 0){
libMMSM/f_mmsm14_proc.cpp	77	cmd_inq.SetCommandText("SELECT LPAD(TO_CHAR(TMMSM14_PROC.NEXTVAL), 5, '0') FROM DUAL");
libMMSM/f_mmsm19_proc.cpp	207	cmd_id.SetCommandText(" SELECT LPAD(TO_CHAR(TEST_ID_XMY.NEXTVAL), 5, '0') AS ID FROM DUAl ");
libMMSM/f_mmsm20_proc.cpp	218	cmd_id.SetCommandText(" SELECT LPAD(TO_CHAR(TEST_ID_XMY.NEXTVAL), 9, '0') AS ID FROM DUAl ");
libMMSM/f_mmsm21_proc.cpp	241	cmd_id.SetCommandText(" SELECT LPAD(TO_CHAR(TEST_ID_XMY.NEXTVAL), 5, '0') AS ID FROM DUAl ");
libMMSM/f_mmsm23_proc.cpp	219	cmd_id.SetCommandText(" SELECT LPAD(TO_CHAR(TEST_ID_XMY.NEXTVAL), 9, '0') AS ID FROM DUAl ");
libMMSM/f_mmsm24_proc.cpp	235	cmd_id.SetCommandText(" SELECT LPAD(TO_CHAR(TEST_ID_XMY.NEXTVAL), 9, '0') AS ID FROM DUAl ");
libMMSM/f_mmsm25_proc.cpp	227	cmd_id.SetCommandText(" SELECT LPAD(TO_CHAR(TEST_ID_XMY.NEXTVAL), 9, '0') AS ID FROM DUAl ");
libMMSM/f_mmsm26_proc.cpp	219	cmd_id.SetCommandText(" SELECT LPAD(TO_CHAR(TEST_ID_XMY.NEXTVAL), 9, '0') AS ID FROM DUAl ");
libMMSM/f_mmsm27_proc.cpp	225	cmd_id.SetCommandText(" SELECT LPAD(TO_CHAR(TEST_ID_XMY.NEXTVAL), 9, '0') AS ID FROM DUAl ");
libMMSM/f_mmsm2a_proc.cpp	252	cmd_inq.SetCommandText("select  nvl(MAX(PROC_COUNT),0)+1 from tmmsm2a where  HEAT_NO ='" + tmmsm2a["HEAT_NO"].ToString().Trim() + "' ");
libMMSM/f_mmsm2a_proc.cpp	255	cmd_inq.SetCommandText("select  nvl(MAX(PROC_COUNT),0)+1 from tmmsm2a where  HEAT_NO ='" + tmmsm2a["HEAT_NO"].ToString().Trim() + "'  AND PROC_NO = '" + tmmsm2a["PROC_NO"].ToString() + "' ");
libMMSM/f_mmsm2ahj_proc.cpp	132	sqlstr = "  SELECT LPAD(TO_CHAR(MMLC_2AYL.NEXTVAL),5 ,'0') FROM DUAL ";
libMMSM/f_mmsm2ahj_proc.cpp	249	sqlstr = "  SELECT LPAD(TO_CHAR(MMLC_2AYL.NEXTVAL),5 ,'0') FROM DUAL ";
libMMSM/f_mmsm2ahj_proc.cpp	389	sqlstr = "  SELECT LPAD(TO_CHAR(MMLC_2AYL.NEXTVAL),5 ,'0') FROM DUAL ";
libMMSM/f_mmsm2ahj_proc.cpp	444	sqlstr = "  SELECT LPAD(TO_CHAR(MMLC_2AYL.NEXTVAL),5 ,'0') FROM DUAL ";
libMMSM/f_mmsm2ahj_proc.cpp	590	sqlstr = "  SELECT LPAD(TO_CHAR(MMLC_2AYL.NEXTVAL),5 ,'0') FROM DUAL ";
libMMSM/f_mmsm2ahj_proc.cpp	663	sqlstr = "  SELECT LPAD(TO_CHAR(MMLC_2AYL.NEXTVAL),5 ,'0') FROM DUAL ";
libMMSM/f_mmsm2ahj_proc.cpp	717	sqlstr = "  SELECT LPAD(TO_CHAR(MMLC_2AYL.NEXTVAL),5 ,'0') FROM DUAL ";
libMMSM/f_mmsm2ahj_proc.cpp	850	sqlstr = "  SELECT LPAD(TO_CHAR(MMLC_2AYL.NEXTVAL),5 ,'0') FROM DUAL ";
libMMSM/f_mmsm2ahj_proc.cpp	901	sqlstr = "  SELECT LPAD(TO_CHAR(MMLC_2AYL.NEXTVAL),5 ,'0') FROM DUAL ";
libMMSM/f_mmsm2ahj_proc.cpp	1023	sqlstr = "  SELECT LPAD(TO_CHAR(MMLC_2AYL.NEXTVAL),5 ,'0') FROM DUAL ";
libMMSM/f_mmsm31_proc.cpp	286	cmd_id.SetCommandText(" SELECT LPAD(TO_CHAR(TEST_ID_XMY.NEXTVAL), 9, '0') AS ID FROM DUAl ");
libMMSM/f_mmsm3301_rcv.cpp	229	sqlstr_ss = " select ST_NO from tpssmss where HEAT_NO='" + bcls_rec_MMSM33_1.Tables["TMMSM33_1"].Rows[0]["HEAT_NO"].ToString() + "' and DEV_CODE like 'C%' AND STATUS_NAME LIKE 'CUT%' AND ROWNUM=1 ";
libMMSM/f_mmsm3301_rcv.cpp	543	sqlstr = "SELECT DECODE(LSLAB_NO_LENGTH,0,SLAB_LEN,LSLAB_NO_LENGTH) LSLAB_NO_LENGTH,SLAB_WIDTH,SLAB_THICK,CAST_LOT_NO,FACTORY_NEXT,INGOT_CODE,SLAB_DEST,LSLAB_NO_LENGTH,LSLAB_NO  FROM TPSSM03 WHERE LSLAB_NO ='" + tmmsm33_1["VIRTUAL_SLAB_NO"]
libMMSM/f_mmsm3301_rcv.cpp	650	sqlstr = " select LSLAB_NO, DECODE(lslab_no_length, 0, SLAB_LEN, lslab_no_length) lslab_no_length,SLAB_WIDTH, SLAB_THICK  "
libMMSM/f_mmsm3301_rcv.cpp	761	sqlstr = "select LSLAB_NO, DECODE(lslab_no_length, 0, SLAB_LEN, lslab_no_length) lslab_no_length,SLAB_WIDTH, SLAB_THICK  "
libMMSM/f_mmsm33_pmof.cpp	37	int	rowNum = 0;
libMMSM/f_mmsm33_pmof.cpp	79	rowNum = bcls_rec->Tables["PMOF"].Rows.get_Count();
libMMSM/f_mmsm33_pmof.cpp	82	for (int i = 0; i < rowNum; i++)
libMMSM/f_mmsm61.cpp	1052	"    AND SUB_BACKLOG_SEQ = (SELECT NVL(MIN(SUB_BACKLOG_SEQ),0) "
libMMSM/f_mmsm61.cpp	1084	"    AND SUB_BACKLOG_SEQ = (SELECT NVL(MIN(SUB_BACKLOG_SEQ),0) "
libMMSM/f_mmsm62.cpp	212	sqlstr =" SELECT NVL(MIN(AIM_MAT_NO),' ') "
libMMSM/f_mmsm80.cpp	72	CDbCommand getSeq("SELECT MMSM_MATNO_SEQ.NEXTVAL  FROM DUAL", conn);
libMMSM/f_mmsm80a.cpp	78	CDbCommand getSeq("SELECT MMSM_MATNO_SEQ.NEXTVAL  FROM DUAL", conn);
libMMSM/f_mmsm80a.cpp	454	sqlstr = "SELECT TO_CHAR(SYSDATE,'YYYYMMDDHH24MISS')||LPAD(TO_CHAR(RESUME_SEQ_NO_TMMSM96.NEXTVAL),4,'0') "
libMMSM/f_mmsm81.cpp	101	CDbCommand getSeq("SELECT MMSM_MATNO_SEQ.NEXTVAL  FROM DUAL", conn);
libMMSM/f_mmsm831_upd_mmlc83.cpp	199	sqlstr = "  SELECT NVL(max(SEQ_NO),0) FROM  TMMSM85     WHERE 1=1";
libMMSM/f_mmsm831_upd_mmlc83.cpp	226	sql = "  SELECT LPAD(TO_CHAR(MMLC_DD.NEXTVAL),3 ,'0') FROM DUAL ";
libMMSM/f_mmsm831_upd_mmlc83.cpp	412	sqlstr = "  SELECT LPAD(TO_CHAR(MMLC_LS.NEXTVAL),18 ) FROM DUAL ";
libMMSM/f_mmsm831_upd_mmlc83.cpp	466	sqlstr = "  SELECT LPAD(TO_CHAR(MMLC_LS.NEXTVAL),18 ) FROM DUAL ";
libMMSM/f_mmsm83z_bacth_proc.cpp	150	sqlstr = "  SELECT NVL(max(SEQ_NO),0) FROM  TMMSM85     WHERE 1=1   ";
libMMSM/f_mmsm83z_bacth_proc.cpp	165	sql = " SELECT NVL(min(SEQ_NO),0) SEQ_NO ,SUM(STOCK_WT) STOCK_WT FROM  TMMSM85     WHERE 1=1   AND BUNKER_NO = @BUNKER_NO  and QUALITY_BATCH_NO <> ' ' AND STOCK_WT <> 0 ";
libMMSM/f_mmsm83z_bacth_proc.cpp	186	sql = "  SELECT LPAD(TO_CHAR(MMLC_DD.NEXTVAL),3 ,'0') FROM DUAL ";
libMMSM/f_mmsm83z_bacth_proc.cpp	321	sqlstr = " update tmmsm60 set stock_wt = (select nvl(sum(stock_wt),0) from tmmsm85 where BUNKER_NO = @bunker_no)"
libMMSM/f_mmsm83z_bacth_proc.cpp	330	sqlstr = " update tmmsm60 set stock_wt = (select nvl(sum(stock_wt),0) from tmmsm85 where BUNKER_NO = @bunker_no)"
libMMSM/f_mmsm89.cpp	56	sqlstr = "SELECT  LPAD(TO_CHAR(RESUME_SEQ_NO.NEXTVAL), 8, '0') FROM DUAL ";
libMMSM/f_mmsm_21c006_snd.cpp	72	sqlstr = "  SELECT LPAD(TO_CHAR(MMLC_ZXH1.NEXTVAL),4,0) FROM DUAL ";
libMMSM/f_mmsm_acyfl_seq.cpp	44	sqlstr = "SELECT LPAD(TO_CHAR(MMSM_MATNO_SEQ.NEXTVAL),4,'0') "
libMMSM/f_mmsm_acyfl_seq.cpp	52	sqlstr = "SELECT LPAD(TO_CHAR(MMSM_MATNO_SEQ.NEXTVAL),4,'0') "
libMMSM/f_mmsm_count.cpp	69	sqlstr = " SELECT nvl(MAX(PROC_COUNT),0) FROM " + v_table_type + " WHERE 1=1 ";
libMMSM/f_mmsm_get_seq_no.cpp	68	sqlstr = "SELECT LPAD(TO_CHAR(MMSM_MATNO_SEQ.NEXTVAL),6,'0') "
libMMSM/f_mmsm_get_seq_no.cpp	75	sqlstr = "SELECT LPAD(TO_CHAR(MMSM_MATNO_SEQ.NEXTVAL),6,'0') "
libMMSM/f_mmsm_get_seq_no.cpp	156	sqlstr = "SELECT LPAD(TO_CHAR(MMSM_MATNO_SEQ.NEXTVAL),6,'0') "
libMMSM/f_mmsm_get_seq_no.cpp	163	sqlstr = "SELECT LPAD(TO_CHAR(MMSM_MATNO_SEQ.NEXTVAL),6,'0') "
libMMSM/f_mmsm_gycast.cpp	71	" where  nvl(all_wt,0)!=0 and nvl(l2_proc_no,' ')!=' '"
libMMSM/f_mmsm_gycast.cpp	113	" where  nvl(all_wt,0)!=0 and nvl(DEVO_WT,0)!=0"
libMMSM/f_mmsm_gyft.cpp	64	" select @rec_creator,@rec_create_time,@stat_date,sm_plan_no,heat_no,st_no,dev_code,mat_code,DEVO_TIME,WEIGH_NO,QUALITY_BATCH_NO,use_wt,mat_act_wt,use_wt,'I','I'||trim(to_char(rownum, '00000000')) "
libMMSM/f_mmsm_gyft.cpp	66	" select t1.sm_plan_no,t1.heat_no,t1.st_no,t3.dev_code,t3.mat_code,t3.DEVO_TIME,t3.WEIGH_NO,t3.QUALITY_BATCH_NO,round(t3.use_wt/t2.all_wt*t1.mat_act_wt ,0) use_wt,nvl(t1.mat_act_wt,0) mat_act_wt"
libMMSM/f_mmsm_gyft.cpp	72	" where  nvl(all_wt,0)!=0 and nvl(use_wt,0)!=0"
libMMSM/f_mmsm_gyft.cpp	113	" and rownum=1"
libMMSM/f_mmsm_gyft.cpp	185	" select @rec_creator,@rec_create_time,stat_date,sm_plan_nol2,heat_no,st_no,dev_code,mat_code,WEIGH_NO,QUALITY_BATCH_NO,DEVO_TIME,prod_date,devo_wt ,@stat_date||trim(to_char(rownum+@seq_id, '00000000')) "
libMMSM/f_mmsm_gyhl.cpp	225	" select @rec_creator,@rec_create_time,nvl(t2.sm_plan_nol2,' '),@heat_no,t1.l2_proc_no,t1.PROC_NO,t1.dev_code,t1.mat_code,t1.mat_name,t1.ID_2A,t1.PROC_COUNT,t1.WEIGH_NO,t1.QUALITY_BATCH_NO,t1.LOT_NO,DEVO_TIME,0-DEVO_WT ,'H',t1.STK_NO,t1.CHA
libMMSM/f_mmsm_gyins.cpp	52	" ,nvl((select max(start_time) CC_START_TIME from tmmsm31 t2 where t2.heat_no=t1.heat_no),' ') CC_START_TIME"
libMMSM/f_mmsm_gyins.cpp	53	" ,nvl((select min(recv_mat_time) recv_mat_time from (select recv_mat_time from tmmsm01 t2 where t1.heat_no=t2.heat_no union all select recv_mat_time from hmmsm01 t2 where t1.heat_no=t2.heat_no)),' ') recv_mat_time"
libMMSM/f_mmsm_gyins.cpp	83	sqlstr = " update tmmsmgy05 t1 set steel_type = decode(substr(ST_NO,0,1),'1',decode(substr(ST_NO,2,1),'A','镍钢','D','镍钢','F','铬钢','M','铬钢','不锈钢'),'2','碳钢','3','硅钢','4',decode(substr(ST_NO,2,1),'A','镍钢','D','镍钢','F','铬钢','M','铬钢','不锈钢'),'5','
libMMSM/f_mmsm_gyins2.cpp	91	" ,nvl((select max(LADLE_ARRIVE_TIME) CC_START_TIME from tmmsm31 t2 where t2.heat_no=t1.heat_no),' ') CC_START_TIME"
libMMSM/f_mmsm_gyins2.cpp	92	" ,nvl((select max(cast_div_no) cast_div_no from tmmsm31 t2 where t2.heat_no=t1.heat_no),0) cast_div_no"
libMMSM/f_mmsm_gyins2.cpp	93	" ,nvl((select max(td_no_1) td_no_1 from tmmsm31 t2 where t2.heat_no=t1.heat_no),' ') td_no_1"
libMMSM/f_mmsm_gyins2.cpp	94	" ,nvl((select max(recv_mat_time) recv_mat_time from (select recv_mat_time from tmmsm01 t2 where t1.heat_no=t2.heat_no union all select recv_mat_time from hmmsm01 t2 where t1.heat_no=t2.heat_no)),' ') recv_mat_time"
libMMSM/f_mmsm_gyins2.cpp	99	") t2 where t1.heat_no = t2.heat_no and rownum=1)"
libMMSM/f_mmsm_gyins2.cpp	115	sqlstr = " select nvl(CAST_NUMBER, '0') from ( select t.*,"
libMMSM/f_mmsm_gyins2.cpp	121	" ) t where t.timestamp>sysdate - 3 order by t.aggregatecode, t.timestamp) t2 "
libMMSM/f_mmsm_gyins2.cpp	147	" ,nvl((select max(LADLE_ARRIVE_TIME) CC_START_TIME from tmmsm31 t2 where t2.heat_no=t1.heat_no),' ') CC_START_TIME"
libMMSM/f_mmsm_gyins2.cpp	148	" ,nvl((select max(cast_div_no) cast_div_no from tmmsm31 t2 where t2.heat_no=t1.heat_no),0) cast_div_no"
libMMSM/f_mmsm_gyins2.cpp	149	" ,nvl((select max(td_no_1) td_no_1 from tmmsm31 t2 where t2.heat_no=t1.heat_no),' ') td_no_1"
libMMSM/f_mmsm_gyins2.cpp	150	" ,nvl((select max(recv_mat_time) recv_mat_time from (select recv_mat_time from tmmsm01 t2 where t1.heat_no=t2.heat_no union all select recv_mat_time from hmmsm01 t2 where t1.heat_no=t2.heat_no)),' ') recv_mat_time"
libMMSM/f_mmsm_gyins2.cpp	166	sqlstr = " select nvl(CAST_NUMBER, '0') from ( select t.*,"
libMMSM/f_mmsm_gyins2.cpp	172	" ) t where t.timestamp>sysdate - 3 order by t.aggregatecode, t.timestamp) t2 "
libMMSM/f_mmsm_gyins2.cpp	332	" and rownum=1)"
libMMSM/f_mmsm_gyins2.cpp	345	" and rownum=1)"
libMMSM/f_mmsm_gyins2.cpp	358	" and rownum=1)"
libMMSM/f_mmsm_gyins2.cpp	372	" and rownum=1)"
libMMSM/f_mmsm_gyins2.cpp	386	" and rownum=1)"
libMMSM/f_mmsm_gyins2.cpp	602	sqlstr = " update DA_HEAT_RELATION_syn t1 set (AGGREGATE_NAME,GRADEACT,CONFIRM_READ,COMFIRM_TIME,START_TIME,END_TIME)=(select dev_code,st_no,'Y',to_date(@dateNow,'yyyy-mm-dd hh24-mi-ss'),to_date(START_TIME,'yyyy-mm-dd hh24-mi-ss'),to_date(E
libMMSM/f_mmsm_gyins2.cpp	629	" and rownum=1"
libMMSM/f_mmsm_gyins2.cpp	663	" select rownum+@seq_no,dev_code,heat_no,l2_proc_no,to_date(@dateNow,'yyyy-mm-dd hh24-mi-ss'),'N','',st_no,moltiron_wt,weight_premelt1"
libMMSM/f_mmsm_gyupd.cpp	149	" select @rec_creator,@rec_create_time,t1.sm_plan_nol2,t1.heat_no,t1.l2_proc_no,t1.PROC_NO,t1.dev_code,'TS0000',t1.START_TIME,case when  nvl((select DES_TREATMENT_NO from tmmsm21 t2 where t2.heat_no= t1.l2_proc_no and rownum=1),' ')=' ' the
libMMSM/f_mmsm_gyupd.cpp	151	" select sm_plan_nol2,heat_no,l2_proc_no,PROC_NO,dev_code,decode(HEAT_COUNT,0,1,HEAT_COUNT) HEAT_COUNT,TO_NUMBER(TRIM(CASE WHEN trim(BACK_C1) IS NULL THEN 0 ELSE BACK_C1 END))  as BACK_C1,HANDLE_DIV,START_TIME,RATIO_B,RATIO_KR"
libMMSM/f_mmsm_gyupd.cpp	157	" where  nvl(MOLTIRON_WT,0)!=0"
libMMSM/f_mmsm_gyupd.cpp	185	" select @rec_creator,@rec_create_time,t1.sm_plan_nol2,t1.heat_no,t1.l2_proc_no,t1.PROC_NO,t1.dev_code,'TS0000',t1.START_TIME,case when  nvl((select DES_TREATMENT_NO from tmmsm21 t2 where t2.heat_no= t1.l2_proc_no and rownum=1),' ')=' ' the
libMMSM/f_mmsm_gyupd.cpp	187	" select sm_plan_nol2,heat_no,l2_proc_no,PROC_NO,dev_code,decode(HEAT_COUNT,0,1,HEAT_COUNT) HEAT_COUNT,TO_NUMBER(TRIM(CASE WHEN trim(BACK_C1) IS NULL THEN 0 ELSE BACK_C1 END))  as BACK_C1,HANDLE_DIV,START_TIME,RATIO_B,RATIO_KR"
libMMSM/f_mmsm_gyupd.cpp	194	" where  nvl(MOLTIRON_WT,0)!=0"
libMMSM/f_mmsm_gyupd.cpp	245	" select @rec_creator,@rec_create_time,sm_plan_nol2,heat_no,l2_proc_no,PROC_NO,dev_code,mat_code,ID_2A,PROC_COUNT,WEIGH_NO,QUALITY_BATCH_NO,LOT_NO,DEVO_TIME,round(sum(DEVO_WT* CASE WHEN BACK_C1 > 0 THEN (BACK_C1*0.01) ELSE 1 / HEAT_COUNT  E
libMMSM/f_mmsm_gyupd.cpp	247	" select t1.sm_plan_nol2,t1.heat_no,t1.l2_proc_no,t1.proc_no,t1.dev_code,decode(t1.HEAT_COUNT,0,1,t1.HEAT_COUNT) HEAT_COUNT,TO_NUMBER(TRIM(CASE WHEN trim(BACK_C1) IS NULL THEN 0 ELSE BACK_C1 END))  as BACK_C1,t2.mat_code,t2.ID_2A,t2.PROC_CO
libMMSM/f_mmsm_gyupd.cpp	251	" and nvl(DEVO_WT,0)!=0"
libMMSM/f_mmsm_gyupd.cpp	254	" group by  sm_plan_nol2,heat_no,l2_proc_no,PROC_NO,dev_code,mat_code,ID_2A,PROC_COUNT,WEIGH_NO,QUALITY_BATCH_NO,LOT_NO,DEVO_TIME,STK_NO,CHARGE_TYPE,NVL(trim(HANDLE_DIV),'I')"
libMMSM/f_mmsm_gyupd.cpp	282	" select @rec_creator,@rec_create_time,sm_plan_nol2,heat_no,l2_proc_no,PROC_NO,dev_code,mat_code,ID_2A,PROC_COUNT,WEIGH_NO,QUALITY_BATCH_NO,LOT_NO,DEVO_TIME,round(sum(DEVO_WT* CASE WHEN BACK_C1 > 0 THEN (BACK_C1*0.01) ELSE 1 / HEAT_COUNT  E
libMMSM/f_mmsm_gyupd.cpp	284	" select t1.sm_plan_nol2,t1.heat_no,t1.l2_proc_no,t1.proc_no,t1.dev_code,decode(t1.HEAT_COUNT,0,1,t1.HEAT_COUNT) HEAT_COUNT,TO_NUMBER(TRIM(CASE WHEN trim(BACK_C1) IS NULL THEN 0 ELSE BACK_C1 END))  as BACK_C1,t2.mat_code,t2.ID_2A,t2.PROC_CO
libMMSM/f_mmsm_gyupd.cpp	288	" and nvl(DEVO_WT,0)!=0"
libMMSM/f_mmsm_gyupd.cpp	291	" group by  sm_plan_nol2,heat_no,l2_proc_no,PROC_NO,dev_code,mat_code,ID_2A,PROC_COUNT,WEIGH_NO,QUALITY_BATCH_NO,LOT_NO,DEVO_TIME,STK_NO,CHARGE_TYPE,NVL(trim(HANDLE_DIV),'I')"
libMMSM/f_mmsm_gyupd.cpp	807	" and nvl(mat_act_wt,0)!=0 and nvl(all_DEVO_WT,0)!=0"
libMMSM/f_mmsm_gyupd.cpp	829	" and rownum =1"
libMMSM/f_mmsm_gyupd.cpp	878	" select @rec_creator,@rec_create_time,@stat_date,sm_plan_no,heat_no,st_no,dev_code,l2_proc_no,lot_no,mat_code,DEVO_TIME,WEIGH_NO,QUALITY_BATCH_NO,use_wt,mat_act_wt,use_wt,'I','I'||trim(to_char(rownum, '00000000')) "
libMMSM/f_mmsm_gyupd.cpp	880	" select t1.sm_plan_no,t1.heat_no,t1.st_no,t3.dev_code,t3.l2_proc_no,t3.lot_no,t3.mat_code,t3.DEVO_TIME,t3.WEIGH_NO,t3.QUALITY_BATCH_NO,round(t3.use_wt/t2.all_wt*t1.mat_act_wt ,0) use_wt,nvl(t1.mat_act_wt,0) mat_act_wt"
libMMSM/f_mmsm_gyupd.cpp	886	" where  nvl(all_wt,0)!=0 and nvl(use_wt,0)!=0  and  t1.heat_no=@heat_no"
libMMSM/f_mmsm_gyupd.cpp	899	" select @rec_creator,@rec_create_time,@stat_date,sm_plan_no,heat_no,st_no,dev_code,l2_proc_no,lot_no,mat_code,DEVO_TIME,WEIGH_NO,QUALITY_BATCH_NO,use_wt,mat_act_wt,use_wt,'I','I'||trim(to_char(rownum, '00000000')) "
libMMSM/f_mmsm_gyupd.cpp	901	" select t1.sm_plan_no,t1.heat_no,t1.st_no,t3.dev_code,t3.l2_proc_no,t3.lot_no,t3.mat_code,t3.DEVO_TIME,t3.WEIGH_NO,t3.QUALITY_BATCH_NO,round(t3.use_wt/t2.all_wt*t1.mat_act_wt ,0) use_wt,nvl(t1.mat_act_wt,0) mat_act_wt"
libMMSM/f_mmsm_gyupd.cpp	907	" where  t1.st_no!='223030' and nvl(all_wt,0)!=0 and nvl(use_wt,0)!=0  and  t1.heat_no=@heat_no"
libMMSM/f_mmsm_gyupd.cpp	950	" and rownum=1"
libMMSM/f_mmsm_gyupd.cpp	973	" select @rec_creator,@rec_create_time,@stat_date,sm_plan_no,heat_no,st_no,dev_code,l2_proc_no,lot_no,mat_code,DEVO_TIME,WEIGH_NO,QUALITY_BATCH_NO,use_wt,mat_act_wt,use_wt,'I','I'||trim(to_char(rownum, '00000000')) "
libMMSM/f_mmsm_gyupd.cpp	975	" select t1.sm_plan_no,t1.heat_no,t1.st_no,t3.dev_code,t3.l2_proc_no,t3.lot_no,t3.mat_code,t3.DEVO_TIME,t3.WEIGH_NO,t3.QUALITY_BATCH_NO,round(t3.use_wt/t2.all_wt*t1.mat_act_wt ,0) use_wt,nvl(t1.mat_act_wt,0) mat_act_wt"
libMMSM/f_mmsm_gyupd.cpp	981	" where  nvl(all_wt,0)!=0 and nvl(use_wt,0)!=0  and  t1.heat_no=@heat_no"
libMMSM/f_mmsm_gyupd.cpp	1059	" where  nvl(all_wt,0)!=0 and nvl(use_wt,0)!=0  and  t1.heat_no=@heat_no"
libMMSM/f_mmsm_gyupd.cpp	1104	" and rownum=1"
libMMSM/f_mmsm_gyupd.cpp	1152	" select @rec_creator,@rec_create_time,@stat_date,sm_plan_no,heat_no,st_no,dev_code,l2_proc_no,lot_no,mat_code,DEVO_TIME,WEIGH_NO,QUALITY_BATCH_NO,use_wt,mat_act_wt,use_wt,'I','I'||trim(to_char(rownum, '00000000')) "
libMMSM/f_mmsm_gyupd.cpp	1154	" select t1.sm_plan_no,t1.heat_no,t1.st_no,t3.dev_code,t3.l2_proc_no,t3.lot_no,t3.mat_code,t3.DEVO_TIME,t3.WEIGH_NO,t3.QUALITY_BATCH_NO,round(t3.use_wt/t2.all_wt*t1.mat_act_wt ,0) use_wt,nvl(t1.mat_act_wt,0) mat_act_wt"
libMMSM/f_mmsm_gyupd.cpp	1160	" where  nvl(all_wt,0)!=0 and nvl(use_wt,0)!=0  and  t1.heat_no=@heat_no"
libMMSM/f_mmsm_gyupd.cpp	1173	" select @rec_creator,@rec_create_time,@stat_date,sm_plan_no,heat_no,st_no,dev_code,l2_proc_no,lot_no,mat_code,DEVO_TIME,WEIGH_NO,QUALITY_BATCH_NO,use_wt,mat_act_wt,use_wt,'I','I'||trim(to_char(rownum, '00000000')) "
libMMSM/f_mmsm_gyupd.cpp	1175	" select t1.sm_plan_no,t1.heat_no,t1.st_no,t3.dev_code,t3.l2_proc_no,t3.lot_no,t3.mat_code,t3.DEVO_TIME,t3.WEIGH_NO,t3.QUALITY_BATCH_NO,round(t3.use_wt/t2.all_wt*t1.mat_act_wt ,0) use_wt,nvl(t1.mat_act_wt,0) mat_act_wt"
libMMSM/f_mmsm_gyupd.cpp	1181	" where  t1.st_no!='223030' and nvl(all_wt,0)!=0 and nvl(use_wt,0)!=0  and  t1.heat_no=@heat_no"
libMMSM/f_mmsm_gyupd.cpp	1224	" and rownum=1"
libMMSM/f_mmsm_gyupd.cpp	1247	" select @rec_creator,@rec_create_time,@stat_date,sm_plan_no,heat_no,st_no,dev_code,l2_proc_no,lot_no,mat_code,DEVO_TIME,WEIGH_NO,QUALITY_BATCH_NO,use_wt,mat_act_wt,use_wt,'I','I'||trim(to_char(rownum, '00000000')) "
libMMSM/f_mmsm_gyupd.cpp	1249	" select t1.sm_plan_no,t1.heat_no,t1.st_no,t3.dev_code,t3.l2_proc_no,t3.lot_no,t3.mat_code,t3.DEVO_TIME,t3.WEIGH_NO,t3.QUALITY_BATCH_NO,case when nvl(t2.all_wt,0)=0 and t1.mat_act_wt=0 then t3.use_wt else round(t3.use_wt/t2.all_wt*t1.mat_ac
libMMSM/f_mmsm_gyupd.cpp	1323	sqlstr = " update tmmsmgy05 t1 set  OUT_STEEL_WT = nvl((select STEEL_NET_WEIGHT from VW_CCM_STEEL_WT t2 where t2.HEAT_NAME = t1.heat_no and rownum=1),0)"
libMMSM/f_mmsm_gyupd.cpp	1357	" and rownum=1) "
libMMSM/f_mmsm_mat_no_ins.cpp	182	cmd_inq.SetCommandText("SELECT NVL(MAX(SUBSTR( MAT_NO, LENGTH(MAT_NO) - 1 , 2 )),0) FROM TMMSM33 WHERE HEAT_NO = @heatNo  AND SUBSTR(MAT_NO,9,2) <> 'AA' AND SUBSTR(MAT_NO,9,2) <> '00' AND SUBSTR(MAT_NO,9,2) <> '99' AND SUBSTR(MAT_NO,9,2) <>
libMMSM/f_mmsm_mat_no_ins.cpp	202	cmd_inq_mat_no.SetCommandText("SELECT NVL(MAX(SUBSTR( MAT_NO, LENGTH(MAT_NO) - 1 , 2 )),0) FROM TMMSM33 WHERE HEAT_NO = @heatNo ");
libMMSM/f_mmsm_mat_no_ins.cpp	219	cmd_inq.SetCommandText("SELECT NVL(MAX(SUBSTR( MAT_NO, LENGTH(MAT_NO) - 1 , 2 )),0) FROM TMMSM33 WHERE HEAT_NO = @heatNo  AND STRAND_NO ='" + v_strand_no + "' "
libMMSM/f_mmsm_mat_no_ins.cpp	249	cmd_inq_mat_no.SetCommandText("SELECT NVL(MAX(SUBSTR( MAT_NO, LENGTH(MAT_NO) - 1 , 2 )),0) FROM TMMSM33 WHERE HEAT_NO = @heatNo ");
libMMSM/f_mmsm_mat_no_ins.cpp	285	cmd_inq.SetCommandText("select NVL(MAX(SUBSTR(MAT_NO, LENGTH(MAT_NO) - 1 , 1 )),0) from tmmsm01 where mat_no like '" + old_mat_no.SubstringNE(0, 10) + "%'");
libMMSM/f_mmsm_mat_no_ins.cpp	314	cmd_inq.SetCommandText("select NVL(MAX(SUBSTR(MAT_NO, LENGTH(MAT_NO) - 1 , 1 )),0),NVL(MAX(SUBSTR(MAT_NO, LENGTH(MAT_NO), 1 )),0) from tmmsm01 where mat_no like '" + old_mat_no.SubstringNE(0, 10) + "%'");
libMMSM/f_mmsm_matno_catch_sm.cpp	575	sqlstr = "select nvl( max(SUBSTR(MAT_NO,10,1)),'0') as seq  from tmmsm33 WHERE  MAT_NO LIKE @mat_no||'%' ";
libMMSM/f_mmsm_t80r91_snd.cpp	392	sqlstr = "SELECT  LPAD(TO_CHAR(RESUME_SEQ_NO.NEXTVAL), 8, '0') FROM DUAL ";
libMMSM/f_mmsm_t83313_snd.cpp	155	"	WITH T1 AS(SELECT DECODE(ELM_NAME, 'C_VALUE', 'C', 'SI_VALUE', 'Si', 'MN_VALUE', 'Mn', 'P_VALUE', 'P', 'S_VALUE', 'S',\
libMMSM/f_mmsm_t83313_snd.cpp	159	DECODE(ELM_NAME, 'C_VALUE', 'Y001', 'SI_VALUE', 'Y002', 'MN_VALUE', 'Y003', 'P_VALUE', 'Y004',\
libMMSM/f_mmsm_t83313_snd.cpp	171	SELECT T1.*, nvl(T2.CODE_DESC_1_CONTENT,0) CODE_DESC_1_CONTENT\
libMMSM/f_mmsm_updlc.cpp	93	sqlstr = " update tmmsm60 set stock_wt = (select nvl(sum(stock_wt),0) from tmmsm85 where BUNKER_NO = @bunker_no)"
libMMSM/f_mmsm_yry.cpp	158	" and rownum=1)"
libMMSM/f_mmsm_yry.cpp	174	" and rownum=1)"
libMMSM/f_mmsm_yry.cpp	192	" and rownum=1)"
libMMSM/f_mmsm_yry.cpp	208	" and rownum=1)"
libMMSM/f_mmsm_yry.cpp	224	" and rownum=1)"
libMMSM/f_mmsm_yry.cpp	242	" and nvl(t2.HEAT_NO,' ') !=' '"
libMMSM/f_mmsm_yry.cpp	261	" and nvl(t2.HEAT_NO,' ') !=' '"
libMMSM/f_mmsm_yry.cpp	280	" and nvl(t2.HEAT_NO,' ') !=' '"
libMMSM/f_mmsm_yry.cpp	299	" and nvl(t2.HEAT_NO,' ') !=' '"
libMMSM/f_mmsm_yry.cpp	360	" select rownum+@seq_no,dev_code,heat_no,l2_proc_no,to_date(@dateNow,'yyyy-mm-dd hh24-mi-ss'),'N','',st_no,moltiron_wt,weight_premelt1"
libMMSM/f_mmsm_zxh01.cpp	87	", nvl((select substr(end_time,1,8) from tmmsm27 where heat_no like 'A%' and heat_no = t1.heat_no union select substr(end_time,1,8) from tmmsm21 where heat_no like 'B%' and heat_no = t1.heat_no), ' ')"
libMMSM/f_mmsm_zxh01.cpp	89	" ,nvl((select PROD_SHIFT_GROUP from tmmsm27 where heat_no like 'A%' and heat_no=t1.heat_no union select PROD_SHIFT_GROUP from tmmsm21 where heat_no like 'B%' and heat_no=t1.heat_no),' ')"
libMMSM/f_mmsm_zxh01.cpp	96	",nvl(t2.LADLE_ARRIVE_WT-t2.LADLE_LEAVE_WT,0),'CCM'"
libMMSM/f_mmsm_zxh01.cpp	97	",nvl((select sum(mat_act_wt) from VMMSMCPCL_BB1 t3 where t3.heat_no=t1.heat_no ),0)"
libMMSM/f_mmsm_zxh01.cpp	98	",nvl(( select sum(RECEIVE_WEIGHT) from VMMSMCPCL_BB1 t3 where t3.heat_no=t1.heat_no ),0)"
libMMSM/f_mmsm_zxh01.cpp	99	",nvl((select sum(mat_act_wt) from hmmsm01 t3 where t3.complex_decide_code = '9' and t3.heat_no=t1.heat_no ),0)"
libMMSM/f_mmsm_zxh01.cpp	100	",nvl((select sum(CUT_SCRAP_WT) from tmmsmfp t3 where  t3.heat_no=t1.heat_no ),0)"
libMMSM/f_mmsm_zxh01.cpp	104	" and nvl(t2.LADLE_ARRIVE_TIME,' ')!=' '"
libMMSM/f_mmsm_zxh01.cpp	117	sqlstr = " update tqmtscb02_mx t1 set GRADE_ID = (select st_no from (select st_no,sum(mat_act_wt) mat_act_wt from  VMMSMCPCL_BB1 t2 where t1.HEATNR=t2.heat_no  group by st_no order by  mat_act_wt desc) where 1=1 and rownum=1)"
libMMSM/f_mmsm_zxh01.cpp	129	sqlstr = " update tqmtscb02_mx t1 set GRADE_TYPE1 = (select  nvl(CODE_DESC_1_CONTENT,' ') from TQMTS0X t2  left join TEP0002 t3 on  t2.LABEL9 = t3.code  and CODE_CLASS='QMIP' where t1.GRADE_ID=t2.st_no )"
libMMSM/f_mmsm_zxh01.cpp	154	sqlstr = " update tqmtscb02_mx t1 set steel_wt = (select STEEL_NET_WEIGHT from VW_CCM_STEEL_WT t2 where t1.HEATNR=t2.HEAT_NAME and rownum=1) ,ORIGIN_SYS_CODE='L1'"
libMMSM/f_mmsm_zxh01.cpp	178	sqlstr = " update tqmtscb02_mx t1 set lts_steel_wt = (SELECT STEEL_WT FROM TMMSM26 t2 where t1.HEATNR=t2.l2_proc_no  and rownum=1) "
libMMSM/f_mmsm_zxh01.cpp	450	sqlstr = " update tmmsmzxh01 t1 set PROCESS_ROUTE = (SELECT  LISTAGG(DISTINCT DEV_CODE,'/') WITHIN GROUP (ORDER BY START_TIME) FROM TMMSMGY06  t2 where t2.HANDLE_DIV=' ' and t1.heat_no=t2.heat_no)"
libMMSM/f_mmsm_zxh01.cpp	504	sqlstr = " update tmmsmzxh01 t1 set  (QUALITY_BATCH_NO,CR_VALUE,NI_VALUE,MO_VALUE,C_VALUE,SI_VALUE,S_VALUE,MN_VALUE) =(select LOT_NO,round(nvl(CR_VALUE,0)*nvl((select INCLUDE_CR from TQMTSCB11_DR where mat_code =t1.MAT_CODE),0),4),round(nvl
libMMSM/f_mmsm_zxh01.cpp	558	sqlstr = " update tmmsmzxh01 t1 set (QUALITY_BATCH_NO,CR_VALUE,NI_VALUE,MO_VALUE,C_VALUE,SI_VALUE,S_VALUE,MN_VALUE)= (SELECT QUALITY_BATCH_NO ,max(nvl(Cr,0)),max(nvl(Ni,0)), max(nvl(Mo,0)), max(nvl(C,0)), max(nvl(Si,0)), max(nvl(S,0)), max(
libMMSM/f_mmsm_zxh01.cpp	688	" where nvl(t2.GRADE_TYPE1,' ')!=' '"
libMMSM/f_mmsm_zxh01.cpp	760	",t1.TYPE_CODE1,t1.mat_code,t1.mat_name,round(t1.NI_VALUE,3),round(t1.CR_VALUE,3),round(t1.MO_VALUE,3),t2.mat_act_wt,t1.UNIT_PRICE,sum(devo_wt),round(sum(t1.UNIT_PRICE*devo_wt),2),decode(t2.mat_act_wt,0,0,round(sum(t1.UNIT_PRICE*devo_wt)/t2
libMMSM/f_mmsm_zxh01.cpp	763	", decode(t2.mat_act_wt, 0, 0, round(sum((case when substr(t2.GRADE_ID,1,2) in ('1F','1M','4F','4M') then  t1.UNIT_PRICE_CR when substr(t2.GRADE_ID,1,2) in ('1A','1D','4A','4D') then  t1.UNIT_PRICE_NI else 0 end)*devo_wt) / t2.mat_act_wt, 2
libMMSM/f_mmsm_zxh01.cpp	767	" and nvl(devo_wt,0) !=0"
libMMSM/f_mmsm_zxh01.cpp	783	",nvl((select mat_name from tmmsm50 t where t.mat_code = t4.MAT_CODE_DR),'回收废钢')"
libMMSM/f_mmsm_zxh01.cpp	784	",t2.mat_act_wt,nvl(t4.PRICE,0),0-(t2.CUT_SCRAP_WT+t2.XF_WT),0-round(nvl(t4.PRICE,0)*(t2.CUT_SCRAP_WT+t2.XF_WT),2),decode(t2.mat_act_wt,0,0,0-round(nvl(t4.PRICE,0)*(t2.CUT_SCRAP_WT+t2.XF_WT)/t2.mat_act_wt,2)),'回收'"
libMMSM/f_mmsm_zxh01.cpp	792	" and nvl(t4.MAT_CODE_DR,' ')!=' '"
libMMSM/f_mmsm_zxh01.cpp	814	" and nvl(t3.MAT_CODE,' ')!=' '"
libMMSM/f_mmsm_zxh01.cpp	830	" select t1.HEAT_NO, t1.L2_PROC_NO, t1.DEV_CODE, nvl(ACTRESULT, 0) ACTRESULT"
libMMSM/f_mmsm_zxh01.cpp	836	" select t1.HEAT_NO, t1.L2_PROC_NO, t1.DEV_CODE, nvl(ACTRESULT, 0) ACTRESULT"
libMMSM/f_mmsm_zxh01.cpp	842	" select t1.HEAT_NO, t1.L2_PROC_NO, t1.DEV_CODE, nvl(ACTRESULT, 0) ACTRESULT"
libMMSM/f_mmsm_zxh01.cpp	852	",'步骤费',t1.AREA_CODE,t1.DEV_CODE,t3.MAT_CODE,t3.mat_name,t2.mat_act_wt,t3.COST_VALUE,decode(all_wt,0,0,round(t2.ACTRESULT*t1.ACTRESULT/all_wt,3)),decode(all_wt,0,0,round(t3.COST_VALUE*t2.ACTRESULT*t1.ACTRESULT/all_wt,2)),case when all_wt!=0
libMMSM/f_mmsm_zxh01.cpp	860	" and nvl(t3.MAT_CODE,' ')!=' '"
libMMSM/f_mmsm_zxh01.cpp	885	",t1.TYPE_CODE1,t1.mat_code,t1.mat_name,round(t1.NI_VALUE,3),round(t1.CR_VALUE,3),round(t1.MO_VALUE,3),t2.CONVERSION_OK_WT,t1.UNIT_PRICE,sum(devo_wt),round(sum(t1.UNIT_PRICE*devo_wt),2),decode(t2.CONVERSION_OK_WT,0,0,round(sum(t1.UNIT_PRICE
libMMSM/f_mmsm_zxh01.cpp	888	", decode(t2.CONVERSION_OK_WT, 0, 0, round(sum((case when substr(t2.GRADE_ID,1,2) in ('1F','1M','4F','4M') then  t1.UNIT_PRICE_CR when substr(t2.GRADE_ID,1,2) in ('1A','1D','4A','4D') then  t1.UNIT_PRICE_NI else 0 end)*devo_wt) / t2.CONVERS
libMMSM/f_mmsm_zxh01.cpp	892	" and nvl(devo_wt,0) !=0"
libMMSM/f_mmsm_zxh01.cpp	908	",nvl((select mat_name from tmmsm50 t where t.mat_code = t4.MAT_CODE_DR),'回收废钢')"
libMMSM/f_mmsm_zxh01.cpp	909	",t2.CONVERSION_OK_WT,nvl(t4.PRICE,0),0-(t2.CONVERSION_ALLOY_WT),0-round(nvl(t4.PRICE,0)*(t2.CONVERSION_ALLOY_WT),2),decode(t2.CONVERSION_OK_WT,0,0,0-round(nvl(t4.PRICE,0)*(t2.CONVERSION_ALLOY_WT)/t2.CONVERSION_OK_WT,2)),'回收'"
libMMSM/f_mmsm_zxh01.cpp	917	" and nvl(t4.MAT_CODE_DR,' ')!=' '"
libMMSM/f_mmsm_zxh01.cpp	939	" and nvl(t3.MAT_CODE,' ')!=' '"
libMMSM/f_mmsm_zxh01.cpp	952	" select t1.HEAT_NO, t1.L2_PROC_NO, t1.DEV_CODE, nvl(ACTRESULT, 0) ACTRESULT"
libMMSM/f_mmsm_zxh01.cpp	958	" select t1.HEAT_NO, t1.L2_PROC_NO, t1.DEV_CODE, nvl(ACTRESULT, 0) ACTRESULT"
libMMSM/f_mmsm_zxh01.cpp	964	" select t1.HEAT_NO, t1.L2_PROC_NO, t1.DEV_CODE, nvl(ACTRESULT, 0) ACTRESULT"
libMMSM/f_mmsm_zxh01.cpp	974	",'步骤费',t1.AREA_CODE,t1.DEV_CODE,t3.MAT_CODE,t3.mat_name,t2.CONVERSION_OK_WT,t3.COST_VALUE,decode(all_wt,0,0,round(t2.ACTRESULT*t1.ACTRESULT/all_wt,3)),decode(all_wt,0,0,round(t3.COST_VALUE*t2.ACTRESULT*t1.ACTRESULT/all_wt,2)),case when all
libMMSM/f_mmsm_zxh01.cpp	981	" and nvl(t3.MAT_CODE,' ')!=' '"
libMMSM/f_mmsm_zxh01.cpp	994	sqlstr = " update tqmtscb01_mx t1 set (INCLUDE_CR,INCLUDE_NI,INCLUDE_MO) = ( SELECT NVL(CASE WHEN ELM_006 = -1 THEN 0 ELSE ELM_006 END, 0) AT_CR "
libMMSM/f_mmsm_zxh01.cpp	995	", NVL(CASE WHEN ELM_007 = -1 THEN 0 ELSE ELM_007 END, 0) AT_NI"
libMMSM/f_mmsm_zxh01.cpp	996	", NVL(CASE WHEN ELM_008 = -1 THEN 0 ELSE ELM_008 END, 0) AT_MO"
libMMSM/f_mmsm_zxh01.cpp	1010	sqlstr = " update tqmtscb03_mx t1 set (INCLUDE_CR,INCLUDE_NI,INCLUDE_MO) = ( SELECT NVL(CASE WHEN ELM_006 = -1 THEN 0 ELSE ELM_006 END, 0) AT_CR "
libMMSM/f_mmsm_zxh01.cpp	1011	", NVL(CASE WHEN ELM_007 = -1 THEN 0 ELSE ELM_007 END, 0) AT_NI"
libMMSM/f_mmsm_zxh01.cpp	1012	", NVL(CASE WHEN ELM_008 = -1 THEN 0 ELSE ELM_008 END, 0) AT_MO"
libMMSM/f_mmsm_zxh01.cpp	1039	",t1.TYPE_CODE1,t1.mat_code,t1.mat_name,round(t1.NI_VALUE,3),round(t1.CR_VALUE,3),round(t1.MO_VALUE,3),t2.lts_steel_wt,t1.UNIT_PRICE,sum(devo_wt),round(sum(t1.UNIT_PRICE*devo_wt),2),decode(t2.lts_steel_wt,0,0,round(sum(t1.UNIT_PRICE*devo_wt
libMMSM/f_mmsm_zxh01.cpp	1042	", decode(t2.lts_steel_wt, 0, 0, round(sum((case when substr(t2.GRADE_ID,1,2) in ('1F','1M','4F','4M') then  t1.UNIT_PRICE_CR when substr(t2.GRADE_ID,1,2) in ('1A','1D','4A','4D') then  t1.UNIT_PRICE_NI else 0 end)*devo_wt) / t2.lts_steel_w
libMMSM/f_mmsm_zxh01.cpp	1046	" and nvl(devo_wt,0) !=0"
libMMSM/f_mmsm_zxh01.cpp	1062	",nvl((select mat_name from tmmsm50 t where t.mat_code = t4.MAT_CODE_DR),'回收废钢')"
libMMSM/f_mmsm_zxh01.cpp	1063	",t2.lts_steel_wt,nvl(t4.PRICE,0),0-(t2.CONVERSION_ALLOY_WT),0-round(nvl(t4.PRICE,0)*(t2.CONVERSION_ALLOY_WT),2),decode(t2.lts_steel_wt,0,0,0-round(nvl(t4.PRICE,0)*(t2.CONVERSION_ALLOY_WT)/t2.lts_steel_wt,2)),'回收'"
libMMSM/f_mmsm_zxh01.cpp	1071	" and nvl(t4.MAT_CODE_DR,' ')!=' '"
libMMSM/f_mmsm_zxh01.cpp	1093	" and nvl(t3.MAT_CODE,' ')!=' '"
libMMSM/f_mmsm_zxh01.cpp	1106	" select t1.HEAT_NO, t1.L2_PROC_NO, t1.DEV_CODE, nvl(ACTRESULT, 0) ACTRESULT"
libMMSM/f_mmsm_zxh01.cpp	1112	" select t1.HEAT_NO, t1.L2_PROC_NO, t1.DEV_CODE, nvl(ACTRESULT, 0) ACTRESULT"
libMMSM/f_mmsm_zxh01.cpp	1118	" select t1.HEAT_NO, t1.L2_PROC_NO, t1.DEV_CODE, nvl(ACTRESULT, 0) ACTRESULT"
libMMSM/f_mmsm_zxh01.cpp	1128	",'步骤费',t1.AREA_CODE,t1.DEV_CODE,t3.MAT_CODE,t3.mat_name,t2.lts_steel_wt,t3.COST_VALUE,decode(all_wt,0,0,round(t2.ACTRESULT*t1.ACTRESULT/all_wt,3)),decode(all_wt,0,0,round(t3.COST_VALUE*t2.ACTRESULT*t1.ACTRESULT/all_wt,2)),case when all_wt!
libMMSM/f_mmsm_zxh01.cpp	1135	" and nvl(t3.MAT_CODE,' ')!=' '"
libMMSM/f_mmsm_zxh01.cpp	1195	",t1.TYPE_CODE1,t1.mat_code,t1.mat_name,round(t1.NI_VALUE,3),round(t1.CR_VALUE,3),round(t1.MO_VALUE,3),t2.mat_act_wt,t1.UNIT_PRICE,sum(devo_wt),round(sum(t1.UNIT_PRICE*devo_wt),2),decode(t2.mat_act_wt,0,0,round(sum(t1.UNIT_PRICE*devo_wt)/t2
libMMSM/f_mmsm_zxh01.cpp	1198	", decode(t2.mat_act_wt, 0, 0, round(sum((case when substr(t2.GRADE_ID,1,2) in ('1F','1M','4F','4M') then  t1.UNIT_PRICE_CR when substr(t2.GRADE_ID,1,2) in ('1A','1D','4A','4D') then  t1.UNIT_PRICE_NI else 0 end)*devo_wt) / t2.mat_act_wt, 2
libMMSM/f_mmsm_zxh01.cpp	1203	" and nvl(devo_wt,0) !=0"
libMMSM/f_mmsm_zxh01.cpp	1220	",t1.TYPE_CODE1,t1.mat_code,t1.mat_name,round(t1.NI_VALUE,3),round(t1.CR_VALUE,3),round(t1.MO_VALUE,3),t2.CONVERSION_OK_WT,t1.UNIT_PRICE,sum(devo_wt),round(sum(t1.UNIT_PRICE*devo_wt),2),decode(t2.CONVERSION_OK_WT,0,0,round(sum(t1.UNIT_PRICE
libMMSM/f_mmsm_zxh01.cpp	1223	", decode(t2.CONVERSION_OK_WT, 0, 0, round(sum((case when substr(t2.GRADE_ID,1,2) in ('1F','1M','4F','4M') then  t1.UNIT_PRICE_CR when substr(t2.GRADE_ID,1,2) in ('1A','1D','4A','4D') then  t1.UNIT_PRICE_NI else 0 end)*devo_wt) / t2.CONVERS
libMMSM/f_mmsm_zxh01.cpp	1228	" and nvl(devo_wt,0) !=0"
libMMSM/f_mmsm_zxh01.cpp	1254	",decode(IN_CR,0,0,round(AT_CR*100/IN_CR, 2)),decode(IN_NI,0,0,round(AT_NI*100/IN_NI, 2)),decode(IN_MO,0,0,round(AT_MO*100/IN_MO, 2))"
libMMSM/f_mmsm_zxh01.cpp	1255	", decode((RECEIVE_WEIGHT + CUT_SCRAP_WT), 0, 0, round(METAL_CONS * 1000 / (RECEIVE_WEIGHT + CUT_SCRAP_WT), 0))"
libMMSM/f_mmsm_zxh01.cpp	1292	" select t.aod_bof_e_dtime, sum((RECEIVE_WEIGHT + CUT_SCRAP_WT)*NVL(CASE WHEN ELM_006 = -1 THEN 0 ELSE ELM_006 END, 0)) AT_CR"
libMMSM/f_mmsm_zxh01.cpp	1293	", sum(case when  GRADE_ID in (select st_no from tqmts0x  t where t.elm_std_idx_a  in (select IDX_NO from tqmts02 where SPE_MIN>0 and elm_code='007')) then (RECEIVE_WEIGHT + CUT_SCRAP_WT)*NVL(CASE WHEN ELM_007 = -1 THEN 0 ELSE ELM_007 END, 
libMMSM/f_mmsm_zxh01.cpp	1294	", sum(case when t.GRADE_ID in (select STEEL_GRADE from tqmtscb09_dr where GRADE_SERIES='含钼') then (RECEIVE_WEIGHT + CUT_SCRAP_WT)*NVL(CASE WHEN ELM_008 = -1 THEN 0 ELSE ELM_008 END, 0) else 0 end) AT_MO"
libMMSM/f_mmsm_zxh01.cpp	1313	",decode(IN_CR,0,0,round(AT_CR*100/IN_CR, 2)),decode(IN_NI,0,0,round(AT_NI*100/IN_NI, 2)),decode(IN_MO,0,0,round(AT_MO*100/IN_MO, 2))"
libMMSM/f_mmsm_zxh01.cpp	1314	", decode((RECEIVE_WEIGHT + CUT_SCRAP_WT), 0, 0, round(METAL_CONS * 1000 / (RECEIVE_WEIGHT + CUT_SCRAP_WT), 0))"
libMMSM/f_mmsm_zxh01.cpp	1335	" select t.aod_bof_e_dtime, sum((RECEIVE_WEIGHT + CUT_SCRAP_WT)*NVL(CASE WHEN ELM_006 = -1 THEN 0 ELSE ELM_006 END, 0)) AT_CR"
libMMSM/f_mmsm_zxh01.cpp	1336	", sum(case when GRADE_ID in (select st_no from tqmts0x  t where t.elm_std_idx_a  in (select IDX_NO from tqmts02 where SPE_MIN>0 and elm_code='007')) then (RECEIVE_WEIGHT + CUT_SCRAP_WT)*NVL(CASE WHEN ELM_007 = -1 THEN 0 ELSE ELM_007 END, 0
libMMSM/f_mmsm_zxh01.cpp	1337	", sum(case when t.GRADE_ID in (select STEEL_GRADE from tqmtscb09_dr where GRADE_SERIES='含钼') then (RECEIVE_WEIGHT + CUT_SCRAP_WT)*NVL(CASE WHEN ELM_008 = -1 THEN 0 ELSE ELM_008 END, 0) else 0 end) AT_MO"
libMMSM/f_mmsm_zxh02.cpp	112	",COST_PERT	=decode(QUALIFIED_WT,0,0,round((@unit_price*WEIGHT)/QUALIFIED_WT,2))"
libMMSM/f_mmsm_zxh02.cpp	115	",COST_PERT_XY = decode(QUALIFIED_WT,0,0,round(WEIGHT* (case when substr(GRADE_ID,1,2) in ('1F','1M','4F','4M') then  " + bcls_ret3.Tables[0].Rows[0]["UNIT_PRICE_CR"].ToString() + " when substr(GRADE_ID,1,2) in ('1A','1D','4A','4D') then  "
libMMSM/f_mmsm_zxh02.cpp	146	",COST_PERT	=decode(QUALIFIED_WT,0,0,round((@unit_price*WEIGHT)/QUALIFIED_WT,2))"
libMMSM/f_mmsm_zxh02.cpp	149	",COST_PERT_XY = decode(QUALIFIED_WT,0,0,round(WEIGHT* (case when substr(GRADE_ID,1,2) in ('1F','1M','4F','4M') then  " + bcls_ret3.Tables[0].Rows[0]["UNIT_PRICE_CR"].ToString() + " when substr(GRADE_ID,1,2) in ('1A','1D','4A','4D') then  "
libMMSM/f_mmsm_zxh03.cpp	52	" select @rec_creator,@rec_create_time,@stat_date,t.st_no,nvl(CR_PDI,0),nvl(NI_PDI,0),nvl(MO_PDI,0),MAT_CODE,MAT_NAME,CR_VALUE,NI_VALUE,MO_VALUE,WT_UNIT,KM_CODE,KM_NAME"
libMMSM/f_mmsm_zxh03.cpp	133	"in (select MAT_CODE_dr from TQMTSCB05_DR where st_no = t.st_no)) and rownum = 1)"
libMMSM/f_mmsmnb01_proc.cpp	67	sqlstr = "  SELECT NVL(max(SEQ_NO),0) FROM  TMMSMNB01     WHERE 1=1   AND MAT_CODE= @MAT_CODE  ";
libMMSM/f_mmsmwt_proc.cpp	48	CDbCommand getSeq("SELECT MMSM_MATNO_SEQ.NEXTVAL  FROM DUAL", conn);
libMMSM/f_mmsmwt_proc_ins.cpp	53	CDbCommand getSeq("SELECT MMSM_MATNO_SEQ.NEXTVAL  FROM DUAL", conn);
libMMSM/f_t823_snd.cpp	74	" to_date(LADLE_ARRIVE_TIME, 'yyyy-MM-dd hh24:MI:SS')< SYSDATE - 4 / 24 and a.HEAT_NO='" + heat_no + "' ");
p_mmsm_17510/mmsm11_cfbf.cpp	76	"DECODE(ANALYSE_ITEM_NAME,"
p_mmsm_17510/mmsmpara_ed54.cpp	177	" AND   T.STATION_ID = NVL(@station_id,STATION_ID)"
p_mmsm_17510/mmsmqc_ins_b.cpp	786	" DECODE(substr(mat_no, 9, 1), 'A', '01', 'B', '02', 'C', '03', 'D', '04', 'E', '05', 'F', '06', 'G','07', 'H', '08','I', '09', 'J', '10', 'K', '11', 'L', '12', 'M', '13', 'N', '14', 'O', '15', 'P', '16','T','0T',rpad(substr(mat_no, 9, 1),2
p_mmsm_17520/mmsm01g41_inq.cpp	104	" A.SLAB_WT ,A.STEEL_WT,A.SLAB_DEST , NVL(B.MOLTIRON_WT,0)+NVL(C.SCRAP_STEEL_WT,0) AS LOAD_WT, "
p_mmsm_17520/mmsm01g41_inq.cpp	105	" NVL(B.MOLTIRON_WT,0) AS MOLTIRON_WT ,NVL(C.SCRAP_STEEL_WT,0) AS SCRAP_STEEL_WT   FROM ( ("
p_mmsm_17520/mmsm01g6_inq.cpp	246	sqlstr = "SELECT COUNT(*),NVL(SUM(SLAB_WT),0) FROM TMMSM31 A WHERE STATION_ID||STATION_NO LIKE @v_dev_code"
p_mmsm_17520/mmsm01g6_inq.cpp	295	sqlstr = "SELECT COUNT(*),NVL(SUM(SLAB_WT),0) FROM TMMSM31 A WHERE  FACTORY_DIV LIKE @v_factory  " + sql_castsum_where;
p_mmsm_17520/mmsm01g8_inq.cpp	59	"		 ROUND(NVL(SUM(CASE WHEN MAT_STATUS = '20' THEN MAT_WT END), 0),3) AS WT_20,"
p_mmsm_17520/mmsm01g8_inq.cpp	60	"		 NVL(SUM(CASE WHEN MAT_STATUS = '20' THEN MAT_NUM END), 0) AS NUM_20,"
p_mmsm_17520/mmsm01g8_inq.cpp	61	"		 NVL(SUM(CASE WHEN MAT_STATUS = '23' THEN MAT_WT END), 0) AS WT_23,"
p_mmsm_17520/mmsm01g8_inq.cpp	62	"		 NVL(SUM(CASE WHEN MAT_STATUS = '23' THEN MAT_NUM END), 0) AS NUM_23,"
p_mmsm_17520/mmsm01g8_inq.cpp	63	"		 NVL(SUM(CASE WHEN MAT_STATUS = '24' THEN MAT_WT END), 0) AS WT_24,"
p_mmsm_17520/mmsm01g8_inq.cpp	64	"		 NVL(SUM(CASE WHEN MAT_STATUS = '24' THEN MAT_NUM END), 0) AS NUM_24,"
p_mmsm_17520/mmsm01g8_inq.cpp	65	"		 NVL(SUM(CASE WHEN MAT_STATUS = '29' THEN MAT_WT END), 0) AS WT_29,"
p_mmsm_17520/mmsm01g8_inq.cpp	66	"		 NVL(SUM(CASE WHEN MAT_STATUS = '29' THEN MAT_NUM END), 0) AS NUM_29,"
p_mmsm_17520/mmsm01g8_inq.cpp	67	"		 NVL(SUM(CASE WHEN MAT_STATUS in('21', '22') THEN MAT_WT END), 0) AS WT_21_22,"
p_mmsm_17520/mmsm01g8_inq.cpp	68	"		 NVL(SUM(CASE WHEN MAT_STATUS in('21', '22') THEN MAT_NUM END), 0) AS NUM_21_22,"
p_mmsm_17520/mmsm01g8_inq.cpp	69	"        NVL(SUM(CASE WHEN MAT_STATUS in('20','21','22','23','24','29') THEN MAT_WT END), 0) AS WT_CT, "
p_mmsm_17520/mmsm01g8_inq.cpp	70	"		 NVL(SUM(CASE WHEN MAT_STATUS in('20','21','22','23','24','29') THEN MAT_NUM END), 0) AS NUM_CT"
p_mmsm_17520/mmsm01ga_inq2.cpp	84	"   AND MAT_ID = (SELECT NVL(MAX(MAT_ID), ' ') "
p_mmsm_17520/mmsmis02_inq.cpp	330	sqlstr_outTIME = "select timestampdiff(8,char(timestamp('"+v_in_stock_hot_time+"','yyyy-MM-DD hh:mm:ss') - timestamp('"+v_slab_cut_time+"','yyyy-MM-DD hh:mm:ss')))  from DUAL";
p_mmsm_17520/mmsmis02_inqa.cpp	241	sqlstr_outTIME = "select timestampdiff(8,char(timestamp('"+v_in_stock_hot_time+"','yyyy-MM-DD hh:mm:ss') - timestamp('"+v_slab_cut_time+"','yyyy-MM-DD hh:mm:ss')))  from DUAL";
p_mmsm_17520/mmsmis02a1_inq.cpp	951	sqlstrt1 = "SELECT CONFM_PRG_PLAN_DATE FROM PMOF.TPMOFA18 WHERE ORDER_NO = @v_order_no ORDER BY SERIAL_NO DESC FETCH FIRST 1 ROWS ONLY ";
p_mmsm_17520/mmsmis02a1_inq.cpp	1128	sqlstr_COLDTIME="select timestampdiff(8,char(CURRENT_TIMESTAMP - timestamp('"+v_slab_cut_time+"','yyyy-MM-DD hh:mm:ss')))  from DUAL";
p_mmsm_17520/mmsmis02a1_inq.cpp	1150	sqlstr_COLDTIME="select timestampdiff(8,char(timestamp('"+v_in_stock_hot_time+"','yyyy-MM-DD hh:mm:ss') - timestamp('"+v_slab_cut_time+"','yyyy-MM-DD hh:mm:ss')))  from DUAL";
p_mmsm_17520/mmsmis02a1_inqa.cpp	878	sqlstrt1 = "SELECT CONFM_PRG_PLAN_DATE FROM PMOF.TPMOFA18 WHERE ORDER_NO = @v_order_no ORDER BY SERIAL_NO DESC FETCH FIRST 1 ROWS ONLY ";
p_mmsm_17520/mmsmis02a1_inqa.cpp	1072	sqlstr_COLDTIME="select timestampdiff(8,char(CURRENT_TIMESTAMP - timestamp('"+v_slab_cut_time+"','yyyy-MM-DD hh:mm:ss')))  from DUAL";
p_mmsm_17520/mmsmis02a1_inqa.cpp	1094	sqlstr_COLDTIME="select timestampdiff(8,char(timestamp('"+v_in_stock_hot_time+"','yyyy-MM-DD hh:mm:ss') - timestamp('"+v_slab_cut_time+"','yyyy-MM-DD hh:mm:ss')))  from DUAL";
p_mmsm_17530/mmsm11dw_ins.cpp	13	int f_getSeqNextValue(CString SEQ_NAME, CString & SEQ_VALUE, CDbConnection * conn);
p_mmsm_17530/mmsm11dw_ins.cpp	253	if (f_getSeqNextValue("TI_CODE_SEQ", ticode, conn)){
p_mmsm_17530/mmsm835d_inq029.cpp	85	"               ADD_MONTHS(TO_DATE(@begin_time1, 'YYYYMMDDHH24MISS'), -2),"
p_mmsm_17530/mmsm835d_inq029.cpp	113	" RESUME_SEQ_NO,decode(BACK_CODE_1,'1','已冲销') BACK_CODE_1"
p_mmsm_17540/mmsm01g4_inq.cpp	79	and t1.FACTORY_DIV = nvl(@factory_div, FACTORY_DIV) \
p_mmsm_17540/mmsm01g4_inq.cpp	91	and t1.FACTORY_DIV = nvl(@factory_div, FACTORY_DIV) \
p_mmsm_17540/mmsm01g4_inq.cpp	134	and t1.FACTORY_DIV = nvl(@factory_div, FACTORY_DIV) \
p_mmsm_17540/mmsm01g4_inq.cpp	166	and t1.FACTORY_DIV = nvl(@factory_div, FACTORY_DIV) \
p_mmsm_17540/mmsm01g4_inq.cpp	197	and t1.FACTORY_DIV = nvl(@factory_div, FACTORY_DIV) \
p_mmsm_17540/mmsm01g4_inq.cpp	229	and t1.FACTORY_DIV = nvl(@factory_div, FACTORY_DIV) \
p_mmsm_17550/mmsm21b_inq.cpp	128	" NVL(T2.FURNACE_AGE, 0) FURNACE_AGE_MIN,"
p_mmsm_17550/mmsm21b_inq.cpp	129	" NVL(T2.FURNACE_AGE_MAX, 0) FURNACE_AGE_MAX,"
p_mmsm_17550/mmsm21b_inq.cpp	130	" NVL(T2.THICK_AREA_HEAD, 0) STD_THICK_AREA_HEAD,"
p_mmsm_17550/mmsm21b_inq.cpp	131	" NVL(T2.THICK_AREA_BACK, 0) STD_THICK_AREA_BACK,"
p_mmsm_17550/mmsm21b_inq.cpp	132	" NVL(T2.THICK_POOL_HEAD, 0) STD_THICK_POOL_HEAD,"
p_mmsm_17550/mmsm21b_inq.cpp	133	" NVL(T2.THICK_POOL_BACK, 0) STD_THICK_POOL_BACK,"
p_mmsm_17550/mmsm21b_inq.cpp	134	" NVL(T2.THICK_POOL_EAST, 0) STD_THICK_POOL_EAST,"
p_mmsm_17550/mmsm21b_inq.cpp	135	" NVL(T2.THICK_POOL_WEST, 0) STD_THICK_POOL_WEST,"
p_mmsm_17550/mmsm21b_inq.cpp	136	" NVL(T2.SLAGLINE_HEAD_WEST, 0) STD_SLAGLINE_HEAD_WEST,"
p_mmsm_17550/mmsm21b_inq.cpp	137	" NVL(T2.SLAGLINE_HEAD_EAST, 0) STD_SLAGLINE_HEAD_EAST,"
p_mmsm_17550/mmsm21b_inq.cpp	138	" NVL(T2.SLAGLINE_BACK_EAST, 0) STD_SLAGLINE_BACK_EAST,"
p_mmsm_17550/mmsm21b_inq.cpp	139	" NVL(T2.SLAGLINE_BACK_WEST, 0) STD_SLAGLINE_BACK_WEST,"
p_mmsm_17550/mmsm21b_inq.cpp	140	" NVL(T2.THICK_BOTTOM_MIN, 0) STD_THICK_BOTTOM_MIN,"
p_mmsm_17550/mmsm21b_inq.cpp	141	" NVL(T2.THICK_BOTTOM_MAX, 0) STD_THICK_BOTTOM_MAX,"
p_mmsm_17550/mmsm21b_inq.cpp	142	" NVL(T2.THICK_TRUNNION_EAST, 0) STD_THICK_TRUNNION_EAST,"
p_mmsm_17550/mmsm21b_inq.cpp	143	" NVL(T2.THICK_TRUNNION_WEST, 0) STD_THICK_TRUNNION_WEST,"
p_mmsm_17550/mmsm21b_inq.cpp	144	" NVL(T2.THICK_CAP_EAST_MAX, 0) STD_THICK_CAP_EAST_MAX,"
p_mmsm_17550/mmsm21b_inq.cpp	145	" NVL(T2.THICK_CAP_WEST_MAX, 0) STD_THICK_CAP_WEST_MAX,"
p_mmsm_17550/mmsm21b_inq.cpp	146	" NVL(T2.BOTTOM_BLOW_HOLE_NUM, 0) STD_BOTTOM_BLOW_HOLE_NUM,"
p_mmsm_17550/mmsm21b_inq.cpp	147	" (T1.THICK_AREA_HEAD - NVL(t2.THICK_AREA_HEAD, 0)) DIFF_AREA_HEAD,"
p_mmsm_17550/mmsm21b_inq.cpp	148	" (T1.THICK_AREA_BACK - NVL(t2.THICK_AREA_BACK, 0)) DIFF_AREA_BACK,"
p_mmsm_17550/mmsm21b_inq.cpp	149	" (T1.THICK_POOL_HEAD - NVL(t2.THICK_POOL_HEAD, 0)) DIFF_POOL_HEAD,"
p_mmsm_17550/mmsm21b_inq.cpp	150	" (T1.THICK_POOL_BACK - NVL(t2.THICK_POOL_BACK, 0)) DIFF_POOL_BACK,"
p_mmsm_17550/mmsm21b_inq.cpp	151	" (T1.THICK_POOL_EAST - NVL(t2.THICK_POOL_EAST, 0)) DIFF_POOL_EAST,"
p_mmsm_17550/mmsm21b_inq.cpp	152	" (T1.THICK_POOL_WEST - NVL(t2.THICK_POOL_WEST, 0)) DIFF_POOL_WEST,"
p_mmsm_17550/mmsm21b_inq.cpp	153	" (T1.SLAGLINE_HEAD_WEST - NVL(t2.SLAGLINE_HEAD_WEST, 0)) DIFF_SLAGLINE_HEAD_WEST,"
p_mmsm_17550/mmsm21b_inq.cpp	154	" (T1.SLAGLINE_HEAD_EAST - NVL(t2.SLAGLINE_HEAD_EAST, 0)) DIFF_SLAGLINE_HEAD_EAST,"
p_mmsm_17550/mmsm21b_inq.cpp	155	" (T1.SLAGLINE_BACK_EAST - NVL(t2.SLAGLINE_BACK_EAST, 0)) DIFF_SLAGLINE_BACK_EAST,"
p_mmsm_17550/mmsm21b_inq.cpp	156	" (T1.SLAGLINE_BACK_WEST - NVL(t2.SLAGLINE_BACK_WEST, 0)) DIFF_SLAGLINE_BACK_WEST,"
p_mmsm_17550/mmsm21b_inq.cpp	157	" (T1.THICK_BOTTOM_MIN - NVL(t2.THICK_BOTTOM_MIN, 0)) DIFF_BOTTOM_MIN,"
p_mmsm_17550/mmsm21b_inq.cpp	158	" (T1.THICK_BOTTOM_MAX - NVL(t2.THICK_BOTTOM_MAX, 0)) DIFF_BOTTOM_MAX,"
p_mmsm_17550/mmsm21b_inq.cpp	159	" (T1.THICK_TRUNNION_EAST - NVL(t2.THICK_TRUNNION_EAST, 0)) DIFF_TRUNNION_EAST,"
p_mmsm_17550/mmsm21b_inq.cpp	160	" (T1.THICK_TRUNNION_WEST - NVL(t2.THICK_TRUNNION_WEST, 0)) DIFF_TRUNNION_WEST,"
p_mmsm_17550/mmsm21b_inq.cpp	161	" (T1.THICK_CAP_EAST_MAX - NVL(t2.THICK_CAP_EAST_MAX, 0)) DIFF_CAP_EAST_MAX,"
p_mmsm_17550/mmsm21b_inq.cpp	162	" (T1.THICK_CAP_WEST_MAX - NVL(t2.THICK_CAP_WEST_MAX, 0)) DIFF_CAP_WEST_MAX"
p_mmsm_17550/mmsmcf_inq.cpp	104	sqlstr1 = "select (SELECT nvl(ELM_ACT,0) FROM TQMTS25 WHERE heat_no = '"+ heat_no +"'  and elm_code = '012' and st_sample_no = '"+ st_sample_no +"' ) C," +
p_mmsm_17550/mmsmcf_inq.cpp	105	" (SELECT nvl(ELM_ACT,0) FROM TQMTS25 WHERE heat_no = '"+ heat_no +"'  and elm_code = '028' and st_sample_no = '"+ st_sample_no +"' ) SI," +
p_mmsm_17550/mmsmcf_inq.cpp	106	" (SELECT nvl(ELM_ACT,0) FROM TQMTS25 WHERE heat_no = '"+ heat_no +"'  and elm_code = '055' and st_sample_no = '"+ st_sample_no +"' ) MN," +
p_mmsm_17550/mmsmcf_inq.cpp	107	" (SELECT nvl(ELM_ACT,0) FROM TQMTS25 WHERE heat_no = '"+ heat_no +"'  and elm_code = '030' and st_sample_no = '"+ st_sample_no +"' ) P," +
p_mmsm_17550/mmsmcf_inq.cpp	108	" (SELECT nvl(ELM_ACT,0) FROM TQMTS25 WHERE heat_no = '"+ heat_no +"'  and elm_code = '032' and st_sample_no = '"+ st_sample_no +"' ) S," +
p_mmsm_17550/mmsmcf_inq.cpp	109	" (SELECT nvl(ELM_ACT,0) FROM TQMTS25 WHERE heat_no = '"+ heat_no +"'  and elm_code = '051' and st_sample_no = '"+ st_sample_no +"' ) V," +
p_mmsm_17550/mmsmcf_inq.cpp	110	" (SELECT nvl(ELM_ACT,0) FROM TQMTS25 WHERE heat_no = '"+ heat_no +"'  and elm_code = '093' and st_sample_no = '"+ st_sample_no +"' ) NB," +
p_mmsm_17550/mmsmcf_inq.cpp	111	" (SELECT nvl(ELM_ACT,0) FROM TQMTS25 WHERE heat_no = '"+ heat_no +"'  and elm_code = '211' and st_sample_no = '"+ st_sample_no +"' ) ALS," +
p_mmsm_17550/mmsmcf_inq.cpp	112	" (SELECT nvl(ELM_ACT,0) FROM TQMTS25 WHERE heat_no = '"+ heat_no +"'  and elm_code = '052' and st_sample_no = '"+ st_sample_no +"' ) CR," +
p_mmsm_17550/mmsmcf_inq.cpp	113	" (SELECT nvl(ELM_ACT,0) FROM TQMTS25 WHERE heat_no = '"+ heat_no +"'  and elm_code = '058' and st_sample_no = '"+ st_sample_no +"' ) NI from DUAL ";
p_mmsm_17550/mmsmggl_inq.cpp	58	sqlstr = " select C.HEAT_NO,C.ST_NO,C.LADLE_ARRIVE_TIME,C.DEV_CODE, MIN(NVL(G.AFFIRM_FLAG,0)) AFFIRM_FLAG,MAX(TC_SEND_FLAG) TC_SEND_FLAG "
p_mmsm_17550/mmsmggl_xf.cpp	105	cmd_1.SetCommandText(" SELECT LPAD(TO_CHAR(HMMSMGY06_ID.NEXTVAL), 9, '0') AS ID FROM DUAl ");
p_mmsm_17550/mmsmggl_xf.cpp	124	cmd_1.SetCommandText(" SELECT LPAD(TO_CHAR(HMMSMGY06_ID.NEXTVAL), 9, '0') AS ID FROM DUAl ");
p_mmsm_17550/mmsmgycs_inq.cpp	150	" FROM(SELECT T1.START_TIME, T1.END_TIME, T1.L2_PROC_NO, T2.HEAT_NO, T1.ST_NO, T5.RET_HEAT_NO, NVL(T5.RET_HEAT_NO, T2.HEAT_NO) AS HEAT_NO1,T1.POWER_CONSUME "
p_mmsm_17550/mmsmgycs_inq1.cpp	244	"  WHERE 1=1 and a.purchasedocid = b.plan_no(+)";
p_mmsm_17550/mmsmlcl_inq.cpp	60	" nvl((select sum(mat_act_wt) from table1 where st_no = t.st_no),0)                                                   AS HG_WT, "
p_mmsm_17550/mmsmlcl_inq.cpp	61	" NVL((select SUM(ACTRESULT) "
p_mmsm_17550/mmsmlcl_inq.cpp	72	" nvl((select sum(mat_act_wt) from table1 where st_no = t.st_no),0)                                                   AS HG_WT, "
p_mmsm_17550/mmsmlcl_inq.cpp	73	" NVL((select SUM(ACTRESULT) "
p_mmsm_17550/mmsmlcl_inq.cpp	84	" nvl((select sum(mat_act_wt) from table1 where st_no = t.st_no),0)                                                   AS HG_WT, "
p_mmsm_17550/mmsmlcl_inq.cpp	85	" NVL((select SUM(ACTRESULT) "
p_mmsm_17550/mmsmsjf2_inqm.cpp	184	" WHERE  FACTORY_DIV = nvl(@factory_div,FACTORY_DIV)"
p_mmsm_17550/mmsmsjf2_inqm.cpp	189	" WHERE  FACTORY_DIV = nvl(@factory_div,FACTORY_DIV)"
p_mmsm_17550/mmsmsjf2_inqm.cpp	196	" WHERE  FACTORY_DIV = nvl(@factory_div,FACTORY_DIV)"
p_mmsm_17550/mmsmsjf2_inqm.cpp	203	" WHERE  FACTORY_DIV = nvl(@factory_div,FACTORY_DIV)"
p_mmsm_17550/mmsmsjf2_inqm.cpp	215	sqlstr = " SELECT * FROM " + v_table_type + " WHERE  FACTORY_DIV = nvl(@factory_div, FACTORY_DIV)"
p_mmsm_17550/mmsmsjf2_inqm.cpp	258	" AND    T.STATION_ID = NVL(@station_id,STATION_ID)"
p_mmsm_17550/mmsmsjf2_inqm.cpp	369	" WHERE  FACTORY_DIV = nvl(@factory_div,FACTORY_DIV)"
p_mmsm_17550/mmsmsjf2_inqm.cpp	374	" WHERE  FACTORY_DIV = nvl(@factory_div,FACTORY_DIV)"
p_mmsm_17550/mmsmsjf2_inqm.cpp	379	" WHERE  FACTORY_DIV = nvl(@factory_div,FACTORY_DIV)"
p_mmsm_17550/mmsmsjf2_inqm.cpp	384	" WHERE  FACTORY_DIV = nvl(@factory_div,FACTORY_DIV)"
p_mmsm_17550/mmsmsjf2_inqm.cpp	394	sqlstr = " SELECT  MAT_NO,MAT_ACT_WT, MAT_TUBE  FROM " + v_table_type + " WHERE  FACTORY_DIV = nvl(@factory_div, FACTORY_DIV)"
p_mmsm_17550/mmsmsjf2_inqm.cpp	402	sqlstr = " SELECT  STATION_ID||STATION_NO,SLAB_WT, MAT_TUBE  FROM " + v_table_type + " WHERE  FACTORY_DIV = nvl(@factory_div, FACTORY_DIV)"
p_mmsm_17550/mmsmsjf2_inqm.cpp	410	sqlstr = " SELECT STATION_ID||STATION_NO  FROM " + v_table_type + " WHERE  FACTORY_DIV = nvl(@factory_div, FACTORY_DIV)"
p_mmsm_17550/mmsmt82306_inq.cpp	58	cmd_sql.Parameters.Set("begintime", CDateTime::Now().AddDays(-150).ToString("yyyyMMddHHmmss"));
p_mmsm_17570/mmsm33cf2_inq.cpp	147	sqlstr = " select T1.ST_NO, sum(T1.CUT_SCRAP_WT) - max(NVL(T2.MAT_ACT_WT,0)) AS CUT_SCRAP_WT "
p_mmsm_17570/mmsm33cut_batch.cpp	125	sqlstr = "SELECT decode(LSLAB_NO_LENGTH,0,slab_len,LSLAB_NO_LENGTH) slab_len,T.* FROM TPSSM03 T WHERE PONO = '" + tpssm03["PONO"].ToString() + "'  AND  SLAB_PROD_FLAG = '0'  ORDER BY SLAB_NO ASC";
p_mmsm_17570/mmsm33cut_batch.cpp	262	cmd_inq.SetCommandText("SELECT NVL(MAX(SUBSTR( MAT_NO, LENGTH(MAT_NO) - 1 , 2 )),0) FROM TMMSM33 WHERE HEAT_NO = @heatNo  AND STRAND_NO ='" + v_strand_no + "'"
p_mmsm_17570/mmsm33f2_inq1.cpp	95	sqlstr = " select a.code,nvl(b.ingot_code,' ')ingot_code,nvl(b.code_desc_1_content,' ') code_desc_1_content from("
p_mmsm_17570/mmsm33f2_inq1.cpp	126	" SUM(decode(slab_prod_flag,'1',0,1)*SLAB_NUM) SLAB_NUM_REMAIN, "
p_mmsm_17570/mmsm33f2_inq1.cpp	127	" SUM(decode(slab_prod_flag,'1',0,1)*SLAB_LEN) SLAB_LEN_REMAIN, "
p_mmsm_17570/mmsm33f2_inq1.cpp	128	" SUM(decode(slab_prod_flag,'1',0,1)*SLAB_WT) SLAB_WT_REMAIN "
p_mmsm_17570/mmsm33f2_inq1.cpp	145	" SUM(decode(slab_prod_flag,'1',0,1)*SLAB_NUM) SLAB_NUM_REMAIN, "
p_mmsm_17570/mmsm33f2_inq1.cpp	146	" SUM(decode(slab_prod_flag,'1',0,1)*SLAB_LEN) SLAB_LEN_REMAIN, "
p_mmsm_17570/mmsm33f2_inq1.cpp	147	" SUM(decode(slab_prod_flag,'1',0,1)*SLAB_WT) SLAB_WT_REMAIN "
p_mmsm_17570/mmsm33f2new_inq.cpp	190	"	b.BILLET_TYPE, b.INGOT_CODE, b.SLAB_NUM AS PLAN_SLAB_NUM, nvl(c.mat_tube, 0) AS CUT_SLAB_NUM, c.SLAB_WT "
p_mmsm_17570/mmsm33f2new_inq.cpp	191	"	, nvl(MAT_TUBE1, 0) as MAT_TUBE1, nvl(MAT_TUBE2, 0) as MAT_TUBE2, nvl(MAT_TUBE3, 0) as MAT_TUBE3, nvl(MAT_TUBE4, 0) as MAT_TUBE4 "
p_mmsm_17570/mmsm33f2new_inq.cpp	192	"	, nvl(MAT_TUBE5, 0) as MAT_TUBE5, nvl(MAT_TUBE6, 0) as MAT_TUBE6, nvl(MAT_TUBE7, 0) as MAT_TUBE7, nvl(MAT_TUBE8, 0) as MAT_TUBE8 "
p_mmsm_17570/mmsm33f2new_inq.cpp	193	"   , nvl(MAT_LD_NUM, 0) as MAT_LD_NUM, nvl(MAT_RS_NUM, 0) as MAT_RS_NUM,nvl(MAT_GY_NUM, 0) as MAT_GY_NUM  "
p_mmsm_17570/mmsm33f2new_inq.cpp	206	"		, sum(decode(STRAND_NO, '1', 1, 0)) as MAT_TUBE1  "
p_mmsm_17570/mmsm33f2new_inq.cpp	207	"		, sum(decode(STRAND_NO, '2', 1, 0)) as MAT_TUBE2  "
p_mmsm_17570/mmsm33f2new_inq.cpp	208	"		, sum(decode(STRAND_NO, '3', 1, 0)) as MAT_TUBE3  "
p_mmsm_17570/mmsm33f2new_inq.cpp	209	"		, sum(decode(STRAND_NO, '4', 1, 0)) as MAT_TUBE4  "
p_mmsm_17570/mmsm33f2new_inq.cpp	210	"		, sum(decode(STRAND_NO, '5', 1, 0)) as MAT_TUBE5  "
p_mmsm_17570/mmsm33f2new_inq.cpp	211	"		, sum(decode(STRAND_NO, '6', 1, 0)) as MAT_TUBE6  "
p_mmsm_17570/mmsm33f2new_inq.cpp	212	"		, sum(decode(STRAND_NO, '7', 1, 0)) as MAT_TUBE7  "
p_mmsm_17570/mmsm33f2new_inq.cpp	213	"		, sum(decode(STRAND_NO, '8', 1, 0)) as MAT_TUBE8  "
p_mmsm_17570/mmsm33f2new_inq.cpp	214	"		, sum(decode(REASON_LD, '1', 1, 0)) as MAT_LD_NUM "
p_mmsm_17570/mmsm33f2new_inq.cpp	215	"		, sum(decode(REASON_LD, '2', 1,' ',1, 0)) as MAT_RS_NUM "
p_mmsm_17570/mmsm33f2new_inq.cpp	216	"		, sum(decode(METAL_ABNY_CODE,' ',0, 1)) as MAT_GY_NUM "
p_mmsm_17570/mmsm33f2new_inq1.cpp	84	sqlstr = " select a.code,nvl(b.ingot_code,' ')ingot_code,nvl(b.code_desc_1_content,' ') code_desc_1_content from("
p_mmsm_17570/mmsm33f2new_inq1.cpp	120	"			SUM(decode(slab_prod_flag,'1',0,1)*SLAB_NUM) SLAB_NUM_REMAIN, "
p_mmsm_17570/mmsm33f2new_inq1.cpp	121	"			SUM(decode(slab_prod_flag,'1',0,1)*SLAB_LEN) SLAB_LEN_REMAIN, "
p_mmsm_17570/mmsm33f2new_inq1.cpp	122	"			SUM(decode(slab_prod_flag,'1',0,1)*SLAB_WT) SLAB_WT_REMAIN "
p_mmsm_17570/mmsm33matno_inq.cpp	88	" SELECT LSLAB_NO,nvl(sum(slab_len),0),nvl(count(1),0),nvl(SLAB_NUM,0) FROM TPSSM03 "
p_mmsm_17570/mmsm33matno_inq.cpp	122	" SELECT LSLAB_NO,nvl(sum(slab_len),0),nvl(count(1),0),nvl(SLAB_NUM,0) FROM TPSSM03 "
p_mmsm_17570/mmsmacshf2_inq.cpp	248	"	'8' WHEN T.PONO_SLAB <> ' ' THEN '9' ELSE '3' END AS SLAB_TYPE_OLD,DECODE(substr(TQ01.ORDER_NO,0,1),'A',TQ01.TRNP_MODE_CODE,' ')  TRNP_MODE_CODE_1,TQ01.ORDER_THICK,TQ01.PROD_CLASS_DESC, CASE WHEN t2.MAT_NO IS NULL THEN '0' ELSE '1' END ne
p_mmsm_17570/mmsmacshf2_inq.cpp	251	"	'8' WHEN T.PONO_SLAB <> ' ' THEN '9' ELSE '3' END AS SLAB_TYPE_OLD, DECODE(substr(TQ01.ORDER_NO,0,1),'A',TQ01.TRNP_MODE_CODE,' ') TRNP_MODE_CODE_1,TQ01.ORDER_THICK,TQ01.PROD_CLASS_DESC, CASE WHEN t2.MAT_NO IS NULL THEN '0' ELSE '1' END ne
p_mmsm_17570/mmsmfpmx_inq3.cpp	76	" CASE WHEN NVL(SUM_35, 0) = 0 THEN 0 ELSE 1 END AS SF_GQZB, nvl(MAT_LEN_1, 0) MAT_LEN_1, nvl(MAT_LEN_2, 0) MAT_LEN_2, "
p_mmsm_17570/mmsmfpmx_inq3.cpp	77	" nvl(MAT_LEN_3, 0) MAT_LEN_3, nvl(MAT_LEN_4, 0) MAT_LEN_4, nvl(MAT_LEN_5, 0) MAT_LEN_5, nvl(MAT_LEN_6, 0) MAT_LEN_6, "
p_mmsm_17570/mmsmfpmx_inq3.cpp	78	" nvl(MAT_LEN_7, 0) MAT_LEN_7, nvl(MAT_LEN_8, 0) MAT_LEN_8, nvl(MAT_LEN_9, 0) MAT_LEN_9, NVL(MAT_NO_1, ' ') MAT_NO_1, "
p_mmsm_17570/mmsmfpmx_inq3.cpp	79	" NVL(MAT_NO_2, ' ') MAT_NO_2, NVL(MAT_NO_3, ' ') MAT_NO_3, NVL(MAT_NO_4, ' ') MAT_NO_4, NVL(MAT_NO_5, ' ') MAT_NO_5, "
p_mmsm_17570/mmsmfpmx_inq3.cpp	80	" NVL(MAT_NO_6, ' ') MAT_NO_6, NVL(MAT_NO_7, ' ') MAT_NO_7, NVL(MAT_NO_8, ' ') MAT_NO_8, NVL(MAT_NO_9, ' ') MAT_NO_9 FROM TMMSM39 T LEFT JOIN( "
p_mmsm_17570/mmsmfpmx_inq4.cpp	77	" CASE WHEN NVL(SUM_35, 0) = 0 THEN 0 ELSE 1 END AS SF_GQZB, nvl(MAT_LEN_1, 0) MAT_LEN_1, nvl(MAT_LEN_2, 0) MAT_LEN_2, "
p_mmsm_17570/mmsmfpmx_inq4.cpp	78	" nvl(MAT_LEN_3, 0) MAT_LEN_3, nvl(MAT_LEN_4, 0) MAT_LEN_4, nvl(MAT_LEN_5, 0) MAT_LEN_5, nvl(MAT_LEN_6, 0) MAT_LEN_6, "
p_mmsm_17570/mmsmfpmx_inq4.cpp	79	" nvl(MAT_LEN_7, 0) MAT_LEN_7, nvl(MAT_LEN_8, 0) MAT_LEN_8, nvl(MAT_LEN_9, 0) MAT_LEN_9, NVL(MAT_NO_1, ' ') MAT_NO_1, "
p_mmsm_17570/mmsmfpmx_inq4.cpp	80	" NVL(MAT_NO_2, ' ') MAT_NO_2, NVL(MAT_NO_3, ' ') MAT_NO_3, NVL(MAT_NO_4, ' ') MAT_NO_4, NVL(MAT_NO_5, ' ') MAT_NO_5, "
p_mmsm_17570/mmsmfpmx_inq4.cpp	81	" NVL(MAT_NO_6, ' ') MAT_NO_6, NVL(MAT_NO_7, ' ') MAT_NO_7, NVL(MAT_NO_8, ' ') MAT_NO_8, NVL(MAT_NO_9, ' ') MAT_NO_9 FROM TMMSM39 T LEFT JOIN( "
p_mmsm_17570/mmsmwt_del.cpp	75	sqlstr = "SELECT MMSM_MATNO_SEQ.NEXTVAL FROM TMMSM25 ";
p_mmsm_17570/mmsmwt_del.cpp	80	sqlstr = "SELECT MMSM_MATNO_SEQ.NEXTVAL  FROM DUAL";
p_mmsm_17570/mmsmwt_ins.cpp	52	sqlstr = "SELECT MMSM_MATNO_SEQ.NEXTVAL FROM TMMSM25 ";
p_mmsm_17570/mmsmwt_ins.cpp	57	sqlstr = "SELECT MMSM_MATNO_SEQ.NEXTVAL  FROM DUAL";
p_mmsm_17570/mmsmwt_upd.cpp	58	sqlstr = "SELECT MMSM_MATNO_SEQ.NEXTVAL FROM TMMSM25 ";
p_mmsm_17570/mmsmwt_upd.cpp	63	sqlstr = "SELECT MMSM_MATNO_SEQ.NEXTVAL  FROM DUAL";
p_mmsm_17580/mmsm57a_inq.cpp	76	",nvl((select sum(STOCK_WT) from (select STOCK_WT  from tmmsm57c t2 where stat_date in ( select max(stat_date) from tmmsm57c where stat_date like  @stat_date_s||'%'  and STOCK_CODE='6241' )  and STOCK_CODE='6241'   and  t1.mat_code = t2.mat
p_mmsm_17580/mmsm57a_inq.cpp	77	",nvl((select sum(DEVO_WT) from  tmmsm2A_send t2 where  HANDLE_DIV = 'F' and RTN_FLAG!='1' and send_flag = '1' and  stat_date = @stat_date_s  and  t1.mat_code = t2.mat_code )/1000,0) as MES_FT" //MES分摊量
p_mmsm_17580/mmsm57a_inq.cpp	78	",nvl((select sum(DEVO_WT) from  tmmsm2A_send t2 where   RTN_FLAG!='1' and send_flag = '1' and  stat_date = @stat_date_s  and  t1.mat_code = t2.mat_code )/1000,0) as MES_WT" //MES消耗量
p_mmsm_17580/mmsm57a_inq.cpp	79	",decode(t1.STATUS, '1', DIF_WT4+STOCK_ADJ_WT, '2', STOCK_ADJ_WT, FT_WT+STOCK_ADJ_WT)  as FT_WT_HH"	  //最终调整量(会后):1=本月差异 2=会后调整量 3=最终调整量
p_mmsm_17580/mmsm57a_inq.cpp	135	",decode(MES_WT,0,0,round((FT_WT_HH - MES_FT)*100/MES_WT,2)) as kc_mes"
p_mmsm_17580/mmsm57a_inq.cpp	140	",nvl((select sum(STOCK_WT) from (select STOCK_WT  from tmmsm57c t2 where stat_date in ( select max(stat_date) from tmmsm57c where stat_date like  @stat_date_s||'%'  and STOCK_CODE='6241' )  and STOCK_CODE='6241'   and  t1.mat_code = t2.mat
p_mmsm_17580/mmsm57a_inq.cpp	141	",nvl((select sum(DEVO_WT) from  tmmsm2A_send t2 where  HANDLE_DIV = 'F' and RTN_FLAG!='1' and send_flag = '1' and  stat_date = @stat_date_s  and  t1.mat_code = t2.mat_code )/1000,0) as MES_FT" //MES分摊量
p_mmsm_17580/mmsm57a_inq.cpp	142	",nvl((select sum(DEVO_WT) from  tmmsm2A_send t2 where   RTN_FLAG!='1' and send_flag = '1' and  stat_date = @stat_date_s  and  t1.mat_code = t2.mat_code )/1000,0) as MES_WT" //MES消耗量
p_mmsm_17580/mmsm57a_inq.cpp	143	",decode(t1.STATUS, '1', DIF_WT4+STOCK_ADJ_WT, '2', STOCK_ADJ_WT, FT_WT+STOCK_ADJ_WT)  as FT_WT_HH"	  //最终调整量(会后):1=本月差异 2=会后调整量 3=最终调整量
p_mmsm_17580/mmsm57a_inq.cpp	448	" ,nvl(mes_wt, 0) mes_wt"
p_mmsm_17580/mmsm57a_inq.cpp	449	" ,nvl((select sum(devo_wt) from tmmsmgy08 t2 where 1=1 and t1.mat_code = t2.mat_code " + sqlstr_where + "),0) NOUP_WT"
p_mmsm_17580/mmsm57a_inq.cpp	450	",nvl((select sum(STOCK_WT) from (select STOCK_WT  from tmmsm57c t2 where stat_date in ( select max(stat_date) from tmmsm57c where stat_date like  @stat_date_s||'%'  and STOCK_CODE='6241' )  and STOCK_CODE='6241'   and  t1.mat_code = t2.mat
p_mmsm_17580/mmsm57a_inq.cpp	483	",decode(MES_WT,0,0,round((OUT_STOCK_WT1-mes_wt/1000-NOUP_WT/1000)*100/(mes_wt/1000),2)) as kc_mes"
p_mmsm_17580/mmsm57a_inq.cpp	486	" ,nvl(mes_wt,0) mes_wt"
p_mmsm_17580/mmsm57a_inq.cpp	487	" ,nvl((select sum(devo_wt) from tmmsmgy08 t2 where 1=1 and t1.mat_code = t2.mat_code " + sqlstr_where + "),0) NOUP_WT"
p_mmsm_17580/mmsm57a_inq.cpp	488	",nvl((select sum(STOCK_WT) from (select STOCK_WT  from tmmsm57c t2 where stat_date in ( select max(stat_date) from tmmsm57c where stat_date like  @stat_date_s||'%'  and STOCK_CODE='6241' )  and STOCK_CODE='6241'   and  t1.mat_code = t2.mat
p_mmsm_17580/mmsm82a_inq.cpp	155	" ,nvl((select count(1) from tmmsm01 t2 where t.heat_no = t2.heat_no),0) mat_count"
p_mmsm_17580/mmsm82a_inq.cpp	156	" ,nvl((select count(1) from tmmsm01 t2 where  RECV_MAT_TIME=' ' and t.heat_no = t2.heat_no),0) recv_count"
p_mmsm_17580/mmsm82a_inq.cpp	157	" ,nvl((select sum(case when mat_code in (select mat_code from tmmsm50 where mat_type in ('1','2','4') and SEND_FLAG != '1') then DEVO_WT else 0 end)/1000 from tmmsmgy08 t2 where t.heat_no=t2.heat_no),0) HJ_WT"
p_mmsm_17580/mmsm82a_inq.cpp	158	" ,nvl((select sum(RECEIVE_WEIGHT) from (select sum(RECEIVE_WEIGHT) RECEIVE_WEIGHT from tmmsm01 t2 where  t.heat_no = t2.heat_no and t2.concess_con_flag!='1' union ALL select sum(RECEIVE_WEIGHT) RECEIVE_WEIGHT from hmmsm01 t2 where  mat_no 
p_mmsm_17580/mmsm82a_snd.cpp	468	" select @rec_creator,@rec_create_time,t1.stat_date,t1.sm_plan_nol2,t1.heat_no,t1.L2_PROC_NO,t1.pono,t1.st_no,t1.dev_code,t1.mat_code,t1.LOT_NO,@rec_create_time,t1.prod_date,devo_wt ,'I'||@stat_date||trim(to_char(rownum+@seq_id, '00000000')
p_mmsm_17580/mmsm82a_snd.cpp	946	" select @rec_creator,@rec_create_time,t1.stat_date,t1.sm_plan_nol2,t1.heat_no,t1.L2_PROC_NO,t1.pono,t1.st_no,t1.dev_code,t1.mat_code,t1.LOT_NO,@rec_create_time,t1.prod_date,devo_wt ,'I'||@stat_date||trim(to_char(rownum+@seq_id, '00000000')
p_mmsm_17580/mmsm82a_snd2_batch.cpp	57	begin_time = CDateTime::Now().AddDays(-31).ToString("yyyyMMddHHmmss");
p_mmsm_17580/mmsm82a_snd2_batch.cpp	311	" select @rec_creator,@rec_create_time,t1.stat_date,t1.sm_plan_nol2,t1.heat_no,t1.L2_PROC_NO,t1.pono,t1.st_no,t1.dev_code,t1.mat_code,t1.LOT_NO,@rec_create_time,t1.prod_date,devo_wt ,'I'||@stat_date||trim(to_char(rownum+@seq_id, '00000000')
p_mmsm_17580/mmsm82a_snd_batch.cpp	56	end_day = CDateTime::Now().AddDays(-32).ToString("yyyyMMddHHmmss");
p_mmsm_17580/mmsm82a_snd_force.cpp	481	" select @rec_creator,@rec_create_time,t1.stat_date,t1.sm_plan_nol2,t1.heat_no,t1.L2_PROC_NO,t1.pono,t1.st_no,t1.dev_code,t1.mat_code,t1.LOT_NO,@rec_create_time,t1.prod_date,devo_wt ,'I'||@stat_date||trim(to_char(rownum+@seq_id, '00000000')
p_mmsm_17580/mmsm82a_snd_force.cpp	959	" select @rec_creator,@rec_create_time,t1.stat_date,t1.sm_plan_nol2,t1.heat_no,t1.L2_PROC_NO,t1.pono,t1.st_no,t1.dev_code,t1.mat_code,t1.LOT_NO,@rec_create_time,t1.prod_date,devo_wt ,'I'||@stat_date||trim(to_char(rownum+@seq_id, '00000000')
p_mmsm_17580/mmsm82c1_pro.cpp	50	sqlstr = "  SELECT LPAD(TO_CHAR(MMLC_2AYL.NEXTVAL),5 ,'0') FROM DUAL ";
p_mmsm_17580/mmsm82c_batch.cpp	51	begin_time = CDateTime::Now().AddDays(-31).ToString("yyyyMMddHHmmss");
p_mmsm_17580/mmsm82c_batch.cpp	73	" where HEAT_COUNT-nvl(SJ_COUNT,0)!=0"
p_mmsm_17580/mmsm82c_inq.cpp	103	" ,nvl(t2.AFFIRM_FLAG,' ') AFFIRM_FLAG,nvl(t2.AFFIRM_TIME,' ') AFFIRM_TIME"
p_mmsm_17580/mmsm82c_inq.cpp	104	" ,nvl(t2.RECV_MAT_TIME,' ') RECV_MAT_TIME"
p_mmsm_17580/mmsm82c_inq.cpp	105	" ,nvl((select sum(mat_act_wt) from  (select sum(mat_act_wt) mat_act_wt from tmmsm01 where CONCESS_CON_FLAG!='1' and heat_no=t1.heat_no union all  select sum(mat_act_wt) mat_act_wt from hmmsm01 where mat_no not in (select IN_MAT_NO from tmm
p_mmsm_17580/mmsm82c_inq.cpp	297	" select t1.heat_no, t1.l2_proc_no, nvl(t2.ST_NO, ' ') st_no, nvl(START_TIME, ' ') START_TIME, nvl(END_TIME, ' ') END_TIME from table1 t1 left join tmmsm19 t2 on t1.l2_proc_no = t2.L2_PROC_NO where t1.l2_proc_no in(select l2_proc_no from ta
p_mmsm_17580/mmsm82c_inq.cpp	365	" select t1.heat_no, t1.l2_proc_no, nvl(t2.ST_NO, ' ') st_no, nvl(START_TIME, ' ') START_TIME, nvl(END_TIME, ' ') END_TIME from table1 t1 left join tmmsm20 t2 on t1.l2_proc_no = t2.L2_PROC_NO where t1.l2_proc_no in(select l2_proc_no from ta
p_mmsm_17580/mmsm82c_inq.cpp	500	" select t1.heat_no, t1.l2_proc_no, nvl(t2.ST_NO, ' ') st_no, nvl(START_TIME, ' ') START_TIME, nvl(END_TIME, ' ') END_TIME "
p_mmsm_17580/mmsm82c_inq.cpp	533	" select t1.heat_no, t1.l2_proc_no, nvl(t2.ST_NO, ' ') st_no, nvl(START_TIME, ' ') START_TIME, nvl(END_TIME, ' ') END_TIME from table1 t1 "
p_mmsm_17580/mmsm82c_save.cpp	180	sqlstr = "  SELECT LPAD(TO_CHAR(MMLC_2AYL.NEXTVAL),5 ,'0') FROM DUAL ";
p_mmsm_17580/mmsm82d_ft.cpp	157	" select @rec_creator,@rec_create_time,@stat_date,sm_plan_nol2,heat_no,st_no,@dev_code,mat_code,decode(@lot_no,' ',lot_no,@lot_no),@out_stock_time,@out_stock_time,use_wt,DEVO_WT,'F','F'||trim(to_char(@seq_id, '0000'))||trim(to_char(rownum, 
p_mmsm_17580/mmsm82d_ft.cpp	237	" select @rec_creator,@rec_create_time,@stat_date,sm_plan_nol2,heat_no,st_no,@dev_code,mat_code,decode(@lot_no,' ',lot_no,@lot_no),@out_stock_time,@out_stock_time,WEIGH_NO,QUALITY_BATCH_NO,use_wt,DEVO_WT,'F','F'||trim(to_char(@seq_id, '0000
p_mmsm_17580/mmsm82d_ft.cpp	342	" and rownum=1"
p_mmsm_17580/mmsm82d_ft.cpp	449	" select @rec_creator,@rec_create_time,@stat_date,sm_plan_nol2,heat_no,st_no,dev_code,mat_code,lot_no,@out_stock_time,@out_stock_time,use_wt,mat_act_wt,'F','F'||trim(to_char(@seq_id, '0000'))||trim(to_char(rownum, '00000000')) "
p_mmsm_17580/mmsm82d_ft.cpp	451	" select sm_plan_nol2, heat_no, st_no, nvl(@dev_code,substr(heat_no,1,2)) as dev_code, @mat_code as mat_code,@lot_no as lot_no, mat_act_wt,round(@all_use_wt*mat_act_wt/all_wt,0) use_wt"
p_mmsm_17580/mmsm82d_ft.cpp	541	" and rownum=1"
p_mmsm_17580/mmsm82d_ft.cpp	803	" select @rec_creator,@rec_create_time,@stat_date,sm_plan_nol2,heat_no,st_no,dev_code,mat_code,decode(@lot_no,' ',lot_no,@lot_no),@out_stock_time,@out_stock_time,use_wt,DEVO_WT,'F','F'||trim(to_char(@seq_id, '0000'))||trim(to_char(rownum, '
p_mmsm_17580/mmsm82d_ft.cpp	882	" select @rec_creator,@rec_create_time,@stat_date,sm_plan_nol2,heat_no,st_no,dev_code,mat_code,decode(@lot_no,' ',lot_no,@lot_no),@out_stock_time,@out_stock_time,WEIGH_NO,QUALITY_BATCH_NO,use_wt,DEVO_WT,'F','F'||trim(to_char(@seq_id, '0000'
p_mmsm_17580/mmsm82d_ft.cpp	986	" and rownum=1"
p_mmsm_17580/mmsm82d_ft.cpp	1130	" select @rec_creator,@rec_create_time,@stat_date,heat_no,st_no,dev_code,mat_code,decode(@lot_no,' ',lot_no,@lot_no),@out_stock_time,@out_stock_time,use_wt,DEVO_WT,'F','F'||trim(to_char(@seq_id, '0000'))||trim(to_char(rownum, '00000000')) "
p_mmsm_17580/mmsm82d_ft.cpp	1233	" select @rec_creator,@rec_create_time,@stat_date,heat_no,st_no,dev_code,mat_code,decode(@lot_no,' ',lot_no,@lot_no),@out_stock_time,@out_stock_time,WEIGH_NO,QUALITY_BATCH_NO,use_wt,DEVO_WT,'F','F'||trim(to_char(@seq_id, '0000'))||trim(to_c
p_mmsm_17580/mmsm82d_ft.cpp	1336	" and rownum=1"
p_mmsm_17580/mmsm82d_ft.cpp	1424	" select @rec_creator,@rec_create_time,@stat_date,heat_no,st_no,dev_code,mat_code,decode(@lot_no,' ',lot_no,@lot_no),@out_stock_time,@out_stock_time,use_wt,DEVO_WT,'F','F'||trim(to_char(@seq_id, '0000'))||trim(to_char(rownum, '00000000')) "
p_mmsm_17580/mmsm82d_ft.cpp	1532	" and rownum=1"
p_mmsm_17580/mmsm82d_ft.cpp	1671	" select @rec_creator,@rec_create_time,@stat_date,heat_no,st_no,dev_code,mat_code,decode(@lot_no,' ',lot_no,@lot_no),@out_stock_time,@out_stock_time,use_wt,DEVO_WT,'F','F'||trim(to_char(@seq_id, '0000'))||trim(to_char(rownum, '00000000')) "
p_mmsm_17580/mmsm82d_ft.cpp	1774	" select @rec_creator,@rec_create_time,@stat_date,heat_no,st_no,dev_code,mat_code,decode(@lot_no,' ',lot_no,@lot_no),@out_stock_time,@out_stock_time,WEIGH_NO,QUALITY_BATCH_NO,use_wt,DEVO_WT,'F','F'||trim(to_char(@seq_id, '0000'))||trim(to_c
p_mmsm_17580/mmsm82d_ft.cpp	1877	" and rownum=1"
p_mmsm_17580/mmsm82d_inq.cpp	43	" ,t1.OUT_STOCK_WT-NVL(t2.OUT_STOCK_WT/1000,0) as dif_wt"
p_mmsm_17580/mmsm82d_inq.cpp	59	sqlstr = " select MAT_CODE,mat_name,OUT_STOCK_WT,DEVO_WT,DEV_CODE,HEAT_NO,L2_PROC_NO,ST_NO,LOT_NO,decode(DEVO_WT,0,0,ROUND(OUT_STOCK_WT*100/DEVO_WT,3)) AS RATE"
p_mmsm_17580/mmsm82d_inq.cpp	67	sqlstr = sqlstr + " order by decode(DEVO_WT,0,0,ROUND(OUT_STOCK_WT/DEVO_WT,3)),mat_code,heat_no,DEVO_WT"
p_mmsm_17580/mmsm82d_inq.cpp	93	sqlstr = " select MAT_CODE,mat_name,OUT_STOCK_WT,DEVO_WT,DEV_CODE,HEAT_NO,L2_PROC_NO,ST_NO,LOT_NO,decode(DEVO_WT,0,0,ROUND(OUT_STOCK_WT*100/DEVO_WT,3)) AS RATE"
p_mmsm_17580/mmsm82d_inq.cpp	101	sqlstr = sqlstr + " order by decode(DEVO_WT,0,0,ROUND(OUT_STOCK_WT/DEVO_WT,3)),mat_code,heat_no,DEVO_WT"
p_mmsm_17580/mmsm82d_snd.cpp	209	" select @rec_creator,@rec_create_time,t1.stat_date,t1.sm_plan_nol2,t1.heat_no,t1.st_no,t1.dev_code,t1.mat_code,t1.lot_no,@rec_create_time,t1.prod_date,t1.devo_wt ,'F'||@stat_date||trim(to_char(rownum+@seq_id, '00000000')) ,'F',t2.mat_name,
p_mmsm_17580/mmsm82e_inq.cpp	124	" ,nvl((select sum(case when mat_code in (select mat_code from tmmsm50 where mat_type in ('1','2','4') and SEND_FLAG != '1') then DEVO_WT else 0 end)/1000 from tmmsmgy08 t2 where t.heat_no=t2.heat_no),0) HJ_WT"
p_mmsm_17580/mmsm82e_inq.cpp	125	" ,nvl((select sum(case when mat_code in (select mat_code from tmmsm50 where mat_type in ('3')  and SEND_FLAG != '1') then DEVO_WT else 0 end)/1000 from tmmsmgy08 t2 where t.heat_no=t2.heat_no),0) FL_WT"
p_mmsm_17580/mmsm82e_inq.cpp	126	",nvl((select sum(case when mat_code in (select mat_code from tmmsm50 where  SEND_FLAG != '1') then DEVO_WT else 0 end)/1000 from tmmsmgy08 t2 where t.heat_no=t2.heat_no),0) ALL_WT"
p_mmsm_17580/mmsm82e_inq.cpp	127	" ,nvl((select sum(case when mat_code in (select mat_code from tmmsm50 where mat_type in ('1','2','4') and SEND_FLAG != '1') then DEVO_WT else 0 end)/1000 from tmmsm2a_send t2 where t2.RTN_FLAG!='1' and t2.send_flag = '1' and HANDLE_DIV = '
p_mmsm_17580/mmsm82e_inq.cpp	128	" ,nvl((select sum(case when mat_code in (select mat_code from tmmsm50 where mat_type in ('3')  and SEND_FLAG != '1') then DEVO_WT else 0 end)/1000 from tmmsm2a_send t2 where t2.RTN_FLAG!='1' and t2.send_flag = '1' and HANDLE_DIV = 'I' and 
p_mmsm_17580/mmsm82e_inq.cpp	129	",nvl((select sum(case when mat_code in (select mat_code from tmmsm50 where  SEND_FLAG != '1') then DEVO_WT else 0 end)/1000 from tmmsm2a_send t2 where t2.RTN_FLAG!='1' and t2.send_flag = '1' and HANDLE_DIV = 'I' and  t2.heat_no=t.heat_no),
p_mmsm_17580/mmsm82e_inq.cpp	130	",nvl((select sum(mat_act_wt) from ( select mat_act_wt from tmmsm01 t2 where t.heat_no=t2.heat_no union all select mat_act_wt from hmmsm01 t2 where  mat_no not in (select IN_MAT_NO from tmmsm35 ) and t.heat_no=t2.heat_no)),0) prod_wt"
p_mmsm_17580/mmsm82h_snd.cpp	352	" select @rec_creator,@rec_create_time,t1.stat_date,t1.L2_PROC_NO,t1.heat_no,t1.HEAT_NO_OLD,t1.st_no,t1.dev_code,t1.mat_code,t1.LOT_NO,@rec_create_time,substr(t1.RECV_MAT_TIME,1,8) prod_date,devo_wt ,'H'||stat_date||trim(to_char(rownum+@seq
p_mmsm_17580/mmsm82k_inq.cpp	40	" ,decode(sum(MAT_ACT_WT),0,0,round(sum(HJ_WT)/sum(MAT_ACT_WT),3)) RATE  "
p_mmsm_17580/mmsm82k_inq.cpp	41	" ,decode(sum(SH_WT),0,0,round(sum(HJ_WT)/sum(SH_WT),3)) RATE_SH  "
p_mmsm_17580/mmsm82k_inq.cpp	90	" ,decode(sum(MAT_ACT_WT),0,0,round(sum(HJ_WT)/sum(MAT_ACT_WT),3)) RATE  "
p_mmsm_17580/mmsm82k_inq.cpp	91	" ,decode(sum(SH_WT),0,0,round(sum(HJ_WT)/sum(SH_WT),3)) RATE_SH  "
p_mmsm_17580/mmsm82m_inq.cpp	147	" ,nvl((select mat_name from tmmsm50 t2 where t2.mat_code = t.mat_code),' ') mat_name"
p_mmsm_17580/mmsm83z_batch.cpp	47	begin_time = CDateTime::Now().AddDays(-31).ToString("yyyyMMddHHmmss");
p_mmsm_17580/mmsm83z_batch.cpp	69	decode(BELT, 'G105', 'XLG1#PD', 'XLG2#PD') BUNKER_NO_ORIGINAL,\
p_mmsm_17580/mmsmgqjl_inq.cpp	81	"	CASE WHEN NVL(SUM_35, 0) = 0 THEN 0 ELSE 1 END AS SF_GQZB, nvl(MAT_LEN_1, 0) MAT_LEN_1, nvl(MAT_LEN_2, 0) MAT_LEN_2,							"
p_mmsm_17580/mmsmgqjl_inq.cpp	82	"	nvl(MAT_LEN_3, 0) MAT_LEN_3, nvl(MAT_LEN_4, 0) MAT_LEN_4, nvl(MAT_LEN_5, 0) MAT_LEN_5, nvl(MAT_LEN_6, 0) MAT_LEN_6,								"
p_mmsm_17580/mmsmgqjl_inq.cpp	83	"	nvl(MAT_LEN_7, 0) MAT_LEN_7, nvl(MAT_LEN_8, 0) MAT_LEN_8, nvl(MAT_LEN_9, 0) MAT_LEN_9, NVL(MAT_NO_1, ' ') MAT_NO_1								"
p_mmsm_17580/mmsmgqjl_inq.cpp	84	"	, NVL(MAT_NO_2, ' ') MAT_NO_2, NVL(MAT_NO_3, ' ') MAT_NO_3, NVL(MAT_NO_4, ' ') MAT_NO_4, NVL(MAT_NO_5, ' ') MAT_NO_5							"
p_mmsm_17580/mmsmgqjl_inq.cpp	85	"	, NVL(MAT_NO_6, ' ') MAT_NO_6, NVL(MAT_NO_7, ' ') MAT_NO_7, NVL(MAT_NO_8, ' ') MAT_NO_8, NVL(MAT_NO_9, ' ') MAT_NO_9 FROM TMMSM39 T LEFT JOIN(	"
p_mmsm_17580/mmsmtk_inq.cpp	52	", nvl((select sum(slab_wt) prod_wt FROM TMMSM33 t2 where t2.heat_no = t1.heat_no), 0) prod_wt "
p_mmsm_17580/mmsmtk_inq.cpp	53	", nvl((select max(dev_code) FROM TMMSM21 t2 where t2.heat_no = t1.heat_no), '')"
p_mmsm_17580/mmsmtk_inq.cpp	54	"|| nvl((select max(dev_code) FROM TMMSM20 t2 where t2.heat_no = t1.heat_no), '')"
p_mmsm_17580/mmsmtk_inq.cpp	55	"|| nvl((select max(dev_code) FROM TMMSM27 t2 where t2.heat_no = t1.heat_no), '')"
p_mmsm_17580/mmsmtk_inq.cpp	56	"|| nvl((select max(dev_code) FROM TMMSM26 t2 where t2.heat_no = t1.heat_no), '')"
p_mmsm_17580/mmsmtk_inq.cpp	57	"|| nvl((select max(dev_code) FROM TMMSM24 t2 where t2.heat_no = t1.heat_no), '') "
p_mmsm_17580/mmsmtk_inq.cpp	58	"|| nvl((select max(dev_code) FROM TMMSM23 t2 where t2.heat_no = t1.heat_no), '')"
p_mmsm_17580/mmsmtk_inq.cpp	59	"|| nvl((select max(dev_code) FROM TMMSM25 t2 where t2.heat_no = t1.heat_no), '')"
p_mmsm_17580/mmsmtk_inq.cpp	60	"|| nvl((select max(dev_code) FROM TMMSM31 t2 where t2.heat_no = t1.heat_no), '') as BACKLOG_EA "
p_mmsm_17580/mmsmtk_inq.cpp	61	", nvl((select round(sum(melt_duration),0) FROM TMMSM21 t2 where t2.heat_no = t1.heat_no), 0) BOF_TIME "
p_mmsm_17580/mmsmtk_inq.cpp	62	", nvl((select round(sum(melt_duration),0) FROM TMMSM20 t2 where t2.heat_no = t1.heat_no), 0) EAF_TIME "
p_mmsm_17580/mmsmtk_inq.cpp	63	", nvl((select round(sum(melt_duration),0) FROM TMMSM27 t2 where t2.heat_no = t1.heat_no), 0) AOD_TIME  "
p_mmsm_17580/mmsmtk_inq.cpp	64	", nvl((select round(sum(ROUND(TO_NUMBER(TO_DATE(END_TIME, 'YYYYMMDDhh24miss') - "
p_mmsm_17580/mmsmtk_inq.cpp	66	", nvl((select round(sum(melt_duration),0) FROM TMMSM24 t2 where t2.heat_no = t1.heat_no), 0) LF_TIME  "
p_mmsm_17580/mmsmtk_inq.cpp	67	", nvl((select round(sum(melt_duration),0) FROM TMMSM23 t2 where t2.heat_no = t1.heat_no), 0) RH_TIME  "
p_mmsm_17580/mmsmtk_inq.cpp	68	", nvl((select round(sum(melt_duration),0) FROM TMMSM25 t2 where t2.heat_no = t1.heat_no), 0) VOD_TIME "
p_mmsm_17580/mmsmtk_inq.cpp	69	", nvl((select round(sum(ROUND(TO_NUMBER(TO_DATE(END_TIME, 'YYYYMMDDhh24miss') - "
p_mmsm_17580/mmsmtk_inq.cpp	71	", nvl((select C_DIV FROM tqmts0x t2 where t2.ST_NO = t1.ST_NO), 0) C_DIV "
p_mmsm_17580/mmsmxmjl_inq.cpp	96	" ROUND((((CASE WHEN MEND_AFTER_WEIGHT IS NULL THEN 0 ELSE MEND_AFTER_WEIGHT END * CASE WHEN MEND_RATE IS NULL THEN 0 ELSE MEND_RATE END / 100 * 1000) *  (18.3 / DECODE(MEND_AFTER_WEIGHT, 0, NULL, MEND_AFTER_WEIGHT)) / 238 *"
p_mmsm_17580/mmsmxmjl_inq.cpp	97	" (10.25 / DECODE(decode(trim(MEND_METAL_RATE1), null, 0, MEND_METAL_RATE1), 0, null, MEND_METAL_RATE1))) * CASE WHEN MEND_AFTER_WEIGHT IS NULL THEN 0 ELSE MEND_AFTER_WEIGHT END), 3) AS MEND_WEIGHT1"
p_mmsm_17590/mmsm2a_snd.cpp	231	sqlstr = "  SELECT LPAD(TO_CHAR(MMLC_L2LS.NEXTVAL),9 ) FROM DUAL ";
p_mmsm_17590/mmsm2a_snd.cpp	247	sql = "  SELECT LPAD(TO_CHAR(MMLC_SJ.NEXTVAL),3 ,'0') FROM DUAL ";
p_mmsm_17590/mmsm2a_snd.cpp	313	sqlstr = "  SELECT LPAD(TO_CHAR(MMLC_LS.NEXTVAL),18 ) FROM DUAL ";
p_mmsm_17590/mmsm2a_sndn.cpp	229	sqlstr = "  SELECT LPAD(TO_CHAR(MMLC_L2LS.NEXTVAL),9 ) FROM DUAL ";
p_mmsm_17590/mmsm2a_sndn.cpp	241	sql = "  SELECT LPAD(TO_CHAR(MMLC_SJ.NEXTVAL),3 ,'0') FROM DUAL ";
p_mmsm_17590/mmsm2a_sndn.cpp	273	sqlstr = "  SELECT LPAD(TO_CHAR(MMLC_LS.NEXTVAL),18 ) FROM DUAL ";
p_mmsm_17590/mmsm2a_sndn.cpp	370	sqlstr = " update tmmsm60 set stock_wt = (select nvl(sum(stock_wt),0) from tmmsm85 where BUNKER_NO = 'BMBL')"
p_mmsm_17590/mmsm408n_inq.cpp	66	sqlstr = " SELECT decode(t.MAT_CODE, '" + tmmsm60["MAT_CODE"].ToString().Replace("	", "").Trim() + "', 0, 1)  AS  FLAG,BUNKER_NO ,MAT_CODE,MAT_NAME,(SELECT MAT_CODE_L2 FROM TMMSM50 WHERE MAT_CODE = T.MAT_CODE) MAT_CODE_L2 ,STOCK_WT,BUNKER_N
p_mmsm_17590/mmsm408n_inq.cpp	70	sqlstr = " SELECT decode(t.MAT_CODE, '" + tmmsm60["MAT_CODE"].ToString().Replace("	", "").Trim() + "', 0, 1)  AS  FLAG,BUNKER_NO ,MAT_CODE,MAT_NAME,(SELECT MAT_CODE_L2 FROM TMMSM50 WHERE MAT_CODE = T.MAT_CODE) MAT_CODE_L2 ,STOCK_WT,BUNKER_N
p_mmsm_17590/mmsm408n_inq.cpp	74	sqlstr = " SELECT decode(t.MAT_CODE, '" + tmmsm60["MAT_CODE"].ToString().Replace("	", "").Trim() + "', 0, 1)  AS  FLAG,BUNKER_NO ,MAT_CODE,MAT_NAME,(SELECT MAT_CODE_L2 FROM TMMSM50 WHERE MAT_CODE = T.MAT_CODE) MAT_CODE_L2 ,STOCK_WT,BUNKER_N
p_mmsm_17590/mmsm408n_inq.cpp	78	sqlstr = " SELECT decode(t.MAT_CODE, '" + tmmsm60["MAT_CODE"].ToString().Replace("	", "").Trim() + "', 0, 1)  AS  FLAG,BUNKER_NO ,MAT_CODE,MAT_NAME,(SELECT MAT_CODE_L2 FROM TMMSM50 WHERE MAT_CODE = T.MAT_CODE) MAT_CODE_L2 ,STOCK_WT,BUNKER_N
p_mmsm_17590/mmsm408n_inq.cpp	82	sqlstr = " SELECT decode(t.MAT_CODE, '" + tmmsm60["MAT_CODE"].ToString().Replace("	", "").Trim() + "', 0, 1)  AS  FLAG,BUNKER_NO ,MAT_CODE,MAT_NAME,(SELECT MAT_CODE_L2 FROM TMMSM50 WHERE MAT_CODE = T.MAT_CODE) MAT_CODE_L2 ,STOCK_WT,BUNKER_N
p_mmsm_17590/mmsm408n_inq.cpp	86	sqlstr = " SELECT decode(t.MAT_CODE, '" + tmmsm60["MAT_CODE"].ToString().Replace("	", "").Trim() + "', 0, 1)  AS  FLAG,BUNKER_NO ,MAT_CODE,MAT_NAME,(SELECT MAT_CODE_L2 FROM TMMSM50 WHERE MAT_CODE = T.MAT_CODE) MAT_CODE_L2 ,STOCK_WT,BUNKER_N
p_mmsm_17590/mmsm533bvf3_pro.cpp	60	sqlstr = " VALUES LPAD(MM533_BV.nextval, 6, '0')  ";
p_mmsm_17590/mmsm53_inq.cpp	130	"  WHERE a.FACTORY_DIV = nvl(trim(@factory_div), a.FACTORY_DIV)"
p_mmsm_17590/mmsm53_inq.cpp	131	"  AND a.MAT_TYPE = nvl(@tmmsm53.MAT_TYPE, a.MAT_TYPE)"
p_mmsm_17590/mmsm53_inq.cpp	132	"  AND a.HANDLE_DIV = nvl(@handle_div, a.HANDLE_DIV))";
p_mmsm_17590/mmsm53_inq.cpp	137	"  WHERE a.FACTORY_DIV = nvl(trim(@factory_div), a.FACTORY_DIV)"
p_mmsm_17590/mmsm53_inq.cpp	138	"  AND a.MAT_TYPE = nvl(@tmmsm53.MAT_TYPE, a.MAT_TYPE)"
p_mmsm_17590/mmsm53_inq.cpp	139	"  AND a.HANDLE_DIV = nvl(trim(@handle_div), a.HANDLE_DIV))";
p_mmsm_17590/mmsm53_inq.cpp	149	"  WHERE a.FACTORY_DIV = nvl(trim(@factory_div), a.FACTORY_DIV)"
p_mmsm_17590/mmsm53_inq.cpp	151	"  AND a.HANDLE_DIV = nvl(trim(@handle_div), a.HANDLE_DIV))";
p_mmsm_17590/mmsm53_inq.cpp	156	"  WHERE a.FACTORY_DIV = nvl(trim(@factory_div), a.FACTORY_DIV)"
p_mmsm_17590/mmsm53_inq.cpp	158	"  AND a.HANDLE_DIV = nvl(trim(@handle_div), a.HANDLE_DIV))";
p_mmsm_17590/mmsm53_inq.cpp	173	"  WHERE a.FACTORY_DIV = nvl(trim('" + tmmsm53["FACTORY_DIV"].ToString()
p_mmsm_17590/mmsm53_inq.cpp	174	+ "'), a.FACTORY_DIV) AND a.HANDLE_DIV = nvl(trim('" + tmmsm53["HANDLE_DIV"].ToString() + "'), a.HANDLE_DIV))";
p_mmsm_17590/mmsm53_inq.cpp	179	"  WHERE a.FACTORY_DIV = nvl(trim('" + tmmsm53["FACTORY_DIV"].ToString() + "'), a.FACTORY_DIV)"
p_mmsm_17590/mmsm53_inq.cpp	180	"  AND a.HANDLE_DIV = nvl(trim('" + tmmsm53["FACTORY_DIV"].ToString() + "'), a.HANDLE_DIV))";
p_mmsm_17590/mmsm54plv_inq.cpp	114	sqlstr_temp += " AND   PLAN_DATE >= '" + CDateTime::Now().AddDays(-10).ToString("yyyyMMddHHmmss").SubstringNE(0,8) + "' ";
p_mmsm_17590/mmsm54plv_inq.cpp	116	sqlstr_temp += " AND PLAN_DATE <= '" + CDateTime::Now().AddDays(10).ToString("yyyyMMddHHmmss").SubstringNE(0, 8) + "' ";
p_mmsm_17590/mmsm54plv_inq2.cpp	88	sqlstr = "SELECT a.CAST_LOT_NO,a.CC_MACH_NO,a.st_no,a.PLAN_TAP_WT,a.PLAN_DATE,a.sg_sign,b.mat_code,b.mat_name,decode(b.Unit, 'KG', round((b.use_Unit * a.PLAN_TAP_WT), 0), 'TON', round((b.use_Unit * a.PLAN_TAP_WT), 3)) use_Unit,b.Unit  "
p_mmsm_17590/mmsm54plv_inq2.cpp	96	" FROM tmmsm54A) b  WHERE(a.st_no(+) = b.st_no  " + sqlstr_temp + ") ";
p_mmsm_17590/mmsm65_pro.cpp	85	sqlstr = "  SELECT NVL(max(SEQ_NO),0) FROM  TMMSM65     WHERE 1=1   AND MAT_CODE= @MAT_CODE  ";
p_mmsm_17590/mmsm67car_inq.cpp	89	"  WHERE 1=1 and a.purchasedocid = b.plan_no(+)";
p_mmsm_17590/mmsm81f3_ins.cpp	326	sqlstr = "  SELECT NVL(max(SEQ_NO),0) FROM  TMMSM85     WHERE 1=1   AND BUNKER_NO			= @tmmsm81.BUNKER_NO";
p_mmsm_17590/mmsm81f3_nb_ins.cpp	251	sqlstr = "  SELECT NVL(max(SEQ_NO),0) FROM  TMMSM85     WHERE 1=1   AND BUNKER_NO			= @tmmsmnb01.BUNKER_NO";
p_mmsm_17590/mmsm81f3_s_ins.cpp	175	sqlstr = "  SELECT NVL(max(SEQ_NO),0) FROM  TMMSM85     WHERE 1=1   AND BUNKER_NO			= @tmmsm81_s.BUNKER_NO";
p_mmsm_17590/mmsm81f3_zxhfg_inq.cpp	61	sqlstr = " SELECT A.MAT_CODE,A.MAT_NAME,'KG' MEASURE_UNIT,NVL(B.STOCK_WT,0) STOCK_WT FROM (SELECT * FROM TMMSM50  WHERE MAT_CODE IN ( SELECT CODE FROM TEP0002 t WHERE CODE_CLASS ='MMLC06') ) A LEFT JOIN	"
p_mmsm_17590/mmsm81f3_zxhfg_ins.cpp	145	sqlstr = "  SELECT NVL(max(SEQ_NO),0) FROM  TMMSM85     WHERE 1=1   AND BUNKER_NO			= @tmmsm81.BUNKER_NO";
p_mmsm_17590/mmsm81fg_inq.cpp	63	sqlstr = " SELECT decode(t.MAT_CODE, '" + tmmsm60["MAT_CODE"].ToString().Replace("	", "").Trim() + "', 0, 1)  AS  FLAG,BUNKER_NO ,MAT_CODE,MAT_NAME,(SELECT MAT_CODE_L2 FROM TMMSM50 WHERE MAT_CODE = T.MAT_CODE) MAT_CODE_L2 ,STOCK_WT,BUNKER_N
p_mmsm_17590/mmsm81fg_inq.cpp	67	sqlstr = " SELECT decode(t.MAT_CODE, '" + tmmsm60["MAT_CODE"].ToString().Replace("	", "").Trim() + "', 0, 1)  AS  FLAG,BUNKER_NO ,MAT_CODE,MAT_NAME,(SELECT MAT_CODE_L2 FROM TMMSM50 WHERE MAT_CODE = T.MAT_CODE) MAT_CODE_L2 ,STOCK_WT,BUNKER_N
p_mmsm_17590/mmsm81fg_inq.cpp	71	sqlstr = " SELECT decode(t.MAT_CODE, '" + tmmsm60["MAT_CODE"].ToString().Replace("	", "").Trim() + "', 0, 1)  AS  FLAG,BUNKER_NO ,MAT_CODE,MAT_NAME,(SELECT MAT_CODE_L2 FROM TMMSM50 WHERE MAT_CODE = T.MAT_CODE) MAT_CODE_L2 ,STOCK_WT,BUNKER_N
p_mmsm_17590/mmsm81fg_inq.cpp	75	sqlstr = " SELECT decode(t.MAT_CODE, '" + tmmsm60["MAT_CODE"].ToString().Replace("	", "").Trim() + "', 0, 1)  AS  FLAG,BUNKER_NO ,MAT_CODE,MAT_NAME,(SELECT MAT_CODE_L2 FROM TMMSM50 WHERE MAT_CODE = T.MAT_CODE) MAT_CODE_L2 ,STOCK_WT,BUNKER_N
p_mmsm_17590/mmsm81fg_inq.cpp	79	sqlstr = " SELECT decode(t.MAT_CODE, '" + tmmsm60["MAT_CODE"].ToString().Replace("	", "").Trim() + "', 0, 1)  AS  FLAG,BUNKER_NO ,MAT_CODE,MAT_NAME,(SELECT MAT_CODE_L2 FROM TMMSM50 WHERE MAT_CODE = T.MAT_CODE) MAT_CODE_L2 ,STOCK_WT,BUNKER_T
p_mmsm_17590/mmsm81fg_inq.cpp	84	sqlstr = " SELECT ROUND(CASE WHEN STOCK_WT = 0 OR UPPER_LIMIT_VALUE = 0 THEN 0 else STOCK_WT/UPPER_LIMIT_VALUE END,12)*100 BL_WT ,CASE WHEN STOCK_WT < STOCK_WT_WARN THEN 'X' WHEN STOCK_WT > STOCK_WT_WARN THEN 'D' ELSE ' ' END BAOJI,100-ROUN
p_mmsm_17590/mmsm81fg_inq.cpp	89	sqlstr = " SELECT ROUND(CASE WHEN STOCK_WT = 0 OR UPPER_LIMIT_VALUE = 0 THEN 0 else STOCK_WT/UPPER_LIMIT_VALUE END,12)*100 BL_WT ,CASE WHEN STOCK_WT < STOCK_WT_WARN THEN 'X' WHEN STOCK_WT > STOCK_WT_WARN THEN 'D' ELSE ' ' END BAOJI,100-BACK
p_mmsm_17590/mmsm81s_del.cpp	191	sqlstr = " update tmmsm60 set stock_wt = (select nvl(sum(stock_wt),0) from tmmsm85 where BUNKER_NO = @bunker_no)"
p_mmsm_17590/mmsm81s_del.cpp	260	sqlstr = " update tmmsm60 set stock_wt = (select nvl(sum(stock_wt),0) from tmmsm85 where BUNKER_NO = @bunker_no)"
p_mmsm_17590/mmsm81s_del.cpp	319	sqlstr = "  SELECT LPAD(TO_CHAR(MMLC_ZXH.NEXTVAL),4,0) FROM DUAL ";
p_mmsm_17590/mmsm81s_del.cpp	419	sqlstr = " update tmmsm60 set stock_wt = (select nvl(sum(stock_wt),0) from tmmsm85 where BUNKER_NO = @bunker_no)"
p_mmsm_17590/mmsm81s_del.cpp	490	sqlstr = " update tmmsm60 set stock_wt = (select nvl(sum(stock_wt),0) from tmmsm85 where BUNKER_NO = @bunker_no)"
p_mmsm_17590/mmsm81s_del.cpp	549	sqlstr = "  SELECT LPAD(TO_CHAR(MMLC_ZXH.NEXTVAL),4,0) FROM DUAL ";
p_mmsm_17590/mmsm81s_del_q.cpp	147	sqlstr = "  SELECT LPAD(TO_CHAR(MMLC_ZXH.NEXTVAL),4,0) FROM DUAL ";
p_mmsm_17590/mmsm81s_del_q.cpp	158	sqlstr = "  SELECT LPAD(TO_CHAR(MMLC_ZXH1.NEXTVAL),4,0) FROM DUAL ";
p_mmsm_17590/mmsm81s_ins.cpp	54	sqlstr = " SELECT LPAD(MMSM517_LC.nextval, 4, '0') FROM dual   ";
p_mmsm_17590/mmsm81sf3_ins.cpp	89	sqlstr = " SELECT LPAD(MMSM517_LC.nextval, 4, '0') FROM dual   ";
p_mmsm_17590/mmsm81sf3_ins.cpp	132	sqlstr = "  SELECT NVL(max(SEQ_NO),0) FROM  TMMSM85     WHERE 1=1   AND BUNKER_NO			= @tmmsm81.BUNKER_NO";
p_mmsm_17590/mmsm831_upd.cpp	133	sqlstr = "  SELECT NVL(max(SEQ_NO),0) FROM  TMMSM85     WHERE 1=1  ";
p_mmsm_17590/mmsm831_upd.cpp	146	sql = " SELECT NVL(min(SEQ_NO),0)SEQ_NO ,SUM(STOCK_WT) STOCK_WT FROM  TMMSM85     WHERE 1=1   AND BUNKER_NO = @BUNKER_NO and QUALITY_BATCH_NO <> ' ' AND STOCK_WT <> 0 ";
p_mmsm_17590/mmsm831_upd.cpp	359	sqlstr = " update tmmsm60 set stock_wt = (select nvl(sum(stock_wt),0) from tmmsm85 where BUNKER_NO = @bunker_no)"
p_mmsm_17590/mmsm831_upd.cpp	368	sqlstr = " update tmmsm60 set stock_wt = (select nvl(sum(stock_wt),0) from tmmsm85 where BUNKER_NO = @bunker_no)"
p_mmsm_17590/mmsm831_upd.cpp	518	sqlstr = " update tmmsm60 set stock_wt = (select nvl(sum(stock_wt),0) from tmmsm85 where BUNKER_NO = @bunker_no)"
p_mmsm_17590/mmsm831_upd.cpp	527	sqlstr = " update tmmsm60 set stock_wt = (select nvl(sum(stock_wt),0) from tmmsm85 where BUNKER_NO = @bunker_no)"
p_mmsm_17590/mmsm831_upd.cpp	721	sqlstr = " update tmmsm60 set stock_wt = (select nvl(sum(stock_wt),0) from tmmsm85 where BUNKER_NO = @bunker_no)"
p_mmsm_17590/mmsm831_upd.cpp	730	sqlstr = " update tmmsm60 set stock_wt = (select nvl(sum(stock_wt),0) from tmmsm85 where BUNKER_NO = @bunker_no)"
p_mmsm_17590/mmsm831_upd1.cpp	151	sqlstr = "  SELECT NVL(max(SEQ_NO),0) FROM  TMMSM85     WHERE 1=1   ";
p_mmsm_17590/mmsm831_upd1.cpp	166	sql = " SELECT NVL(min(SEQ_NO),0) SEQ_NO ,SUM(STOCK_WT) STOCK_WT FROM  TMMSM85     WHERE 1=1   AND BUNKER_NO = @BUNKER_NO  and QUALITY_BATCH_NO <> ' ' AND STOCK_WT <> 0 ";
p_mmsm_17590/mmsm831_upd1.cpp	187	sql = "  SELECT LPAD(TO_CHAR(MMLC_DD.NEXTVAL),3 ,'0') FROM DUAL ";
p_mmsm_17590/mmsm831_upd1.cpp	320	sqlstr = " update tmmsm60 set stock_wt = (select nvl(sum(stock_wt),0) from tmmsm85 where BUNKER_NO = @bunker_no)"
p_mmsm_17590/mmsm831_upd1.cpp	329	sqlstr = " update tmmsm60 set stock_wt = (select nvl(sum(stock_wt),0) from tmmsm85 where BUNKER_NO = @bunker_no)"
p_mmsm_17590/mmsm831_upd_zd.cpp	158	sqlstr = "  SELECT NVL(max(SEQ_NO),0) FROM  TMMSM85     WHERE 1=1   ";
p_mmsm_17590/mmsm831_upd_zd.cpp	173	sql = " SELECT NVL(min(SEQ_NO),0) SEQ_NO ,SUM(STOCK_WT) STOCK_WT FROM  TMMSM85     WHERE 1=1   AND BUNKER_NO = @BUNKER_NO  and QUALITY_BATCH_NO <> ' ' AND STOCK_WT <> 0 ";
p_mmsm_17590/mmsm831_upd_zd.cpp	194	sql = "  SELECT LPAD(TO_CHAR(MMLC_DD.NEXTVAL),3 ,'0') FROM DUAL ";
p_mmsm_17590/mmsm831_upd_zd.cpp	329	sqlstr = " update tmmsm60 set stock_wt = (select nvl(sum(stock_wt),0) from tmmsm85 where BUNKER_NO = @bunker_no)"
p_mmsm_17590/mmsm831_upd_zd.cpp	338	sqlstr = " update tmmsm60 set stock_wt = (select nvl(sum(stock_wt),0) from tmmsm85 where BUNKER_NO = @bunker_no)"
p_mmsm_17590/mmsm84v_inq.cpp	84	" ,nvl((select MAT_RCV_TIME from tmmsm81 t2 where t2.WEIGH_NO = t1.WEIGH_NO and rownum=1),' ') TIME_INSTOCK"
p_mmsm_17590/mmsm85_save.cpp	208	sqlstr = "  select MMLC_ZXH1.nextval from dual"
p_mmsm_17590/mmsm861v_upd.cpp	70	sqlstr = "  SELECT NVL(max(SEQ_NO),0) FROM  TMMSM85     WHERE 1=1   AND BUNKER_NO = @BUNKER_NO ";
p_mmsm_17590/mmsm862v_upd.cpp	155	sqlstr = "UPDATE TMMSM60 SET STOCK_WT = (select nvl(sum(STOCK_WT),0) FROM tmmsm85 WHERE BUNKER_NO = @BUNKER_NO) "
p_mmsm_17590/mmsm863v_upd.cpp	161	sqlstr = "  SELECT NVL(max(SEQ_NO),0) FROM  TMMSM85     WHERE 1=1   AND BUNKER_NO = @BUNKER_NO ";
p_mmsm_17590/mmsm863v_upd.cpp	258	sqlstr = "UPDATE TMMSM60 SET STOCK_WT = (select nvl(sum(STOCK_WT),0) FROM tmmsm85 WHERE BUNKER_NO = @BUNKER_NO) "
p_mmsm_17590/mmsm865s2n_upd.cpp	84	sqlstr = "  SELECT NVL(max(SEQ_NO),0) FROM  TMMSM85     WHERE 1=1   AND BUNKER_NO = @BUNKER_NO ";
p_mmsm_17590/mmsm865v_upd.cpp	98	sqlstr = "  SELECT NVL(max(SEQ_NO),0) FROM  TMMSM85     WHERE 1=1   AND BUNKER_NO = @BUNKER_NO ";
p_mmsm_17590/mmsm865v_upd.cpp	258	sqlstr = " update tmmsm60 set stock_wt = (select nvl(sum(stock_wt),0) from tmmsm85 where BUNKER_NO = @bunker_no)"
p_mmsm_17590/mmsm865v_upd.cpp	267	sqlstr = " update tmmsm60 set stock_wt = (select nvl(sum(stock_wt),0) from tmmsm85 where BUNKER_NO = @bunker_no)"
p_mmsm_17590/mmsm868v_upd.cpp	108	sqlstr = "  SELECT NVL(max(SEQ_NO),0) FROM  TMMSM85     WHERE 1=1   AND BUNKER_NO = @BUNKER_NO ";
p_mmsm_17590/mmsm86s2n_upd.cpp	105	sqlstr = "UPDATE TMMSM60 SET STOCK_WT = (select nvl(sum(STOCK_WT),0) FROM tmmsm85 WHERE BUNKER_NO = @BUNKER_NO) "
p_mmsm_17590/mmsmnx1_pro.cpp	51	sqlstr0 = " select nvl(max(t.rec_id),0) as ini_id from tmmsmnx01 t";
p_mmsm_17590/mmsmnx1_pro.cpp	136	sqlstr0 = " select nvl(max(t.rec_id),0) as ini_id from tmmsmnx01 t";
p_mmsm_17590/mmsmnx2_pro.cpp	51	sqlstr0 = " select nvl(max(t.rec_id),0) as ini_id from tmmsmnx02 t";
p_mmsm_17590/mmsmnx2_pro.cpp	122	sqlstr0 = " select nvl(max(t.rec_id),0) as ini_id from tmmsmnx02 t";
p_mmsm_17590/mmsmnx3_pro.cpp	51	sqlstr0 = " select nvl(max(t.rec_id),0) as ini_id from tmmsmnx03 t";
p_mmsm_17590/mmsmnx3_pro.cpp	122	sqlstr0 = " select nvl(max(t.rec_id),0) as ini_id from tmmsmnx03 t";
p_mmsm_17590/mmsmnx4_pro.cpp	51	sqlstr0 = " select nvl(max(t.rec_id),0) as ini_id from tmmsmnx04 t";
p_mmsm_17590/mmsmnx4_pro.cpp	123	sqlstr0 = " select nvl(max(t.rec_id),0) as ini_id from tmmsmnx04 t";
p_mmsm_17610/mmsm01a1a1_inq.cpp	89	"   AND MAT_ID = (SELECT NVL(MAX(MAT_ID), ' ') "
p_mmsm_17610/mmsm01a1f2_inq.cpp	74	CDecimal v_days = (CDateTime::Parse(v_prod_time_to) - CDateTime::Parse(v_prod_time_from)).TotalDays();
p_mmsm_17610/mmsm01a1f2_inq.cpp	118	" SELECT A.*,DECODE(substr(TQ01.ORDER_NO,0,1),'A',TQ01.TRNP_MODE_CODE,' ') TRNP_MODE_CODE_1,CASE WHEN t2.MAT_NO IS NULL THEN '0' ELSE '1' END need_mend,nvl(t2.MEND_CAUSE,' ')MEND_CAUSE,TQ01.ORDER_THICK,TQ01.PROD_CLASS_DESC,CASE WHEN A.RCV_M
p_mmsm_17610/mmsm38f3_merge.cpp	99	sqlstr = "SELECT TO_CHAR((NVL(SUBSTR(MAX(HEAT_NO), LENGTH(MAX(HEAT_NO)) - 4, 5), 0)+1), '00000') "
p_mmsm_17620/cm_e2t8a1_rcv.cpp	276	" SELECT PROC_NO, DEV_CODE, DECODE(PRE_SOLUTION_FLAG, '1', '0', '1') C_DIV FROM TPSSM12 WHERE SM_PLAN_NOL2 = '" + sm_plan_no2 + "' AND DEV_CODE LIKE '" + tmmsm2a["STATION_ID"].ToString() + "%' and TREATMENT_COUNTER ='" + tmmsm2a["SAME_PROC_
p_mmsm_17620/cm_e2t8a1_rcv.cpp	393	cmd_inq.SetCommandText("select  nvl(MAX(PROC_COUNT),0)+1 from tmmsm2a where  L2_PROC_NO ='" + tmmsm2a["L2_PROC_NO"].ToString().Trim() + "'  ");
p_mmsm_17620/cm_e2t8a1_rcv.cpp	396	cmd_inq.SetCommandText("select  nvl(MAX(PROC_COUNT),0)+1 from tmmsm2a where  SM_PLAN_NOL2 ='" + tmmsm2a["SM_PLAN_NOL2"].ToString().Trim() + "' ");
p_mmsm_17620/cm_e2t8a1_rcv.cpp	401	cmd_inq.SetCommandText("select  nvl(MAX(PROC_COUNT),0)+1 from tmmsm2a where  L2_PROC_NO ='" + tmmsm2a["L2_PROC_NO"].ToString().Trim() + "'  ");
p_mmsm_17620/cm_e2t8a1_rcv.cpp	404	cmd_inq.SetCommandText("select  nvl(MAX(PROC_COUNT),0)+1 from tmmsm2a where  SM_PLAN_NOL2 ='" + tmmsm2a["SM_PLAN_NOL2"].ToString().Trim() + "' ");
p_mmsm_17620/cm_e2t8t1_rcv.cpp	134	cmd_inq_count.SetCommandText("select  nvl(MAX(PROC_COUNT),0)+1 from tmmsm2b where  L2_PROC_NO ='" + tmmsm2b["L2_PROC_NO"].ToString().Trim() + "'  ");
p_mmsm_17620/cm_e2t8t1_rcv.cpp	138	cmd_inq_count.SetCommandText("select  nvl(MAX(PROC_COUNT),0)+1 from tmmsm2b where  SM_PLAN_NOL2 ='" + tmmsm2b["SM_PLAN_NOL2"].ToString().Trim() + "' ");
p_mmsm_17620/cm_e2t8t1_rcv.cpp	141	cmd_inq_count.SetCommandText("select  nvl(MAX(PROC_COUNT),0)+1 from tmmsm2b where  HEAT_NO ='" + tmmsm2b["HEAT_NO"].ToString().Trim() + "' ");
p_mmsm_17620/cm_e2t8t1_rcv.cpp	148	cmd_inq_count.SetCommandText("select  nvl(MAX(PROC_COUNT),0)+1 from tmmsm2b where  L2_PROC_NO ='" + tmmsm2b["L2_PROC_NO"].ToString().Trim() + "'  ");
p_mmsm_17620/cm_e2t8t1_rcv.cpp	152	cmd_inq_count.SetCommandText("select  nvl(MAX(PROC_COUNT),0)+1 from tmmsm2b where  SM_PLAN_NOL2 ='" + tmmsm2b["SM_PLAN_NOL2"].ToString().Trim() + "' ");
p_mmsm_17620/cm_e2t8t2_rcv.cpp	99	cmd_inq_count.SetCommandText("select  nvl(MAX(PROC_COUNT),0)+1 from tmmsm2b where  HEAT_NO ='" + tmmsm2b["HEAT_NO"].ToString() + "' ");
p_mmsm_17620/mmsmxcjl_zdsc.cpp	60	now_month_lastday = CDateTime::Parse(next_month).AddDays(-1).ToString("yyyyMMddHHmmss").Substring(6, 2);
p_mmsm_17630/cm_edt803_rcv.cpp	164	"DECODE(ANALYSE_ITEM_NAME,"
p_mmsm_17630/cm_edt807_rcv.cpp	96	"DECODE(ANALYSE_ITEM_NAME,"
p_mmsm_17640/cm_0rt801_rcv.cpp	805	CString sql = "SELECT *  FROM ( SELECT t.* FROM TMMSM34_1 t WHERE t.MAT_NO = '" + matNo + "' ORDER BY t.PROD_SEQ_NO DESC ) temp  WHERE ROWNUM = 1";
p_mmsm_17640/cm_0rt801_rcv.cpp	2097	CString sql = "SELECT *  FROM ( SELECT t.* FROM TMMSM39_1 t WHERE t.MAT_NO = '" + tmmsm39_1["MAT_NO"].ToString() + "' AND FINISH_FLAG ='"+ tmmsm39_1["FINISH_FLAG"].ToString() +"'  ORDER BY t.RESUME_SEQ_NO DESC ) temp  WHERE ROWNUM = 1";
p_mmsm_17640/cm_0rt801_rcv.cpp	2118	CString sql = "SELECT *  FROM ( SELECT t.* FROM TMMSM34_1 t WHERE t.MAT_NO = '" + tmmsm34_1["MAT_NO"].ToString() + "' ORDER BY t.PROD_SEQ_NO DESC ) temp  WHERE ROWNUM = 1";
p_mmsm_17640/cm_0rt8m0_rcv.cpp	240	CString s_dev = Db::QueryCString("select DEV_CODE from hmmsm01 where HEAT_NO='" + bcls_rec->Tables[0].Rows[0]["HEAT_NO"].ToString() + "' AND ROWNUM=1");
p_mmsm_17640/cm_e2t8s3_rcv.cpp	133	" SELECT PROC_NO, DEV_CODE, DECODE(PRE_SOLUTION_FLAG, '1', '0', '1') C_DIV FROM TPSSM12 WHERE HEAT_NO = '" + tmmsm27["HEAT_NO"].ToString() + "' AND DEV_CODE = '" + dev_code + "' and TREATMENT_COUNTER ='" + tmmsm27["SAME_PROC_NUM"].ToString(
p_mmsm_17640/cm_e2t8s5_rcv.cpp	115	" SELECT PROC_NO, DEV_CODE, DECODE(PRE_SOLUTION_FLAG, '1', '0', '1') C_DIV FROM TPSSM12 WHERE HEAT_NO = '" + tmmsm21["HEAT_NO"].ToString() + "' AND DEV_CODE = '" + dev_code + "'   ) T1 LEFT JOIN TPSSMD1 T2  "
p_mmsm_17640/cm_e2t8s6_rcv.cpp	141	" SELECT PROC_NO, DEV_CODE, DECODE(PRE_SOLUTION_FLAG, '1', '0', '1') C_DIV FROM TPSSM12 WHERE HEAT_NO = '" + tmmsm24["HEAT_NO"].ToString() + "' AND DEV_CODE = '" + dev_code + "' and TREATMENT_COUNTER ='" + tmmsm24["SAME_PROC_NUM"].ToString(
p_mmsm_17640/cm_e2t8s7_rcv.cpp	139	" SELECT PROC_NO, DEV_CODE, DECODE(PRE_SOLUTION_FLAG, '1', '0', '1') C_DIV FROM TPSSM12 WHERE HEAT_NO = '" + tmmsm23["HEAT_NO"].ToString() + "' AND DEV_CODE = '" + dev_code + "' and TREATMENT_COUNTER ='" + tmmsm23["SAME_PROC_NUM"].ToString(
p_mmsm_17640/cm_e2t8s8_rcv.cpp	96	" SELECT PROC_NO, DEV_CODE, DECODE(PRE_SOLUTION_FLAG, '1', '0', '1') C_DIV FROM TPSSM12 WHERE HEAT_NO = '" + tmmsm26["HEAT_NO"].ToString() + "' AND DEV_CODE = '" + dev_code + "' and TREATMENT_COUNTER ='" + tmmsm26["SAME_PROC_NUM"].ToString(
p_mmsm_17640/cm_e2t8s9_rcv.cpp	89	" SELECT PROC_NO, DEV_CODE, DECODE(PRE_SOLUTION_FLAG, '1', '0', '1') C_DIV FROM TPSSM12 WHERE HEAT_NO = '" + tmmsm25["HEAT_NO"].ToString() + "' AND DEV_CODE = '" + dev_code + "' and TREATMENT_COUNTER ='" + tmmsm25["SAME_PROC_NUM"].ToString(
p_mmsm_17640/cm_e2t8sa_rcv.cpp	90	" SELECT PROC_NO, DEV_CODE, DECODE(PRE_SOLUTION_FLAG, '1', '0', '1') C_DIV FROM TPSSM12 WHERE HEAT_NO = '" + tmmsm31["HEAT_NO"].ToString() + "' AND DEV_CODE = '" + dev_code + "' and TREATMENT_COUNTER ='" + tmmsm31["SAME_PROC_NUM"].ToString(
p_mmsm_17640/cm_e2t8w2_rcv.cpp	230	sqlstr = " select MAT_NO from (select * from tmmsm35 where SLAB_NO='"+ hmmsm01["SLAB_NO"].ToString() +"' order by REC_CREATE_TIME desc) where rownum=1 ";
p_mmsm_17640/cm_ekt82a_rcv.cpp	302	" SELECT PROC_NO, DEV_CODE, DECODE(PRE_SOLUTION_FLAG, '1', '0', '1') C_DIV FROM TPSSM12 WHERE HEAT_NO = '" + tmmsm2a["HEAT_NO"].ToString() + "' AND DEV_CODE LIKE '" + tmmsm2a["STATION_ID"].ToString() + "%' and TREATMENT_COUNTER ='" + tmmsm2
p_mmsm_17640/cm_ekt82a_rcv.cpp	418	cmd_inq.SetCommandText("select  nvl(MAX(PROC_COUNT),0)+1 from tmmsm2a where  HEAT_NO ='" + tmmsm2a["HEAT_NO"].ToString().Trim() + "' ");
p_mmsm_17640/cm_ekt82a_rcv.cpp	421	cmd_inq.SetCommandText("select  nvl(MAX(PROC_COUNT),0)+1 from tmmsm2a where  HEAT_NO ='" + tmmsm2a["HEAT_NO"].ToString().Trim() + "'  AND PROC_NO = '" + tmmsm2a["PROC_NO"].ToString() + "' ");
p_mmsm_17640/cm_elt804_rcv.cpp	302	" SELECT PROC_NO, DEV_CODE, DECODE(PRE_SOLUTION_FLAG, '1', '0', '1') C_DIV FROM TPSSM12 WHERE HEAT_NO = '" + tmmsm2a["HEAT_NO"].ToString() + "' AND DEV_CODE LIKE '" + tmmsm2a["STATION_ID"].ToString() + "%' and TREATMENT_COUNTER ='" + tmmsm2
p_mmsm_17640/cm_elt804_rcv.cpp	418	cmd_inq.SetCommandText("select  nvl(MAX(PROC_COUNT),0)+1 from tmmsm2a where  HEAT_NO ='" + tmmsm2a["HEAT_NO"].ToString().Trim() + "' ");
p_mmsm_17640/cm_elt804_rcv.cpp	421	cmd_inq.SetCommandText("select  nvl(MAX(PROC_COUNT),0)+1 from tmmsm2a where  HEAT_NO ='" + tmmsm2a["HEAT_NO"].ToString().Trim() + "'  AND PROC_NO = '" + tmmsm2a["PROC_NO"].ToString() + "' ");
p_mmsm_17650/mmsm05gtb_inq.cpp	69	" AND to_date(BP.END_TIME, 'yyyy-MM-dd hh24:MI:SS') > SYSDATE - 120 and b.class1 in('铁水') and b.mat_class_des != '矿石' "
p_mmsm_17650/mmsm08_inq.cpp	51	" SELECT A.L2_PROC_NO, A.HEAT_NO, SUM(A.DEVO_WT) / 1000 DEVO_WT, MAX(A.REC_CREATE_TIME) REC_CREATE_TIME, nvl(D.REC_ERASE_TIME, '北区电炉') REC_ERASE_TIME, nvl(C.REC_ERASE_TIME, '北区转炉') REC_ERASE_TIME_1, case "
p_mmsm_17650/mmsm31zh_inq.cpp	60	"  LEFT JOIN(select T.HEAT_NO, NVL(T.DEVO_WT, 0) - NVL(C.DEVO_WT, 0) AS CZHI "
p_mmsm_17650/mmsm_cejg_get.cpp	24	CString datetime = CDateTime::Now().AddDays(-1).ToString("yyyyMMddHHmmss").SubstringNE(0, 8);
p_mmsm_17650/mmsmc_inq.cpp	54	" decode(substr(aq.ST_NO, 0, 1), '1', "
p_mmsm_17650/mmsmc_inq.cpp	55	" decode(substr(aq.ST_NO, 2, 1), 'A', '镍钢', 'D', '镍钢', 'F', '铬钢', 'M', '铬钢', '不锈钢'), '2', '碳钢', '3', '硅钢', "
p_mmsm_17650/mmsmc_inq.cpp	56	" '4', decode(substr(aq.ST_NO, 2, 1), 'A', '镍钢', 'D', '镍钢', 'F', '铬钢', 'M', '铬钢', '不锈钢'), '5', "
p_mmsm_17650/mmsmc_inq.cpp	89	" WHERE to_date(daa.END_TIME, 'yyyy-MM-dd hh24:MI:SS') > sysdate - 400 "
p_mmsm_17650/mmsmc_inq.cpp	94	" and to_date(dab.END_TIME, 'yyyy-MM-dd hh24:MI:SS') > sysdate - 400) aq "
p_mmsm_17650/mmsmc_inq.cpp	133	" where to_date(REC_CREATE_TIME, 'yyyy-MM-dd hh24:MI:SS') > sysdate - 470 "
p_mmsm_17650/mmsmc_inq.cpp	150	" SUM(DECODE(ELM_NAME, 'Cr', ELM_VALUE, 0)) CR, "
p_mmsm_17650/mmsmc_inq.cpp	151	" SUM(DECODE(ELM_NAME, 'Ni', ELM_VALUE, 0)) NI, "
p_mmsm_17650/mmsmc_inq.cpp	152	" SUM(DECODE(ELM_NAME, 'Mo', ELM_VALUE, 0)) MO, "
p_mmsm_17650/mmsmc_inq.cpp	153	" SUM(DECODE(ELM_NAME, 'C', ELM_VALUE, 0))  C, "
p_mmsm_17650/mmsmc_inq.cpp	154	" SUM(DECODE(ELM_NAME, 'Si', ELM_VALUE, 0)) SI, "
p_mmsm_17650/mmsmc_inq.cpp	155	" SUM(DECODE(ELM_NAME, 'P', ELM_VALUE, 0))  P, "
p_mmsm_17650/mmsmc_inq.cpp	156	" SUM(DECODE(ELM_NAME, 'S', ELM_VALUE, 0))  S "
p_mmsm_17650/mmsmc_inq.cpp	161	" and nvl(T.GRADEACT, 0) != 'DeP' "
p_mmsm_17650/mmsmc_inq.cpp	199	sql_group = " group by aq.HEAT_NO, d.PROC_NUMBER, bwc.MAT_TYPE, d.ST_NO, decode(substr(aq.ST_NO, 0, 1), '1', "
p_mmsm_17650/mmsmc_inq.cpp	200	" decode(substr(aq.ST_NO, 2, 1), 'A', '镍钢', 'D', '镍钢', 'F', '铬钢', 'M', '铬钢', '不锈钢'), '2', '碳钢', '3', '硅钢', "
p_mmsm_17650/mmsmc_inq.cpp	201	" '4', decode(substr(aq.ST_NO, 2, 1), 'A', '镍钢', 'D', '镍钢', 'F', '铬钢', 'M', '铬钢', '不锈钢'), '5', "
p_mmsm_17650/mmsmcr01_inq.cpp	130	"	SUM(CR_VALUE*DEVO_WT) CR_VALUE, SUM(DEVO_WT) DEVO_WT, NVL(MAX(B0.Ni), 0) Ni, NVL(MAX(B0.CR), 0) CR, MAX(MAT_ACT_WT) MAT_ACT_WT FROM "
p_mmsm_17650/mmsmcr01_inq.cpp	138	"	(SELECT NVL(CASE WHEN ELM_006 = -1 THEN 0 ELSE ELM_006 END,0) Cr, NVL(CASE WHEN ELM_007 = -1 THEN 0 ELSE ELM_007 END,0) Ni, HEAT_NO, ST_NO FROM TQMTSB0 WHERE 1=1 and((HEAT_NO >= @heat_no1  AND HEAT_NO <= @heat_no2) OR(HEAT_NO >= @heat_no3
p_mmsm_17650/mmsmcr01_inq.cpp	144	"	NVL(MAT_ACT_WT, 0) HGCL, ZXH.ST_NO, ZXH.ST_NO_DESC ST_NO_MS, ZXH.ST_NO_SMALL_CLASS1 ST_NO_LB, ZXH.ST_NO_BIG_CLASS ST_NO_DL, "
p_mmsm_17650/mmsmcr01_inq.cpp	145	"	ROUND(NVL(CR*MAT_ACT_WT, 0), 3) AT_CR, ROUND(NVL((CASE WHEN ZXH.ST_NO = (SELECT ST_NO FROM TMMSMW8 WHERE ST_NO =ZXH.ST_NO  ) "
p_mmsm_17650/mmsmcr01_inq.cpp	148	"	CASE WHEN ZXH.ST_NO = (SELECT ST_NO FROM TMMSMW8 WHERE ST_NO =ZXH.ST_NO  ) THEN 0 ELSE ROUND(nvl(CASE WHEN MAT_ACT_WT*Ni = 0 OR ZXH.NI_VALUE = 0 "
p_mmsm_17650/mmsmcr01_inq.cpp	150	"	ROUND(nvl(CASE WHEN MAT_ACT_WT*CR = 0 OR ZXH.CR_VALUE = 0 THEN 0 ELSE(MAT_ACT_WT*CR)/(ZXH.CR_VALUE)   END, 0), 5) * 100 CR "
p_mmsm_17650/mmsmcr01_inq.cpp	153	"	SUM(CR_VALUE*DEVO_WT) CR_VALUE, SUM(DEVO_WT) DEVO_WT, NVL(MAX(B0.Ni), 0) Ni, NVL(MAX(B0.CR), 0) CR, MAX(MAT_ACT_WT) MAT_ACT_WT FROM "
p_mmsm_17650/mmsmcr01_inq.cpp	161	"	(SELECT NVL(CASE WHEN ELM_006 = -1 THEN 0 ELSE ELM_006 END,0) Cr, NVL(CASE WHEN ELM_007 = -1 THEN 0 ELSE ELM_007 END,0) Ni, HEAT_NO, ST_NO FROM TQMTSB0 WHERE 1=1 and((HEAT_NO >= @heat_no1  AND HEAT_NO <= @heat_no2) OR(HEAT_NO >= @heat_no3
p_mmsm_17650/mmsmcr02_inq.cpp	168	" (select BB.heat_no,BB.st_no,PROD_OUT_WT,NVL(mat_act_wt,0) mat_act_wt,NI_VALUE,CR_VALUE,MO_VALUE,DEVO_WT,NVL(HY_CR,0) HY_CR,NVL(HY_NI,0) HY_NI,NVL(HY_MO,0) HY_MO,nvl(Cr,0) Cr,nvl(Ni,0) Ni,nvl(MO,0) MO"
p_mmsm_17650/mmsmcr02_inq.cpp	189	"   SELECT HEAT_NO, ST_NO,NVL(CASE WHEN ELM_006 = -1 THEN 0 ELSE ELM_006 END, 0) HY_CR, NVL(CASE WHEN ELM_007 = -1 THEN 0 ELSE ELM_007 END, 0) HY_NI, NVL(CASE WHEN ELM_008 = -1 THEN 0 ELSE ELM_008 END, 0) HY_MO"
p_mmsm_17650/mmsmcr02_inq.cpp	199	"	SELECT  HEAT_NO, ST_NO,NVL(CASE WHEN ELM_006 = -1 THEN 0 ELSE ELM_006 END,0) Cr, NVL(CASE WHEN ELM_007 = -1 THEN 0 ELSE ELM_007 END,0) Ni, NVL(CASE WHEN ELM_008 = -1 THEN 0 ELSE ELM_008 END,0) MO "
p_mmsm_17650/mmsmt8f0s1_inq.cpp	61	sqlstr = ("  select ROW_NUMBER() OVER (ORDER BY METE_CODE_2) AS no,METE_CODE_2,TO_CHAR(sysdate-1, 'yyyy-MM-dd') as CLOCK,TO_CHAR(sysdate-1, 'yyyyMMdd') as CLOCK_1 from TMMSMT8METE  ");
p_mmsm_17650/mmsmzxh_sava_pra.cpp	181	sqlstr = " update tmmsmzxhbb t1 set TYPE_CODE1 = ( select decode(TYPE_DL, '10', '辅料', '20', '合金', '30', '废钢', '70', '生铁', '80', '铁水', '90', '自循环废钢',' ') from  ZJ_JISHUKE_MAT  t2 where t1.MAT_CODE = t2.MAT_ID) "
p_mmsm_17650/mmsmzxh_sava_pra.cpp	211	sqlstr = " update tmmsmzxhbb t1 set ROUTELIST = (SELECT  LISTAGG(DISTINCT DEV_CODE,'/') WITHIN GROUP (ORDER BY START_TIME) FROM TMMSMGY06  t2 where t2.HANDLE_DIV=' ' and t1.heat_no=t2.heat_no)"
p_mmsm_17650/mmsmzxh_sava_pra.cpp	225	sqlstr = " update tmmsmzxhbb t1 set PROD_OUT_WT = (select STEEL_NET_WEIGHT from VW_CCM_STEEL_WT t2 where t1.heat_no=t2.HEAT_NAME and rownum=1) ,ORIGIN_SYS_CODE='L1'"
p_mmsm_17650/mmsmzxh_sava_pra.cpp	384	sqlstr = " update tmmsmzxhbb t1 set (QUALITY_BATCH_NO, CR_VALUE, NI_VALUE, MO_VALUE) =(SELECT LOT_NO, CR_VALUE, NI_VALUE, MO_VALUE FROM (SELECT LOT_NO,nvl(CR_VALUE, 0) as CR_VALUE,nvl(NI_VALUE, 0) as NI_VALUE,nvl(MO_VALUE, 0) as MO_VALUE,ro
p_mmsm_17650/mmsmzxh_sava_pra.cpp	455	sqlstr = " update tmmsmzxhbb t1 set (QUALITY_BATCH_NO,CR_VALUE,NI_VALUE,MO_VALUE)= (SELECT QUALITY_BATCH_NO ,max(nvl(Cr,0)),max(nvl(Ni,0)), max(nvl(Mo,0))  FROM ("
p_mmsm_17660/mmsm33dbsx_inq.cpp	73	sqlstr = " SELECT T.*,DECODE(T.EVENT_ID,'MM13','未收货','材料封锁') BACK_YUANYIN FROM TMMSM33DBSX T "
p_mmsm_17660/mmsm835d1_inq.cpp	59	" RESUME_SEQ_NO,decode(BACK_CODE_1,'1','已冲销') BACK_CODE_1"
p_mmsm_17660/mmsmcpkchz_inq.cpp	147	"	T.CASTING_PURPOSE, T.SURF_QUALITY, DECODE(T.RECEIVE_WEIGHT, 0, 'N', 'Y') RECEIVE_STATUS, T.RECV_MAT_TIME, DECODE(T.RECEIVE_WEIGHT, 0, 'N', 'S') SPECIFIC_SEND, DECODE(T.C_STATESIGN, '3', 'S', '1', 'W', 'N') C_STATESIGN,																				
p_mmsm_17660/mmsmcpkchz_inq.cpp	159	"	to_number(decode(substr(T.slab_no, length(T.slab_no) - 2, 3),' ',0,substr(T.slab_no, length(T.slab_no) - 2, 3))) CAST_DIV_NO, t.DEV_CODE, (SELECT PROD_SHIFT_GROUP FROM TMMSM36 WHERE MAT_NO = T.MAT_NO) PROD_GROUP_SB, t.HOT_SEND_FLAG, t.ZL_
p_mmsm_17660/mmsmcpkchz_inq.cpp	162	"	tm34.GRINDING_START_TIME, tm34.GRINDING_OUTER_END_TIME, decode(tm34.MEND_BEFORE_UPPER_TEMP, 0, tm34.MEND_AFTER_UPPER_TEMP, tm34.MEND_BEFORE_UPPER_TEMP) MEND_BEFORE_TEMP, decode(tm34.MEND_BEFORE_BOTTOM_TEMP, 0, tm34.MEND_AFTER_BOTTOM_TEMP,
p_mmsm_17660/mmsmcpkchz_inq.cpp	163	"	t.TRUCK_NO as CHEHAO, T.STOCK_PLACE_NO, T.STOCK_L2 BP_TOCK_L2, TM34.REC_REVISE_TIME REC_REVISE_TIME, ' ' ORDER_NO_DD, DECODE(SUBSTR(T.ST_NO, 0, 1), 1, '不锈钢', '碳钢') ST_NO_TYPE_1,																																																													
p_mmsm_17660/mmsmcpkchz_inq.cpp	166	"	T.C_DELIVERY_STOCK, DECODE(T.LOGISTICS_STATUS, '2', 'W', '3', 'Y', 'N')  LOGISTICS_STATUS, DECODE(T.LGORT, '6242', '成品库', '6246', '修磨库') VALUE_TYPE, T.PRODUCT_FLAG																																																																											
p_mmsm_17660/mmsmcpkcmx_inq.cpp	130	"	T.CASTING_PURPOSE, T.SURF_QUALITY, DECODE(T.RECEIVE_WEIGHT, 0, 'N', 'Y') RECEIVE_STATUS, T.RECV_MAT_TIME, DECODE(T.RECEIVE_WEIGHT, 0, 'N', 'S') SPECIFIC_SEND, DECODE(T.C_STATESIGN, '3', 'S', '1', 'W', 'N') C_STATESIGN,																				
p_mmsm_17660/mmsmcpkcmx_inq.cpp	142	"	to_number(decode(substr(T.slab_no, length(T.slab_no) - 2, 3),' ',0,substr(T.slab_no, length(T.slab_no) - 2, 3))) CAST_DIV_NO, t.DEV_CODE, (SELECT PROD_SHIFT_GROUP FROM TMMSM36 WHERE MAT_NO = T.MAT_NO) PROD_GROUP_SB, t.HOT_SEND_FLAG, t.ZL_
p_mmsm_17660/mmsmcpkcmx_inq.cpp	145	"	tm34.GRINDING_START_TIME, tm34.GRINDING_OUTER_END_TIME, decode(tm34.MEND_BEFORE_UPPER_TEMP, 0, tm34.MEND_AFTER_UPPER_TEMP, tm34.MEND_BEFORE_UPPER_TEMP) MEND_BEFORE_TEMP, decode(tm34.MEND_BEFORE_BOTTOM_TEMP, 0, tm34.MEND_AFTER_BOTTOM_TEMP,
p_mmsm_17660/mmsmcpkcmx_inq.cpp	146	"	t.TRUCK_NO as CHEHAO, T.STOCK_PLACE_NO, T.STOCK_L2 BP_TOCK_L2, TM34.REC_REVISE_TIME REC_REVISE_TIME, ' ' ORDER_NO_DD, DECODE(SUBSTR(T.ST_NO, 0, 1), 1, '不锈钢', '碳钢') ST_NO_TYPE_1,																																																													
p_mmsm_17660/mmsmcpkcmx_inq.cpp	149	"	T.C_DELIVERY_STOCK, DECODE(T.LOGISTICS_STATUS, '2', 'W', '3', 'Y', 'N')  LOGISTICS_STATUS, DECODE(T.LGORT, '6242', '成品库', '6246', '修磨库') VALUE_TYPE, T.PRODUCT_FLAG																																																																											
p_mmsm_17660/mmsmcpwzchz_inq.cpp	132	"	T.CASTING_PURPOSE, T.SURF_QUALITY, DECODE(T.RECEIVE_WEIGHT, 0, 'N', 'Y') RECEIVE_STATUS, T.RECV_MAT_TIME, DECODE(T.RECEIVE_WEIGHT, 0, 'N', 'S') SPECIFIC_SEND, DECODE(T.C_STATESIGN, '3', 'S', '1', 'W', 'N') C_STATESIGN,																				
p_mmsm_17660/mmsmcpwzchz_inq.cpp	144	"	to_number(decode(substr(T.slab_no, length(T.slab_no) - 2, 3),' ',0,substr(T.slab_no, length(T.slab_no) - 2, 3))) CAST_DIV_NO, t.DEV_CODE, (SELECT PROD_SHIFT_GROUP FROM TMMSM36 WHERE MAT_NO = T.MAT_NO) PROD_GROUP_SB, t.HOT_SEND_FLAG, t.ZL_
p_mmsm_17660/mmsmcpwzchz_inq.cpp	147	"	tm34.GRINDING_START_TIME, tm34.GRINDING_OUTER_END_TIME, decode(tm34.MEND_BEFORE_UPPER_TEMP, 0, tm34.MEND_AFTER_UPPER_TEMP, tm34.MEND_BEFORE_UPPER_TEMP) MEND_BEFORE_TEMP, decode(tm34.MEND_BEFORE_BOTTOM_TEMP, 0, tm34.MEND_AFTER_BOTTOM_TEMP,
p_mmsm_17660/mmsmcpwzchz_inq.cpp	148	"	t.TRUCK_NO as CHEHAO, T.STOCK_PLACE_NO, T.STOCK_L2 BP_TOCK_L2, TM34.REC_REVISE_TIME REC_REVISE_TIME, ' ' ORDER_NO_DD, DECODE(SUBSTR(T.ST_NO, 0, 1), 1, '不锈钢', '碳钢') ST_NO_TYPE_1,																																																													
p_mmsm_17660/mmsmcpwzchz_inq.cpp	151	"	T.C_DELIVERY_STOCK, DECODE(T.LOGISTICS_STATUS, '2', 'W', '3', 'Y', 'N')  LOGISTICS_STATUS, DECODE(T.LGORT, '6242', '成品库', '6246', '修磨库') VALUE_TYPE, T.PRODUCT_FLAG																																																																											
p_mmsm_17660/mmsmcpwzcmx_inq.cpp	130	"	T.CASTING_PURPOSE, T.SURF_QUALITY, DECODE(T.RECEIVE_WEIGHT, 0, 'N', 'Y') RECEIVE_STATUS, T.RECV_MAT_TIME, DECODE(T.RECEIVE_WEIGHT, 0, 'N', 'S') SPECIFIC_SEND, DECODE(T.C_STATESIGN, '3', 'S', '1', 'W', 'N') C_STATESIGN,																				
p_mmsm_17660/mmsmcpwzcmx_inq.cpp	142	"	to_number(decode(substr(T.slab_no, length(T.slab_no) - 2, 3),' ',0,substr(T.slab_no, length(T.slab_no) - 2, 3))) CAST_DIV_NO, t.DEV_CODE, (SELECT PROD_SHIFT_GROUP FROM TMMSM36 WHERE MAT_NO = T.MAT_NO) PROD_GROUP_SB, t.HOT_SEND_FLAG, t.ZL_
p_mmsm_17660/mmsmcpwzcmx_inq.cpp	145	"	tm34.GRINDING_START_TIME, tm34.GRINDING_OUTER_END_TIME, decode(tm34.MEND_BEFORE_UPPER_TEMP, 0, tm34.MEND_AFTER_UPPER_TEMP, tm34.MEND_BEFORE_UPPER_TEMP) MEND_BEFORE_TEMP, decode(tm34.MEND_BEFORE_BOTTOM_TEMP, 0, tm34.MEND_AFTER_BOTTOM_TEMP,
p_mmsm_17660/mmsmcpwzcmx_inq.cpp	146	"	t.TRUCK_NO as CHEHAO, T.STOCK_PLACE_NO, T.STOCK_L2 BP_TOCK_L2, TM34.REC_REVISE_TIME REC_REVISE_TIME, ' ' ORDER_NO_DD, DECODE(SUBSTR(T.ST_NO, 0, 1), 1, '不锈钢', '碳钢') ST_NO_TYPE_1,																																																													
p_mmsm_17660/mmsmcpwzcmx_inq.cpp	149	"	T.C_DELIVERY_STOCK, DECODE(T.LOGISTICS_STATUS, '2', 'W', '3', 'Y', 'N')  LOGISTICS_STATUS, DECODE(T.LGORT, '6242', '成品库', '6246', '修磨库') VALUE_TYPE, T.PRODUCT_FLAG																																																																											
p_mmsm_17660/mmsmcyzjl_inq.cpp	114	" a.HAND_OVER_GROUP AS OUT_STOCK_SHIFT_GROUP, c.LOAD_END_TIME AS OUT_STOCK_TIME, DECODE(TRAN_END_TIME,' ',TRAN_TIME,TRAN_END_TIME)TRAN_TIME ,B.OPERATOR EMP_NAME,"
p_mmsm_17660/mmsmdbdc_inq.cpp	281	"	T.CASTING_PURPOSE, T.SURF_QUALITY, DECODE(T.RECEIVE_WEIGHT, 0, 'N', 'Y') RECEIVE_STATUS, T.RECV_MAT_TIME, DECODE(T.RECEIVE_WEIGHT, 0, 'N', 'S') SPECIFIC_SEND, DECODE(T.C_STATESIGN, '3', 'S', '1', 'W', 'N') C_STATESIGN,																				
p_mmsm_17660/mmsmdbdc_inq.cpp	296	"	case when length2(SLAB_NO)>=20 then to_number(decode(substr(T.slab_no, length(T.slab_no) - 2, 3), ' ', 0,substr(T.slab_no, length(T.slab_no) - 2, 3))) end  CAST_DIV_NO, t.DEV_CODE, (SELECT PROD_SHIFT_GROUP FROM TMMSM36 WHERE MAT_NO = T.MA
p_mmsm_17660/mmsmdbdc_inq.cpp	297	"	t.JUDGE_RESULT_1, t.REMARK, CASE WHEN CASE WHEN TWM12.UNLOAD_CODE_AREA IS NULL THEN twm61.UNLOAD_CODE_AREA ELSE TWM12.UNLOAD_CODE_AREA END IS NULL THEN TWM32M.UNLOAD_CODE_AREA ELSE CASE WHEN TWM12.UNLOAD_CODE_AREA IS NULL THEN twm61.UNLOA
p_mmsm_17660/mmsmdbdc_inq.cpp	300	"	tm34.GRINDING_START_TIME, tm34.GRINDING_OUTER_END_TIME, decode(tm34.MEND_BEFORE_UPPER_TEMP, 0, tm34.MEND_AFTER_UPPER_TEMP, tm34.MEND_BEFORE_UPPER_TEMP) MEND_BEFORE_TEMP, decode(tm34.MEND_BEFORE_BOTTOM_TEMP, 0, tm34.MEND_AFTER_BOTTOM_TEMP,
p_mmsm_17660/mmsmdbdc_inq.cpp	301	"	t.TRUCK_NO as CHEHAO, T.STOCK_PLACE_NO, T.STOCK_L2 BP_TOCK_L2, TM34.REC_REVISE_TIME REC_REVISE_TIME, ' ' ORDER_NO_DD, DECODE(SUBSTR(T.ST_NO, 0, 1), 1, '不锈钢', '碳钢') ST_NO_TYPE_1,																																																													
p_mmsm_17660/mmsmdbdc_inq.cpp	304	"	T.C_DELIVERY_STOCK, DECODE(T.LOGISTICS_STATUS, '2', 'W', '3', 'Y', 'N')  LOGISTICS_STATUS, DECODE(T.LGORT, '6242', '成品库', '6246', '修磨库') VALUE_TYPE, T.PRODUCT_FLAG,CASE WHEN t2.MAT_NO IS NULL THEN '0' ELSE '1' END need_mend,nvl(t2.OFFLINE
p_mmsm_17660/mmsmdbdc_inq.cpp	319	"   nvl(TEMP.CC_MACH_NO, ' ') AS CC_MACH_NO,"
p_mmsm_17660/mmsmdbdc_inq.cpp	320	"   nvl(TEMP.SMELTING_TEMP, 0) AS SMELTING_TEMP,"
p_mmsm_17660/mmsmdbdc_inq.cpp	321	"   nvl(TEMP.MEAS_TEMP_TIME, ' ') AS MEAS_TEMP_TIME  "
p_mmsm_17660/mmsmdbjl_inq.cpp	110	"	T.CASTING_PURPOSE, T.SURF_QUALITY, DECODE(T.RECEIVE_WEIGHT, 0, 'N', 'Y') RECEIVE_STATUS, T.RECV_MAT_TIME, DECODE(T.RECEIVE_WEIGHT, 0, 'N', 'S') SPECIFIC_SEND, DECODE(T.C_STATESIGN, '3', 'S', '1', 'W', 'N') C_STATESIGN,																				
p_mmsm_17660/mmsmdbjl_inq.cpp	122	"	to_number(decode(substr(T.slab_no, length(T.slab_no) - 2, 3),' ',0,substr(T.slab_no, length(T.slab_no) - 2, 3))) CAST_DIV_NO, t.DEV_CODE, (SELECT PROD_SHIFT_GROUP FROM TMMSM36 WHERE MAT_NO = T.MAT_NO) PROD_GROUP_SB, t.HOT_SEND_FLAG, t.ZL_
p_mmsm_17660/mmsmdbjl_inq.cpp	125	"	tm34.GRINDING_START_TIME, tm34.GRINDING_OUTER_END_TIME, decode(tm34.MEND_BEFORE_UPPER_TEMP, 0, tm34.MEND_AFTER_UPPER_TEMP, tm34.MEND_BEFORE_UPPER_TEMP) MEND_BEFORE_TEMP, decode(tm34.MEND_BEFORE_BOTTOM_TEMP, 0, tm34.MEND_AFTER_BOTTOM_TEMP,
p_mmsm_17660/mmsmdbjl_inq.cpp	126	"	t.TRUCK_NO as CHEHAO, T.STOCK_PLACE_NO, T.STOCK_L2 BP_TOCK_L2, TM34.REC_REVISE_TIME REC_REVISE_TIME, ' ' ORDER_NO_DD, DECODE(SUBSTR(T.ST_NO, 0, 1), 1, '不锈钢', '碳钢') ST_NO_TYPE_1,																																																													
p_mmsm_17660/mmsmdbjl_inq.cpp	129	"	T.C_DELIVERY_STOCK, DECODE(T.LOGISTICS_STATUS, '2', 'W', '3', 'Y', 'N')  LOGISTICS_STATUS, DECODE(T.LGORT, '6242', '成品库', '6246', '修磨库') VALUE_TYPE, T.PRODUCT_FLAG																																																																											
p_mmsm_17660/mmsmfptj_inq.cpp	109	FROM ( SELECT DECODE(T1.STEEL_TYPE_CNAME,'碳素废钢','碳钢','特殊废钢','碳钢',' ',' ','不锈钢') AS STEEL_TYPE,T1.*,T2.STOCK_INI_WT FROM (\
p_mmsm_17660/mmsmfptj_inq.cpp	110	SELECT NVL(STEEL_TYPE_CNAME, ' ') AS STEEL_TYPE_CNAME,\
p_mmsm_17660/mmsmfptj_inq.cpp	115	SELECT T.PROD_TIME, T.CUT_SCRAP_WT, T.GRADE_ID, T.STEEL_TYPE_1, T.APP_CODE, DECODE(W.CODE_DESC_1_CONTENT, '特殊废钢', '特殊废钢', '碳素废钢') as STEEL_TYPE_CNAME FROM TMMSMFP_TG T\
p_mmsm_17660/mmsmfptj_inq.cpp	132	LEFT JOIN(SELECT s.STEEL_TYPE_CNAME, NVL(t.stock_end_wt, 0) AS stock_ini_wt\
p_mmsm_17660/mmsmfptj_inq.cpp	136	WHERE TO_DATE(rec_create_time, 'yyyyMMddhh24miss') >= ADD_MONTHS(TRUNC(SYSDATE, 'mm'), -1)\
p_mmsm_17660/mmsmfptj_inq.cpp	137	AND TO_DATE(rec_create_time, 'yyyyMMddhh24miss') < TRUNC(SYSDATE, 'mm')\
p_mmsm_17660/mmsmhsljl_inq.cpp	90	" ROUND((((CASE WHEN e.MEND_AFTER_WEIGHT IS NULL THEN 0 ELSE e.MEND_AFTER_WEIGHT END * CASE WHEN MEND_RATE IS NULL THEN 0 ELSE MEND_RATE END / 100 * 1000) *  (18.3 / DECODE(e.MEND_AFTER_WEIGHT, 0, NULL, e.MEND_AFTER_WEIGHT)) / 238 *"
p_mmsm_17660/mmsmhsljl_inq.cpp	91	" (10.25 / DECODE(decode(trim(MEND_METAL_RATE1), null, 0, MEND_METAL_RATE1), 0, null, MEND_METAL_RATE1))) * CASE WHEN e.MEND_AFTER_WEIGHT IS NULL THEN 0 ELSE e.MEND_AFTER_WEIGHT END), 3) AS MEND_WEIGHT1"
p_mmsm_17660/mmsmlcbmx_inq.cpp	120	" ,nvl(tt.GRADE_TYPE3,' ' ) GRADE_TYPE3"
p_mmsm_17660/mmsmlcbmx_inq.cpp	122	" ,DECODE(QUALIFIED_WT,0,0,round(WEIGHT*1000/QUALIFIED_WT,3)) WT_PERT"
p_mmsm_17660/mmsmlcbmx_inq.cpp	133	" ,nvl(tt.GRADE_TYPE3,' ' ) GRADE_TYPE3"
p_mmsm_17660/mmsmlcbmx_inq.cpp	135	" ,DECODE(QUALIFIED_WT,0,0,round(WEIGHT*1000/QUALIFIED_WT,3)) WT_PERT"
p_mmsm_17660/mmsmlcbmx_inq.cpp	151	" ,nvl(tt.GRADE_TYPE3,' ' ) GRADE_TYPE3"
p_mmsm_17660/mmsmlcbmx_inq.cpp	153	" ,DECODE(QUALIFIED_WT,0,0,round(WEIGHT*1000/QUALIFIED_WT,3)) WT_PERT"
p_mmsm_17660/mmsmlcbmx_inq.cpp	164	" ,nvl(tt.GRADE_TYPE3,' ' ) GRADE_TYPE3"
p_mmsm_17660/mmsmlcbmx_inq.cpp	166	" ,DECODE(QUALIFIED_WT,0,0,round(WEIGHT*1000/QUALIFIED_WT,3)) WT_PERT"
p_mmsm_17660/mmsmlcbqx_inq.cpp	149	",HS_WT,HS_COST,DECODE(HS_WT,0,0,ROUND(HS_COST/HS_WT,2)) HS_PRICE_UNIT"
p_mmsm_17660/mmsmlcbqx_inq.cpp	150	",DECODE(MAT_ACT_WT,0,0,ROUND(BZ_COST/MAT_ACT_WT,2)) BZ_COST_UNIT"
p_mmsm_17660/mmsmlcbqx_inq.cpp	151	",WEIGHT,COST,DECODE(MAT_ACT_WT,0,0,ROUND(WEIGHT/MAT_ACT_WT,3)) WT_UNIT ,DECODE(MAT_ACT_WT,0,0,ROUND(COST/MAT_ACT_WT,3)) COST_UNIT"
p_mmsm_17660/mmsmlcbqx_inq.cpp	153	" (select nvl(tt.GRADE_TYPE3,t.GRADE_TYPE1) GRADE_TYPE1, F_ROUTE1, sum(CONVERSION_OK_WT) MAT_ACT_WT, sum(STEEL_WT) STEEL_WT"
p_mmsm_17660/mmsmlcbqx_inq.cpp	158	" group by  nvl(tt.GRADE_TYPE3,t.GRADE_TYPE1), F_ROUTE1 ) t1"
p_mmsm_17660/mmsmlcbqx_inq.cpp	159	" left join (select nvl(tt.GRADE_TYPE3,t.GRADE_TYPE1)  GRADE_TYPE1,F_ROUTE1,sum(COST) COST,sum(WEIGHT) WEIGHT"
p_mmsm_17660/mmsmlcbqx_inq.cpp	167	" group by nvl(tt.GRADE_TYPE3,t.GRADE_TYPE1),F_ROUTE1 ) t2 on t1.GRADE_TYPE1=t2.GRADE_TYPE1 and t1.F_ROUTE1=t2.F_ROUTE1"
p_mmsm_17660/mmsmlcbqx_inq.cpp	174	",HS_WT,HS_COST,DECODE(HS_WT,0,0,ROUND(HS_COST/HS_WT,2)) HS_PRICE_UNIT"
p_mmsm_17660/mmsmlcbqx_inq.cpp	175	",DECODE(MAT_ACT_WT,0,0,ROUND(BZ_COST/MAT_ACT_WT,2)) BZ_COST_UNIT"
p_mmsm_17660/mmsmlcbqx_inq.cpp	176	",WEIGHT,COST,DECODE(MAT_ACT_WT,0,0,ROUND(WEIGHT/MAT_ACT_WT,3)) WT_UNIT ,DECODE(MAT_ACT_WT,0,0,ROUND(COST/MAT_ACT_WT,3)) COST_UNIT"
p_mmsm_17660/mmsmlcbqx_inq.cpp	178	" (select  nvl(tt.GRADE_TYPE3,t.GRADE_TYPE1) GRADE_TYPE1, F_ROUTE1, sum(MAT_ACT_WT) MAT_ACT_WT, sum(STEEL_WT) STEEL_WT"
p_mmsm_17660/mmsmlcbqx_inq.cpp	183	" group by   nvl(tt.GRADE_TYPE3,t.GRADE_TYPE1), F_ROUTE1 ) t1"
p_mmsm_17660/mmsmlcbqx_inq.cpp	184	" left join (select nvl(tt.GRADE_TYPE3,t.GRADE_TYPE1) GRADE_TYPE1,F_ROUTE1,sum(COST) COST,sum(WEIGHT) WEIGHT"
p_mmsm_17660/mmsmlcbqx_inq.cpp	192	" group by nvl(tt.GRADE_TYPE3,t.GRADE_TYPE1),F_ROUTE1 ) t2 on t1.GRADE_TYPE1=t2.GRADE_TYPE1 and t1.F_ROUTE1=t2.F_ROUTE1"
p_mmsm_17660/mmsmlcbsum_inq.cpp	158	" SUM(CASE WHEN t.MAT_TYPE_DESC = '钢铁料' THEN DECODE(QUALIFIED_WT,0,0,round(WEIGHT*1000/QUALIFIED_WT,3)) ELSE 0 END) AS  WT_PERT,"
p_mmsm_17660/mmsmlcbsum_inq.cpp	206	" SUM(CASE WHEN t.MAT_TYPE_DESC = '钢铁料' THEN DECODE(QUALIFIED_WT,0,0,round(WEIGHT*1000/QUALIFIED_WT,3)) ELSE 0 END) AS  WT_PERT,"
p_mmsm_17660/mmsmlcbsum_inq.cpp	259	" SUM(CASE WHEN t.MAT_TYPE_DESC = '钢铁料' THEN DECODE(QUALIFIED_WT,0,0,round(WEIGHT*1000/QUALIFIED_WT,3)) ELSE 0 END) AS  WT_PERT,"
p_mmsm_17660/mmsmlcbsum_inq.cpp	307	" SUM(CASE WHEN t.MAT_TYPE_DESC = '钢铁料' THEN DECODE(QUALIFIED_WT,0,0,round(WEIGHT*1000/QUALIFIED_WT,3)) ELSE 0 END) AS  WT_PERT,"
p_mmsm_17660/mmsmlcbsum_inq.cpp	361	" SUM(CASE WHEN (t.MAT_TYPE_DESC = '钢铁料' or t.MAT_TYPE_DESC = '合金') THEN DECODE(QUALIFIED_WT,0,0,round(WEIGHT*1000/QUALIFIED_WT,3)) ELSE 0 END) AS  WT_PERT,"
p_mmsm_17660/mmsmlcbsum_inq.cpp	409	" SUM(CASE WHEN (t.MAT_TYPE_DESC = '钢铁料' or t.MAT_TYPE_DESC = '合金') THEN DECODE(QUALIFIED_WT,0,0,round(WEIGHT*1000/QUALIFIED_WT,3)) ELSE 0 END) AS  WT_PERT,"
p_mmsm_17660/mmsmlcbsum_inq.cpp	462	" SUM(CASE WHEN (t.MAT_TYPE_DESC = '钢铁料' or t.MAT_TYPE_DESC = '合金') THEN DECODE(QUALIFIED_WT,0,0,round(WEIGHT*1000/QUALIFIED_WT,3)) ELSE 0 END) AS  WT_PERT,"
p_mmsm_17660/mmsmlcbsum_inq.cpp	510	" SUM(CASE WHEN (t.MAT_TYPE_DESC = '钢铁料' or t.MAT_TYPE_DESC = '合金') THEN DECODE(QUALIFIED_WT,0,0,round(WEIGHT*1000/QUALIFIED_WT,3)) ELSE 0 END) AS  WT_PERT,"
p_mmsm_17660/mmsmqxdc_inq.cpp	160	" T.CASTING_PURPOSE, T.SURF_QUALITY, DECODE(T.RECEIVE_WEIGHT, 0, 'N', 'Y') RECEIVE_STATUS, T.RECV_MAT_TIME, DECODE(T.RECEIVE_WEIGHT, 0, 'N', 'S') SPECIFIC_SEND, DECODE(T.C_STATESIGN, '3', 'S', '1', 'W', 'N') C_STATESIGN,																				
p_mmsm_17660/mmsmqxdc_inq.cpp	172	" case when length2(SLAB_NO)>=20 then to_number(decode(substr(T.slab_no, length(T.slab_no) - 2, 3), ' ', 0,substr(T.slab_no, length(T.slab_no) - 2, 3))) end  CAST_DIV_NO, t.DEV_CODE, (SELECT PROD_SHIFT_GROUP FROM TMMSM36 WHERE MAT_NO = T.MA
p_mmsm_17660/mmsmqxdc_inq.cpp	175	" tm34.GRINDING_START_TIME, tm34.GRINDING_OUTER_END_TIME, decode(tm34.MEND_BEFORE_UPPER_TEMP, 0, tm34.MEND_AFTER_UPPER_TEMP, tm34.MEND_BEFORE_UPPER_TEMP) MEND_BEFORE_TEMP, decode(tm34.MEND_BEFORE_BOTTOM_TEMP, 0, tm34.MEND_AFTER_BOTTOM_TEMP,
p_mmsm_17660/mmsmqxdc_inq.cpp	176	" t.TRUCK_NO as CHEHAO, T.STOCK_PLACE_NO, T.STOCK_PLACE_NO BP_TOCK_L2, TM34.REC_REVISE_TIME REC_REVISE_TIME, ' ' ORDER_NO_DD, DECODE(SUBSTR(T.ST_NO, 0, 1), 1, '不锈钢', '碳钢') ST_NO_TYPE_1,																																																							
p_mmsm_17660/mmsmqxdc_inq.cpp	179	" T.C_DELIVERY_STOCK, DECODE(T.LOGISTICS_STATUS, '2', 'W', '3', 'Y', 'N')  LOGISTICS_STATUS, DECODE(T.LGORT, '6242', '成品库', '6246', '修磨库') VALUE_TYPE, T.PRODUCT_FLAG	,																																																																									
p_mmsm_17660/mmsmqxdc_inq.cpp	180	" case when STOCK_L2 in('CS-HSM', 'SS-HSM', 'HF') THEN '2250' when DST_STOCK_CODE = 'WXK104' THEN '钢坯库' when DST_STOCK_CODE in('WXK101', 'WXK102', 'WXK103') THEN '储运站' when DST_STOCK_CODE in('635003') THEN '1549' when DST_STOCK_CODE in('639
p_mmsm_17660/mmsmqxsdl_inq.cpp	68	" decode(NVL(t0_agg.CAST_DIV_NO, 0), 0, '回炉', t0_agg.CAST_DIV_NO) as CAST_DIV_NO,"
p_mmsm_17660/mmsmqxsdl_inq.cpp	78	" nvl(t0_agg.TS0000_DEVO_WT_SUM, 0) as TS0000_DEVO_WT_SUM,"
p_mmsm_17660/mmsmqxsdl_inq.cpp	79	" nvl(t0_agg.Z_DEV_ALLOY_STEEL_SUM, 0) as Z_DEV_ALLOY_STEEL_SUM,"
p_mmsm_17660/mmsmqxsdl_inq.cpp	80	" nvl(case when t27.HEATNO_PREMELT1 like 'F%' then t27.weight_premelt1 else 0 end, 0) +nvl(case when t27.HEATNO_PREMELT2 like 'F%' then t27.weight_premelt2 else 0 end, 0) +nvl(case when t27.HEATNO_PREMELT3 like 'F%' then t27.weight_premelt3
p_mmsm_17660/mmsmqxsdl_inq.cpp	81	" round(nvl(t0_agg.Z_DEV_DEVO_MATCR_SUM, 0), 2) as Z_DEV_DEVO_MATCR_SUM,"
p_mmsm_17660/mmsmqxsdl_inq.cpp	82	" round(nvl(t0_agg.Z_DEV_DEVO_MATNI_SUM, 0), 2) as Z_DEV_DEVO_MATNI_SUM,"
p_mmsm_17660/mmsmqxsdl_inq.cpp	83	" round(nvl(t0_agg.Z_DEV_DEVO_MATMO_SUM, 0), 2) as Z_DEV_DEVO_MATMO_SUM,"
p_mmsm_17660/mmsmqxsdl_inq.cpp	84	" round(nvl(t0_agg.E_DEV_ALLOY_STEEL_SUM, 0), 2) as E_DEV_ALLOY_STEEL_SUM,"
p_mmsm_17660/mmsmqxsdl_inq.cpp	86	" round(nvl(t0_agg.E_DEV_DEVO_MATCR_SUM, 0), 2) as E_DEV_DEVO_MATCR_SUM,"
p_mmsm_17660/mmsmqxsdl_inq.cpp	87	" round(nvl(t0_agg.E_DEV_DEVO_MATNI_SUM, 0), 2) as E_DEV_DEVO_MATNI_SUM,"
p_mmsm_17660/mmsmqxsdl_inq.cpp	88	" round(nvl(t0_agg.E_DEV_DEVO_MATMO_SUM, 0), 2) as E_DEV_DEVO_MATMO_SUM,"
p_mmsm_17660/mmsmqxsdl_inq.cpp	91	" CASE WHEN t0_agg.Z_DEV_ALLOY_STEEL_SUM = 0 THEN NULL ELSE round((nvl(case when t27.HEATNO_PREMELT1 like 'F%' then t27.weight_premelt1 else 0 end, 0) + nvl(case when t27.HEATNO_PREMELT2 like 'F%' then t27.weight_premelt2 else 0 end, 0) + n
p_mmsm_17660/mmsmqxsdl_inq.cpp	93	" round(nvl(t0_agg.Z_DEV_DEVO_MATCR_SUM, 0) + nvl(t0_agg.E_DEV_DEVO_MATCR_SUM, 0), 2) as YR_MATCR_IN,"
p_mmsm_17660/mmsmqxsdl_inq.cpp	94	" round(nvl(t0_agg.Z_DEV_DEVO_MATNI_SUM, 0) + nvl(t0_agg.E_DEV_DEVO_MATNI_SUM, 0), 2) as YR_MATNI_IN,"
p_mmsm_17660/mmsmqxsdl_inq.cpp	95	" round(nvl(t0_agg.Z_DEV_DEVO_MATMO_SUM, 0) + nvl(t0_agg.E_DEV_DEVO_MATMO_SUM, 0), 2) as YR_MATMO_IN,"
p_mmsm_17660/mmsmqxsdl_inq.cpp	96	" round((nvl(t27.LADLE_PRE_LIQUID_WT, 0) + nvl(t27f.YR_STICKY_WT, 0))*nvl(t24_cr_ni_mo.CR_1, 0)*0.01, 2) as YR_CR_OUT,"
p_mmsm_17660/mmsmqxsdl_inq.cpp	97	" round((nvl(t27.LADLE_PRE_LIQUID_WT, 0) + nvl(t27f.YR_STICKY_WT, 0))*nvl(t24_cr_ni_mo.NI_1, 0)*0.01, 2) as YR_NI_OUT,"
p_mmsm_17660/mmsmqxsdl_inq.cpp	98	" round((nvl(t27.LADLE_PRE_LIQUID_WT, 0) + nvl(t27f.YR_STICKY_WT, 0))*nvl(t24_cr_ni_mo.MO_1, 0)*0.01, 2) as YR_MO_OUT,"
p_mmsm_17660/mmsmqxsdl_inq.cpp	99	" CASE WHEN nvl(t0_agg.Z_DEV_ALLOY_STEEL_SUM, 0) <= 0 and nvl(t0_agg.E_DEV_ALLOY_STEEL_SUM, 0) <= 0 THEN NULL ELSE round((nvl(t27.LADLE_PRE_LIQUID_WT, 0) + nvl(t27f.YR_STICKY_WT, 0)) / (t0_agg.Z_DEV_ALLOY_STEEL_SUM + t0_agg.E_DEV_ALLOY_STEE
p_mmsm_17660/mmsmqxsdl_inq.cpp	100	" CASE WHEN(t0_agg.Z_DEV_DEVO_MATCR_SUM + nvl(t0_agg.E_DEV_DEVO_MATCR_SUM, 0)) = 0 THEN NULL ELSE round((nvl(t27.LADLE_PRE_LIQUID_WT, 0) + nvl(t27f.YR_STICKY_WT, 0))*nvl(t24_cr_ni_mo.CR_1, 0)*0.01 / (t0_agg.Z_DEV_DEVO_MATCR_SUM + nvl(t0_agg
p_mmsm_17660/mmsmqxsdl_inq.cpp	101	" CASE WHEN(t0_agg.Z_DEV_DEVO_MATNI_SUM + nvl(t0_agg.E_DEV_DEVO_MATNI_SUM, 0)) = 0 THEN NULL ELSE round((nvl(t27.LADLE_PRE_LIQUID_WT, 0) + nvl(t27f.YR_STICKY_WT, 0))*nvl(t24_cr_ni_mo.NI_1, 0)*0.01 / (t0_agg.Z_DEV_DEVO_MATNI_SUM + nvl(t0_agg
p_mmsm_17660/mmsmqxsdl_inq.cpp	102	" CASE WHEN(t0_agg.Z_DEV_DEVO_MATMO_SUM + nvl(t0_agg.E_DEV_DEVO_MATMO_SUM, 0)) = 0 THEN NULL ELSE round((nvl(t27.LADLE_PRE_LIQUID_WT, 0) + nvl(t27f.YR_STICKY_WT, 0))*nvl(t24_cr_ni_mo.MO_1, 0)*0.01 / (t0_agg.Z_DEV_DEVO_MATMO_SUM + nvl(t0_agg
p_mmsm_17660/mmsmqxsdl_inq.cpp	103	" nvl(t27.LADLE_PRE_LIQUID_WT, 0)*nvl(t24_cr_ni_mo.CR_1, 0)*0.01 as YR_CR_A,"
p_mmsm_17660/mmsmqxsdl_inq.cpp	104	" nvl(t27.LADLE_PRE_LIQUID_WT, 0)*nvl(t24_cr_ni_mo.NI_1, 0)*0.01 as YR_NI_A,"
p_mmsm_17660/mmsmqxsdl_inq.cpp	105	" nvl(t27.LADLE_PRE_LIQUID_WT, 0)*nvl(t24_cr_ni_mo.MO_1, 0)*0.01 as YR_MO_A,"
p_mmsm_17660/mmsmqxsdl_inq.cpp	106	" nvl(t0_agg.A_DEV_ALLOY_STEEL_SUM, 0) as A_DEV_ALLOY_STEEL_SUM,"
p_mmsm_17660/mmsmqxsdl_inq.cpp	107	" nvl(t0_agg.A_DEV_DEVO_MATCR_SUM, 0) as A_DEV_DEVO_MATCR_SUM,"
p_mmsm_17660/mmsmqxsdl_inq.cpp	108	" nvl(t0_agg.A_DEV_DEVO_MATNI_SUM, 0) as A_DEV_DEVO_MATNI_SUM,"
p_mmsm_17660/mmsmqxsdl_inq.cpp	109	" nvl(t0_agg.A_DEV_DEVO_MATMO_SUM, 0) as A_DEV_DEVO_MATMO_SUM,"
p_mmsm_17660/mmsmqxsdl_inq.cpp	110	" t27.LADLE_PRE_LIQUID_WT + nvl(t0_agg.A_DEV_ALLOY_STEEL_SUM, 0) AS AOD_METAL_SUM,"
p_mmsm_17660/mmsmqxsdl_inq.cpp	118	" CASE WHEN(t27.LADLE_PRE_LIQUID_WT + nvl(t0_agg.A_DEV_ALLOY_STEEL_SUM, 0)) = 0 THEN NULL ELSE round((t26.STEEL_WT - 3) / (t27.LADLE_PRE_LIQUID_WT + nvl(t0_agg.A_DEV_ALLOY_STEEL_SUM, 0)), 2) END AS AOD_METAL_SDL,"
p_mmsm_17660/mmsmqxsdl_inq.cpp	128	" CASE WHEN(t27.LADLE_PRE_LIQUID_WT * nvl(t24_cr_ni_mo.CR_1, 0) + nvl(t0_agg.A_DEV_DEVO_MATCR_SUM, 0)) = 0 THEN NULL ELSE round(t26.STEEL_WT * t0_agg.CR_CP/ (t27.LADLE_PRE_LIQUID_WT * nvl(t24_cr_ni_mo.CR_1, 0) + nvl(t0_agg.A_DEV_DEVO_MATCR_
p_mmsm_17660/mmsmqxsdl_inq.cpp	129	" CASE WHEN(t27.LADLE_PRE_LIQUID_WT * nvl(t24_cr_ni_mo.NI_1, 0) + nvl(t0_agg.A_DEV_DEVO_MATNI_SUM, 0)) = 0 THEN NULL ELSE round(t26.STEEL_WT * t0_agg.NI_CP/ (t27.LADLE_PRE_LIQUID_WT * nvl(t24_cr_ni_mo.NI_1, 0) + nvl(t0_agg.A_DEV_DEVO_MATNI_
p_mmsm_17660/mmsmqxsdl_inq.cpp	130	" CASE WHEN(t27.LADLE_PRE_LIQUID_WT * nvl(t24_cr_ni_mo.MO_1, 0) + nvl(t0_agg.A_DEV_DEVO_MATMO_SUM, 0)) = 0 THEN NULL ELSE round(t26.STEEL_WT * t0_agg.MO_CP/ (t27.LADLE_PRE_LIQUID_WT * nvl(t24_cr_ni_mo.MO_1, 0) + nvl(t0_agg.A_DEV_DEVO_MATMO_
p_mmsm_17660/mmsmqxsdl_inq.cpp	131	" nvl(t0_agg.Q_DEV_ALLOY_STEEL_SUM, 0) as Q_DEV_ALLOY_STEEL_SUM,"
p_mmsm_17660/mmsmqxsdl_inq.cpp	132	" nvl(t0_agg.Q_DEV_DEVO_MATCR_SUM, 0) as Q_DEV_DEVO_MATCR_SUM,"
p_mmsm_17660/mmsmqxsdl_inq.cpp	133	" nvl(t0_agg.Q_DEV_DEVO_MATNI_SUM, 0) as Q_DEV_DEVO_MATNI_SUM,"
p_mmsm_17660/mmsmqxsdl_inq.cpp	134	" nvl(t0_agg.Q_DEV_DEVO_MATMO_SUM, 0) as Q_DEV_DEVO_MATMO_SUM,"
p_mmsm_17660/mmsmqxsdl_inq.cpp	138	" CASE WHEN nvl(t0_agg.Q_DEV_DEVO_MATCR_SUM, 0) = 0 THEN NULL ELSE round((t0_agg.MAT_ACT_WT + (t0_agg.QIE_T + t0_agg.QIE_W) / 1000 + t0_agg.TD_CSTEEL)*t0_agg.CR_CP/ nvl(t0_agg.Q_DEV_DEVO_MATCR_SUM, 0), 2) END AS Q_CCM_SLAB_CR_SDL,"
p_mmsm_17660/mmsmqxsdl_inq.cpp	139	" CASE WHEN nvl(t0_agg.Q_DEV_DEVO_MATNI_SUM, 0) = 0 THEN NULL ELSE round((t0_agg.MAT_ACT_WT + (t0_agg.QIE_T + t0_agg.QIE_W) / 1000 + t0_agg.TD_CSTEEL)*t0_agg.NI_CP/ nvl(t0_agg.Q_DEV_DEVO_MATNI_SUM, 0), 2) END AS Q_CCM_SLAB_NI_SDL,"
p_mmsm_17660/mmsmqxsdl_inq.cpp	140	" CASE WHEN nvl(t0_agg.Q_DEV_DEVO_MATMO_SUM, 0) = 0 THEN NULL ELSE round((t0_agg.MAT_ACT_WT + (t0_agg.QIE_T + t0_agg.QIE_W) / 1000 + t0_agg.TD_CSTEEL)*t0_agg.MO_CP/ nvl(t0_agg.Q_DEV_DEVO_MATMO_SUM, 0), 2) END AS Q_CCM_SLAB_MO_SDL,"
p_mmsm_17660/mmsmqxsdl_inq.cpp	141	" CASE WHEN nvl(t0_agg.Q_DEV_ALLOY_STEEL_SUM, 0) = 0 THEN NULL ELSE round((t0_agg.BIG_LADLE_WT - t0_agg.POUR_LADLE_WT)/ nvl(t0_agg.Q_DEV_ALLOY_STEEL_SUM, 0), 2) END as Q_METAL_CB_SDL,"
p_mmsm_17660/mmsmqxsdl_inq.cpp	142	" CASE WHEN nvl(t0_agg.Q_DEV_DEVO_MATCR_SUM, 0) = 0 THEN NULL ELSE round((t0_agg.BIG_LADLE_WT - t0_agg.POUR_LADLE_WT) * t0_agg.CR_CP/ nvl(t0_agg.Q_DEV_DEVO_MATCR_SUM, 0), 2) END as Q_CB_CR_SDL,"
p_mmsm_17660/mmsmqxsdl_inq.cpp	143	" CASE WHEN nvl(t0_agg.Q_DEV_DEVO_MATNI_SUM, 0) = 0 THEN NULL ELSE round((t0_agg.BIG_LADLE_WT - t0_agg.POUR_LADLE_WT) * t0_agg.NI_CP/ nvl(t0_agg.Q_DEV_DEVO_MATNI_SUM, 0), 2) END as Q_CB_NI_SDL,"
p_mmsm_17660/mmsmqxsdl_inq.cpp	144	" CASE WHEN nvl(t0_agg.Q_DEV_DEVO_MATMO_SUM, 0) = 0 THEN NULL ELSE round((t0_agg.BIG_LADLE_WT - t0_agg.POUR_LADLE_WT) * t0_agg.MO_CP/ nvl(t0_agg.Q_DEV_DEVO_MATMO_SUM, 0), 2) END as Q_CB_MO_SDL,"
p_mmsm_17660/mmsmqxsdl_inq.cpp	146	" nvl(t24_si2.SI_2, 0) as SI_2,"
p_mmsm_17660/mmsmqxsdl_inq.cpp	147	" nvl(t24_si3.SI_3, 0) as SI_3,"
p_mmsm_17660/mmsmqxsdl_inq.cpp	153	" nvl(t0_agg.S_DEV_F_MAT_SUM, 0) as S_DEV_F_MAT_SUM,"
p_mmsm_17660/mmsmqxsdl_inq.cpp	154	" nvl(t0_agg.F_DEV_F_MAT_SUM, 0) as F_DEV_F_MAT_SUM,"
p_mmsm_17660/mmsmqxsdl_inq.cpp	158	" nvl(t0_agg.A_DEV_AB070665_DEVO_WT_SUM, 0) as A_DEV_AB070665_DEVO_WT_SUM,"
p_mmsm_17660/mmsmqxsdl_inq.cpp	159	" nvl(t0_agg.Z_DEV_AB070665_DEVO_WT_SUM, 0) as Z_DEV_AB070665_DEVO_WT_SUM,"
p_mmsm_17660/mmsmqxsdl_inq.cpp	206	" nvl((select SUM(MAT_ACT_WT) FROM VMMSMCPCL_BB B where B.heat_no = t31.heat_no and b.SLAB_CUT_TIME <= @v_to and b.SLAB_CUT_TIME >=@v_from), 0) AS MAT_ACT_WT,"
p_mmsm_17660/mmsmqxsdl_inq.cpp	237	" NVL(CASE WHEN H.ELM_006 = -1 THEN 0 ELSE H.ELM_006 END, 0) as CR_CP,"
p_mmsm_17660/mmsmqxsdl_inq.cpp	238	" NVL(CASE WHEN H.ELM_007 = -1 THEN 0 ELSE H.ELM_007 END, 0) as NI_CP,"
p_mmsm_17660/mmsmqxsdl_inq.cpp	239	" NVL(CASE WHEN H.ELM_008 = -1 THEN 0 ELSE H.ELM_008 END, 0) as MO_CP"
p_mmsm_17660/mmsmqxsdl_inq.cpp	279	" case when a.lot_no in(select lot_no from TMMSMWQ) then round((select max(cr_VALUE) from TMMSMWQ where lot_no = a.lot_no) *nvl((select INCLUDE_CR from TQMTSCB11_DR where mat_code = a.MAT_CODE), 0), 4)"
p_mmsm_17660/mmsmqxsdl_inq.cpp	285	" nvl((SELECT ELM_VALUE FROM TMMSM81AL"
p_mmsm_17660/mmsmqxsdl_inq.cpp	289	" nvl((SELECT ELM_VALUE FROM TMMSM81AL"
p_mmsm_17660/mmsmqxsdl_inq.cpp	298	" case when a.lot_no in(select lot_no from TMMSMWQ) then round((select max(Ni_VALUE) from TMMSMWQ where lot_no = a.lot_no) *nvl((select INCLUDE_NI from TQMTSCB11_DR where mat_code = a.MAT_CODE), 0), 4)"
p_mmsm_17660/mmsmqxsdl_inq.cpp	304	" nvl((SELECT ELM_VALUE FROM TMMSM81AL"
p_mmsm_17660/mmsmqxsdl_inq.cpp	308	" nvl((SELECT ELM_VALUE FROM TMMSM81AL"
p_mmsm_17660/mmsmqxsdl_inq.cpp	317	" case when a.lot_no in(select lot_no from TMMSMWQ) then round((select max(Mo_VALUE) from TMMSMWQ where lot_no = a.lot_no) *nvl((select INCLUDE_MO from TQMTSCB11_DR where mat_code = a.MAT_CODE), 0), 4)"
p_mmsm_17660/mmsmqxsdl_inq.cpp	323	" nvl((SELECT ELM_VALUE FROM TMMSM81AL"
p_mmsm_17660/mmsmqxsdl_inq.cpp	327	" nvl((SELECT ELM_VALUE FROM TMMSM81AL"
p_mmsm_17660/mmsmsdlcast_inq.cpp	110	DECODE(SUM(IN_CR), 0, 0, ROUND(SUM(AT_CR)*100/SUM(IN_CR), 2)) AS CR_RATIO,
p_mmsm_17660/mmsmsdlcast_inq.cpp	111	DECODE(SUM(IN_NI), 0, 0, ROUND(SUM(AT_NI)*100/SUM(IN_NI), 2)) AS NI_RATIO,
p_mmsm_17660/mmsmsdlcast_inq.cpp	112	DECODE(SUM(IN_MO), 0, 0, ROUND(SUM(AT_MO)*100/SUM(IN_MO), 2)) AS MO_RATIO,
p_mmsm_17660/mmsmsdlcast_inq.cpp	113	DECODE(SUM(RECEIVE_WEIGHT + CUT_SCRAP_WT), 0, 0, ROUND(SUM(METAL_CONS * 1000) / SUM(RECEIVE_WEIGHT + CUT_SCRAP_WT), 0)) AS ALLAY_CON
p_mmsm_17660/mmsmsdlcast_inq.cpp	131	ROUND(NVL(t2.IN_CR, 0)/100, 3) AS IN_CR, -- 投入纯铬
p_mmsm_17660/mmsmsdlcast_inq.cpp	132	ROUND(NVL(t2.IN_NI, 0)/100, 3) AS IN_NI, -- 投入纯镍
p_mmsm_17660/mmsmsdlcast_inq.cpp	133	ROUND(NVL(t2.IN_MO, 0)/100, 3) AS IN_MO, -- 投入纯钼
p_mmsm_17660/mmsmsdlcast_inq.cpp	134	ROUND(NVL(t3.AT_CR, 0)/100, 3) AS AT_CR, -- 产出铬
p_mmsm_17660/mmsmsdlcast_inq.cpp	135	ROUND(NVL(t3.AT_NI, 0)/100, 3) AS AT_NI, -- 产出镍
p_mmsm_17660/mmsmsdlcast_inq.cpp	136	ROUND(NVL(t3.AT_MO, 0)/100, 3) AS AT_MO, -- 产出钼
p_mmsm_17660/mmsmsdlcast_inq.cpp	137	NVL(CASE WHEN t3.ELM_006 = -1 THEN 0 ELSE t3.ELM_006 END, 0) AS CR_CP, -- 成品铬成分
p_mmsm_17660/mmsmsdlcast_inq.cpp	138	NVL(CASE WHEN t3.ELM_007 = -1 THEN 0 ELSE t3.ELM_007 END, 0) AS NI_CP, -- 成品镍成分
p_mmsm_17660/mmsmsdlcast_inq.cpp	139	NVL(CASE WHEN t3.ELM_008 = -1 THEN 0 ELSE t3.ELM_008 END, 0) AS MO_CP, -- 成品钼成分
p_mmsm_17660/mmsmsdlcast_inq.cpp	140	DECODE(NVL(t2.IN_CR, 0), 0, 0, ROUND(NVL(t3.AT_CR, 0)*100/NVL(t2.IN_CR, 0), 2)) AS CR_RATIO, -- 铬收得率
p_mmsm_17660/mmsmsdlcast_inq.cpp	141	DECODE(NVL(t2.IN_NI, 0), 0, 0, ROUND(NVL(t3.AT_NI, 0)*100/NVL(t2.IN_NI, 0), 2)) AS NI_RATIO, -- 镍收得率
p_mmsm_17660/mmsmsdlcast_inq.cpp	142	DECODE(NVL(t2.IN_MO, 0), 0, 0, ROUND(NVL(t3.AT_MO, 0)*100/NVL(t2.IN_MO, 0), 2)) AS MO_RATIO, -- 钼收得率
p_mmsm_17660/mmsmsdlcast_inq.cpp	143	DECODE(NVL(t1.RECEIVE_WEIGHT + t1.CUT_SCRAP_WT, 0), 0, 0, ROUND(NVL(t2.METAL_CONS, 0) * 1000 / (t1.RECEIVE_WEIGHT + t1.CUT_SCRAP_WT), 0)) AS ALLAY_CON, -- 金属料消耗
p_mmsm_17660/mmsmsdlcast_inq.cpp	204	SUM((RECEIVE_WEIGHT + CUT_SCRAP_WT)*NVL(CASE WHEN ELM_006 = -1 THEN 0 ELSE ELM_006 END, 0)) AS AT_CR,
p_mmsm_17660/mmsmsdlcast_inq.cpp	205	SUM(CASE WHEN GRADE_ID IN (SELECT st_no FROM tqmts0x t WHERE t.elm_std_idx_a IN (SELECT IDX_NO FROM tqmts02 WHERE SPE_MIN>0 AND elm_code='007')) THEN (RECEIVE_WEIGHT + CUT_SCRAP_WT)*NVL(CASE WHEN ELM_007 = -1 THEN 0 ELSE ELM_007 END, 0) ELS
p_mmsm_17660/mmsmsdlcast_inq.cpp	206	SUM(CASE WHEN t.GRADE_ID IN (SELECT STEEL_GRADE FROM tqmtscb09_dr WHERE GRADE_SERIES='含钼') THEN (RECEIVE_WEIGHT + CUT_SCRAP_WT)*NVL(CASE WHEN ELM_008 = -1 THEN 0 ELSE ELM_008 END, 0) ELSE 0 END) AS AT_MO,
p_mmsm_17660/mmsmsdlday_inq.cpp	109	DECODE(SUM(IN_CR), 0, 0, ROUND(SUM(AT_CR)*100/SUM(IN_CR), 2)) AS CR_RATIO,
p_mmsm_17660/mmsmsdlday_inq.cpp	110	DECODE(SUM(IN_NI), 0, 0, ROUND(SUM(AT_NI)*100/SUM(IN_NI), 2)) AS NI_RATIO,
p_mmsm_17660/mmsmsdlday_inq.cpp	111	DECODE(SUM(IN_MO), 0, 0, ROUND(SUM(AT_MO)*100/SUM(IN_MO), 2)) AS MO_RATIO,
p_mmsm_17660/mmsmsdlday_inq.cpp	112	DECODE(SUM(RECEIVE_WEIGHT + CUT_SCRAP_WT), 0, 0, ROUND(SUM(METAL_CONS * 1000) / SUM(RECEIVE_WEIGHT + CUT_SCRAP_WT), 0)) AS ALLAY_CON
p_mmsm_17660/mmsmsdlday_inq.cpp	130	ROUND(NVL(t2.IN_CR, 0)/100, 3) AS IN_CR, -- 投入纯铬
p_mmsm_17660/mmsmsdlday_inq.cpp	131	ROUND(NVL(t2.IN_NI, 0)/100, 3) AS IN_NI, -- 投入纯镍
p_mmsm_17660/mmsmsdlday_inq.cpp	132	ROUND(NVL(t2.IN_MO, 0)/100, 3) AS IN_MO, -- 投入纯钼
p_mmsm_17660/mmsmsdlday_inq.cpp	133	ROUND(NVL(t3.AT_CR, 0)/100, 3) AS AT_CR, -- 产出铬
p_mmsm_17660/mmsmsdlday_inq.cpp	134	ROUND(NVL(t3.AT_NI, 0)/100, 3) AS AT_NI, -- 产出镍
p_mmsm_17660/mmsmsdlday_inq.cpp	135	ROUND(NVL(t3.AT_MO, 0)/100, 3) AS AT_MO, -- 产出钼
p_mmsm_17660/mmsmsdlday_inq.cpp	136	NVL(CASE WHEN t3.ELM_006 = -1 THEN 0 ELSE t3.ELM_006 END, 0) AS CR_CP, -- 成品铬成分
p_mmsm_17660/mmsmsdlday_inq.cpp	137	NVL(CASE WHEN t3.ELM_007 = -1 THEN 0 ELSE t3.ELM_007 END, 0) AS NI_CP, -- 成品镍成分
p_mmsm_17660/mmsmsdlday_inq.cpp	138	NVL(CASE WHEN t3.ELM_008 = -1 THEN 0 ELSE t3.ELM_008 END, 0) AS MO_CP, -- 成品钼成分
p_mmsm_17660/mmsmsdlday_inq.cpp	139	DECODE(NVL(t2.IN_CR, 0), 0, 0, ROUND(NVL(t3.AT_CR, 0)*100/NVL(t2.IN_CR, 0), 2)) AS CR_RATIO, -- 铬收得率
p_mmsm_17660/mmsmsdlday_inq.cpp	140	DECODE(NVL(t2.IN_NI, 0), 0, 0, ROUND(NVL(t3.AT_NI, 0)*100/NVL(t2.IN_NI, 0), 2)) AS NI_RATIO, -- 镍收得率
p_mmsm_17660/mmsmsdlday_inq.cpp	141	DECODE(NVL(t2.IN_MO, 0), 0, 0, ROUND(NVL(t3.AT_MO, 0)*100/NVL(t2.IN_MO, 0), 2)) AS MO_RATIO, -- 钼收得率
p_mmsm_17660/mmsmsdlday_inq.cpp	142	DECODE(NVL(t1.RECEIVE_WEIGHT + t1.CUT_SCRAP_WT, 0), 0, 0, ROUND(NVL(t2.METAL_CONS, 0) * 1000 / (t1.RECEIVE_WEIGHT + t1.CUT_SCRAP_WT), 0)) AS ALLAY_CON, -- 金属料消耗
p_mmsm_17660/mmsmsdlday_inq.cpp	203	SUM((RECEIVE_WEIGHT + CUT_SCRAP_WT)*NVL(CASE WHEN ELM_006 = -1 THEN 0 ELSE ELM_006 END, 0)) AS AT_CR,
p_mmsm_17660/mmsmsdlday_inq.cpp	204	SUM(CASE WHEN GRADE_ID IN (SELECT st_no FROM tqmts0x t WHERE t.elm_std_idx_a IN (SELECT IDX_NO FROM tqmts02 WHERE SPE_MIN>0 AND elm_code='007')) THEN (RECEIVE_WEIGHT + CUT_SCRAP_WT)*NVL(CASE WHEN ELM_007 = -1 THEN 0 ELSE ELM_007 END, 0) ELS
p_mmsm_17660/mmsmsdlday_inq.cpp	205	SUM(CASE WHEN t.GRADE_ID IN (SELECT STEEL_GRADE FROM tqmtscb09_dr WHERE GRADE_SERIES='含钼') THEN (RECEIVE_WEIGHT + CUT_SCRAP_WT)*NVL(CASE WHEN ELM_008 = -1 THEN 0 ELSE ELM_008 END, 0) ELSE 0 END) AS AT_MO,
p_mmsm_17660/mmsmshdc_inq.cpp	313	FROM(SELECT NVL(TM_XC.RECV_MAT_TIME,' ') REC_CREATE_TIME, T.SLAB_CUT_TIME, T.PROD_SHIFT_GROUP, T.HEAT_NO, T.BATCH, ' ' WL_CODE, ' ' WL_DESCRIPTION, T.ST_NO, T.MAT_ACT_LEN, T.MAT_ACT_WIDTH, T.MAT_ACT_THICK, T.RECEIVE_WEIGHT, T.GUIDE_DEST, T.
p_mmsm_17660/mmsmshdc_inq.cpp	314	DECODE(T.RECEIVE_WEIGHT, 0, 'N', 'Y') RECEIVE_STATUS, T.RECV_MAT_TIME, DECODE(T.RECEIVE_WEIGHT, 0, 'N', 'S') SPECIFIC_SEND, DECODE(T.C_STATESIGN, '3', 'S', '1', 'W', 'N') C_STATESIGN, T.USAGE_DECISION, tm34.MEND_SHIFT as PROD_GROUP_TMMSM34,
p_mmsm_17660/mmsmshdc_inq.cpp	325	case when length2(SLAB_NO) >= 20 then to_number(decode(substr(T.slab_no, length(T.slab_no) - 2, 3), ' ', 0, substr(T.slab_no, length(T.slab_no) - 2, 3))) end CAST_DIV_NO,\
p_mmsm_17660/mmsmshdc_inq.cpp	334	decode(tm34.MEND_BEFORE_UPPER_TEMP, 0, tm34.MEND_AFTER_UPPER_TEMP, tm34.MEND_BEFORE_UPPER_TEMP) MEND_BEFORE_TEMP,\
p_mmsm_17660/mmsmshdc_inq.cpp	335	decode(tm34.MEND_BEFORE_BOTTOM_TEMP, 0, tm34.MEND_AFTER_BOTTOM_TEMP, MEND_BEFORE_BOTTOM_TEMP) MEND_AFTER_TEMP,\
p_mmsm_17660/mmsmshdc_inq.cpp	336	t.TRUCK_NO as CHEHAO, T.STOCK_PLACE_NO, T.STOCK_L2 BP_TOCK_L2, TM34.REC_REVISE_TIME REC_REVISE_TIME, ' ' ORDER_NO_DD,DECODE(SUBSTR(T.ST_NO, 0, 1), 1, '不锈钢', '碳钢') ST_NO_TYPE_1,\
p_mmsm_17660/mmsmshdc_inq.cpp	340	T.C_DELIVERY_STOCK, DECODE(T.LOGISTICS_STATUS, '2', 'W', '3', 'Y', 'N') LOGISTICS_STATUS,\
p_mmsm_17660/mmsmshdc_inq.cpp	341	DECODE(T.LGORT, '6242', '成品库', '6246', '修磨库') VALUE_TYPE, T.PRODUCT_FLAG, T.C_DIV, T.SLAB_STORAGE_TYPE, T.MAT_ID,\
p_mmsm_17660/mmsmshdc_inq.cpp	342	CASE WHEN t2.MAT_NO IS NULL THEN '0' ELSE '1' END need_mend, nvl(t2.OFFLINE_FLAG, ' ') OFFLINE_FLAG,nvl(t2.MEND_CAUSE, ' ') MEND_CAUSE,nvl(t2.OFFLINE_REASON, ' ') OFFLINE_REASON,\
p_mmsm_17660/mmsmysph_inq.cpp	126	" NVL((SELECT BATCH FROM TMMSM33 WHERE MAT_NO = T.MAT_NO), ' ') INITIAL_BATCH, PRINT_NO, "
p_mmsm_17660/mmsmysph_inq.cpp	139	" NVL((SELECT BATCH FROM TMMSM33 WHERE MAT_NO = T.MAT_NO), ' ') INITIAL_BATCH, PRINT_NO, "
p_mmsm_17660/mmsmysph_inq.cpp	152	" NVL((SELECT BATCH FROM TMMSM33 WHERE MAT_NO = T.MAT_NO), ' ') INITIAL_BATCH, PRINT_NO, '1' AS BIDUI, SLAB_NO, MAT_ACT_LEN, MAT_ACT_WIDTH, MAT_ACT_THICK "
p_mmsm_17660/wmsmshlc_inq.cpp	57	FROM(SELECT * FROM TWMSMSHLC S WHERE S.TAG_IN_TIME > TO_CHAR(SYSDATE - 6, 'YYYYMMDDHHMISS') and SUBSTR(TAG_NAME, 11,2)='Bi' order by TAG_IN_TIME) T\
p_mmsm_17660/wmsmshlcs_inq.cpp	49	ROUND(NVL(l.stock_rate, 0) * 100 / t.full_capacity) AS stock_rate_ratio,\
p_mmsm_17660/wmsmshlcs_inq.cpp	51	ROUND((1 - NVL(l.stock_rate, 0) / t.full_capacity) * 100) AS remaining_ratio\
p_mmsm_17660/wmsmshlcs_inq.cpp	79	WHERE S.TAG_IN_TIME > TO_CHAR(SYSDATE - 3, 'YYYYMMDDHHMISS')\
p_mmsm_17670/mmsmcr00_inq.cpp	115	" ,nvl(mat_act_wt, 0) hgcl"
p_mmsm_17670/mmsmcr00_inq.cpp	116	" ,round(nvl(cr*mat_act_wt, 0), 3) at_cr"
p_mmsm_17670/mmsmcr00_inq.cpp	117	", round(nvl((case when zxh.st_no in (select st_no from tmmsmw8 where suggest_ni = '1'  )  then 0 else ni end)*mat_act_wt, 0), 3) at_ni"
p_mmsm_17670/mmsmcr00_inq.cpp	118	", round(nvl((case when zxh.st_no in (select st_no from tmmsmw8 where suggest_mo = '1'  )  then 0 else mo end)*mat_act_wt, 0), 3) at_mo"
p_mmsm_17670/mmsmcr00_inq.cpp	120	" ,round(nvl(case when mat_act_wt*cr = 0 or zxh.cr_value = 0 then 0 else(mat_act_wt*cr)/(zxh.cr_value)   end, 0), 5) * 100 cr "
p_mmsm_17670/mmsmcr00_inq.cpp	121	" ,round(nvl(case when mat_act_wt*ni = 0 or zxh.ni_value = 0 or  zxh.st_no in (select st_no from tmmsmw8 where suggest_ni = '1'  ) then 0 else (mat_act_wt*ni)/(zxh.ni_value)  end, 0), 5) * 100 ni "
p_mmsm_17670/mmsmcr00_inq.cpp	122	" ,round(nvl(case when mat_act_wt*mo = 0 or zxh.mo_value = 0 or  zxh.st_no in (select st_no from tmmsmw8 where suggest_mo = '1'  ) then 0 else (mat_act_wt*mo)/(zxh.mo_value)  end, 0), 5) * 100 mo "
p_mmsm_17670/mmsmcr00_inq.cpp	142	"	select  heat_no, max(nvl(case when elm_006 = -1 then 0 else elm_006 end,0)) cr, max(nvl(case when elm_007 = -1 then 0 else elm_007 end,0)) ni,max(nvl(case when elm_008 = -1 then 0 else elm_008 end,0)) mo "
p_mmsm_17670/mmsmcr00_inq.cpp	150	" ,nvl(mat_act_wt, 0) hgcl"
p_mmsm_17670/mmsmcr00_inq.cpp	151	" ,round(nvl(cr*mat_act_wt, 0), 3) at_cr"
p_mmsm_17670/mmsmcr00_inq.cpp	152	", round(nvl((case when zxh.st_no in (select st_no from tmmsmw8 where suggest_ni = '1'  )  then 0 else ni end)*mat_act_wt, 0), 3) at_ni"
p_mmsm_17670/mmsmcr00_inq.cpp	153	", round(nvl((case when zxh.st_no in (select st_no from tmmsmw8 where suggest_mo = '1'  )  then 0 else mo end)*mat_act_wt, 0), 3) at_mo"
p_mmsm_17670/mmsmcr00_inq.cpp	155	" ,round(nvl(case when mat_act_wt*cr = 0 or zxh.cr_value = 0 then 0 else(mat_act_wt*cr)/(zxh.cr_value)   end, 0), 5) * 100 cr "
p_mmsm_17670/mmsmcr00_inq.cpp	156	" ,round(nvl(case when mat_act_wt*ni = 0 or zxh.ni_value = 0 or  zxh.st_no in (select st_no from tmmsmw8 where suggest_ni = '1'  ) then 0 else (mat_act_wt*ni)/(zxh.ni_value)  end, 0), 5) * 100 ni "
p_mmsm_17670/mmsmcr00_inq.cpp	157	" ,round(nvl(case when mat_act_wt*mo = 0 or zxh.mo_value = 0 or  zxh.st_no in (select st_no from tmmsmw8 where suggest_mo = '1'  ) then 0 else (mat_act_wt*mo)/(zxh.mo_value)  end, 0), 5) * 100 mo "
p_mmsm_17670/mmsmcr00_inq.cpp	177	" select heat_no, max(nvl(case when elm_006 = -1 then 0 else elm_006 end, 0)) cr, max(nvl(case when elm_007 = -1 then 0 else elm_007 end, 0)) ni, max(nvl(case when elm_008 = -1 then 0 else elm_008 end, 0)) mo  "
p_mmsm_17670/mmsmcr00_inq.cpp	212	" (select BB.heat_no,BB.st_no,PROD_OUT_WT,NVL(mat_act_wt,0) mat_act_wt,NI_VALUE,CR_VALUE,MO_VALUE,DEVO_WT,NVL(HY_CR,0) HY_CR,NVL(HY_NI,0) HY_NI,NVL(HY_MO,0) HY_MO,nvl(Cr,0) Cr,nvl(Ni,0) Ni,nvl(MO,0) MO"
p_mmsm_17670/mmsmcr00_inq.cpp	232	"   SELECT HEAT_NO, max(NVL(CASE WHEN ELM_006 = -1 THEN 0 ELSE ELM_006 END, 0)) HY_CR, max(NVL(CASE WHEN ELM_007 = -1 THEN 0 ELSE ELM_007 END, 0)) HY_NI, max(NVL(CASE WHEN ELM_008 = -1 THEN 0 ELSE ELM_008 END, 0)) HY_MO"
p_mmsm_17670/mmsmcr00_inq.cpp	240	"	SELECT  HEAT_NO, max(NVL(CASE WHEN ELM_006 = -1 THEN 0 ELSE ELM_006 END,0)) Cr, max(NVL(CASE WHEN ELM_007 = -1 THEN 0 ELSE ELM_007 END,0)) Ni,max(NVL(CASE WHEN ELM_008 = -1 THEN 0 ELSE ELM_008 END,0)) MO "
p_mmsm_17670/mmsmcr00_inq.cpp	259	sqlstr = " SELECT  ROUND(SUM(NET_WT*NVL(CR,0))/1000,3) AS SUM_CR,ROUND(SUM(NET_WT*NVL(NI,0))/1000,3) AS SUM_NI,ROUND(SUM(NET_WT*NVL(MO,0))/1000,3) AS SUM_MO"
p_mmsm_17670/mmsmcr00_inq.cpp	294	" ,round(sum(nvl(mat_act_wt,0)*nvl(Cr,0)),3) AT_CR"
p_mmsm_17670/mmsmcr00_inq.cpp	295	",round(sum(nvl(mat_act_wt,0)*nvl((case when zxh.st_no in (select st_no from tmmsmw8 where suggest_ni = '1'  )  then 0 else ni end),0)),3) AT_ni"
p_mmsm_17670/mmsmcr00_inq.cpp	296	",round(sum(nvl(mat_act_wt,0)*nvl((case when zxh.st_no in (select st_no from tmmsmw8 where suggest_mo = '1'  )  then 0 else mo end),0)),3) AT_mo"
p_mmsm_17670/mmsmcr00_inq.cpp	297	",CASE WHEN  sum(cr_value) =0  THEN 0 ELSE round((sum(nvl(mat_act_wt,0)*nvl(Cr,0))+@sum_cr)*100/sum(cr_value) , 3) END  cr  "
p_mmsm_17670/mmsmcr00_inq.cpp	298	",CASE WHEN  sum(ni_value) =0  THEN 0 ELSE round((sum(nvl(mat_act_wt,0)*nvl((case when zxh.st_no in (select st_no from tmmsmw8 where suggest_ni = '1'  )  then 0 else ni end),0))+@sum_ni)*100/sum(ni_value) , 3) END  ni  "
p_mmsm_17670/mmsmcr00_inq.cpp	299	",CASE WHEN  sum(mo_value) =0  THEN 0 ELSE round((sum(nvl(mat_act_wt,0)*nvl((case when zxh.st_no in (select st_no from tmmsmw8 where suggest_ni = '1'  )  then 0 else mo end),0))+@sum_mo)*100/sum(mo_value) ,3) END  mo  "
p_mmsm_17670/mmsmcr00_inq.cpp	300	",@sum_cr AS sum_cr,@sum_ni AS sum_ni,@sum_mo AS sum_mo,sum(nvl(mat_act_wt,0)) mat_act_wt"
p_mmsm_17670/mmsmcr00_inq.cpp	319	"	(SELECT HEAT_NO ,max(NVL(CASE WHEN ELM_006 = -1 THEN 0 ELSE ELM_006 END,0)) Cr, max(NVL(CASE WHEN ELM_007 = -1 THEN 0 ELSE ELM_007 END,0)) Ni, max(NVL(CASE WHEN ELM_008 = -1 THEN 0 ELSE ELM_008 END,0)) MO  "
p_mmsm_17670/mmsmcr00_inq.cpp	326	" ,round(sum(nvl(mat_act_wt,0)*nvl(Cr,0)),3) AT_CR"
p_mmsm_17670/mmsmcr00_inq.cpp	327	",round(sum(nvl(mat_act_wt,0)*nvl((case when zxh.st_no in (select st_no from tmmsmw8 where suggest_ni = '1'  )  then 0 else ni end),0)),3) AT_ni"
p_mmsm_17670/mmsmcr00_inq.cpp	328	",round(sum(nvl(mat_act_wt,0)*nvl((case when zxh.st_no in (select st_no from tmmsmw8 where suggest_mo = '1'  )  then 0 else mo end),0)),3) AT_mo"
p_mmsm_17670/mmsmcr00_inq.cpp	329	",CASE WHEN  sum(cr_value) =0  THEN 0 ELSE round((sum(nvl(mat_act_wt,0)*nvl(Cr,0))+@sum_cr)*100/sum(cr_value) , 3) END  cr  "
p_mmsm_17670/mmsmcr00_inq.cpp	330	",CASE WHEN  sum(ni_value) =0  THEN 0 ELSE round((sum(nvl(mat_act_wt,0)*nvl((case when zxh.st_no in (select st_no from tmmsmw8 where suggest_ni = '1'  )  then 0 else ni end),0))+@sum_ni)*100/sum(ni_value) , 3) END  ni  "
p_mmsm_17670/mmsmcr00_inq.cpp	331	",CASE WHEN  sum(mo_value) =0  THEN 0 ELSE round((sum(nvl(mat_act_wt,0)*nvl((case when zxh.st_no in (select st_no from tmmsmw8 where suggest_ni = '1'  )  then 0 else mo end),0))+@sum_mo)*100/sum(mo_value) ,3) END  mo  "
p_mmsm_17670/mmsmcr00_inq.cpp	332	",@sum_cr AS sum_cr,@sum_ni AS sum_ni,@sum_mo AS sum_mo,sum(nvl(mat_act_wt,0)) mat_act_wt"
p_mmsm_17670/mmsmcr00_inq.cpp	351	"	(SELECT HEAT_NO ,max(NVL(CASE WHEN ELM_006 = -1 THEN 0 ELSE ELM_006 END,0)) Cr, max(NVL(CASE WHEN ELM_007 = -1 THEN 0 ELSE ELM_007 END,0)) Ni, max(NVL(CASE WHEN ELM_008 = -1 THEN 0 ELSE ELM_008 END,0)) MO  "
p_mmsm_17670/mmsmcr00_inq.cpp	394	sqlstr = " SELECT  ROUND(SUM(NET_WT*NVL(CR,0))/1000,3) AS SUM_CR,ROUND(SUM(NET_WT*NVL(NI,0))/1000,3) AS SUM_NI,ROUND(SUM(NET_WT*NVL(MO,0))/1000,3) AS SUM_MO"
p_mmsm_17670/mmsmcr00_inq.cpp	438	",A.MAT_CODE,C.MAT_NAME ,max(NVL(CR,0)) CR	 ,max(NVL(NI,0)) NI,max(NVL(MO,0)) MO,SUM(NET_WT) DEVO_WT"
p_mmsm_17670/mmsmcr00_inq.cpp	439	",ROUND(SUM(NET_WT*NVL(CR,0))/1000,3) AS SUM_CR_1,ROUND(SUM(NET_WT*NVL(NI,0))/1000,3) AS SUM_NI_1,ROUND(SUM(NET_WT*NVL(MO,0))/1000,3) AS SUM_MO_1"
p_mmsm_17670/mmsmcr00_inq.cpp	488	" ,ROUND(DECODE(SUM(DEVO_WT),0,0,SUM(DEVO_WT*NI_VALUE)/SUM(DEVO_WT)),4) AS NI"
p_mmsm_17670/mmsmcr00_inq.cpp	489	", ROUND(DECODE(SUM(DEVO_WT),0,0,SUM(DEVO_WT*CR_VALUE)/SUM(DEVO_WT)),4) AS CR "
p_mmsm_17670/mmsmcr00_inq.cpp	490	", ROUND(DECODE(SUM(DEVO_WT),0,0,SUM(DEVO_WT*MO_VALUE)/SUM(DEVO_WT)),4) AS MO "
p_mmsm_17670/mmsmcr00_inq.cpp	541	" ROUND(nvl(CASE WHEN SUM(DEVO_WT) = 0 OR SUM(ZXH.PROD_OUT_WT) = 0 THEN 0 ELSE SUM(DEVO_WT) / SUM(ZXH.PROD_OUT_WT) END, 0), 5) * 100 XHL "
p_mmsm_17670/mmsmcr00_inq.cpp	573	" ROUND(nvl(CASE WHEN SUM(DEVO_WT) = 0 OR SUM(ZXH.PROD_OUT_WT) = 0 THEN 0 ELSE SUM(DEVO_WT) / SUM(ZXH.PROD_OUT_WT) END, 0), 5) * 100 XHL "
p_mmsm_17670/mmsmcr00_inq.cpp	607	" ,ROUND(nvl(CASE WHEN SUM(DEVO_WT) = 0 OR SUM(PROD_OUT_WT) = 0 THEN 0 ELSE SUM(DEVO_WT) / SUM(PROD_OUT_WT) END, 0), 5) * 100 XHL "
p_mmsm_17670/mmsmcr00_inq.cpp	630	" ,CASE WHEN PROD_OUT_WT = 0 OR NVL(MAT_ACT_WT,0) = 0 THEN 0 ELSE ROUND(nvl(MAT_ACT_WT,0)*100/PROD_OUT_WT,3) END XHL "
p_mmsm_17670/mmsmcr00_inq.cpp	660	" ,ROUND(nvl(CASE WHEN SUM(DEVO_WT) = 0 OR SUM(PROD_OUT_WT) = 0 THEN 0 ELSE SUM(DEVO_WT) / SUM(PROD_OUT_WT) END, 0), 5) * 100 XHL "
p_mmsm_17670/mmsmcr00_inq.cpp	720	" ROUND(nvl(CASE WHEN SUM(DEVO_WT) = 0 OR SUM(ZXH.PROD_OUT_WT) = 0 THEN 0 ELSE SUM(DEVO_WT) / SUM(ZXH.PROD_OUT_WT) END, 0), 5) * 100 XHL "
p_mmsm_17670/mmsmcr00_inq.cpp	751	"  NVL(MAT_ACT_WT, 0) HGCL, ZXH.ST_NO, ZXH.ST_NO_DESC ST_NO_MS, ZXH.ST_NO_SMALL_CLASS ST_NO_LB, ZXH.ST_NO_BIG_CLASS ST_NO_DL, "
p_mmsm_17670/mmsmcr00_inq.cpp	752	" ROUND(NVL(CR*MAT_ACT_WT, 0), 3) AT_CR, ROUND(NVL(Ni*MAT_ACT_WT, 0), 3) AT_NI, ROUND(ZXH.NI_VALUE, 3) DAVO_NI,  "
p_mmsm_17670/mmsmcr00_inq.cpp	754	"  CASE WHEN ZXH.ST_NO = (SELECT ST_NO FROM TMMSMW8 WHERE ST_NO =ZXH.ST_NO  ) THEN 0 ELSE ROUND(nvl(CASE WHEN MAT_ACT_WT*Ni = 0 OR ZXH.NI_VALUE = 0  "
p_mmsm_17670/mmsmcr00_inq.cpp	756	"  ROUND(nvl(CASE WHEN MAT_ACT_WT*CR = 0 OR ZXH.CR_VALUE = 0 THEN 0 ELSE(ZXH.CR_VALUE) / (MAT_ACT_WT*CR) END, 0), 5) * 100 CR  "
p_mmsm_17670/mmsmcr00_inq.cpp	760	"  SUM(CR_VALUE*DEVO_WT) CR_VALUE, SUM(DEVO_WT) DEVO_WT, NVL(MAX(B0.Ni), 0) Ni, NVL(MAX(B0.CR), 0) CR, MAX(MAT_ACT_WT) MAT_ACT_WT FROM   "
p_mmsm_17670/mmsmcr00_inq.cpp	763	"  LEFT JOIN (SELECT NVL(CASE WHEN ELM_006 = -1 THEN 0 ELSE ELM_006 END,0) Cr,   "
p_mmsm_17670/mmsmcr00_inq.cpp	764	"  NVL(CASE WHEN ELM_007 = -1 THEN 0 ELSE ELM_007 END,0) Ni,HEAT_NO  FROM TQMTSB0 ) B0 ON ZXH.HEAT_NO = B0.HEAT_NO   "
p_mmsm_17670/mmsmcr00_inq.cpp	782	" ,ROUND(nvl(CASE WHEN DEVO_WT = 0 OR MAT_ACT_WT = 0 THEN 0 ELSE DEVO_WT / MAT_ACT_WT END, 0), 5) * 100 XHL "
p_mmsm_17670/mmsmcr03_inq.cpp	103	" ROUND(SUM(NET_WT)/1000,3) AS DEVO_WT,NVL(MAX(CR),0) AS CR, NVL(MAX(NI),0) AS NI,ROUND(SUM(NET_WT)/1000,3)*NVL(MAX(CR),0) AS SUM_CR,ROUND(SUM(NET_WT)/1000,3)*NVL(MAX(NI),0) AS SUM_NI"
p_mmsm_17670/mmsmcr03_inq.cpp	141	"ROUND(nvl(CASE WHEN  DAVO_CR =0  THEN 0 ELSE(AT_CR+TO_NUMBER(" + SUM_CR.ToString() + ")) / (DAVO_CR) END, 0), 5) * 100 CR, ('1-成品成分')  CF_LY,"
p_mmsm_17670/mmsmcr03_inq.cpp	142	"ROUND(nvl(CASE WHEN  DAVO_NI =0  THEN 0 ELSE(AT_NI+TO_NUMBER(" + SUM_NI.ToString() + ")) / (DAVO_NI) END, 0), 5) * 100 NI  "
p_mmsm_17670/mmsmcr03_inq.cpp	149	"	ZXH.ORIGIN_SYS_CODE DEV_CODE, 	NVL(MAT_ACT_WT, 0) HGCL, ZXH.ST_NO, ZXH.ST_NO_DESC ST_NO_MS,  "
p_mmsm_17670/mmsmcr03_inq.cpp	151	"	ROUND(NVL(CR*MAT_ACT_WT, 0), 3) AT_CR, ROUND(NVL(Ni*MAT_ACT_WT, 0), 3) AT_NI, ROUND(ZXH.NI_VALUE, 3) DAVO_NI, "
p_mmsm_17670/mmsmcr03_inq.cpp	154	"	ROUND(nvl(CASE WHEN MAT_ACT_WT*Ni = 0 OR ZXH.NI_VALUE = 0  "
p_mmsm_17670/mmsmcr03_inq.cpp	156	"	ROUND(nvl(CASE WHEN MAT_ACT_WT*CR = 0 OR ZXH.CR_VALUE = 0 THEN 0  "
p_mmsm_17670/mmsmcr03_inq.cpp	162	"   SUM(CR_VALUE*DEVO_WT) CR_VALUE, SUM(DEVO_WT) DEVO_WT, NVL(MAX(B0.Ni), 0) Ni, NVL(MAX(B0.CR), 0) CR,   "
p_mmsm_17670/mmsmcr03_inq.cpp	173	"	(SELECT NVL(CASE WHEN ELM_006 = -1 THEN 0 ELSE ELM_006 END,0) Cr, NVL(CASE WHEN ELM_007 = -1 THEN 0 ELSE ELM_007 END,0) Ni,  "
p_mmsm_17670/mmsmcr05_inq.cpp	52	" ROUND(SUM(NET_WT)/1000,3) AS DEVO_WT,NVL(MAX(CR),0) AS CR, NVL(MAX(NI),0) AS NI,ROUND(SUM(NET_WT)/1000,3)*NVL(MAX(CR),0) AS SUM_CR,ROUND(SUM(NET_WT)/1000,3)*NVL(MAX(NI),0) AS SUM_NI"
p_mmsm_17670/mmsmcr05_inq.cpp	91	" ROUND(SUM(NET_WT)/1000,3) AS DEVO_WT,NVL(MAX(CR),0) AS CR, NVL(MAX(NI),0) AS NI,TO_NUMBER(" + SUM_CR.ToString() + ") AS  SUM_CR,TO_NUMBER(" + SUM_NI.ToString() + ") AS  SUM_NI, "
p_mmsm_17670/mmsmcr05_inq.cpp	92	" ROUND(SUM(NET_WT) / 1000, 3)*NVL(MAX(CR), 0) AS SUM_CR_1, ROUND(SUM(NET_WT) / 1000, 3)*NVL(MAX(NI), 0) AS SUM_NI_1 "
p_mmsm_17670/mmsmcr07_inq.cpp	95	" ROUND(DECODE(SUM(DEVO_WT),0,0,SUM(DEVO_WT*NI_VALUE)/SUM(DEVO_WT)),4) AS NI, ROUND(DECODE(SUM(DEVO_WT),0,0,SUM(DEVO_WT*CR_VALUE)/SUM(DEVO_WT)),4) AS CR "
p_mmsm_17670/mmsmcr09_inq.cpp	56	" ,ROUND(nvl(CASE WHEN nvl(DENOMINATOR,0) = 0 OR MOLECULE = 0 THEN 0 ELSE MOLECULE / DENOMINATOR END, 0), 4) * 1000 GTL "
p_mmsm_17670/mmsmcr10_inq.cpp	72	" ROUND(nvl(CASE WHEN SUM(DEVO_WT) = 0 OR SUM(ZXH.PROD_OUT_WT) = 0 THEN 0 ELSE SUM(DEVO_WT) / SUM(ZXH.PROD_OUT_WT) END, 0), 5) * 1000 XHL "
p_mmsm_17670/mmsmcr11_inq.cpp	73	" ROUND(nvl(CASE WHEN SUM(DEVO_WT) = 0 OR SUM(A.MAT_ACT_WT) = 0 THEN 0 ELSE SUM(DEVO_WT) / SUM(A.MAT_ACT_WT) END, 0), 5) * 1000 XHL   "
p_mmsm_17670/mmsmcr12_inq.cpp	75	"  (ROUND(nvl(CASE WHEN MAX(PROD_OUT_WT) = 0 OR SUM(DEVO_WT) = 0 THEN 0 ELSE(SUM(DEVO_WT)) / (MAX(PROD_OUT_WT)) END, 0), 5)) XHL   "
p_mmsm_17670/mmsmcr13_inq.cpp	74	"ROUND(nvl(CASE WHEN MAX(T.LADLE_ARRIVE_WT-T.LADLE_LEAVE_WT) = 0 OR MAX(A.MAT_ACT_WT) = 0 THEN 0 ELSE MAX(A.MAT_ACT_WT) / MAX(T.LADLE_ARRIVE_WT-T.LADLE_LEAVE_WT) END, 0), 5) * 100 XHL   "
p_mmsm_17670/mmsmcr14_inq.cpp	75	"  (ROUND(nvl(CASE WHEN MAX(PROD_OUT_WT) = 0 OR SUM(DEVO_WT) = 0 THEN 0 ELSE(SUM(DEVO_WT)) / (MAX(PROD_OUT_WT)) END, 0), 5)) XHL    "
p_mmsm_17670/mmsmcr15_inq.cpp	73	"  ROUND(SUM(NET_WT)/1000,3) AS DEVO_WT,NVL(MAX(CR),0) AS CR, NVL(MAX(NI),0) AS NI,ROUND(SUM(NET_WT)/1000,3)*NVL(MAX(CR),0) AS SUM_CR,ROUND(SUM(NET_WT)/1000,3)*NVL(MAX(NI),0) AS SUM_NI   "
p_mmsm_17670/mmsmcr16_inq.cpp	72	" ROUND(nvl(CASE WHEN SUM(DEVO_WT) = 0 OR SUM(ZXH.PROD_OUT_WT) = 0 THEN 0 ELSE SUM(DEVO_WT) / SUM(ZXH.PROD_OUT_WT) END, 0), 5) * 1000 XHL "
p_mmsm_17670/mmsmcr17_inq.cpp	72	"  NVL(MAT_ACT_WT, 0) HGCL, ZXH.ST_NO, ZXH.ST_NO_DESC ST_NO_MS, ZXH.ST_NO_SMALL_CLASS ST_NO_LB, ZXH.ST_NO_BIG_CLASS ST_NO_DL, "
p_mmsm_17670/mmsmcr17_inq.cpp	73	" ROUND(NVL(CR*MAT_ACT_WT, 0), 3) AT_CR, ROUND(NVL(Ni*MAT_ACT_WT, 0), 3) AT_NI, ROUND(ZXH.NI_VALUE, 3) DAVO_NI,  "
p_mmsm_17670/mmsmcr17_inq.cpp	75	"  CASE WHEN ZXH.ST_NO = (SELECT ST_NO FROM TMMSMW8 WHERE ST_NO =ZXH.ST_NO  ) THEN 0 ELSE ROUND(nvl(CASE WHEN MAT_ACT_WT*Ni = 0 OR ZXH.NI_VALUE = 0  "
p_mmsm_17670/mmsmcr17_inq.cpp	77	"  ROUND(nvl(CASE WHEN MAT_ACT_WT*CR = 0 OR ZXH.CR_VALUE = 0 THEN 0 ELSE(ZXH.CR_VALUE) / (MAT_ACT_WT*CR) END, 0), 5) * 100 CR  "
p_mmsm_17670/mmsmcr17_inq.cpp	81	"  SUM(CR_VALUE*DEVO_WT) CR_VALUE, SUM(DEVO_WT) DEVO_WT, NVL(MAX(B0.Ni), 0) Ni, NVL(MAX(B0.CR), 0) CR, MAX(MAT_ACT_WT) MAT_ACT_WT FROM   "
p_mmsm_17670/mmsmcr17_inq.cpp	84	"  LEFT JOIN (SELECT NVL(CASE WHEN ELM_006 = -1 THEN 0 ELSE ELM_006 END,0) Cr,   "
p_mmsm_17670/mmsmcr17_inq.cpp	85	"  NVL(CASE WHEN ELM_007 = -1 THEN 0 ELSE ELM_007 END,0) Ni,HEAT_NO  FROM TQMTSB0 ) B0 ON ZXH.HEAT_NO = B0.HEAT_NO   "
p_mmsm_17670/mmsmcr18_inq.cpp	50	" ROUND(nvl(CASE WHEN SUM(DEVO_WT) = 0 OR SUM(A.MAT_ACT_WT) = 0 THEN 0 ELSE SUM(DEVO_WT) / SUM(A.MAT_ACT_WT) END, 0), 5) * 1000 XHL  "
p_mmsm_17670/mmsmheatno1_inq.cpp	68	" nvl((select max(heat_no) from tmmsm21 where heat_no like 'B0%' and end_time<=@end_time),BOF0_E) BOF0_E"
p_mmsm_17670/mmsmheatno1_inq.cpp	69	" nvl((select max(heat_no) from tmmsm21 where heat_no like 'B1%' and end_time<=@end_time),BOF1_E) BOF1_E"
p_mmsm_17670/mmsmheatno1_inq.cpp	70	" nvl((select max(heat_no) from tmmsm21 where heat_no like 'B2%' and end_time<=@end_time),BOF2_E) BOF2_E"
p_mmsm_17670/mmsmheatno1_inq.cpp	71	" nvl((select max(heat_no) from tmmsm21 where heat_no like 'B9%' and end_time<=@end_time),BOF9_E) BOF9_E"
p_mmsm_17670/mmsmheatno1_inq.cpp	72	" nvl((select max(heat_no) from tmmsm27 where heat_no like 'A0%' and end_time<=@end_time),AOD0_E) AOD0_E"
p_mmsm_17670/mmsmheatno1_inq.cpp	73	" nvl((select max(heat_no) from tmmsm27 where heat_no like 'A1%' and end_time<=@end_time),AOD1_E) AOD1_E"
p_mmsm_17670/mmsmheatno1_inq.cpp	74	" nvl((select max(heat_no) from tmmsm27 where heat_no like 'A2%' and end_time<=@end_time),AOD2_E) AOD2_E"
p_mmsm_17670/mmsmheatno1_inq.cpp	75	" nvl((select max(heat_no) from tmmsm27 where heat_no like 'A6%' and end_time<=@end_time),AOD6_E) AOD6_E"
p_mmsm_17670/mmsmheatno_inq.cpp	68	" nvl((select max(heat_no) from tmmsm21 where heat_no like 'B0%' and end_time<=@end_time),BOF0_E) BOF0_E"
p_mmsm_17670/mmsmheatno_inq.cpp	69	" nvl((select max(heat_no) from tmmsm21 where heat_no like 'B1%' and end_time<=@end_time),BOF1_E) BOF1_E"
p_mmsm_17670/mmsmheatno_inq.cpp	70	" nvl((select max(heat_no) from tmmsm21 where heat_no like 'B2%' and end_time<=@end_time),BOF2_E) BOF2_E"
p_mmsm_17670/mmsmheatno_inq.cpp	71	" nvl((select max(heat_no) from tmmsm21 where heat_no like 'B9%' and end_time<=@end_time),BOF9_E) BOF9_E"
p_mmsm_17670/mmsmheatno_inq.cpp	72	" nvl((select max(heat_no) from tmmsm27 where heat_no like 'A0%' and end_time<=@end_time),AOD0_E) AOD0_E"
p_mmsm_17670/mmsmheatno_inq.cpp	73	" nvl((select max(heat_no) from tmmsm27 where heat_no like 'A1%' and end_time<=@end_time),AOD1_E) AOD1_E"
p_mmsm_17670/mmsmheatno_inq.cpp	74	" nvl((select max(heat_no) from tmmsm27 where heat_no like 'A2%' and end_time<=@end_time),AOD2_E) AOD2_E"
p_mmsm_17670/mmsmheatno_inq.cpp	75	" nvl((select max(heat_no) from tmmsm27 where heat_no like 'A6%' and end_time<=@end_time),AOD6_E) AOD6_E"
p_mmsm_17670/mmsmtljl_inq.cpp	99	sqlstr =" SELECT T.*,GREATEST(NVL(C,0),NVL(SI,0), NVL(MN,0),NVL(P,0),NVL(S,0),NVL(CR,0),NVL(NI,0),NVL(TI,0),NVL(AI,0),NVL(MO,0),NVL(CU,0),NVL(V,0),NVL(CO,0),NVL(PB,0),"
p_mmsm_17670/mmsmtljl_inq.cpp	100	" NVL(SIC,0),NVL(SIO2,0),NVL(AL2O3,0),NVL(CAO,0),NVL(CAF2,0),NVL(CA,0),NVL(CR2O3,0),NVL(N,0),NVL(LN,0),NVL(W,0),NVL(NB,0),NVL(B,0),NVL(FE,0),NVL(CE,0),NVL(RE,0)) AS MAX_VALUE "
p_mmsm_17670/mmsmtljl_inq.cpp	104	" DECODE(C.BUNKER_TYPE,'AUTO','汽车库A/B','TRAIN','火车库C/D/VT','TRAINN','火车库新扩VT','SCRAPALLOY','铬库E/F/VA','NICKEL','镍板库N') AS STOCK_ROOM ,"
p_mmsm_17670/mmsmtlmx_inq.cpp	175	",nvl((select sum(CUT_SCRAP_WT) from tmmsmfp t3 where  t3.heat_no=t1.heat_no ),0) CUT_SCRAP_WT"
p_mmsm_17670/mmsmtlmx_inq.cpp	176	", nvl((select sum(mat_act_wt) from hmmsm01 t3 where t3.complex_decide_code = '9' and t3.heat_no = t1.heat_no), 0) AS ALLOY_FG"
p_mmsm_17670/mmsmtlmx_inq.cpp	179	",NVL((SELECT MAT_NAME FROM TMMSM50 T WHERE T.MAT_CODE = A.MAT_CODE ),' ') MAT_NAME "
p_mmsm_17670/mmsmtlmx_inq.cpp	180	" , nvl(E.MAT_TYPE_DESC,' ')  as TYPE_DL  "
p_mmsm_17670/mmsmtlmx_inq.cpp	181	" ,NVL((SELECT MAX(ELM_VALUE)  FROM TMMSM81AL  WHERE   ELM_CODE='18' and QUALITY_BATCH_NO = A.QUALITY_BATCH_NO),0) MAT_C"
p_mmsm_17670/mmsmtlmx_inq.cpp	182	" ,NVL((SELECT MAX(ELM_VALUE)  FROM TMMSM81AL  WHERE   ELM_CODE='144' and QUALITY_BATCH_NO = A.QUALITY_BATCH_NO),0) MAT_SI"
p_mmsm_17670/mmsmtlmx_inq.cpp	183	" ,NVL((SELECT MAX(ELM_VALUE)  FROM TMMSM81AL  WHERE   ELM_CODE='122' and QUALITY_BATCH_NO = A.QUALITY_BATCH_NO),0) MAT_P"
p_mmsm_17670/mmsmtlmx_inq.cpp	184	" ,NVL((SELECT MAX(ELM_VALUE)  FROM TMMSM81AL  WHERE   ELM_CODE='134' and QUALITY_BATCH_NO = A.QUALITY_BATCH_NO),0) MAT_S"
p_mmsm_17670/mmsmtlmx_inq.cpp	185	" ,NVL((SELECT MAX(ELM_VALUE)  FROM TMMSM81AL  WHERE   ELM_CODE='46' and QUALITY_BATCH_NO = A.QUALITY_BATCH_NO),0) MAT_CR"
p_mmsm_17670/mmsmtlmx_inq.cpp	186	" ,NVL((SELECT MAX(ELM_VALUE)  FROM TMMSM81AL  WHERE   ELM_CODE='117' and QUALITY_BATCH_NO = A.QUALITY_BATCH_NO),0) MAT_NI"
p_mmsm_17670/mmsmtlmx_inq.cpp	187	" ,NVL((SELECT MAX(ELM_VALUE)  FROM TMMSM81AL  WHERE   ELM_CODE='103' and QUALITY_BATCH_NO = A.QUALITY_BATCH_NO),0) MAT_MO"
p_mmsm_17670/mmsmtlmx_inq.cpp	188	" ,NVL((SELECT MAX(ELM_VALUE)  FROM TMMSM81AL  WHERE   ELM_CODE='96' and QUALITY_BATCH_NO = A.QUALITY_BATCH_NO),0) MAT_MN "
p_mmsm_17670/mmsmtlmx_inq.cpp	193	"   ,nvl(((SELECT  LISTAGG(DISTINCT DEV_CODE,'') WITHIN GROUP (ORDER BY START_TIME) FROM TMMSMGY06  t2 where  t2.heat_no=F.heat_no)), '') as ROUTELIST  "
p_mmsm_17670/mmsmtlmx_inq.cpp	194	",nvl((select SUM(MAT_ACT_WT) FROM VMMSMCPCL_BB B where B.heat_no = F.heat_no), 0) AS MAT_ACT_WT"
p_mmsm_17670/mmsmtlmx_inq.cpp	195	",nvl((select SUM(RECEIVE_WEIGHT) FROM VMMSMCPCL_BB B where B.heat_no = F.heat_no), 0) AS RAW_WEIGHT"
p_mmsm_17670/mmsmtlmx_inq.cpp	196	",nvl((select MAX(ST_NO_DESC) FROM TQMTS0X C where C.ST_NO = F.ST_NO), ' ') AS ST_NO_DESC"
p_mmsm_17670/mmsmtlmx_inq.cpp	197	", nvl(CASE WHEN H.ELM_001 = -1 THEN 0 ELSE ELM_001 END, 0) C "
p_mmsm_17670/mmsmtlmx_inq.cpp	198	", nvl(CASE WHEN H.ELM_002 = -1 THEN 0 ELSE ELM_002 END, 0) SI "
p_mmsm_17670/mmsmtlmx_inq.cpp	199	", nvl(CASE WHEN H.ELM_003 = -1 THEN 0 ELSE ELM_003 END, 0) MN "
p_mmsm_17670/mmsmtlmx_inq.cpp	200	", nvl(CASE WHEN H.ELM_004 = -1 THEN 0 ELSE ELM_004 END, 0) P  "
p_mmsm_17670/mmsmtlmx_inq.cpp	201	", nvl(CASE WHEN H.ELM_005 = -1 THEN 0 ELSE ELM_005 END, 0) S "
p_mmsm_17670/mmsmtlmx_inq.cpp	202	", nvl(CASE WHEN H.ELM_006 = -1 THEN 0 ELSE ELM_006 END, 0) CR	"
p_mmsm_17670/mmsmtlmx_inq.cpp	203	", nvl(CASE WHEN H.ELM_007 = -1 THEN 0 ELSE ELM_007 END, 0) NI "
p_mmsm_17670/mmsmtlmx_inq.cpp	204	", nvl(CASE WHEN H.ELM_008 = -1 THEN 0 ELSE ELM_008 END, 0) MO "
p_mmsm_17670/mmsmtlmx_inq.cpp	205	", nvl(CASE WHEN H.ELM_009 = -1 THEN 0 ELSE ELM_009 END, 0) CU "
p_mmsm_17670/mmsmtlmx_inq.cpp	206	", nvl(CASE WHEN H.ELM_010 = -1 THEN 0 ELSE ELM_010 END, 0) AI "
p_mmsm_17670/mmsmtlmx_inq.cpp	207	", nvl(CASE WHEN H.ELM_011 = -1 THEN 0 ELSE ELM_011 END, 0) NB "
p_mmsm_17670/mmsmtlmx_inq.cpp	208	", nvl(CASE WHEN H.ELM_012 = -1 THEN 0 ELSE ELM_012 END, 0) V  "
p_mmsm_17670/mmsmtlmx_inq.cpp	209	", nvl(CASE WHEN H.ELM_013 = -1 THEN 0 ELSE ELM_013 END, 0) TI	"
p_mmsm_17670/mmsmtlmx_inq.cpp	210	", nvl(CASE WHEN H.ELM_016 = -1 THEN 0 ELSE ELM_016 END, 0) N	"
p_mmsm_17670/mmsmtlmx_inq.cpp	211	",nvl((SELECT MAX(end_time) end_time FROM(select end_time from tmmsm21 t2 where t2.heat_no = F.heat_no union select end_time from tmmsm27 t2 where  t2.heat_no = F.heat_no)), ' ') TAP_TIME"
p_mmsm_17670/mmsmtlmx_inq.cpp	243	sqlstr += " AND nvl(A.MAT_CODE,' ') =@mat_code";
p_mmsm_17670/mmsmtlmx_inq.cpp	247	sqlstr += " AND nvl(CAST_DIV_NO,' ') =@cast_div_no";
p_mmsm_17670/mmsmtlmx_inq.cpp	376	",nvl((select sum(CUT_SCRAP_WT) from tmmsmfp t3 where  t3.heat_no=t1.heat_no ),0) CUT_SCRAP_WT"
p_mmsm_17670/mmsmtlmx_inq.cpp	377	", nvl((select sum(mat_act_wt) from hmmsm01 t3 where t3.complex_decide_code = '9' and t3.heat_no = t1.heat_no), 0) AS ALLOY_FG"
p_mmsm_17670/mmsmtlmx_inq.cpp	380	",NVL((SELECT MAT_NAME FROM TMMSM50 T WHERE T.MAT_CODE = A.MAT_CODE ),' ') MAT_NAME "
p_mmsm_17670/mmsmtlmx_inq.cpp	381	" , nvl(E.MAT_TYPE_DESC,' ')  as TYPE_DL  "
p_mmsm_17670/mmsmtlmx_inq.cpp	382	" ,NVL((SELECT ELM_VALUE  FROM TMMSM81AL  WHERE  MAT_CODE=A.MAT_CODE  AND ELM_NAME='C' and QUALITY_BATCH_NO = A.QUALITY_BATCH_NO),0) MAT_C"
p_mmsm_17670/mmsmtlmx_inq.cpp	383	" ,NVL((SELECT ELM_VALUE  FROM TMMSM81AL  WHERE  MAT_CODE=A.MAT_CODE  AND ELM_NAME='Si' and QUALITY_BATCH_NO = A.QUALITY_BATCH_NO),0) MAT_SI"
p_mmsm_17670/mmsmtlmx_inq.cpp	384	" ,NVL((SELECT ELM_VALUE  FROM TMMSM81AL  WHERE  MAT_CODE=A.MAT_CODE  AND ELM_NAME='Mn' and QUALITY_BATCH_NO = A.QUALITY_BATCH_NO),0) MAT_MN "
p_mmsm_17670/mmsmtlmx_inq.cpp	385	" ,NVL((SELECT ELM_VALUE  FROM TMMSM81AL  WHERE  MAT_CODE=A.MAT_CODE  AND ELM_NAME='P' and QUALITY_BATCH_NO = A.QUALITY_BATCH_NO),0) MAT_P"
p_mmsm_17670/mmsmtlmx_inq.cpp	386	" ,NVL((SELECT ELM_VALUE  FROM TMMSM81AL  WHERE  MAT_CODE=A.MAT_CODE  AND ELM_NAME='S' and QUALITY_BATCH_NO = A.QUALITY_BATCH_NO),0) MAT_S"
p_mmsm_17670/mmsmtlmx_inq.cpp	387	", case when lot_no in(select lot_no from TMMSMWQ) then round((select max(cr_VALUE) from (SELECT LOT_NO, cr_VALUE, row_number() over (partition by LOT_NO order by REC_CREATE_TIME desc) as rn FROM TMMSMWQ where lot_no = A.lot_no) where rn = 
p_mmsm_17670/mmsmtlmx_inq.cpp	390	" when lot_no in (SELECT lot_no FROM TMMSM81AH t2 WHERE t2.MAT_CODE =A.MAT_CODE AND REMARK_1 = 'F' and t2.lot_no=A.lot_no) then nvl((select ELM_VALUE from (SELECT LOT_NO, ELM_VALUE, row_number() over(partition by LOT_NO order by REC_CREATE_
p_mmsm_17670/mmsmtlmx_inq.cpp	391	"     when QUALITY_BATCH_NO != ' ' then nvl((SELECT ELM_VALUE  FROM TMMSM81AL  WHERE  MAT_CODE = A.MAT_CODE  AND ELM_NAME = 'Cr' and QUALITY_BATCH_NO = A.QUALITY_BATCH_NO), 0)	"
p_mmsm_17670/mmsmtlmx_inq.cpp	392	" else nvl((SELECT ELM_VALUE  FROM TMMSM81AL  WHERE  MAT_CODE = A.MAT_CODE  AND ELM_NAME = 'Cr' and QUALITY_BATCH_NO in(SELECT MAX(QUALITY_BATCH_NO) FROM tmmsm81ah	"
p_mmsm_17670/mmsmtlmx_inq.cpp	395	" ,case when lot_no in(select lot_no from TMMSMWQ) then round((select max(Ni_VALUE) from (SELECT LOT_NO, Ni_VALUE, row_number() over (partition by LOT_NO order by REC_CREATE_TIME desc) as rn  FROM TMMSMWQ where lot_no = A.lot_no) where rn =
p_mmsm_17670/mmsmtlmx_inq.cpp	398	" when lot_no in (SELECT lot_no FROM TMMSM81AH t2 WHERE t2.MAT_CODE =A.MAT_CODE AND REMARK_1 = 'F' and t2.lot_no=A.lot_no) then nvl((select ELM_VALUE from (SELECT LOT_NO, ELM_VALUE, row_number() over(partition by LOT_NO order by REC_CREATE_
p_mmsm_17670/mmsmtlmx_inq.cpp	399	"  when QUALITY_BATCH_NO != ' ' then nvl((SELECT ELM_VALUE  FROM TMMSM81AL  WHERE  MAT_CODE = A.MAT_CODE  AND ELM_NAME = 'Ni' and QUALITY_BATCH_NO = A.QUALITY_BATCH_NO), 0)"
p_mmsm_17670/mmsmtlmx_inq.cpp	400	" else nvl((SELECT ELM_VALUE  FROM TMMSM81AL  WHERE  MAT_CODE = A.MAT_CODE  AND ELM_NAME = 'Ni' and QUALITY_BATCH_NO in(SELECT MAX(QUALITY_BATCH_NO) FROM tmmsm81ah	 "
p_mmsm_17670/mmsmtlmx_inq.cpp	403	" ,case when lot_no in(select lot_no from TMMSMWQ) then round((select max(Mo_VALUE) from (SELECT LOT_NO, Mo_VALUE, row_number() over (partition by LOT_NO order by REC_CREATE_TIME desc) as rn  FROM TMMSMWQ where lot_no = A.lot_no) where rn =
p_mmsm_17670/mmsmtlmx_inq.cpp	406	" when lot_no in (SELECT lot_no FROM TMMSM81AH t2 WHERE t2.MAT_CODE =A.MAT_CODE AND REMARK_1 = 'F' and t2.lot_no=A.lot_no) then nvl((select ELM_VALUE from (SELECT LOT_NO, ELM_VALUE, row_number() over(partition by LOT_NO order by REC_CREATE_
p_mmsm_17670/mmsmtlmx_inq.cpp	407	"  when QUALITY_BATCH_NO != ' ' then nvl((SELECT ELM_VALUE  FROM TMMSM81AL  WHERE  MAT_CODE = A.MAT_CODE  AND ELM_NAME = 'Mo' and QUALITY_BATCH_NO = A.QUALITY_BATCH_NO), 0)"
p_mmsm_17670/mmsmtlmx_inq.cpp	408	" else nvl((SELECT ELM_VALUE  FROM TMMSM81AL  WHERE  MAT_CODE = A.MAT_CODE  AND ELM_NAME = 'Mo' and QUALITY_BATCH_NO in(SELECT MAX(QUALITY_BATCH_NO) FROM tmmsm81ah	"
p_mmsm_17670/mmsmtlmx_inq.cpp	422	" ,NVL((SELECT ELM_VALUE FROM TMMSM81AL t1,TMMSM81AH t2 WHERE t1.QUALITY_BATCH_NO =t2.QUALITY_BATCH_NO AND t2.REMARK_1 = 'Y' and t1.MAT_CODE = A.MAT_CODE AND t1.LOT_NO= A.LOT_NO AND ELM_NAME = 'Mo'), 0) AS YD_MO "
p_mmsm_17670/mmsmtlmx_inq.cpp	423	" ,NVL((SELECT ELM_VALUE FROM TMMSM81AL t1,TMMSM81AH t2 WHERE t1.QUALITY_BATCH_NO =t2.QUALITY_BATCH_NO AND t2.REMARK_1 = 'Y' and t1.MAT_CODE = A.MAT_CODE AND t1.LOT_NO= A.LOT_NO AND ELM_NAME = 'Cr'), 0) AS YD_CR "
p_mmsm_17670/mmsmtlmx_inq.cpp	424	" ,NVL((SELECT ELM_VALUE FROM TMMSM81AL t1,TMMSM81AH t2 WHERE t1.QUALITY_BATCH_NO =t2.QUALITY_BATCH_NO AND t2.REMARK_1 = 'Y' and t1.MAT_CODE = A.MAT_CODE AND t1.LOT_NO= A.LOT_NO AND ELM_NAME = 'Ni'), 0) AS YD_NI "
p_mmsm_17670/mmsmtlmx_inq.cpp	429	"   ,nvl(((SELECT  LISTAGG(DISTINCT DEV_CODE,'') WITHIN GROUP (ORDER BY START_TIME) FROM TMMSMGY06  t2 where  t2.heat_no=F.heat_no)), '') as ROUTELIST  "
p_mmsm_17670/mmsmtlmx_inq.cpp	430	",nvl((select SUM(MAT_ACT_WT) FROM VMMSMCPCL_BB B where B.heat_no = F.heat_no), 0) AS MAT_ACT_WT"
p_mmsm_17670/mmsmtlmx_inq.cpp	431	",nvl((select SUM(RECEIVE_WEIGHT) FROM VMMSMCPCL_BB B where B.heat_no = F.heat_no), 0) AS RAW_WEIGHT"
p_mmsm_17670/mmsmtlmx_inq.cpp	432	",nvl((select MAX(ST_NO_DESC) FROM TQMTS0X C where C.ST_NO = F.ST_NO), ' ') AS ST_NO_DESC"
p_mmsm_17670/mmsmtlmx_inq.cpp	433	", nvl(CASE WHEN H.ELM_001 = -1 THEN 0 ELSE ELM_001 END, 0) C "
p_mmsm_17670/mmsmtlmx_inq.cpp	434	", nvl(CASE WHEN H.ELM_002 = -1 THEN 0 ELSE ELM_002 END, 0) SI "
p_mmsm_17670/mmsmtlmx_inq.cpp	435	", nvl(CASE WHEN H.ELM_003 = -1 THEN 0 ELSE ELM_003 END, 0) MN "
p_mmsm_17670/mmsmtlmx_inq.cpp	436	", nvl(CASE WHEN H.ELM_004 = -1 THEN 0 ELSE ELM_004 END, 0) P  "
p_mmsm_17670/mmsmtlmx_inq.cpp	437	", nvl(CASE WHEN H.ELM_005 = -1 THEN 0 ELSE ELM_005 END, 0) S "
p_mmsm_17670/mmsmtlmx_inq.cpp	438	", nvl(CASE WHEN H.ELM_006 = -1 THEN 0 ELSE ELM_006 END, 0) CR	"
p_mmsm_17670/mmsmtlmx_inq.cpp	439	", nvl(CASE WHEN H.ELM_007 = -1 THEN 0 ELSE ELM_007 END, 0) NI "
p_mmsm_17670/mmsmtlmx_inq.cpp	440	", nvl(CASE WHEN H.ELM_008 = -1 THEN 0 ELSE ELM_008 END, 0) MO "
p_mmsm_17670/mmsmtlmx_inq.cpp	441	", nvl(CASE WHEN H.ELM_009 = -1 THEN 0 ELSE ELM_009 END, 0) CU "
p_mmsm_17670/mmsmtlmx_inq.cpp	442	", nvl(CASE WHEN H.ELM_010 = -1 THEN 0 ELSE ELM_010 END, 0) AI "
p_mmsm_17670/mmsmtlmx_inq.cpp	443	", nvl(CASE WHEN H.ELM_011 = -1 THEN 0 ELSE ELM_011 END, 0) NB "
p_mmsm_17670/mmsmtlmx_inq.cpp	444	", nvl(CASE WHEN H.ELM_012 = -1 THEN 0 ELSE ELM_012 END, 0) V  "
p_mmsm_17670/mmsmtlmx_inq.cpp	445	", nvl(CASE WHEN H.ELM_013 = -1 THEN 0 ELSE ELM_013 END, 0) TI	"
p_mmsm_17670/mmsmtlmx_inq.cpp	446	", nvl(CASE WHEN H.ELM_016 = -1 THEN 0 ELSE ELM_016 END, 0) N	"
p_mmsm_17670/mmsmtlmx_inq.cpp	447	",nvl((SELECT MAX(end_time) end_time FROM(select end_time from tmmsm21 t2 where t2.heat_no = F.heat_no union select end_time from tmmsm27 t2 where  t2.heat_no = F.heat_no)), ' ') TAP_TIME"
p_mmsm_17670/mmsmtlmx_inq.cpp	479	sqlstr += " AND nvl(A.MAT_CODE,' ') =@mat_code";
p_mmsm_17670/mmsmtlmx_inq.cpp	483	sqlstr += " AND nvl(CAST_DIV_NO,' ') =@cast_div_no";
p_mmsm_17670/mmsmtlmx_pro.cpp	83	",NVL((SELECT MAT_NAME FROM TMMSM50 T WHERE T.MAT_CODE = A.MAT_CODE ),' ')  AS 物料名称 "
p_mmsm_17670/mmsmtlmx_pro.cpp	85	",nvl( (SELECT MAX(end_time) end_time FROM (select end_time from tmmsm21 t2 where t2.heat_no =t1.heat_no union select end_time from tmmsm27 t2 where  t2.heat_no =t1.heat_no  )),' ')  AS 出钢时间"  //出钢时间
p_mmsm_17670/mmsmtlmx_pro.cpp	87	",nvl(E.MAT_TYPE_DESC,' ')   AS 物料类型 "
p_mmsm_17670/mmsmtlmx_pro.cpp	89	",nvl((select sum(CUT_SCRAP_WT) from tmmsmfp t3 where  t3.heat_no=t1.heat_no ),0) AS 切头切尾重量"
p_mmsm_17670/mmsmtlmx_pro.cpp	92	" ,NVL((SELECT ELM_VALUE  FROM TMMSM81AL  WHERE  MAT_CODE=A.MAT_CODE  AND ELM_NAME='C' and QUALITY_BATCH_NO = A.QUALITY_BATCH_NO),0) MAT_C"
p_mmsm_17670/mmsmtlmx_pro.cpp	93	" ,NVL((SELECT ELM_VALUE  FROM TMMSM81AL  WHERE  MAT_CODE=A.MAT_CODE  AND ELM_NAME='Si' and QUALITY_BATCH_NO = A.QUALITY_BATCH_NO),0) MAT_SI"
p_mmsm_17670/mmsmtlmx_pro.cpp	94	" ,NVL((SELECT ELM_VALUE  FROM TMMSM81AL  WHERE  MAT_CODE=A.MAT_CODE  AND ELM_NAME='Mn' and QUALITY_BATCH_NO = A.QUALITY_BATCH_NO),0) MAT_MN "
p_mmsm_17670/mmsmtlmx_pro.cpp	95	" ,NVL((SELECT ELM_VALUE  FROM TMMSM81AL  WHERE  MAT_CODE=A.MAT_CODE  AND ELM_NAME='P' and QUALITY_BATCH_NO = A.QUALITY_BATCH_NO),0) MAT_P"
p_mmsm_17670/mmsmtlmx_pro.cpp	96	" ,NVL((SELECT ELM_VALUE  FROM TMMSM81AL  WHERE  MAT_CODE=A.MAT_CODE  AND ELM_NAME='S' and QUALITY_BATCH_NO = A.QUALITY_BATCH_NO),0) MAT_S"
p_mmsm_17670/mmsmtlmx_pro.cpp	97	" ,NVL((SELECT ELM_VALUE  FROM TMMSM81AL  WHERE  MAT_CODE=A.MAT_CODE  AND ELM_NAME='Cr' and QUALITY_BATCH_NO = A.QUALITY_BATCH_NO),0) MAT_CR"
p_mmsm_17670/mmsmtlmx_pro.cpp	98	" ,NVL((SELECT ELM_VALUE  FROM TMMSM81AL  WHERE  MAT_CODE=A.MAT_CODE  AND ELM_NAME='Ni' and QUALITY_BATCH_NO = A.QUALITY_BATCH_NO),0) MAT_NI"
p_mmsm_17670/mmsmtlmx_pro.cpp	99	" ,NVL((SELECT ELM_VALUE  FROM TMMSM81AL  WHERE  MAT_CODE=A.MAT_CODE  AND ELM_NAME='Mo' and QUALITY_BATCH_NO = A.QUALITY_BATCH_NO),0) MAT_MO"
p_mmsm_17670/mmsmtlmx_pro.cpp	100	", nvl((select sum(mat_act_wt) from hmmsm01 t3 where t3.complex_decide_code = '9' and t3.heat_no = t1.heat_no), 0) AS 系统废钢 "
p_mmsm_17670/mmsmtlmx_pro.cpp	108	"  ,nvl(((SELECT  LISTAGG(DISTINCT DEV_CODE,'') WITHIN GROUP (ORDER BY START_TIME) FROM TMMSMGY06  t2 where  t2.heat_no=F.heat_no)), '') as ROUTELIST  "
p_mmsm_17670/mmsmtlmx_pro.cpp	109	",nvl((select SUM(MAT_ACT_WT) FROM VMMSMCPCL_BB B where B.heat_no = F.heat_no), 0) AS MAT_ACT_WT"
p_mmsm_17670/mmsmtlmx_pro.cpp	110	",nvl((select SUM(RECEIVE_WEIGHT) FROM VMMSMCPCL_BB B where B.heat_no = F.heat_no), 0) AS RAW_WEIGHT"
p_mmsm_17670/mmsmtlmx_pro.cpp	111	",nvl((select MAX(ST_NO_DESC) FROM TQMTS0X C where C.ST_NO = F.ST_NO), ' ') AS ST_NO_DESC"
p_mmsm_17670/mmsmtlmx_pro.cpp	112	", nvl(CASE WHEN H.ELM_001 = -1 THEN 0 ELSE ELM_001 END, 0) C "
p_mmsm_17670/mmsmtlmx_pro.cpp	113	", nvl(CASE WHEN H.ELM_002 = -1 THEN 0 ELSE ELM_002 END, 0) SI "
p_mmsm_17670/mmsmtlmx_pro.cpp	114	", nvl(CASE WHEN H.ELM_003 = -1 THEN 0 ELSE ELM_003 END, 0) MN "
p_mmsm_17670/mmsmtlmx_pro.cpp	115	", nvl(CASE WHEN H.ELM_004 = -1 THEN 0 ELSE ELM_004 END, 0) P  "
p_mmsm_17670/mmsmtlmx_pro.cpp	116	", nvl(CASE WHEN H.ELM_005 = -1 THEN 0 ELSE ELM_005 END, 0) S "
p_mmsm_17670/mmsmtlmx_pro.cpp	117	", nvl(CASE WHEN H.ELM_006 = -1 THEN 0 ELSE ELM_006 END, 0) CR	"
p_mmsm_17670/mmsmtlmx_pro.cpp	118	", nvl(CASE WHEN H.ELM_007 = -1 THEN 0 ELSE ELM_007 END, 0) NI "
p_mmsm_17670/mmsmtlmx_pro.cpp	119	", nvl(CASE WHEN H.ELM_008 = -1 THEN 0 ELSE ELM_008 END, 0) MO "
p_mmsm_17670/mmsmtlmx_pro.cpp	120	", nvl(CASE WHEN H.ELM_009 = -1 THEN 0 ELSE ELM_009 END, 0) CU "
p_mmsm_17670/mmsmtlmx_pro.cpp	121	", nvl(CASE WHEN H.ELM_010 = -1 THEN 0 ELSE ELM_010 END, 0) AI "
p_mmsm_17670/mmsmtlmx_pro.cpp	122	", nvl(CASE WHEN H.ELM_011 = -1 THEN 0 ELSE ELM_011 END, 0) NB "
p_mmsm_17670/mmsmtlmx_pro.cpp	123	", nvl(CASE WHEN H.ELM_012 = -1 THEN 0 ELSE ELM_012 END, 0) V  "
p_mmsm_17670/mmsmtlmx_pro.cpp	124	", nvl(CASE WHEN H.ELM_013 = -1 THEN 0 ELSE ELM_013 END, 0) TI	"
p_mmsm_17670/mmsmtlmx_pro.cpp	125	", nvl(CASE WHEN H.ELM_016 = -1 THEN 0 ELSE ELM_016 END, 0) N	"
p_mmsm_17670/mmsmtlmx_pro.cpp	164	sqlstr += " AND nvl(A.MAT_CODE,' ') =@mat_code";
p_mmsm_17670/mmsmtlmx_pro.cpp	215	",NVL((SELECT MAT_NAME FROM TMMSM50 T WHERE T.MAT_CODE = A.MAT_CODE ),' ')  AS 物料名称 "
p_mmsm_17670/mmsmtlmx_pro.cpp	217	",nvl( (SELECT MAX(end_time) end_time FROM (select end_time from tmmsm21 t2 where t2.heat_no =t1.heat_no union select end_time from tmmsm27 t2 where  t2.heat_no =t1.heat_no  )),' ')  AS 出钢时间"  //出钢时间
p_mmsm_17670/mmsmtlmx_pro.cpp	219	",nvl(E.MAT_TYPE_DESC,' ')    AS 物料类型 "
p_mmsm_17670/mmsmtlmx_pro.cpp	221	",nvl((select sum(CUT_SCRAP_WT) from tmmsmfp t3 where  t3.heat_no=t1.heat_no ),0) AS 切头切尾重量"
p_mmsm_17670/mmsmtlmx_pro.cpp	224	" ,NVL((SELECT ELM_VALUE  FROM TMMSM81AL  WHERE  MAT_CODE=A.MAT_CODE  AND ELM_NAME='C' and QUALITY_BATCH_NO = A.QUALITY_BATCH_NO),0) MAT_C"
p_mmsm_17670/mmsmtlmx_pro.cpp	225	" ,NVL((SELECT ELM_VALUE  FROM TMMSM81AL  WHERE  MAT_CODE=A.MAT_CODE  AND ELM_NAME='Si' and QUALITY_BATCH_NO = A.QUALITY_BATCH_NO),0) MAT_SI"
p_mmsm_17670/mmsmtlmx_pro.cpp	226	" ,NVL((SELECT ELM_VALUE  FROM TMMSM81AL  WHERE  MAT_CODE=A.MAT_CODE  AND ELM_NAME='Mn' and QUALITY_BATCH_NO = A.QUALITY_BATCH_NO),0) MAT_MN "
p_mmsm_17670/mmsmtlmx_pro.cpp	227	" ,NVL((SELECT ELM_VALUE  FROM TMMSM81AL  WHERE  MAT_CODE=A.MAT_CODE  AND ELM_NAME='P' and QUALITY_BATCH_NO = A.QUALITY_BATCH_NO),0) MAT_P"
p_mmsm_17670/mmsmtlmx_pro.cpp	228	" ,NVL((SELECT ELM_VALUE  FROM TMMSM81AL  WHERE  MAT_CODE=A.MAT_CODE  AND ELM_NAME='S' and QUALITY_BATCH_NO = A.QUALITY_BATCH_NO),0) MAT_S"
p_mmsm_17670/mmsmtlmx_pro.cpp	229	", case when lot_no in(select lot_no from TMMSMWQ) then round((select max(cr_VALUE) from  TMMSMWQ where lot_no = A.lot_no)*nvl((select INCLUDE_CR from TQMTSCB11_DR where mat_code = A.MAT_CODE),0),4)"
p_mmsm_17670/mmsmtlmx_pro.cpp	232	"     when QUALITY_BATCH_NO != ' ' then nvl((SELECT ELM_VALUE  FROM TMMSM81AL  WHERE  MAT_CODE = A.MAT_CODE  AND ELM_NAME = 'Cr' and QUALITY_BATCH_NO = A.QUALITY_BATCH_NO), 0)	"
p_mmsm_17670/mmsmtlmx_pro.cpp	233	" else nvl((SELECT ELM_VALUE  FROM TMMSM81AL  WHERE  MAT_CODE = A.MAT_CODE  AND ELM_NAME = 'Cr' and QUALITY_BATCH_NO in(SELECT MAX(QUALITY_BATCH_NO) FROM tmmsm81ah	"
p_mmsm_17670/mmsmtlmx_pro.cpp	236	" ,case when lot_no in(select lot_no from TMMSMWQ) then round((select max(Ni_VALUE) from  TMMSMWQ where lot_no = A.lot_no)*nvl((select INCLUDE_NI from TQMTSCB11_DR where mat_code = A.MAT_CODE),0),4)"
p_mmsm_17670/mmsmtlmx_pro.cpp	239	"  when QUALITY_BATCH_NO != ' ' then nvl((SELECT ELM_VALUE  FROM TMMSM81AL  WHERE  MAT_CODE = A.MAT_CODE  AND ELM_NAME = 'Ni' and QUALITY_BATCH_NO = A.QUALITY_BATCH_NO), 0)"
p_mmsm_17670/mmsmtlmx_pro.cpp	240	" else nvl((SELECT ELM_VALUE  FROM TMMSM81AL  WHERE  MAT_CODE = A.MAT_CODE  AND ELM_NAME = 'Ni' and QUALITY_BATCH_NO in(SELECT MAX(QUALITY_BATCH_NO) FROM tmmsm81ah	 "
p_mmsm_17670/mmsmtlmx_pro.cpp	243	" ,case when lot_no in(select lot_no from TMMSMWQ) then round((select max(Mo_VALUE) from  TMMSMWQ where lot_no = A.lot_no)*nvl((select INCLUDE_MO from TQMTSCB11_DR where mat_code = A.MAT_CODE),0),4)"
p_mmsm_17670/mmsmtlmx_pro.cpp	246	"  when QUALITY_BATCH_NO != ' ' then nvl((SELECT ELM_VALUE  FROM TMMSM81AL  WHERE  MAT_CODE = A.MAT_CODE  AND ELM_NAME = 'Mo' and QUALITY_BATCH_NO = A.QUALITY_BATCH_NO), 0)"
p_mmsm_17670/mmsmtlmx_pro.cpp	247	" else nvl((SELECT ELM_VALUE  FROM TMMSM81AL  WHERE  MAT_CODE = A.MAT_CODE  AND ELM_NAME = 'Mo' and QUALITY_BATCH_NO in(SELECT MAX(QUALITY_BATCH_NO) FROM tmmsm81ah	"
p_mmsm_17670/mmsmtlmx_pro.cpp	250	", nvl((select sum(mat_act_wt) from hmmsm01 t3 where t3.complex_decide_code = '9' and t3.heat_no = t1.heat_no), 0) AS 系统废钢 "
p_mmsm_17670/mmsmtlmx_pro.cpp	265	" ,NVL((SELECT ELM_VALUE FROM TMMSM81AL t1,TMMSM81AH t2 WHERE t1.QUALITY_BATCH_NO =t2.QUALITY_BATCH_NO AND t2.REMARK_1 = 'Y' and t1.MAT_CODE = A.MAT_CODE AND t1.LOT_NO= A.LOT_NO AND ELM_NAME = 'Mo'), 0) AS YD_MO "
p_mmsm_17670/mmsmtlmx_pro.cpp	266	" ,NVL((SELECT ELM_VALUE FROM TMMSM81AL t1,TMMSM81AH t2 WHERE t1.QUALITY_BATCH_NO =t2.QUALITY_BATCH_NO AND t2.REMARK_1 = 'Y' and t1.MAT_CODE = A.MAT_CODE AND t1.LOT_NO= A.LOT_NO AND ELM_NAME = 'Cr'), 0) AS YD_CR "
p_mmsm_17670/mmsmtlmx_pro.cpp	267	" ,NVL((SELECT ELM_VALUE FROM TMMSM81AL t1,TMMSM81AH t2 WHERE t1.QUALITY_BATCH_NO =t2.QUALITY_BATCH_NO AND t2.REMARK_1 = 'Y' and t1.MAT_CODE = A.MAT_CODE AND t1.LOT_NO= A.LOT_NO AND ELM_NAME = 'Ni'), 0) AS YD_NI "
p_mmsm_17670/mmsmtlmx_pro.cpp	272	"  ,nvl(((SELECT  LISTAGG(DISTINCT DEV_CODE,'') WITHIN GROUP (ORDER BY START_TIME) FROM TMMSMGY06  t2 where  t2.heat_no=F.heat_no)), '') as ROUTELIST  "
p_mmsm_17670/mmsmtlmx_pro.cpp	273	",nvl((select SUM(MAT_ACT_WT) FROM VMMSMCPCL_BB B where B.heat_no = F.heat_no), 0) AS MAT_ACT_WT"
p_mmsm_17670/mmsmtlmx_pro.cpp	274	",nvl((select SUM(RECEIVE_WEIGHT) FROM VMMSMCPCL_BB B where B.heat_no = F.heat_no), 0) AS RAW_WEIGHT"
p_mmsm_17670/mmsmtlmx_pro.cpp	275	",nvl((select MAX(ST_NO_DESC) FROM TQMTS0X C where C.ST_NO = F.ST_NO), ' ') AS ST_NO_DESC"
p_mmsm_17670/mmsmtlmx_pro.cpp	276	", nvl(CASE WHEN H.ELM_001 = -1 THEN 0 ELSE ELM_001 END, 0) C "
p_mmsm_17670/mmsmtlmx_pro.cpp	277	", nvl(CASE WHEN H.ELM_002 = -1 THEN 0 ELSE ELM_002 END, 0) SI "
p_mmsm_17670/mmsmtlmx_pro.cpp	278	", nvl(CASE WHEN H.ELM_003 = -1 THEN 0 ELSE ELM_003 END, 0) MN "
p_mmsm_17670/mmsmtlmx_pro.cpp	279	", nvl(CASE WHEN H.ELM_004 = -1 THEN 0 ELSE ELM_004 END, 0) P  "
p_mmsm_17670/mmsmtlmx_pro.cpp	280	", nvl(CASE WHEN H.ELM_005 = -1 THEN 0 ELSE ELM_005 END, 0) S "
p_mmsm_17670/mmsmtlmx_pro.cpp	281	", nvl(CASE WHEN H.ELM_006 = -1 THEN 0 ELSE ELM_006 END, 0) CR	"
p_mmsm_17670/mmsmtlmx_pro.cpp	282	", nvl(CASE WHEN H.ELM_007 = -1 THEN 0 ELSE ELM_007 END, 0) NI "
p_mmsm_17670/mmsmtlmx_pro.cpp	283	", nvl(CASE WHEN H.ELM_008 = -1 THEN 0 ELSE ELM_008 END, 0) MO "
p_mmsm_17670/mmsmtlmx_pro.cpp	284	", nvl(CASE WHEN H.ELM_009 = -1 THEN 0 ELSE ELM_009 END, 0) CU "
p_mmsm_17670/mmsmtlmx_pro.cpp	285	", nvl(CASE WHEN H.ELM_010 = -1 THEN 0 ELSE ELM_010 END, 0) AI "
p_mmsm_17670/mmsmtlmx_pro.cpp	286	", nvl(CASE WHEN H.ELM_011 = -1 THEN 0 ELSE ELM_011 END, 0) NB "
p_mmsm_17670/mmsmtlmx_pro.cpp	287	", nvl(CASE WHEN H.ELM_012 = -1 THEN 0 ELSE ELM_012 END, 0) V  "
p_mmsm_17670/mmsmtlmx_pro.cpp	288	", nvl(CASE WHEN H.ELM_013 = -1 THEN 0 ELSE ELM_013 END, 0) TI	"
p_mmsm_17670/mmsmtlmx_pro.cpp	289	", nvl(CASE WHEN H.ELM_016 = -1 THEN 0 ELSE ELM_016 END, 0) N	"
p_mmsm_17670/mmsmtlmx_pro.cpp	328	sqlstr += " AND nvl(A.MAT_CODE,' ') =@mat_code";
p_mmsm_17670/mmsmylcf_inq.cpp	98	"   (SELECT NVL(ELM_VALUE,0)  FROM TMMSM81AL  WHERE QUALITY_BATCH_NO = A.QUALITY_BATCH_NO AND MAT_CODE=A.MAT_CODE  AND ELM_NAME='C' fetch first 1 rows only) C, "
p_mmsm_17670/mmsmylcf_inq.cpp	99	"   (SELECT NVL(ELM_VALUE,0)  FROM TMMSM81AL  WHERE QUALITY_BATCH_NO = A.QUALITY_BATCH_NO AND MAT_CODE=A.MAT_CODE  AND ELM_NAME='Si' fetch first 1 rows only) SI, "
p_mmsm_17670/mmsmylcf_inq.cpp	100	"   (SELECT NVL(ELM_VALUE,0)  FROM TMMSM81AL  WHERE QUALITY_BATCH_NO = A.QUALITY_BATCH_NO AND MAT_CODE=A.MAT_CODE  AND ELM_NAME='Mn' fetch first 1 rows only) MN, "
p_mmsm_17670/mmsmylcf_inq.cpp	101	"   (SELECT NVL(ELM_VALUE,0)  FROM TMMSM81AL  WHERE QUALITY_BATCH_NO = A.QUALITY_BATCH_NO AND MAT_CODE=A.MAT_CODE  AND ELM_NAME='P' fetch first 1 rows only) P, "
p_mmsm_17670/mmsmylcf_inq.cpp	102	"   (SELECT NVL(ELM_VALUE,0)  FROM TMMSM81AL  WHERE QUALITY_BATCH_NO = A.QUALITY_BATCH_NO AND MAT_CODE=A.MAT_CODE  AND ELM_NAME='S' fetch first 1 rows only) S, "
p_mmsm_17670/mmsmylcf_inq.cpp	103	"   (SELECT NVL(ELM_VALUE,0) FROM TMMSM81AL  WHERE QUALITY_BATCH_NO = A.QUALITY_BATCH_NO AND MAT_CODE=A.MAT_CODE  AND ELM_NAME='Cr' fetch first 1 rows only) CR, "
p_mmsm_17670/mmsmylcf_inq.cpp	104	"   (SELECT NVL(ELM_VALUE,0) FROM TMMSM81AL  WHERE QUALITY_BATCH_NO = A.QUALITY_BATCH_NO AND MAT_CODE=A.MAT_CODE  AND ELM_NAME='Ni' fetch first 1 rows only) NI, "
p_mmsm_17670/mmsmylcf_inq.cpp	105	"   (SELECT NVL(ELM_VALUE,0) FROM TMMSM81AL  WHERE QUALITY_BATCH_NO = A.QUALITY_BATCH_NO AND MAT_CODE=A.MAT_CODE  AND ELM_NAME='Ti' fetch first 1 rows only) TI, "
p_mmsm_17670/mmsmylcf_inq.cpp	106	"   (SELECT NVL(ELM_VALUE,0) FROM TMMSM81AL  WHERE QUALITY_BATCH_NO = A.QUALITY_BATCH_NO AND MAT_CODE=A.MAT_CODE  AND ELM_NAME='Cu' fetch first 1 rows only) CU, "
p_mmsm_17670/mmsmylcf_inq.cpp	107	"   (SELECT NVL(ELM_VALUE,0) FROM TMMSM81AL  WHERE QUALITY_BATCH_NO = A.QUALITY_BATCH_NO AND MAT_CODE=A.MAT_CODE  AND ELM_NAME='Nb' fetch first 1 rows only) NB, "
p_mmsm_17670/mmsmylcf_inq.cpp	108	"   (SELECT NVL(ELM_VALUE,0) FROM TMMSM81AL  WHERE QUALITY_BATCH_NO = A.QUALITY_BATCH_NO AND MAT_CODE=A.MAT_CODE  AND ELM_NAME='Al' fetch first 1 rows only) AL, "
p_mmsm_17670/mmsmylcf_inq.cpp	109	"   (SELECT NVL(ELM_VALUE,0) FROM TMMSM81AL  WHERE QUALITY_BATCH_NO = A.QUALITY_BATCH_NO AND MAT_CODE=A.MAT_CODE  AND ELM_NAME='B' fetch first 1 rows only) B, "
p_mmsm_17670/mmsmylcf_inq.cpp	110	"   (SELECT NVL(ELM_VALUE,0) FROM TMMSM81AL  WHERE QUALITY_BATCH_NO = A.QUALITY_BATCH_NO AND MAT_CODE=A.MAT_CODE  AND ELM_NAME='W' fetch first 1 rows only) W, "
p_mmsm_17670/mmsmylcf_inq.cpp	111	"   (SELECT NVL(ELM_VALUE,0) FROM TMMSM81AL  WHERE QUALITY_BATCH_NO = A.QUALITY_BATCH_NO AND MAT_CODE=A.MAT_CODE  AND ELM_NAME='Mo' fetch first 1 rows only) MO, "
p_mmsm_17670/mmsmylcf_inq.cpp	112	"   (SELECT NVL(ELM_VALUE,0) FROM TMMSM81AL  WHERE QUALITY_BATCH_NO = A.QUALITY_BATCH_NO AND MAT_CODE=A.MAT_CODE  AND ELM_NAME='MoO2' fetch first 1 rows only) MOO2, "
p_mmsm_17670/mmsmylcf_inq.cpp	113	"   (SELECT NVL(ELM_VALUE,0) FROM TMMSM81AL  WHERE QUALITY_BATCH_NO = A.QUALITY_BATCH_NO AND MAT_CODE=A.MAT_CODE  AND ELM_NAME='MoO3' fetch first 1 rows only) MOO3, "
p_mmsm_17670/mmsmylcf_inq.cpp	114	"   (SELECT NVL(ELM_VALUE,0) FROM TMMSM81AL  WHERE QUALITY_BATCH_NO = A.QUALITY_BATCH_NO AND MAT_CODE=A.MAT_CODE  AND ELM_NAME='Co' fetch first 1 rows only) CO "
p_mmsm_17670/mmsmylgxhz_box_inq.cpp	94	" SUM(DECODE(STATION_ID,'B',DEVO_WT,0))  AS BOF_WT,"
p_mmsm_17670/mmsmylgxhz_box_inq.cpp	95	" SUM(DECODE(STATION_ID,'A',DEVO_WT,0)) AS  AOD_WT,"
p_mmsm_17670/mmsmylgxhz_box_inq.cpp	96	" SUM(DECODE(STATION_ID,'E',DEVO_WT,0)) AS  EAF_WT,"
p_mmsm_17670/mmsmzxh01_inq.cpp	89	", decode(sum(DAVO_CR), 0, 0, round(sum(AT_CR) * 100 / sum(DAVO_CR), 3)) CR	"
p_mmsm_17670/mmsmzxh01_inq.cpp	90	", decode(sum(DAVO_NI), 0, 0, round(sum(AT_NI) * 100 / sum(DAVO_NI), 3)) NI	"
p_mmsm_17670/mmsmzxh01_inq.cpp	91	", decode(sum(DAVO_MO), 0, 0, round(sum(AT_MO) * 100 / sum(DAVO_MO), 3)) MO	"
p_mmsm_17670/mmsmzxh01_inq.cpp	94	", t1.MAT_ACT_WT*NVL(CASE WHEN ELM_006 = -1 THEN 0 ELSE ELM_006 END, 0) AT_CR "
p_mmsm_17670/mmsmzxh01_inq.cpp	95	", t1.MAT_ACT_WT*NVL(CASE WHEN ELM_007 = -1 THEN 0 ELSE ELM_007 END, 0) AT_NI "
p_mmsm_17670/mmsmzxh01_inq.cpp	96	", t1.MAT_ACT_WT*NVL(CASE WHEN ELM_008 = -1 THEN 0 ELSE ELM_007 END, 0) AT_MO  "
p_mmsm_17670/mmsmzxhlh_ins.cpp	213	sqlstr = " update tmmsmzxhbb t1 set TYPE_CODE1 = ( select decode(TYPE_DL, '10', '辅料', '20', '合金', '30', '废钢', '70', '生铁', '80', '铁水', '90', '自循环废钢',' ') from  ZJ_JISHUKE_MAT  t2 where t1.MAT_CODE = t2.MAT_ID) "
p_mmsm_17670/mmsmzxhlh_ins.cpp	243	sqlstr = " update tmmsmzxhbb t1 set ROUTELIST = (SELECT  LISTAGG(DISTINCT DEV_CODE,'/') WITHIN GROUP (ORDER BY START_TIME) FROM TMMSMGY06  t2 where t2.HANDLE_DIV=' ' and t1.heat_no=t2.heat_no)"
p_mmsm_17670/mmsmzxhlh_ins.cpp	257	sqlstr = " update tmmsmzxhbb t1 set PROD_OUT_WT = (select STEEL_NET_WEIGHT from VW_CCM_STEEL_WT t2 where t1.heat_no=t2.HEAT_NAME and rownum=1) ,ORIGIN_SYS_CODE='L1'"
p_mmsm_17670/mmsmzxhlh_ins.cpp	438	sqlstr = " update tmmsmzxhbb t1 set (QUALITY_BATCH_NO, CR_VALUE, NI_VALUE, MO_VALUE) =(SELECT LOT_NO, CR_VALUE, NI_VALUE, MO_VALUE FROM (SELECT LOT_NO,nvl(CR_VALUE, 0) as CR_VALUE,nvl(NI_VALUE, 0) as NI_VALUE,nvl(MO_VALUE, 0) as MO_VALUE,ro
p_mmsm_17670/mmsmzxhlh_ins.cpp	486	sqlstr = " update tmmsmzxhbb t1 set (QUALITY_BATCH_NO,CR_VALUE,NI_VALUE,MO_VALUE)= (SELECT QUALITY_BATCH_NO ,max(nvl(Cr,0)),max(nvl(Ni,0)), max(nvl(Mo,0))  FROM ("
p_mmsm_17680/cm_b02102_rcv.cpp	14	int f_getSeqNextValue(CString SEQ_NAME, CString & SEQ_VALUE, CDbConnection * conn);
p_mmsm_17680/cm_b02102_rcv.cpp	60	if (f_getSeqNextValue("TI_CODE_SEQ", ticode, conn)){
p_mmsm_17680/cm_b02104_rcv.cpp	15	int f_getSeqNextValue(CString SEQ_NAME, CString& SEQ_VALUE, CDbConnection * conn);
p_mmsm_17680/cm_b02104_rcv.cpp	198	if (f_getSeqNextValue("ZL_FID", fid, conn) != 0){
p_mmsm_17680/cm_eyt801_rcv.cpp	101	sqlstr = "  SELECT TRIM(LPAD(TO_CHAR(MMLC_T83.NEXTVAL),20 ))  FROM DUAL ";
p_mmsm_17690/mmsm2aft_insft.cpp	59	sqlstr = " SELECT NVL(MAX(PROC_COUNT),0) PROC_COUNT FROM TMMSM2A_YL WHERE MAT_CODE=@MAT_CODE AND "
p_mmsm_17690/mmsm2ayl_updsc.cpp	93	sqlstr = "  SELECT LPAD(TO_CHAR(MMLC_XH.NEXTVAL),7 ,'0') FROM DUAL ";
p_mmsm_17690/mmsm69car_inq.cpp	89	"  WHERE 1=1 and a.plan_no = b.plan_no(+)";
p_mmsm_17690/mmsm81_cf_inq.cpp	74	"  SELECT  NVL(T1.STATUS,NET_WT) STATUS, T.* FROM"
p_mmsm_17690/mmsm81_inq_seq.cpp	46	sqlstr = "  SELECT LPAD(TO_CHAR(MMLC_ZXH.NEXTVAL),4,0) FROM DUAL ";
p_mmsm_17690/mmsm81xz1_ins.cpp	135	sqlstr = "  SELECT NVL(max(SEQ_NO),0) FROM  TMMSM85     WHERE 1=1   AND BUNKER_NO	= @bunker_no";
p_mmsm_17690/mmsm82bd_upd.cpp	166	sqlstr = "  SELECT LPAD(TO_CHAR(MMLC_LS.NEXTVAL),18 ) FROM DUAL ";
p_mmsm_17690/mmsm82bd_upd.cpp	259	sqlstr = "  SELECT NVL(max(SEQ_NO),0) FROM  TMMSM85  WHERE 1=1 AND BUNKER_NO = @BUNKER_NO  ";
p_mmsm_17690/mmsm82bd_upd.cpp	377	sqlstr = "UPDATE TMMSM60 SET STOCK_WT = (select nvl(sum(STOCK_WT),0) FROM tmmsm85 WHERE BUNKER_NO = @BUNKER_NO) "
p_mmsm_17690/mmsm82bd_upd.cpp	385	sqlstr = "UPDATE TMMSM60 SET STOCK_WT = (select nvl(sum(STOCK_WT),0) FROM tmmsm85 WHERE BUNKER_NO = @BUNKER_NO),BACK_C1 = '1' "
p_mmsm_17690/mmsm82bd_upd2.cpp	163	sqlstr = "  SELECT LPAD(TO_CHAR(MMLC_LS.NEXTVAL),18 ) FROM DUAL ";
p_mmsm_17690/mmsm82bd_upd2.cpp	256	sqlstr = "  SELECT NVL(max(SEQ_NO),0) FROM  TMMSM85  WHERE 1=1 AND BUNKER_NO = @BUNKER_NO  ";
p_mmsm_17690/mmsm82bd_upd2.cpp	298	sqlstr = "UPDATE TMMSM60 SET STOCK_WT = (select nvl(sum(STOCK_WT),0) FROM tmmsm85 WHERE BUNKER_NO = @BUNKER_NO) "
p_mmsm_17690/mmsm82bd_upd2.cpp	306	sqlstr = "UPDATE TMMSM60 SET STOCK_WT = (select nvl(sum(STOCK_WT),0) FROM tmmsm85 WHERE BUNKER_NO = @BUNKER_NO),BACK_C1 = '1' "
p_mmsm_17690/mmsm82d1_pro.cpp	58	cmd_inq.SetCommandText("select  nvl(MAX(PROC_COUNT),0)+1 from " + v_table_name + " where  STAT_DATE = '" + tmmsmyl["STAT_DATE"].ToString().Trim() + "' ");
p_mmsm_17690/mmsm831_upd2.cpp	143	sqlstr = "  SELECT NVL(max(SEQ_NO),0) FROM  TMMSM85     WHERE 1=1   ";
p_mmsm_17690/mmsm831_upd2.cpp	152	sql = " SELECT NVL(min(SEQ_NO),0) SEQ_NO ,SUM(STOCK_WT) STOCK_WT FROM  TMMSM85     WHERE 1=1   AND BUNKER_NO = @BUNKER_NO  and QUALITY_BATCH_NO <> ' ' AND STOCK_WT <> 0 ";
p_mmsm_17690/mmsm831_upd2.cpp	276	sqlstr = "  SELECT LPAD(TO_CHAR(MMLC_LS.NEXTVAL),18 ) FROM DUAL ";
p_mmsm_17690/mmsm831_upd2.cpp	344	sqlstr = "  SELECT LPAD(TO_CHAR(MMLC_LS.NEXTVAL),18 ) FROM DUAL ";
p_mmsm_17690/mmsm831_upd2.cpp	399	sqlstr = " update tmmsm60 set back_c1='1',stock_wt = (select nvl(sum(stock_wt),0) from tmmsm85 where BUNKER_NO = @bunker_no)"
p_mmsm_17690/mmsm831_upd2.cpp	408	sqlstr = " update tmmsm60 set stock_wt = (select nvl(sum(stock_wt),0) from tmmsm85 where BUNKER_NO = @bunker_no)"
p_mmsm_17690/mmsm831_upd2.cpp	462	sqlstr = "  SELECT LPAD(TO_CHAR(MMLC_LS.NEXTVAL),18 ) FROM DUAL ";
p_mmsm_17690/mmsm831_upd2.cpp	529	sqlstr = "  SELECT LPAD(TO_CHAR(MMLC_LS.NEXTVAL),18 ) FROM DUAL ";
p_mmsm_17690/mmsm831_upd2.cpp	585	sqlstr = " update tmmsm60 set back_c1='1',stock_wt = (select nvl(sum(stock_wt),0) from tmmsm85 where BUNKER_NO = @bunker_no)"
p_mmsm_17690/mmsm831_upd2.cpp	594	sqlstr = " update tmmsm60 set stock_wt = (select nvl(sum(stock_wt),0) from tmmsm85 where BUNKER_NO = @bunker_no)"
p_mmsm_17690/mmsm831_upd3.cpp	132	sqlstr = "  SELECT NVL(max(SEQ_NO),0) FROM  TMMSM85     WHERE 1=1  ";
p_mmsm_17690/mmsm831_upd3.cpp	145	sql = " SELECT NVL(min(SEQ_NO),0) SEQ_NO ,SUM(STOCK_WT) STOCK_WT FROM  TMMSM85     WHERE 1=1   AND BUNKER_NO = @BUNKER_NO  and QUALITY_BATCH_NO <> ' ' AND STOCK_WT <> 0 ";
p_mmsm_17690/mmsm831_upd3.cpp	328	sqlstr = " update tmmsm60 set back_c1='1', stock_wt = (select nvl(sum(stock_wt),0) from tmmsm85 where BUNKER_NO = @bunker_no)"
p_mmsm_17690/mmsm831_upd3.cpp	337	sqlstr = " update tmmsm60 set stock_wt = (select nvl(sum(stock_wt),0) from tmmsm85 where BUNKER_NO = @bunker_no)"
p_mmsm_17690/mmsm831_upd4.cpp	139	sqlstr = "  SELECT NVL(max(SEQ_NO),0) FROM  TMMSM85     WHERE 1=1 ";
p_mmsm_17690/mmsm831_upd4.cpp	152	sql = " SELECT NVL(min(SEQ_NO),0) SEQ_NO ,SUM(STOCK_WT) STOCK_WT FROM  TMMSM85     WHERE 1=1   AND BUNKER_NO = @BUNKER_NO  and QUALITY_BATCH_NO <> ' ' AND STOCK_WT <> 0 ";
p_mmsm_17690/mmsm831_upd4.cpp	306	sqlstr = " update tmmsm60 set stock_wt = (select nvl(sum(stock_wt),0) from tmmsm85 where BUNKER_NO = @bunker_no)"
p_mmsm_17690/mmsm831_upd4.cpp	315	sqlstr = " update tmmsm60 set stock_wt = (select nvl(sum(stock_wt),0) from tmmsm85 where BUNKER_NO = @bunker_no)"
p_mmsm_17690/mmsm831_updnbk.cpp	136	sqlstr = "  SELECT NVL(max(SEQ_NO),0) FROM  TMMSM85     WHERE 1=1  ";
p_mmsm_17690/mmsm831_updnbk.cpp	147	sql = " SELECT NVL(min(SEQ_NO),0) SEQ_NO ,SUM(STOCK_WT) STOCK_WT FROM TMMSM85 WHERE 1=1 AND MAT_CODE = @MAT_CODE AND BUNKER_NO = @BUNKER_NO  and QUALITY_BATCH_NO <> ' ' AND STOCK_WT <> 0 ";
p_mmsm_17690/mmsm831_updnbk.cpp	304	sqlstr = " update tmmsm60 set stock_wt = (select nvl(sum(stock_wt),0) from tmmsm85 where BUNKER_NO = @bunker_no)"
p_mmsm_17690/mmsm831_updnbk.cpp	313	sqlstr = " update tmmsm60 set stock_wt = (select nvl(sum(stock_wt),0) from tmmsm85 where BUNKER_NO = @bunker_no)"
p_mmsm_17690/mmsm831_updstl.cpp	168	sqlstr = "  SELECT NVL(max(SEQ_NO),0) FROM  TMMSM85     WHERE 1=1 ";
p_mmsm_17690/mmsm831_updstl.cpp	181	sql = " SELECT NVL(min(SEQ_NO),0) SEQ_NO ,SUM(STOCK_WT) STOCK_WT FROM  TMMSM85 WHERE 1=1 AND MAT_CODE = @MAT_CODE   AND BUNKER_NO = 'GEN'  and QUALITY_BATCH_NO <> ' ' AND STOCK_WT <> 0 ";
p_mmsm_17690/mmsm831_updstl.cpp	362	sqlstr = " update tmmsm60 set stock_wt = (select nvl(sum(stock_wt),0) from tmmsm85 where BUNKER_NO = @bunker_no)"
p_mmsm_17690/mmsm831_updstl.cpp	371	sqlstr = " update tmmsm60 set stock_wt = (select nvl(sum(stock_wt),0) from tmmsm85 where BUNKER_NO = @bunker_no)"
p_mmsm_17690/mmsm831_updsx.cpp	126	sqlstr = "  SELECT NVL(max(SEQ_NO),0) FROM  TMMSM85     WHERE 1=1  ";
p_mmsm_17690/mmsm831_updsx.cpp	139	sql = " SELECT NVL(min(SEQ_NO),0) SEQ_NO ,SUM(STOCK_WT) STOCK_WT FROM  TMMSM85     WHERE 1=1   AND BUNKER_NO = 'WIRE' and MAT_CODE = @MAT_CODE and QUALITY_BATCH_NO <> ' ' ";
p_mmsm_17690/mmsm831_updsx.cpp	310	sqlstr = " update tmmsm60 set stock_wt = (select nvl(sum(stock_wt),0) from tmmsm85 where BUNKER_NO = @bunker_no)"
p_mmsm_17690/mmsm831_updsx.cpp	319	sqlstr = " update tmmsm60 set stock_wt = (select nvl(sum(stock_wt),0) from tmmsm85 where BUNKER_NO = @bunker_no)"
p_mmsm_17690/mmsm835d_inq.cpp	59	" RESUME_SEQ_NO,decode(BACK_CODE_1,'1','已冲销') BACK_CODE_1"
p_mmsm_17690/mmsmjq_inq.cpp	136	CASE WHEN MAX(C_VALUE) = -1 AND MIN(C_VALUE) = -1 THEN -1 ELSE round(sum(C_VALUE * decode(C_VALUE, -1, null, ACTRESULT)) / sum(decode(C_VALUE, -1, null, ACTRESULT)), 4)  END C_VALUE,\
p_mmsm_17690/mmsmjq_inq.cpp	137	CASE WHEN MAX(SI_VALUE) = -1 AND MIN(SI_VALUE) = -1 THEN -1 ELSE round(sum(SI_VALUE * decode(SI_VALUE, -1, null, ACTRESULT)) / sum(decode(SI_VALUE, -1, null, ACTRESULT)), 4) END  SI_VALUE,\
p_mmsm_17690/mmsmjq_inq.cpp	138	CASE WHEN MAX(MN_VALUE) = -1 AND MIN(MN_VALUE) = -1 THEN -1 ELSE round(sum(MN_VALUE * decode(MN_VALUE, -1, null, ACTRESULT)) / sum(decode(MN_VALUE, -1, null, ACTRESULT)), 4) END  MN_VALUE,\
p_mmsm_17690/mmsmjq_inq.cpp	139	CASE WHEN MAX(P_VALUE) = -1 AND MIN(P_VALUE) = -1 THEN -1 ELSE CASE WHEN " + p_condition + " THEN -1 ELSE ROUND(SUM(P_VALUE * DECODE(P_VALUE, -1, NULL, ACTRESULT)) / SUM(DECODE(P_VALUE, -1, NULL, ACTRESULT)), 4) END END  P_VALUE,\
p_mmsm_17690/mmsmjq_inq.cpp	140	CASE WHEN MAX(S_VALUE) = -1 AND MIN(S_VALUE) = -1 THEN -1 ELSE round(sum(S_VALUE * decode(S_VALUE, -1, null, ACTRESULT)) / sum(decode(S_VALUE, -1, null, ACTRESULT)), 4) END   S_VALUE,\
p_mmsm_17690/mmsmjq_inq.cpp	141	CASE WHEN MAX(CR_VALUE) = -1 AND MIN(CR_VALUE) = -1 THEN -1 ELSE round(sum(CR_VALUE * decode(CR_VALUE, -1, null, ACTRESULT)) / sum(decode(CR_VALUE, -1, null, ACTRESULT)), 4) END  CR_VALUE,\
p_mmsm_17690/mmsmjq_inq.cpp	142	CASE WHEN MAX(NI_VALUE) = -1 AND MIN(NI_VALUE) = -1 THEN -1 ELSE round(sum(NI_VALUE * decode(NI_VALUE, -1, null, ACTRESULT)) / sum(decode(NI_VALUE, -1, null, ACTRESULT)), 4) END  NI_VALUE,\
p_mmsm_17690/mmsmjq_inq.cpp	143	CASE WHEN MAX(MO_VALUE) = -1 AND MIN(MO_VALUE) = -1 THEN -1 ELSE round(sum(MO_VALUE * decode(MO_VALUE, -1, null, ACTRESULT)) / sum(decode(MO_VALUE, -1, null, ACTRESULT)), 4) END  MO_VALUE,\
p_mmsm_17690/mmsmjq_inq.cpp	144	CASE WHEN MAX(CU_VALUE) = -1 AND MIN(CU_VALUE) = -1 THEN -1 ELSE CASE WHEN " + cu_condition + " THEN -1 ELSE ROUND(SUM(CU_VALUE * DECODE(CU_VALUE, -1, NULL, ACTRESULT)) / SUM(DECODE(CU_VALUE, -1, NULL, ACTRESULT)), 4) END END  CU_VALUE,\
p_mmsm_17690/mmsmjq_inq.cpp	145	CASE WHEN MAX(PB_VALUE) = -1 AND MIN(PB_VALUE) = -1 THEN -1 ELSE round(sum(PB_VALUE * decode(PB_VALUE, -1, null, ACTRESULT)) / sum(decode(PB_VALUE, -1, null, ACTRESULT)), 4) END  PB_VALUE,\
p_mmsm_17690/mmsmjq_inq.cpp	146	CASE WHEN MAX(SN_VALUE) = -1 AND MIN(SN_VALUE) = -1 THEN -1 ELSE round(sum(SN_VALUE * decode(SN_VALUE, -1, null, ACTRESULT)) / sum(decode(SN_VALUE, -1, null, ACTRESULT)), 4) END  SN_VALUE,\
p_mmsm_17690/mmsmjq_inq.cpp	147	CASE WHEN MAX(SB_VALUE) = -1 AND MIN(SB_VALUE) = -1 THEN -1 ELSE round(sum(SB_VALUE * decode(SB_VALUE, -1, null, ACTRESULT)) / sum(decode(SB_VALUE, -1, null, ACTRESULT)), 4) END SB_VALUE,\
p_mmsm_17690/mmsmjq_inq.cpp	148	CASE WHEN MAX(AS_VALUE) = -1 AND MIN(AS_VALUE) = -1 THEN -1 ELSE round(sum(AS_VALUE * decode(AS_VALUE, -1, null, ACTRESULT)) / sum(decode(AS_VALUE, -1, null, ACTRESULT)), 4) END AS_VALUE,\
p_mmsm_17690/mmsmjq_inq.cpp	149	CASE WHEN MAX(BI_VALUE) = -1 AND MIN(BI_VALUE) = -1 THEN -1 ELSE round(sum(BI_VALUE * decode(BI_VALUE, -1, null, ACTRESULT)) / sum(decode(BI_VALUE, -1, null, ACTRESULT)), 4) END BI_VALUE,\
p_mmsm_17690/mmsmnb01_pro.cpp	85	sqlstr = "  SELECT NVL(max(SEQ_NO),0) FROM  TMMSMNB01     WHERE 1=1   AND MAT_CODE= @MAT_CODE  ";
p_mmsm_17690/mmsmnb01_snd.cpp	207	sqlstr = " update tmmsm60 set stock_wt = (select nvl(sum(stock_wt),0) from tmmsm85 where BUNKER_NO = @bunker_no)"
p_mmsm_17690/mmsmnb01_snd.cpp	244	sqlstr = "  SELECT LPAD(TO_CHAR(DB_NO.NEXTVAL), 4, '0') FROM DUAl   ";
p_mmsm_17690/mmsmrqtl_pro.cpp	151	sqlstr = " SELECT '6240'||TO_CHAR(SYSDATE, 'YYYYMMDDHH24MI') || LPAD(TO_CHAR(MMSM_RQXH.nextval), 4, '0') AS SEQ_FULL_NO FROM DUAL";
p_mmsm_17690/mmsmrqtl_pro.cpp	198	cmd_sql.SetCommandText(" select to_number(nvl(ACTRESULT,'0')),EMPTY_LADLE_WEIGHT,PROD_DATE from tmmsm20 where PROC_NO='" + tmmsmyl["EAF_HEAT_NO"].ToString() + "' ");
p_mmsm_17690/mmsmrqtl_pro.cpp	210	cmd_sql.SetCommandText(" select to_number(nvl(ACTRESULT,'0')),EMPTY_LADLE_WEIGHT,PROD_DATE from tmmsm19 where PROC_NO='" + tmmsmyl["EAF_HEAT_NO"].ToString() + "' ");
p_mmsm_17690/mmsmrqtl_pro.cpp	226	cmd_inq.SetCommandText("select  nvl(MAX(PROC_COUNT),0)+1 from " + v_table_name + " where  PROD_DATE = '" + tmmsmyl["PROD_DATE"].ToString().Trim() + "' ");
p_mmsm_17690/mmsmrqtl_pro.cpp	304	cmd_inq.SetCommandText("select  nvl(MAX(PROC_COUNT),0)+1 from " + v_table_name + " where  PROD_DATE = '" + tmmsmyl["PROD_DATE"].ToString().Trim() + "' ");
p_mmsm_17690/mmsmrqtl_pro.cpp	320	cmd_inq.SetCommandText("select  nvl(MAX(PROC_COUNT),0)+1 from " + v_table_name + " where  PROD_DATE = '" + tmmsmyl["PROD_DATE"].ToString().Trim() + "' ");
p_mmsm_17690/mmsmrqtl_pro.cpp	338	cmd_inq.SetCommandText("select  nvl(MAX(PROC_COUNT),0)+1 from " + v_table_name + " where  PROD_DATE = '" + tmmsmyl["PROD_DATE"].ToString().Trim() + "' ");
p_mmsm_17690/mmsmtlcf_f10.cpp	61	cmd_inq.SetCommandText("select  nvl(MAX(PROC_COUNT),0)+1 from " + v_table_name + " where  PROD_DATE = '" + tmmsmyl["PROD_DATE"].ToString().Trim() + "' ");
p_mmsm_17690/mmsmtlcf_f10.cpp	174	cmd_inq.SetCommandText("select  nvl(MAX(PROC_COUNT),0)+1 from " + v_table_name + " where  PROD_DATE = '" + tmmsmyl["PROD_DATE"].ToString().Trim() + "' ");
p_mmsm_17690/mmsmtlcf_inq.cpp	83	sqlstr = " select round(nvl(ACTRESULT * 100 / DEVO_WT,0), 1) METAL_YIELD_RATE\
p_mmsm_17690/mmsmtlcf_inq.cpp	95	sqlstr =  " select round(nvl(ACTRESULT * 100 / DEVO_WT,0), 1) METAL_YIELD_RATE\
p_mmsm_17690/mmsmwap_inq.cpp	55	sqlstr = " SELECT HEAT_NO,STAT_DATE,ROUND(DECODE(SUM(DEVO_WT),0,0,SUM(DECODE(YIELD_SCRAP,0,0,DEVO_WT* PRICE/YIELD_SCRAP))/SUM(DEVO_WT)),3)  COST_HJ FROM"
p_mmsm_17690/mmsmwq_pro.cpp	59	cmd_inq.SetCommandText("select  nvl(MAX(PROC_COUNT),0)+1 from TMMSMWQ where  PROD_DATE = '" + tmmsmwq["PROD_DATE"].ToString().Trim() + "' ");
p_mmsm_17690/mmsmws_pro.cpp	135	sqlstr = " SELECT TO_CHAR(ADD_MONTHS(TO_DATE(" + tmmsmws["DATE_C"].ToString() + ", 'YYYY-MM'), 1), 'YYYYMM') FROM DUAL ";
p_mmsm_17690/mmsmwx_pro.cpp	70	cmd_inq.SetCommandText("select  nvl(MAX(SEQ_ID),0)+1 from tmmsmw1 ");
p_mmsm_17690/mmsmwx_pro.cpp	124	cmd_inq.SetCommandText("select  nvl(MAX(SEQ_ID),0)+1 from tmmsmw2 ");
p_mmsm_17690/mmsmwx_pro.cpp	177	cmd_inq.SetCommandText("select  nvl(MAX(SEQ_ID),0)+1 from tmmsmw3 ");
p_mmsm_17690/mmsmx0_pro.cpp	64	sqlstr_inq = "SELECT nvl(MAX(SEQ_NO),0) FROM TMMSMX0";
p_mmsm_17690/mmsmx1_inq.cpp	93	sqlstr = " SELECT * FROM  TMMSMX1 WHERE  YEAR_MON=  (SELECT TO_CHAR(ADD_MONTHS(SYSDATE,-1),'yyyyMM')  FROM DUAL) ";;
p_mmsm_17690/mmsmx1_pro.cpp	58	cmd_inq.SetCommandText("select  nvl(MAX(SEQ_NO),0)+1 from " + v_table_name + " where  YEAR_MON = '" + tmmsmyl["YEAR_MON"].ToString().Trim() + "' ");
p_mmsm_17690/mmsmyl_pro.cpp	59	cmd_inq.SetCommandText("select  nvl(MAX(PROC_COUNT),0)+1 from " + v_table_name+ " where  PROD_DATE = '" + tmmsmyl["PROD_DATE"].ToString().Trim() + "' ");
p_mmsm_17690/mmsmylcf_inq.cpp	77	"   (SELECT ELM_VALUE  FROM TMMSM81AL  WHERE QUALITY_BATCH_NO = A.QUALITY_BATCH_NO AND MAT_CODE=A.MAT_CODE  AND ELM_NAME='C' fetch first 1 rows only) C, "
p_mmsm_17690/mmsmylcf_inq.cpp	78	"   (SELECT ELM_VALUE  FROM TMMSM81AL  WHERE QUALITY_BATCH_NO = A.QUALITY_BATCH_NO AND MAT_CODE=A.MAT_CODE  AND ELM_NAME='Si' fetch first 1 rows only) SI, "
p_mmsm_17690/mmsmylcf_inq.cpp	79	"   (SELECT ELM_VALUE  FROM TMMSM81AL  WHERE QUALITY_BATCH_NO = A.QUALITY_BATCH_NO AND MAT_CODE=A.MAT_CODE  AND ELM_NAME='Mn' fetch first 1 rows only) MN, "
p_mmsm_17690/mmsmylcf_inq.cpp	80	"   (SELECT ELM_VALUE  FROM TMMSM81AL  WHERE QUALITY_BATCH_NO = A.QUALITY_BATCH_NO AND MAT_CODE=A.MAT_CODE  AND ELM_NAME='P' fetch first 1 rows only) P, "
p_mmsm_17690/mmsmylcf_inq.cpp	81	"   (SELECT ELM_VALUE  FROM TMMSM81AL  WHERE QUALITY_BATCH_NO = A.QUALITY_BATCH_NO AND MAT_CODE=A.MAT_CODE  AND ELM_NAME='S' fetch first 1 rows only) S, "
p_mmsm_17690/mmsmylcf_inq.cpp	82	"   (SELECT ELM_VALUE  FROM TMMSM81AL  WHERE QUALITY_BATCH_NO = A.QUALITY_BATCH_NO AND MAT_CODE=A.MAT_CODE  AND ELM_NAME='Cr' fetch first 1 rows only) CR, "
p_mmsm_17690/mmsmylcf_inq.cpp	83	"   (SELECT ELM_VALUE  FROM TMMSM81AL  WHERE QUALITY_BATCH_NO = A.QUALITY_BATCH_NO AND MAT_CODE=A.MAT_CODE  AND ELM_NAME='Ni' fetch first 1 rows only) NI, "
p_mmsm_17690/mmsmylcf_inq.cpp	84	"   (SELECT ELM_VALUE  FROM TMMSM81AL  WHERE QUALITY_BATCH_NO = A.QUALITY_BATCH_NO AND MAT_CODE=A.MAT_CODE  AND ELM_NAME='Ti' fetch first 1 rows only) TI, "
p_mmsm_17690/mmsmylcf_inq.cpp	85	"   (SELECT ELM_VALUE  FROM TMMSM81AL  WHERE QUALITY_BATCH_NO = A.QUALITY_BATCH_NO AND MAT_CODE=A.MAT_CODE  AND ELM_NAME='Cu' fetch first 1 rows only) CU, "
p_mmsm_17690/mmsmylcf_inq.cpp	86	"   (SELECT ELM_VALUE  FROM TMMSM81AL  WHERE QUALITY_BATCH_NO = A.QUALITY_BATCH_NO AND MAT_CODE=A.MAT_CODE  AND ELM_NAME='Nb' fetch first 1 rows only) NB, "
p_mmsm_17690/mmsmylcf_inq.cpp	87	"   (SELECT ELM_VALUE  FROM TMMSM81AL  WHERE QUALITY_BATCH_NO = A.QUALITY_BATCH_NO AND MAT_CODE=A.MAT_CODE  AND ELM_NAME='Al' fetch first 1 rows only) AL, "
p_mmsm_17690/mmsmylcf_inq.cpp	88	"   (SELECT ELM_VALUE  FROM TMMSM81AL  WHERE QUALITY_BATCH_NO = A.QUALITY_BATCH_NO AND MAT_CODE=A.MAT_CODE  AND ELM_NAME='B' fetch first 1 rows only) B, "
p_mmsm_17690/mmsmylcf_inq.cpp	89	"   (SELECT ELM_VALUE  FROM TMMSM81AL  WHERE QUALITY_BATCH_NO = A.QUALITY_BATCH_NO AND MAT_CODE=A.MAT_CODE  AND ELM_NAME='W' fetch first 1 rows only) W, "
p_mmsm_17690/mmsmylcf_inq.cpp	90	"   (SELECT ELM_VALUE  FROM TMMSM81AL  WHERE QUALITY_BATCH_NO = A.QUALITY_BATCH_NO AND MAT_CODE=A.MAT_CODE  AND ELM_NAME='Mo' fetch first 1 rows only) MO, "
p_mmsm_17690/mmsmylcf_inq.cpp	91	"   (SELECT ELM_VALUE  FROM TMMSM81AL  WHERE QUALITY_BATCH_NO = A.QUALITY_BATCH_NO AND MAT_CODE=A.MAT_CODE  AND ELM_NAME='MoO2' fetch first 1 rows only) MOO2, "
p_mmsm_17690/mmsmylcf_inq.cpp	92	"   (SELECT ELM_VALUE  FROM TMMSM81AL  WHERE QUALITY_BATCH_NO = A.QUALITY_BATCH_NO AND MAT_CODE=A.MAT_CODE  AND ELM_NAME='MoO3' fetch first 1 rows only) MOO3, "
p_mmsm_17690/mmsmylcf_inq.cpp	93	"   (SELECT ELM_VALUE  FROM TMMSM81AL  WHERE QUALITY_BATCH_NO = A.QUALITY_BATCH_NO AND MAT_CODE=A.MAT_CODE  AND ELM_NAME='Co' fetch first 1 rows only) CO "
p_mmsm_17690/mmsmylsl_inq.cpp	79	"   (SELECT ELM_VALUE  FROM TMMSM81AL  WHERE QUALITY_BATCH_NO = A.QUALITY_BATCH_NO AND MAT_CODE=A.MAT_CODE  AND ELM_NAME='C' fetch first 1 rows only) C, "
p_mmsm_17690/mmsmylsl_inq.cpp	80	"   (SELECT ELM_VALUE  FROM TMMSM81AL  WHERE QUALITY_BATCH_NO = A.QUALITY_BATCH_NO AND MAT_CODE=A.MAT_CODE  AND ELM_NAME='Si' fetch first 1 rows only) SI, "
p_mmsm_17690/mmsmylsl_inq.cpp	81	"   (SELECT ELM_VALUE  FROM TMMSM81AL  WHERE QUALITY_BATCH_NO = A.QUALITY_BATCH_NO AND MAT_CODE=A.MAT_CODE  AND ELM_NAME='Mn' fetch first 1 rows only) MN, "
p_mmsm_17690/mmsmylsl_inq.cpp	82	"   (SELECT ELM_VALUE  FROM TMMSM81AL  WHERE QUALITY_BATCH_NO = A.QUALITY_BATCH_NO AND MAT_CODE=A.MAT_CODE  AND ELM_NAME='P' fetch first 1 rows only) P, "
p_mmsm_17690/mmsmylsl_inq.cpp	83	"   (SELECT ELM_VALUE  FROM TMMSM81AL  WHERE QUALITY_BATCH_NO = A.QUALITY_BATCH_NO AND MAT_CODE=A.MAT_CODE  AND ELM_NAME='S' fetch first 1 rows only) S, "
p_mmsm_17690/mmsmylsl_inq.cpp	84	"   (SELECT ELM_VALUE  FROM TMMSM81AL  WHERE QUALITY_BATCH_NO = A.QUALITY_BATCH_NO AND MAT_CODE=A.MAT_CODE  AND ELM_NAME='Ni' fetch first 1 rows only) NI, "
p_mmsm_17690/mmsmylsl_inq.cpp	85	"   (SELECT ELM_VALUE  FROM TMMSM81AL  WHERE QUALITY_BATCH_NO = A.QUALITY_BATCH_NO AND MAT_CODE=A.MAT_CODE  AND ELM_NAME='Cr' fetch first 1 rows only) CR, "
p_mmsm_17690/mmsmylsl_inq.cpp	86	"   (SELECT ELM_VALUE  FROM TMMSM81AL  WHERE QUALITY_BATCH_NO = A.QUALITY_BATCH_NO AND MAT_CODE=A.MAT_CODE  AND ELM_NAME='Mo' fetch first 1 rows only) MO, "
p_mmsm_17690/mmsmylsl_inq.cpp	87	"   (SELECT ELM_VALUE  FROM TMMSM81AL  WHERE QUALITY_BATCH_NO = A.QUALITY_BATCH_NO AND MAT_CODE=A.MAT_CODE  AND ELM_NAME='MoO2' fetch first 1 rows only) MOO2, "
p_mmsm_17690/mmsmylsl_inq.cpp	88	"   (SELECT ELM_VALUE  FROM TMMSM81AL  WHERE QUALITY_BATCH_NO = A.QUALITY_BATCH_NO AND MAT_CODE=A.MAT_CODE  AND ELM_NAME='MoO3' fetch first 1 rows only) MOO3, "
p_mmsm_17690/mmsmylsl_inq.cpp	89	"   (SELECT ELM_VALUE  FROM TMMSM81AL  WHERE QUALITY_BATCH_NO = A.QUALITY_BATCH_NO AND MAT_CODE=A.MAT_CODE  AND ELM_NAME='Cu' fetch first 1 rows only) CU, "
p_mmsm_17690/mmsmylsl_inq.cpp	90	"   (SELECT ELM_VALUE  FROM TMMSM81AL  WHERE QUALITY_BATCH_NO = A.QUALITY_BATCH_NO AND MAT_CODE=A.MAT_CODE  AND ELM_NAME='Cao' fetch first 1 rows only) CAO, "
p_mmsm_17690/mmsmylsl_inq.cpp	91	"   (SELECT ELM_VALUE  FROM TMMSM81AL  WHERE QUALITY_BATCH_NO = A.QUALITY_BATCH_NO AND MAT_CODE=A.MAT_CODE  AND ELM_NAME='Caf2' fetch first 1 rows only) CAF2, "
p_mmsm_17690/mmsmylsl_inq.cpp	92	"   (SELECT ELM_VALUE  FROM TMMSM81AL  WHERE QUALITY_BATCH_NO = A.QUALITY_BATCH_NO AND MAT_CODE=A.MAT_CODE  AND ELM_NAME='Ti' fetch first 1 rows only) TI, "
p_mmsm_17690/mmsmylsl_inq.cpp	93	"   (SELECT ELM_VALUE  FROM TMMSM81AL  WHERE QUALITY_BATCH_NO = A.QUALITY_BATCH_NO AND MAT_CODE=A.MAT_CODE  AND ELM_NAME='Nb' fetch first 1 rows only) NB, "
p_mmsm_17690/mmsmylsl_inq.cpp	94	"   (SELECT ELM_VALUE  FROM TMMSM81AL  WHERE QUALITY_BATCH_NO = A.QUALITY_BATCH_NO AND MAT_CODE=A.MAT_CODE  AND ELM_NAME='Al' fetch first 1 rows only) AL, "
p_mmsm_17690/mmsmylsl_inq.cpp	95	"   (SELECT ELM_VALUE  FROM TMMSM81AL  WHERE QUALITY_BATCH_NO = A.QUALITY_BATCH_NO AND MAT_CODE=A.MAT_CODE  AND ELM_NAME='B' fetch first 1 rows only) B, "
p_mmsm_17690/mmsmylsl_inq.cpp	96	"   (SELECT ELM_VALUE  FROM TMMSM81AL  WHERE QUALITY_BATCH_NO = A.QUALITY_BATCH_NO AND MAT_CODE=A.MAT_CODE  AND ELM_NAME='W' fetch first 1 rows only) W, "
p_mmsm_17690/mmsmylsl_inq.cpp	97	"   (SELECT ELM_VALUE  FROM TMMSM81AL  WHERE QUALITY_BATCH_NO = A.QUALITY_BATCH_NO AND MAT_CODE=A.MAT_CODE  AND ELM_NAME='Co' fetch first 1 rows only) CO, "
p_mmsm_17690/mmsmylsl_inq.cpp	98	"   (SELECT ELM_VALUE  FROM TMMSM81AL  WHERE QUALITY_BATCH_NO = A.QUALITY_BATCH_NO AND MAT_CODE=A.MAT_CODE  AND ELM_NAME='SiO2' fetch first 1 rows only) SIO2, "
p_mmsm_17690/mmsmylsl_inq.cpp	99	"   (SELECT ELM_VALUE  FROM TMMSM81AL  WHERE QUALITY_BATCH_NO = A.QUALITY_BATCH_NO AND MAT_CODE=A.MAT_CODE  AND ELM_NAME='Mgo' fetch first 1 rows only) MGO "
